Sexo,Municipios,Periodo,Total
Total,"28001 Acebeda, La",2025,70
Total,"28001 Acebeda, La",2024,68
Total,"28001 Acebeda, La",2023,67
Total,"28001 Acebeda, La",2022,62
Total,"28001 Acebeda, La",2021,55
Total,"28001 Acebeda, La",2020,68
Total,"28001 Acebeda, La",2019,84
Total,"28001 Acebeda, La",2018,65
Total,"28001 Acebeda, La",2017,66
Total,"28001 Acebeda, La",2016,66
Total,28002 Ajalvir,2025,4.868
Total,28002 Ajalvir,2024,4.863
Total,28002 Ajalvir,2023,4.779
Total,28002 Ajalvir,2022,4.751
Total,28002 Ajalvir,2021,4.676
Total,28002 Ajalvir,2020,4.721
Total,28002 Ajalvir,2019,4.712
Total,28002 Ajalvir,2018,4.559
Total,28002 Ajalvir,2017,4.455
Total,28002 Ajalvir,2016,4.440
Total,28003 Alameda del Valle,2025,267
Total,28003 Alameda del Valle,2024,255
Total,28003 Alameda del Valle,2023,274
Total,28003 Alameda del Valle,2022,241
Total,28003 Alameda del Valle,2021,246
Total,28003 Alameda del Valle,2020,204
Total,28003 Alameda del Valle,2019,200
Total,28003 Alameda del Valle,2018,195
Total,28003 Alameda del Valle,2017,199
Total,28003 Alameda del Valle,2016,208
Total,"28004 Álamo, El",2025,10.594
Total,"28004 Álamo, El",2024,10.430
Total,"28004 Álamo, El",2023,10.322
Total,"28004 Álamo, El",2022,10.123
Total,"28004 Álamo, El",2021,9.908
Total,"28004 Álamo, El",2020,9.862
Total,"28004 Álamo, El",2019,9.470
Total,"28004 Álamo, El",2018,9.353
Total,"28004 Álamo, El",2017,9.149
Total,"28004 Álamo, El",2016,9.017
Total,28005 Alcalá de Henares,2025,203.208
Total,28005 Alcalá de Henares,2024,200.702
Total,28005 Alcalá de Henares,2023,199.184
Total,28005 Alcalá de Henares,2022,196.888
Total,28005 Alcalá de Henares,2021,195.982
Total,28005 Alcalá de Henares,2020,197.562
Total,28005 Alcalá de Henares,2019,195.649
Total,28005 Alcalá de Henares,2018,193.751
Total,28005 Alcalá de Henares,2017,194.310
Total,28005 Alcalá de Henares,2016,195.907
Total,28006 Alcobendas,2025,123.342
Total,28006 Alcobendas,2024,121.373
Total,28006 Alcobendas,2023,119.416
Total,28006 Alcobendas,2022,117.041
Total,28006 Alcobendas,2021,116.589
Total,28006 Alcobendas,2020,118.417
Total,28006 Alcobendas,2019,117.040
Total,28006 Alcobendas,2018,116.037
Total,28006 Alcobendas,2017,114.864
Total,28006 Alcobendas,2016,113.340
Total,28007 Alcorcón,2025,175.719
Total,28007 Alcorcón,2024,173.625
Total,28007 Alcorcón,2023,171.772
Total,28007 Alcorcón,2022,170.296
Total,28007 Alcorcón,2021,170.817
Total,28007 Alcorcón,2020,172.384
Total,28007 Alcorcón,2019,170.514
Total,28007 Alcorcón,2018,169.502
Total,28007 Alcorcón,2017,168.141
Total,28007 Alcorcón,2016,167.354
Total,28008 Aldea del Fresno,2025,3.503
Total,28008 Aldea del Fresno,2024,3.422
Total,28008 Aldea del Fresno,2023,3.408
Total,28008 Aldea del Fresno,2022,3.227
Total,28008 Aldea del Fresno,2021,3.085
Total,28008 Aldea del Fresno,2020,2.973
Total,28008 Aldea del Fresno,2019,2.838
Total,28008 Aldea del Fresno,2018,2.698
Total,28008 Aldea del Fresno,2017,2.616
Total,28008 Aldea del Fresno,2016,2.584
Total,28009 Algete,2025,21.144
Total,28009 Algete,2024,21.167
Total,28009 Algete,2023,20.991
Total,28009 Algete,2022,20.767
Total,28009 Algete,2021,20.749
Total,28009 Algete,2020,20.864
Total,28009 Algete,2019,20.611
Total,28009 Algete,2018,20.473
Total,28009 Algete,2017,20.419
Total,28009 Algete,2016,20.311
Total,28010 Alpedrete,2025,15.686
Total,28010 Alpedrete,2024,15.543
Total,28010 Alpedrete,2023,15.312
Total,28010 Alpedrete,2022,15.006
Total,28010 Alpedrete,2021,14.959
Total,28010 Alpedrete,2020,14.839
Total,28010 Alpedrete,2019,14.575
Total,28010 Alpedrete,2018,14.364
Total,28010 Alpedrete,2017,14.240
Total,28010 Alpedrete,2016,14.417
Total,28011 Ambite,2025,732
Total,28011 Ambite,2024,697
Total,28011 Ambite,2023,684
Total,28011 Ambite,2022,648
Total,28011 Ambite,2021,662
Total,28011 Ambite,2020,609
Total,28011 Ambite,2019,592
Total,28011 Ambite,2018,601
Total,28011 Ambite,2017,677
Total,28011 Ambite,2016,595
Total,28012 Anchuelo,2025,1.414
Total,28012 Anchuelo,2024,1.392
Total,28012 Anchuelo,2023,1.379
Total,28012 Anchuelo,2022,1.354
Total,28012 Anchuelo,2021,1.359
Total,28012 Anchuelo,2020,1.286
Total,28012 Anchuelo,2019,1.271
Total,28012 Anchuelo,2018,1.272
Total,28012 Anchuelo,2017,1.238
Total,28012 Anchuelo,2016,1.215
Total,28013 Aranjuez,2025,63.040
Total,28013 Aranjuez,2024,62.292
Total,28013 Aranjuez,2023,60.668
Total,28013 Aranjuez,2022,59.762
Total,28013 Aranjuez,2021,59.833
Total,28013 Aranjuez,2020,60.332
Total,28013 Aranjuez,2019,59.607
Total,28013 Aranjuez,2018,59.037
Total,28013 Aranjuez,2017,58.213
Total,28013 Aranjuez,2016,57.932
Total,28014 Arganda del Rey,2025,60.419
Total,28014 Arganda del Rey,2024,59.513
Total,28014 Arganda del Rey,2023,58.990
Total,28014 Arganda del Rey,2022,57.553
Total,28014 Arganda del Rey,2021,56.386
Total,28014 Arganda del Rey,2020,56.678
Total,28014 Arganda del Rey,2019,55.389
Total,28014 Arganda del Rey,2018,54.554
Total,28014 Arganda del Rey,2017,53.821
Total,28014 Arganda del Rey,2016,54.256
Total,28015 Arroyomolinos,2025,38.075
Total,28015 Arroyomolinos,2024,37.208
Total,28015 Arroyomolinos,2023,35.972
Total,28015 Arroyomolinos,2022,34.833
Total,28015 Arroyomolinos,2021,33.687
Total,28015 Arroyomolinos,2020,32.935
Total,28015 Arroyomolinos,2019,31.396
Total,28015 Arroyomolinos,2018,30.052
Total,28015 Arroyomolinos,2017,29.128
Total,28015 Arroyomolinos,2016,28.177
Total,"28016 Atazar, El",2025,110
Total,"28016 Atazar, El",2024,107
Total,"28016 Atazar, El",2023,104
Total,"28016 Atazar, El",2022,107
Total,"28016 Atazar, El",2021,109
Total,"28016 Atazar, El",2020,90
Total,"28016 Atazar, El",2019,89
Total,"28016 Atazar, El",2018,93
Total,"28016 Atazar, El",2017,97
Total,"28016 Atazar, El",2016,95
Total,28017 Batres,2025,1.976
Total,28017 Batres,2024,1.943
Total,28017 Batres,2023,1.872
Total,28017 Batres,2022,1.823
Total,28017 Batres,2021,1.820
Total,28017 Batres,2020,1.750
Total,28017 Batres,2019,1.684
Total,28017 Batres,2018,1.638
Total,28017 Batres,2017,1.610
Total,28017 Batres,2016,1.582
Total,28018 Becerril de la Sierra,2025,6.737
Total,28018 Becerril de la Sierra,2024,6.573
Total,28018 Becerril de la Sierra,2023,6.277
Total,28018 Becerril de la Sierra,2022,6.197
Total,28018 Becerril de la Sierra,2021,6.108
Total,28018 Becerril de la Sierra,2020,5.875
Total,28018 Becerril de la Sierra,2019,5.714
Total,28018 Becerril de la Sierra,2018,5.564
Total,28018 Becerril de la Sierra,2017,5.457
Total,28018 Becerril de la Sierra,2016,5.439
Total,28019 Belmonte de Tajo,2025,1.955
Total,28019 Belmonte de Tajo,2024,1.917
Total,28019 Belmonte de Tajo,2023,1.840
Total,28019 Belmonte de Tajo,2022,1.769
Total,28019 Belmonte de Tajo,2021,1.751
Total,28019 Belmonte de Tajo,2020,1.683
Total,28019 Belmonte de Tajo,2019,1.664
Total,28019 Belmonte de Tajo,2018,1.627
Total,28019 Belmonte de Tajo,2017,1.628
Total,28019 Belmonte de Tajo,2016,1.605
Total,"28021 Berrueco, El",2025,795
Total,"28021 Berrueco, El",2024,816
Total,"28021 Berrueco, El",2023,802
Total,"28021 Berrueco, El",2022,801
Total,"28021 Berrueco, El",2021,796
Total,"28021 Berrueco, El",2020,777
Total,"28021 Berrueco, El",2019,760
Total,"28021 Berrueco, El",2018,741
Total,"28021 Berrueco, El",2017,743
Total,"28021 Berrueco, El",2016,752
Total,28020 Berzosa del Lozoya,2025,242
Total,28020 Berzosa del Lozoya,2024,231
Total,28020 Berzosa del Lozoya,2023,217
Total,28020 Berzosa del Lozoya,2022,227
Total,28020 Berzosa del Lozoya,2021,216
Total,28020 Berzosa del Lozoya,2020,222
Total,28020 Berzosa del Lozoya,2019,205
Total,28020 Berzosa del Lozoya,2018,198
Total,28020 Berzosa del Lozoya,2017,203
Total,28020 Berzosa del Lozoya,2016,198
Total,28022 Boadilla del Monte,2025,66.349
Total,28022 Boadilla del Monte,2024,65.839
Total,28022 Boadilla del Monte,2023,64.742
Total,28022 Boadilla del Monte,2022,62.627
Total,28022 Boadilla del Monte,2021,59.052
Total,28022 Boadilla del Monte,2020,56.734
Total,28022 Boadilla del Monte,2019,54.570
Total,28022 Boadilla del Monte,2018,52.626
Total,28022 Boadilla del Monte,2017,51.463
Total,28022 Boadilla del Monte,2016,49.762
Total,"28023 Boalo, El",2025,8.770
Total,"28023 Boalo, El",2024,8.547
Total,"28023 Boalo, El",2023,8.424
Total,"28023 Boalo, El",2022,8.216
Total,"28023 Boalo, El",2021,8.009
Total,"28023 Boalo, El",2020,7.663
Total,"28023 Boalo, El",2019,7.508
Total,"28023 Boalo, El",2018,7.399
Total,"28023 Boalo, El",2017,7.358
Total,"28023 Boalo, El",2016,7.225
Total,28024 Braojos,2025,233
Total,28024 Braojos,2024,219
Total,28024 Braojos,2023,212
Total,28024 Braojos,2022,218
Total,28024 Braojos,2021,218
Total,28024 Braojos,2020,206
Total,28024 Braojos,2019,205
Total,28024 Braojos,2018,205
Total,28024 Braojos,2017,208
Total,28024 Braojos,2016,201
Total,28025 Brea de Tajo,2025,577
Total,28025 Brea de Tajo,2024,579
Total,28025 Brea de Tajo,2023,543
Total,28025 Brea de Tajo,2022,541
Total,28025 Brea de Tajo,2021,523
Total,28025 Brea de Tajo,2020,506
Total,28025 Brea de Tajo,2019,524
Total,28025 Brea de Tajo,2018,525
Total,28025 Brea de Tajo,2017,539
Total,28025 Brea de Tajo,2016,560
Total,28026 Brunete,2025,11.287
Total,28026 Brunete,2024,11.300
Total,28026 Brunete,2023,11.014
Total,28026 Brunete,2022,10.845
Total,28026 Brunete,2021,10.726
Total,28026 Brunete,2020,10.760
Total,28026 Brunete,2019,10.736
Total,28026 Brunete,2018,10.596
Total,28026 Brunete,2017,10.373
Total,28026 Brunete,2016,10.374
Total,28027 Buitrago del Lozoya,2025,2.034
Total,28027 Buitrago del Lozoya,2024,1.973
Total,28027 Buitrago del Lozoya,2023,1.967
Total,28027 Buitrago del Lozoya,2022,1.948
Total,28027 Buitrago del Lozoya,2021,1.940
Total,28027 Buitrago del Lozoya,2020,1.959
Total,28027 Buitrago del Lozoya,2019,1.884
Total,28027 Buitrago del Lozoya,2018,1.875
Total,28027 Buitrago del Lozoya,2017,1.854
Total,28027 Buitrago del Lozoya,2016,1.861
Total,28028 Bustarviejo,2025,2.870
Total,28028 Bustarviejo,2024,2.829
Total,28028 Bustarviejo,2023,2.743
Total,28028 Bustarviejo,2022,2.706
Total,28028 Bustarviejo,2021,2.701
Total,28028 Bustarviejo,2020,2.522
Total,28028 Bustarviejo,2019,2.503
Total,28028 Bustarviejo,2018,2.486
Total,28028 Bustarviejo,2017,2.399
Total,28028 Bustarviejo,2016,2.370
Total,28029 Cabanillas de la Sierra,2025,961
Total,28029 Cabanillas de la Sierra,2024,941
Total,28029 Cabanillas de la Sierra,2023,939
Total,28029 Cabanillas de la Sierra,2022,874
Total,28029 Cabanillas de la Sierra,2021,837
Total,28029 Cabanillas de la Sierra,2020,785
Total,28029 Cabanillas de la Sierra,2019,756
Total,28029 Cabanillas de la Sierra,2018,712
Total,28029 Cabanillas de la Sierra,2017,712
Total,28029 Cabanillas de la Sierra,2016,719
Total,"28030 Cabrera, La",2025,2.889
Total,"28030 Cabrera, La",2024,2.922
Total,"28030 Cabrera, La",2023,2.882
Total,"28030 Cabrera, La",2022,2.805
Total,"28030 Cabrera, La",2021,2.782
Total,"28030 Cabrera, La",2020,2.736
Total,"28030 Cabrera, La",2019,2.667
Total,"28030 Cabrera, La",2018,2.613
Total,"28030 Cabrera, La",2017,2.570
Total,"28030 Cabrera, La",2016,2.560
Total,28031 Cadalso de los Vidrios,2025,3.372
Total,28031 Cadalso de los Vidrios,2024,3.228
Total,28031 Cadalso de los Vidrios,2023,3.173
Total,28031 Cadalso de los Vidrios,2022,3.193
Total,28031 Cadalso de los Vidrios,2021,3.203
Total,28031 Cadalso de los Vidrios,2020,3.047
Total,28031 Cadalso de los Vidrios,2019,3.039
Total,28031 Cadalso de los Vidrios,2018,3.049
Total,28031 Cadalso de los Vidrios,2017,3.053
Total,28031 Cadalso de los Vidrios,2016,2.788
Total,28032 Camarma de Esteruelas,2025,8.331
Total,28032 Camarma de Esteruelas,2024,8.106
Total,28032 Camarma de Esteruelas,2023,7.792
Total,28032 Camarma de Esteruelas,2022,7.595
Total,28032 Camarma de Esteruelas,2021,7.555
Total,28032 Camarma de Esteruelas,2020,7.437
Total,28032 Camarma de Esteruelas,2019,7.336
Total,28032 Camarma de Esteruelas,2018,7.226
Total,28032 Camarma de Esteruelas,2017,7.084
Total,28032 Camarma de Esteruelas,2016,7.050
Total,28033 Campo Real,2025,6.974
Total,28033 Campo Real,2024,6.802
Total,28033 Campo Real,2023,6.781
Total,28033 Campo Real,2022,6.651
Total,28033 Campo Real,2021,6.416
Total,28033 Campo Real,2020,6.420
Total,28033 Campo Real,2019,6.210
Total,28033 Campo Real,2018,6.075
Total,28033 Campo Real,2017,5.995
Total,28033 Campo Real,2016,5.888
Total,28034 Canencia,2025,475
Total,28034 Canencia,2024,469
Total,28034 Canencia,2023,460
Total,28034 Canencia,2022,455
Total,28034 Canencia,2021,461
Total,28034 Canencia,2020,447
Total,28034 Canencia,2019,447
Total,28034 Canencia,2018,423
Total,28034 Canencia,2017,448
Total,28034 Canencia,2016,451
Total,28035 Carabaña,2025,2.451
Total,28035 Carabaña,2024,2.352
Total,28035 Carabaña,2023,2.273
Total,28035 Carabaña,2022,2.210
Total,28035 Carabaña,2021,2.142
Total,28035 Carabaña,2020,2.081
Total,28035 Carabaña,2019,2.010
Total,28035 Carabaña,2018,1.905
Total,28035 Carabaña,2017,1.940
Total,28035 Carabaña,2016,1.948
Total,28036 Casarrubuelos,2025,4.323
Total,28036 Casarrubuelos,2024,4.211
Total,28036 Casarrubuelos,2023,4.062
Total,28036 Casarrubuelos,2022,3.961
Total,28036 Casarrubuelos,2021,3.939
Total,28036 Casarrubuelos,2020,3.845
Total,28036 Casarrubuelos,2019,3.778
Total,28036 Casarrubuelos,2018,3.707
Total,28036 Casarrubuelos,2017,3.650
Total,28036 Casarrubuelos,2016,3.589
Total,28037 Cenicientos,2025,2.152
Total,28037 Cenicientos,2024,2.148
Total,28037 Cenicientos,2023,2.097
Total,28037 Cenicientos,2022,2.089
Total,28037 Cenicientos,2021,2.083
Total,28037 Cenicientos,2020,2.038
Total,28037 Cenicientos,2019,2.033
Total,28037 Cenicientos,2018,1.980
Total,28037 Cenicientos,2017,1.984
Total,28037 Cenicientos,2016,1.986
Total,28038 Cercedilla,2025,7.772
Total,28038 Cercedilla,2024,7.647
Total,28038 Cercedilla,2023,7.648
Total,28038 Cercedilla,2022,7.533
Total,28038 Cercedilla,2021,7.359
Total,28038 Cercedilla,2020,7.205
Total,28038 Cercedilla,2019,7.026
Total,28038 Cercedilla,2018,6.948
Total,28038 Cercedilla,2017,6.853
Total,28038 Cercedilla,2016,6.751
Total,28039 Cervera de Buitrago,2025,165
Total,28039 Cervera de Buitrago,2024,161
Total,28039 Cervera de Buitrago,2023,164
Total,28039 Cervera de Buitrago,2022,169
Total,28039 Cervera de Buitrago,2021,158
Total,28039 Cervera de Buitrago,2020,162
Total,28039 Cervera de Buitrago,2019,150
Total,28039 Cervera de Buitrago,2018,149
Total,28039 Cervera de Buitrago,2017,156
Total,28039 Cervera de Buitrago,2016,157
Total,28051 Chapinería,2025,2.705
Total,28051 Chapinería,2024,2.642
Total,28051 Chapinería,2023,2.604
Total,28051 Chapinería,2022,2.512
Total,28051 Chapinería,2021,2.494
Total,28051 Chapinería,2020,2.414
Total,28051 Chapinería,2019,2.328
Total,28051 Chapinería,2018,2.240
Total,28051 Chapinería,2017,2.225
Total,28051 Chapinería,2016,2.214
Total,28052 Chinchón,2025,5.800
Total,28052 Chinchón,2024,5.818
Total,28052 Chinchón,2023,5.664
Total,28052 Chinchón,2022,5.658
Total,28052 Chinchón,2021,5.506
Total,28052 Chinchón,2020,5.413
Total,28052 Chinchón,2019,5.331
Total,28052 Chinchón,2018,5.239
Total,28052 Chinchón,2017,5.240
Total,28052 Chinchón,2016,5.294
Total,28040 Ciempozuelos,2025,26.350
Total,28040 Ciempozuelos,2024,26.140
Total,28040 Ciempozuelos,2023,25.866
Total,28040 Ciempozuelos,2022,25.383
Total,28040 Ciempozuelos,2021,25.083
Total,28040 Ciempozuelos,2020,25.104
Total,28040 Ciempozuelos,2019,24.592
Total,28040 Ciempozuelos,2018,24.087
Total,28040 Ciempozuelos,2017,23.737
Total,28040 Ciempozuelos,2016,23.773
Total,28041 Cobeña,2025,7.670
Total,28041 Cobeña,2024,7.759
Total,28041 Cobeña,2023,7.698
Total,28041 Cobeña,2022,7.551
Total,28041 Cobeña,2021,7.444
Total,28041 Cobeña,2020,7.486
Total,28041 Cobeña,2019,7.428
Total,28041 Cobeña,2018,7.280
Total,28041 Cobeña,2017,7.163
Total,28041 Cobeña,2016,7.009
Total,28046 Collado Mediano,2025,7.722
Total,28046 Collado Mediano,2024,7.547
Total,28046 Collado Mediano,2023,7.490
Total,28046 Collado Mediano,2022,7.456
Total,28046 Collado Mediano,2021,7.348
Total,28046 Collado Mediano,2020,7.105
Total,28046 Collado Mediano,2019,6.958
Total,28046 Collado Mediano,2018,6.781
Total,28046 Collado Mediano,2017,6.666
Total,28046 Collado Mediano,2016,6.583
Total,28047 Collado Villalba,2025,67.274
Total,28047 Collado Villalba,2024,66.698
Total,28047 Collado Villalba,2023,65.657
Total,28047 Collado Villalba,2022,64.263
Total,28047 Collado Villalba,2021,63.825
Total,28047 Collado Villalba,2020,64.378
Total,28047 Collado Villalba,2019,63.679
Total,28047 Collado Villalba,2018,63.074
Total,28047 Collado Villalba,2017,62.152
Total,28047 Collado Villalba,2016,61.597
Total,28043 Colmenar de Oreja,2025,9.127
Total,28043 Colmenar de Oreja,2024,8.888
Total,28043 Colmenar de Oreja,2023,8.649
Total,28043 Colmenar de Oreja,2022,8.462
Total,28043 Colmenar de Oreja,2021,8.303
Total,28043 Colmenar de Oreja,2020,8.154
Total,28043 Colmenar de Oreja,2019,8.032
Total,28043 Colmenar de Oreja,2018,7.902
Total,28043 Colmenar de Oreja,2017,7.810
Total,28043 Colmenar de Oreja,2016,7.946
Total,28042 Colmenar del Arroyo,2025,2.044
Total,28042 Colmenar del Arroyo,2024,2.015
Total,28042 Colmenar del Arroyo,2023,1.947
Total,28042 Colmenar del Arroyo,2022,1.936
Total,28042 Colmenar del Arroyo,2021,1.875
Total,28042 Colmenar del Arroyo,2020,1.785
Total,28042 Colmenar del Arroyo,2019,1.725
Total,28042 Colmenar del Arroyo,2018,1.685
Total,28042 Colmenar del Arroyo,2017,1.632
Total,28042 Colmenar del Arroyo,2016,1.632
Total,28045 Colmenar Viejo,2025,58.730
Total,28045 Colmenar Viejo,2024,57.029
Total,28045 Colmenar Viejo,2023,55.198
Total,28045 Colmenar Viejo,2022,53.389
Total,28045 Colmenar Viejo,2021,52.480
Total,28045 Colmenar Viejo,2020,51.938
Total,28045 Colmenar Viejo,2019,50.752
Total,28045 Colmenar Viejo,2018,49.498
Total,28045 Colmenar Viejo,2017,48.614
Total,28045 Colmenar Viejo,2016,48.020
Total,28044 Colmenarejo,2025,9.640
Total,28044 Colmenarejo,2024,9.623
Total,28044 Colmenarejo,2023,9.534
Total,28044 Colmenarejo,2022,9.473
Total,28044 Colmenarejo,2021,9.376
Total,28044 Colmenarejo,2020,9.230
Total,28044 Colmenarejo,2019,9.130
Total,28044 Colmenarejo,2018,9.124
Total,28044 Colmenarejo,2017,9.015
Total,28044 Colmenarejo,2016,8.945
Total,28048 Corpa,2025,832
Total,28048 Corpa,2024,792
Total,28048 Corpa,2023,798
Total,28048 Corpa,2022,764
Total,28048 Corpa,2021,742
Total,28048 Corpa,2020,723
Total,28048 Corpa,2019,713
Total,28048 Corpa,2018,697
Total,28048 Corpa,2017,684
Total,28048 Corpa,2016,672
Total,28049 Coslada,2025,80.512
Total,28049 Coslada,2024,80.760
Total,28049 Coslada,2023,80.171
Total,28049 Coslada,2022,80.596
Total,28049 Coslada,2021,81.273
Total,28049 Coslada,2020,81.391
Total,28049 Coslada,2019,81.661
Total,28049 Coslada,2018,81.860
Total,28049 Coslada,2017,83.011
Total,28049 Coslada,2016,84.533
Total,28050 Cubas de la Sagra,2025,7.238
Total,28050 Cubas de la Sagra,2024,6.988
Total,28050 Cubas de la Sagra,2023,6.817
Total,28050 Cubas de la Sagra,2022,6.698
Total,28050 Cubas de la Sagra,2021,6.642
Total,28050 Cubas de la Sagra,2020,6.539
Total,28050 Cubas de la Sagra,2019,6.413
Total,28050 Cubas de la Sagra,2018,6.310
Total,28050 Cubas de la Sagra,2017,6.112
Total,28050 Cubas de la Sagra,2016,5.971
Total,28053 Daganzo de Arriba,2025,10.764
Total,28053 Daganzo de Arriba,2024,10.703
Total,28053 Daganzo de Arriba,2023,10.611
Total,28053 Daganzo de Arriba,2022,10.650
Total,28053 Daganzo de Arriba,2021,10.520
Total,28053 Daganzo de Arriba,2020,10.337
Total,28053 Daganzo de Arriba,2019,10.205
Total,28053 Daganzo de Arriba,2018,10.061
Total,28053 Daganzo de Arriba,2017,10.082
Total,28053 Daganzo de Arriba,2016,9.981
Total,"28054 Escorial, El",2025,17.171
Total,"28054 Escorial, El",2024,17.176
Total,"28054 Escorial, El",2023,16.873
Total,"28054 Escorial, El",2022,16.618
Total,"28054 Escorial, El",2021,16.594
Total,"28054 Escorial, El",2020,16.365
Total,"28054 Escorial, El",2019,16.162
Total,"28054 Escorial, El",2018,15.842
Total,"28054 Escorial, El",2017,15.562
Total,"28054 Escorial, El",2016,15.364
Total,28055 Estremera,2025,1.473
Total,28055 Estremera,2024,1.467
Total,28055 Estremera,2023,1.453
Total,28055 Estremera,2022,1.410
Total,28055 Estremera,2021,1.381
Total,28055 Estremera,2020,1.334
Total,28055 Estremera,2019,1.260
Total,28055 Estremera,2018,1.236
Total,28055 Estremera,2017,1.261
Total,28055 Estremera,2016,1.319
Total,28056 Fresnedillas de la Oliva,2025,1.883
Total,28056 Fresnedillas de la Oliva,2024,1.837
Total,28056 Fresnedillas de la Oliva,2023,1.791
Total,28056 Fresnedillas de la Oliva,2022,1.784
Total,28056 Fresnedillas de la Oliva,2021,1.742
Total,28056 Fresnedillas de la Oliva,2020,1.651
Total,28056 Fresnedillas de la Oliva,2019,1.572
Total,28056 Fresnedillas de la Oliva,2018,1.554
Total,28056 Fresnedillas de la Oliva,2017,1.550
Total,28056 Fresnedillas de la Oliva,2016,1.547
Total,28057 Fresno de Torote,2025,2.561
Total,28057 Fresno de Torote,2024,2.548
Total,28057 Fresno de Torote,2023,2.522
Total,28057 Fresno de Torote,2022,2.444
Total,28057 Fresno de Torote,2021,2.416
Total,28057 Fresno de Torote,2020,2.299
Total,28057 Fresno de Torote,2019,2.221
Total,28057 Fresno de Torote,2018,2.181
Total,28057 Fresno de Torote,2017,2.115
Total,28057 Fresno de Torote,2016,2.044
Total,28058 Fuenlabrada,2025,190.076
Total,28058 Fuenlabrada,2024,190.790
Total,28058 Fuenlabrada,2023,188.736
Total,28058 Fuenlabrada,2022,189.891
Total,28058 Fuenlabrada,2021,192.233
Total,28058 Fuenlabrada,2020,194.514
Total,28058 Fuenlabrada,2019,193.700
Total,28058 Fuenlabrada,2018,193.586
Total,28058 Fuenlabrada,2017,194.669
Total,28058 Fuenlabrada,2016,194.171
Total,28059 Fuente el Saz de Jarama,2025,7.413
Total,28059 Fuente el Saz de Jarama,2024,7.379
Total,28059 Fuente el Saz de Jarama,2023,7.182
Total,28059 Fuente el Saz de Jarama,2022,7.034
Total,28059 Fuente el Saz de Jarama,2021,6.883
Total,28059 Fuente el Saz de Jarama,2020,6.807
Total,28059 Fuente el Saz de Jarama,2019,6.696
Total,28059 Fuente el Saz de Jarama,2018,6.541
Total,28059 Fuente el Saz de Jarama,2017,6.424
Total,28059 Fuente el Saz de Jarama,2016,6.403
Total,28060 Fuentidueña de Tajo,2025,2.372
Total,28060 Fuentidueña de Tajo,2024,2.328
Total,28060 Fuentidueña de Tajo,2023,2.270
Total,28060 Fuentidueña de Tajo,2022,2.250
Total,28060 Fuentidueña de Tajo,2021,2.228
Total,28060 Fuentidueña de Tajo,2020,2.136
Total,28060 Fuentidueña de Tajo,2019,2.053
Total,28060 Fuentidueña de Tajo,2018,1.985
Total,28060 Fuentidueña de Tajo,2017,1.980
Total,28060 Fuentidueña de Tajo,2016,1.936
Total,28061 Galapagar,2025,36.758
Total,28061 Galapagar,2024,36.184
Total,28061 Galapagar,2023,35.273
Total,28061 Galapagar,2022,34.834
Total,28061 Galapagar,2021,34.712
Total,28061 Galapagar,2020,34.497
Total,28061 Galapagar,2019,33.742
Total,28061 Galapagar,2018,33.379
Total,28061 Galapagar,2017,32.903
Total,28061 Galapagar,2016,32.404
Total,28062 Garganta de los Montes,2025,441
Total,28062 Garganta de los Montes,2024,416
Total,28062 Garganta de los Montes,2023,420
Total,28062 Garganta de los Montes,2022,395
Total,28062 Garganta de los Montes,2021,411
Total,28062 Garganta de los Montes,2020,377
Total,28062 Garganta de los Montes,2019,347
Total,28062 Garganta de los Montes,2018,348
Total,28062 Garganta de los Montes,2017,331
Total,28062 Garganta de los Montes,2016,351
Total,28063 Gargantilla del Lozoya y Pinilla de Buitrago,2025,396
Total,28063 Gargantilla del Lozoya y Pinilla de Buitrago,2024,397
Total,28063 Gargantilla del Lozoya y Pinilla de Buitrago,2023,388
Total,28063 Gargantilla del Lozoya y Pinilla de Buitrago,2022,361
Total,28063 Gargantilla del Lozoya y Pinilla de Buitrago,2021,344
Total,28063 Gargantilla del Lozoya y Pinilla de Buitrago,2020,309
Total,28063 Gargantilla del Lozoya y Pinilla de Buitrago,2019,316
Total,28063 Gargantilla del Lozoya y Pinilla de Buitrago,2018,318
Total,28063 Gargantilla del Lozoya y Pinilla de Buitrago,2017,315
Total,28063 Gargantilla del Lozoya y Pinilla de Buitrago,2016,325
Total,28064 Gascones,2025,252
Total,28064 Gascones,2024,239
Total,28064 Gascones,2023,229
Total,28064 Gascones,2022,212
Total,28064 Gascones,2021,191
Total,28064 Gascones,2020,176
Total,28064 Gascones,2019,193
Total,28064 Gascones,2018,188
Total,28064 Gascones,2017,176
Total,28064 Gascones,2016,171
Total,28065 Getafe,2025,193.238
Total,28065 Getafe,2024,189.906
Total,28065 Getafe,2023,185.899
Total,28065 Getafe,2022,183.219
Total,28065 Getafe,2021,183.095
Total,28065 Getafe,2020,185.180
Total,28065 Getafe,2019,183.374
Total,28065 Getafe,2018,180.747
Total,28065 Getafe,2017,178.288
Total,28065 Getafe,2016,176.659
Total,28066 Griñón,2025,10.799
Total,28066 Griñón,2024,10.718
Total,28066 Griñón,2023,10.087
Total,28066 Griñón,2022,10.491
Total,28066 Griñón,2021,10.467
Total,28066 Griñón,2020,10.435
Total,28066 Griñón,2019,10.319
Total,28066 Griñón,2018,10.178
Total,28066 Griñón,2017,10.060
Total,28066 Griñón,2016,9.938
Total,28067 Guadalix de la Sierra,2025,6.993
Total,28067 Guadalix de la Sierra,2024,6.904
Total,28067 Guadalix de la Sierra,2023,6.814
Total,28067 Guadalix de la Sierra,2022,6.672
Total,28067 Guadalix de la Sierra,2021,6.594
Total,28067 Guadalix de la Sierra,2020,6.440
Total,28067 Guadalix de la Sierra,2019,6.214
Total,28067 Guadalix de la Sierra,2018,6.119
Total,28067 Guadalix de la Sierra,2017,6.049
Total,28067 Guadalix de la Sierra,2016,5.982
Total,28068 Guadarrama,2025,17.547
Total,28068 Guadarrama,2024,17.062
Total,28068 Guadarrama,2023,17.063
Total,28068 Guadarrama,2022,16.921
Total,28068 Guadarrama,2021,16.747
Total,28068 Guadarrama,2020,16.560
Total,28068 Guadarrama,2019,16.032
Total,28068 Guadarrama,2018,15.785
Total,28068 Guadarrama,2017,15.620
Total,28068 Guadarrama,2016,15.488
Total,"28069 Hiruela, La",2025,88
Total,"28069 Hiruela, La",2024,83
Total,"28069 Hiruela, La",2023,74
Total,"28069 Hiruela, La",2022,75
Total,"28069 Hiruela, La",2021,72
Total,"28069 Hiruela, La",2020,65
Total,"28069 Hiruela, La",2019,57
Total,"28069 Hiruela, La",2018,48
Total,"28069 Hiruela, La",2017,52
Total,"28069 Hiruela, La",2016,54
Total,28070 Horcajo de la Sierra-Aoslos,2025,219
Total,28070 Horcajo de la Sierra-Aoslos,2024,233
Total,28070 Horcajo de la Sierra-Aoslos,2023,234
Total,28070 Horcajo de la Sierra-Aoslos,2022,201
Total,28070 Horcajo de la Sierra-Aoslos,2021,170
Total,28070 Horcajo de la Sierra-Aoslos,2020,152
Total,28070 Horcajo de la Sierra-Aoslos,2019,145
Total,28070 Horcajo de la Sierra-Aoslos,2018,148
Total,28070 Horcajo de la Sierra-Aoslos,2017,142
Total,28070 Horcajo de la Sierra-Aoslos,2016,143
Total,28071 Horcajuelo de la Sierra,2025,104
Total,28071 Horcajuelo de la Sierra,2024,111
Total,28071 Horcajuelo de la Sierra,2023,108
Total,28071 Horcajuelo de la Sierra,2022,110
Total,28071 Horcajuelo de la Sierra,2021,106
Total,28071 Horcajuelo de la Sierra,2020,89
Total,28071 Horcajuelo de la Sierra,2019,86
Total,28071 Horcajuelo de la Sierra,2018,89
Total,28071 Horcajuelo de la Sierra,2017,88
Total,28071 Horcajuelo de la Sierra,2016,86
Total,28072 Hoyo de Manzanares,2025,9.310
Total,28072 Hoyo de Manzanares,2024,9.178
Total,28072 Hoyo de Manzanares,2023,8.973
Total,28072 Hoyo de Manzanares,2022,8.811
Total,28072 Hoyo de Manzanares,2021,8.680
Total,28072 Hoyo de Manzanares,2020,8.529
Total,28072 Hoyo de Manzanares,2019,8.434
Total,28072 Hoyo de Manzanares,2018,8.222
Total,28072 Hoyo de Manzanares,2017,8.032
Total,28072 Hoyo de Manzanares,2016,7.965
Total,28073 Humanes de Madrid,2025,20.500
Total,28073 Humanes de Madrid,2024,20.074
Total,28073 Humanes de Madrid,2023,19.902
Total,28073 Humanes de Madrid,2022,19.838
Total,28073 Humanes de Madrid,2021,19.736
Total,28073 Humanes de Madrid,2020,19.701
Total,28073 Humanes de Madrid,2019,19.743
Total,28073 Humanes de Madrid,2018,19.587
Total,28073 Humanes de Madrid,2017,19.607
Total,28073 Humanes de Madrid,2016,19.563
Total,28074 Leganés,2025,195.734
Total,28074 Leganés,2024,194.084
Total,28074 Leganés,2023,190.665
Total,28074 Leganés,2022,186.660
Total,28074 Leganés,2021,187.762
Total,28074 Leganés,2020,191.114
Total,28074 Leganés,2019,189.861
Total,28074 Leganés,2018,188.425
Total,28074 Leganés,2017,187.720
Total,28074 Leganés,2016,187.173
Total,28075 Loeches,2025,9.261
Total,28075 Loeches,2024,9.200
Total,28075 Loeches,2023,9.108
Total,28075 Loeches,2022,8.944
Total,28075 Loeches,2021,8.860
Total,28075 Loeches,2020,8.897
Total,28075 Loeches,2019,8.791
Total,28075 Loeches,2018,8.673
Total,28075 Loeches,2017,8.525
Total,28075 Loeches,2016,8.388
Total,28076 Lozoya,2025,598
Total,28076 Lozoya,2024,617
Total,28076 Lozoya,2023,621
Total,28076 Lozoya,2022,602
Total,28076 Lozoya,2021,593
Total,28076 Lozoya,2020,580
Total,28076 Lozoya,2019,581
Total,28076 Lozoya,2018,559
Total,28076 Lozoya,2017,559
Total,28076 Lozoya,2016,576
Total,28901 Lozoyuela-Navas-Sieteiglesias,2025,1.468
Total,28901 Lozoyuela-Navas-Sieteiglesias,2024,1.483
Total,28901 Lozoyuela-Navas-Sieteiglesias,2023,1.483
Total,28901 Lozoyuela-Navas-Sieteiglesias,2022,1.461
Total,28901 Lozoyuela-Navas-Sieteiglesias,2021,1.407
Total,28901 Lozoyuela-Navas-Sieteiglesias,2020,1.340
Total,28901 Lozoyuela-Navas-Sieteiglesias,2019,1.299
Total,28901 Lozoyuela-Navas-Sieteiglesias,2018,1.266
Total,28901 Lozoyuela-Navas-Sieteiglesias,2017,1.237
Total,28901 Lozoyuela-Navas-Sieteiglesias,2016,1.210
Total,28078 Madarcos,2025,69
Total,28078 Madarcos,2024,70
Total,28078 Madarcos,2023,72
Total,28078 Madarcos,2022,63
Total,28078 Madarcos,2021,57
Total,28078 Madarcos,2020,49
Total,28078 Madarcos,2019,48
Total,28078 Madarcos,2018,47
Total,28078 Madarcos,2017,46
Total,28078 Madarcos,2016,47
Total,28079 Madrid,2025,3.506.730
Total,28079 Madrid,2024,3.416.771
Total,28079 Madrid,2023,3.332.035
Total,28079 Madrid,2022,3.280.782
Total,28079 Madrid,2021,3.305.408
Total,28079 Madrid,2020,3.334.730
Total,28079 Madrid,2019,3.266.126
Total,28079 Madrid,2018,3.223.334
Total,28079 Madrid,2017,3.182.981
Total,28079 Madrid,2016,3.165.541
Total,28 Madrid,2025,7.137.031
Total,28 Madrid,2024,7.001.715
Total,28 Madrid,2023,6.859.914
Total,28 Madrid,2022,6.750.336
Total,28 Madrid,2021,6.751.251
Total,28 Madrid,2020,6.779.888
Total,28 Madrid,2019,6.663.394
Total,28 Madrid,2018,6.578.079
Total,28 Madrid,2017,6.507.184
Total,28 Madrid,2016,6.466.996
Total,28080 Majadahonda,2025,73.625
Total,28080 Majadahonda,2024,73.355
Total,28080 Majadahonda,2023,72.548
Total,28080 Majadahonda,2022,72.179
Total,28080 Majadahonda,2021,72.034
Total,28080 Majadahonda,2020,72.155
Total,28080 Majadahonda,2019,71.826
Total,28080 Majadahonda,2018,71.785
Total,28080 Majadahonda,2017,71.299
Total,28080 Majadahonda,2016,70.755
Total,28082 Manzanares el Real,2025,9.648
Total,28082 Manzanares el Real,2024,9.550
Total,28082 Manzanares el Real,2023,9.386
Total,28082 Manzanares el Real,2022,9.247
Total,28082 Manzanares el Real,2021,9.202
Total,28082 Manzanares el Real,2020,8.936
Total,28082 Manzanares el Real,2019,8.840
Total,28082 Manzanares el Real,2018,8.597
Total,28082 Manzanares el Real,2017,8.500
Total,28082 Manzanares el Real,2016,8.387
Total,28083 Meco,2025,15.922
Total,28083 Meco,2024,15.732
Total,28083 Meco,2023,15.404
Total,28083 Meco,2022,15.143
Total,28083 Meco,2021,14.903
Total,28083 Meco,2020,14.670
Total,28083 Meco,2019,14.305
Total,28083 Meco,2018,13.959
Total,28083 Meco,2017,13.570
Total,28083 Meco,2016,13.426
Total,28084 Mejorada del Campo,2025,25.049
Total,28084 Mejorada del Campo,2024,24.659
Total,28084 Mejorada del Campo,2023,24.274
Total,28084 Mejorada del Campo,2022,23.897
Total,28084 Mejorada del Campo,2021,23.737
Total,28084 Mejorada del Campo,2020,23.639
Total,28084 Mejorada del Campo,2019,23.274
Total,28084 Mejorada del Campo,2018,23.241
Total,28084 Mejorada del Campo,2017,22.948
Total,28084 Mejorada del Campo,2016,22.900
Total,28085 Miraflores de la Sierra,2025,7.350
Total,28085 Miraflores de la Sierra,2024,7.139
Total,28085 Miraflores de la Sierra,2023,6.945
Total,28085 Miraflores de la Sierra,2022,6.711
Total,28085 Miraflores de la Sierra,2021,6.585
Total,28085 Miraflores de la Sierra,2020,6.362
Total,28085 Miraflores de la Sierra,2019,6.108
Total,28085 Miraflores de la Sierra,2018,5.897
Total,28085 Miraflores de la Sierra,2017,5.817
Total,28085 Miraflores de la Sierra,2016,5.754
Total,"28086 Molar, El",2025,9.999
Total,"28086 Molar, El",2024,10.052
Total,"28086 Molar, El",2023,9.759
Total,"28086 Molar, El",2022,9.437
Total,"28086 Molar, El",2021,9.291
Total,"28086 Molar, El",2020,9.287
Total,"28086 Molar, El",2019,8.938
Total,"28086 Molar, El",2018,8.666
Total,"28086 Molar, El",2017,8.491
Total,"28086 Molar, El",2016,8.263
Total,"28087 Molinos, Los",2025,4.781
Total,"28087 Molinos, Los",2024,4.731
Total,"28087 Molinos, Los",2023,4.786
Total,"28087 Molinos, Los",2022,4.699
Total,"28087 Molinos, Los",2021,4.563
Total,"28087 Molinos, Los",2020,4.433
Total,"28087 Molinos, Los",2019,4.389
Total,"28087 Molinos, Los",2018,4.328
Total,"28087 Molinos, Los",2017,4.345
Total,"28087 Molinos, Los",2016,4.373
Total,28088 Montejo de la Sierra,2025,404
Total,28088 Montejo de la Sierra,2024,374
Total,28088 Montejo de la Sierra,2023,381
Total,28088 Montejo de la Sierra,2022,372
Total,28088 Montejo de la Sierra,2021,365
Total,28088 Montejo de la Sierra,2020,364
Total,28088 Montejo de la Sierra,2019,353
Total,28088 Montejo de la Sierra,2018,363
Total,28088 Montejo de la Sierra,2017,356
Total,28088 Montejo de la Sierra,2016,359
Total,28089 Moraleja de Enmedio,2025,5.580
Total,28089 Moraleja de Enmedio,2024,5.576
Total,28089 Moraleja de Enmedio,2023,5.453
Total,28089 Moraleja de Enmedio,2022,5.368
Total,28089 Moraleja de Enmedio,2021,5.294
Total,28089 Moraleja de Enmedio,2020,5.200
Total,28089 Moraleja de Enmedio,2019,5.136
Total,28089 Moraleja de Enmedio,2018,5.021
Total,28089 Moraleja de Enmedio,2017,4.870
Total,28089 Moraleja de Enmedio,2016,4.984
Total,28090 Moralzarzal,2025,14.772
Total,28090 Moralzarzal,2024,14.586
Total,28090 Moralzarzal,2023,14.124
Total,28090 Moralzarzal,2022,13.905
Total,28090 Moralzarzal,2021,13.573
Total,28090 Moralzarzal,2020,13.334
Total,28090 Moralzarzal,2019,13.026
Total,28090 Moralzarzal,2018,12.697
Total,28090 Moralzarzal,2017,12.496
Total,28090 Moralzarzal,2016,12.372
Total,28091 Morata de Tajuña,2025,8.397
Total,28091 Morata de Tajuña,2024,8.319
Total,28091 Morata de Tajuña,2023,8.115
Total,28091 Morata de Tajuña,2022,7.960
Total,28091 Morata de Tajuña,2021,7.924
Total,28091 Morata de Tajuña,2020,7.847
Total,28091 Morata de Tajuña,2019,7.683
Total,28091 Morata de Tajuña,2018,7.553
Total,28091 Morata de Tajuña,2017,7.482
Total,28091 Morata de Tajuña,2016,7.548
Total,28092 Móstoles,2025,214.817
Total,28092 Móstoles,2024,214.006
Total,28092 Móstoles,2023,211.265
Total,28092 Móstoles,2022,208.761
Total,28092 Móstoles,2021,209.639
Total,28092 Móstoles,2020,210.309
Total,28092 Móstoles,2019,209.184
Total,28092 Móstoles,2018,207.095
Total,28092 Móstoles,2017,206.589
Total,28092 Móstoles,2016,205.614
Total,28093 Navacerrada,2025,3.311
Total,28093 Navacerrada,2024,3.290
Total,28093 Navacerrada,2023,3.282
Total,28093 Navacerrada,2022,3.218
Total,28093 Navacerrada,2021,3.220
Total,28093 Navacerrada,2020,3.091
Total,28093 Navacerrada,2019,2.972
Total,28093 Navacerrada,2018,2.911
Total,28093 Navacerrada,2017,2.894
Total,28093 Navacerrada,2016,2.885
Total,28094 Navalafuente,2025,1.693
Total,28094 Navalafuente,2024,1.672
Total,28094 Navalafuente,2023,1.637
Total,28094 Navalafuente,2022,1.574
Total,28094 Navalafuente,2021,1.573
Total,28094 Navalafuente,2020,1.511
Total,28094 Navalafuente,2019,1.449
Total,28094 Navalafuente,2018,1.397
Total,28094 Navalafuente,2017,1.340
Total,28094 Navalafuente,2016,1.266
Total,28095 Navalagamella,2025,3.169
Total,28095 Navalagamella,2024,3.111
Total,28095 Navalagamella,2023,2.982
Total,28095 Navalagamella,2022,2.809
Total,28095 Navalagamella,2021,2.720
Total,28095 Navalagamella,2020,2.637
Total,28095 Navalagamella,2019,2.610
Total,28095 Navalagamella,2018,2.601
Total,28095 Navalagamella,2017,2.443
Total,28095 Navalagamella,2016,2.423
Total,28096 Navalcarnero,2025,33.331
Total,28096 Navalcarnero,2024,32.683
Total,28096 Navalcarnero,2023,31.974
Total,28096 Navalcarnero,2022,31.379
Total,28096 Navalcarnero,2021,30.695
Total,28096 Navalcarnero,2020,29.985
Total,28096 Navalcarnero,2019,29.298
Total,28096 Navalcarnero,2018,28.305
Total,28096 Navalcarnero,2017,27.570
Total,28096 Navalcarnero,2016,26.954
Total,28097 Navarredonda y San Mamés,2025,163
Total,28097 Navarredonda y San Mamés,2024,151
Total,28097 Navarredonda y San Mamés,2023,150
Total,28097 Navarredonda y San Mamés,2022,138
Total,28097 Navarredonda y San Mamés,2021,141
Total,28097 Navarredonda y San Mamés,2020,129
Total,28097 Navarredonda y San Mamés,2019,129
Total,28097 Navarredonda y San Mamés,2018,122
Total,28097 Navarredonda y San Mamés,2017,131
Total,28097 Navarredonda y San Mamés,2016,132
Total,28099 Navas del Rey,2025,3.420
Total,28099 Navas del Rey,2024,3.347
Total,28099 Navas del Rey,2023,3.244
Total,28099 Navas del Rey,2022,3.134
Total,28099 Navas del Rey,2021,3.062
Total,28099 Navas del Rey,2020,2.966
Total,28099 Navas del Rey,2019,2.918
Total,28099 Navas del Rey,2018,2.819
Total,28099 Navas del Rey,2017,2.751
Total,28099 Navas del Rey,2016,2.659
Total,28100 Nuevo Baztán,2025,7.429
Total,28100 Nuevo Baztán,2024,7.339
Total,28100 Nuevo Baztán,2023,7.050
Total,28100 Nuevo Baztán,2022,6.760
Total,28100 Nuevo Baztán,2021,6.630
Total,28100 Nuevo Baztán,2020,6.454
Total,28100 Nuevo Baztán,2019,6.276
Total,28100 Nuevo Baztán,2018,6.154
Total,28100 Nuevo Baztán,2017,6.091
Total,28100 Nuevo Baztán,2016,6.018
Total,28101 Olmeda de las Fuentes,2025,429
Total,28101 Olmeda de las Fuentes,2024,408
Total,28101 Olmeda de las Fuentes,2023,402
Total,28101 Olmeda de las Fuentes,2022,376
Total,28101 Olmeda de las Fuentes,2021,357
Total,28101 Olmeda de las Fuentes,2020,346
Total,28101 Olmeda de las Fuentes,2019,348
Total,28101 Olmeda de las Fuentes,2018,346
Total,28101 Olmeda de las Fuentes,2017,332
Total,28101 Olmeda de las Fuentes,2016,326
Total,28102 Orusco de Tajuña,2025,1.531
Total,28102 Orusco de Tajuña,2024,1.511
Total,28102 Orusco de Tajuña,2023,1.415
Total,28102 Orusco de Tajuña,2022,1.326
Total,28102 Orusco de Tajuña,2021,1.291
Total,28102 Orusco de Tajuña,2020,1.295
Total,28102 Orusco de Tajuña,2019,1.244
Total,28102 Orusco de Tajuña,2018,1.202
Total,28102 Orusco de Tajuña,2017,1.218
Total,28102 Orusco de Tajuña,2016,1.225
Total,28104 Paracuellos de Jarama,2025,27.650
Total,28104 Paracuellos de Jarama,2024,27.238
Total,28104 Paracuellos de Jarama,2023,27.000
Total,28104 Paracuellos de Jarama,2022,26.450
Total,28104 Paracuellos de Jarama,2021,26.235
Total,28104 Paracuellos de Jarama,2020,25.917
Total,28104 Paracuellos de Jarama,2019,25.269
Total,28104 Paracuellos de Jarama,2018,24.521
Total,28104 Paracuellos de Jarama,2017,23.905
Total,28104 Paracuellos de Jarama,2016,23.104
Total,28106 Parla,2025,137.471
Total,28106 Parla,2024,134.833
Total,28106 Parla,2023,133.004
Total,28106 Parla,2022,130.577
Total,28106 Parla,2021,131.689
Total,28106 Parla,2020,133.482
Total,28106 Parla,2019,130.124
Total,28106 Parla,2018,128.256
Total,28106 Parla,2017,125.898
Total,28106 Parla,2016,124.661
Total,28107 Patones,2025,617
Total,28107 Patones,2024,602
Total,28107 Patones,2023,566
Total,28107 Patones,2022,536
Total,28107 Patones,2021,524
Total,28107 Patones,2020,539
Total,28107 Patones,2019,541
Total,28107 Patones,2018,523
Total,28107 Patones,2017,553
Total,28107 Patones,2016,537
Total,28108 Pedrezuela,2025,6.606
Total,28108 Pedrezuela,2024,6.467
Total,28108 Pedrezuela,2023,6.400
Total,28108 Pedrezuela,2022,6.307
Total,28108 Pedrezuela,2021,6.226
Total,28108 Pedrezuela,2020,6.150
Total,28108 Pedrezuela,2019,5.892
Total,28108 Pedrezuela,2018,5.746
Total,28108 Pedrezuela,2017,5.613
Total,28108 Pedrezuela,2016,5.456
Total,28109 Pelayos de la Presa,2025,3.195
Total,28109 Pelayos de la Presa,2024,3.136
Total,28109 Pelayos de la Presa,2023,2.982
Total,28109 Pelayos de la Presa,2022,2.867
Total,28109 Pelayos de la Presa,2021,2.827
Total,28109 Pelayos de la Presa,2020,2.676
Total,28109 Pelayos de la Presa,2019,2.596
Total,28109 Pelayos de la Presa,2018,2.475
Total,28109 Pelayos de la Presa,2017,2.468
Total,28109 Pelayos de la Presa,2016,2.471
Total,28110 Perales de Tajuña,2025,3.260
Total,28110 Perales de Tajuña,2024,3.207
Total,28110 Perales de Tajuña,2023,3.176
Total,28110 Perales de Tajuña,2022,3.117
Total,28110 Perales de Tajuña,2021,3.059
Total,28110 Perales de Tajuña,2020,2.990
Total,28110 Perales de Tajuña,2019,2.935
Total,28110 Perales de Tajuña,2018,2.831
Total,28110 Perales de Tajuña,2017,2.817
Total,28110 Perales de Tajuña,2016,2.799
Total,28111 Pezuela de las Torres,2025,1.008
Total,28111 Pezuela de las Torres,2024,989
Total,28111 Pezuela de las Torres,2023,977
Total,28111 Pezuela de las Torres,2022,931
Total,28111 Pezuela de las Torres,2021,927
Total,28111 Pezuela de las Torres,2020,867
Total,28111 Pezuela de las Torres,2019,842
Total,28111 Pezuela de las Torres,2018,821
Total,28111 Pezuela de las Torres,2017,816
Total,28111 Pezuela de las Torres,2016,793
Total,28112 Pinilla del Valle,2025,200
Total,28112 Pinilla del Valle,2024,200
Total,28112 Pinilla del Valle,2023,204
Total,28112 Pinilla del Valle,2022,198
Total,28112 Pinilla del Valle,2021,196
Total,28112 Pinilla del Valle,2020,190
Total,28112 Pinilla del Valle,2019,191
Total,28112 Pinilla del Valle,2018,187
Total,28112 Pinilla del Valle,2017,185
Total,28112 Pinilla del Valle,2016,192
Total,28113 Pinto,2025,56.651
Total,28113 Pinto,2024,56.003
Total,28113 Pinto,2023,55.208
Total,28113 Pinto,2022,54.088
Total,28113 Pinto,2021,53.537
Total,28113 Pinto,2020,53.325
Total,28113 Pinto,2019,52.526
Total,28113 Pinto,2018,51.541
Total,28113 Pinto,2017,50.442
Total,28113 Pinto,2016,49.522
Total,28114 Piñuécar-Gandullas,2025,183
Total,28114 Piñuécar-Gandullas,2024,185
Total,28114 Piñuécar-Gandullas,2023,178
Total,28114 Piñuécar-Gandullas,2022,184
Total,28114 Piñuécar-Gandullas,2021,185
Total,28114 Piñuécar-Gandullas,2020,179
Total,28114 Piñuécar-Gandullas,2019,185
Total,28114 Piñuécar-Gandullas,2018,171
Total,28114 Piñuécar-Gandullas,2017,183
Total,28114 Piñuécar-Gandullas,2016,185
Total,28115 Pozuelo de Alarcón,2025,89.770
Total,28115 Pozuelo de Alarcón,2024,89.378
Total,28115 Pozuelo de Alarcón,2023,88.784
Total,28115 Pozuelo de Alarcón,2022,87.728
Total,28115 Pozuelo de Alarcón,2021,87.134
Total,28115 Pozuelo de Alarcón,2020,87.165
Total,28115 Pozuelo de Alarcón,2019,86.422
Total,28115 Pozuelo de Alarcón,2018,86.172
Total,28115 Pozuelo de Alarcón,2017,85.605
Total,28115 Pozuelo de Alarcón,2016,84.989
Total,28116 Pozuelo del Rey,2025,1.302
Total,28116 Pozuelo del Rey,2024,1.292
Total,28116 Pozuelo del Rey,2023,1.254
Total,28116 Pozuelo del Rey,2022,1.178
Total,28116 Pozuelo del Rey,2021,1.190
Total,28116 Pozuelo del Rey,2020,1.172
Total,28116 Pozuelo del Rey,2019,1.147
Total,28116 Pozuelo del Rey,2018,1.120
Total,28116 Pozuelo del Rey,2017,1.099
Total,28116 Pozuelo del Rey,2016,1.073
Total,28117 Prádena del Rincón,2025,146
Total,28117 Prádena del Rincón,2024,139
Total,28117 Prádena del Rincón,2023,150
Total,28117 Prádena del Rincón,2022,147
Total,28117 Prádena del Rincón,2021,149
Total,28117 Prádena del Rincón,2020,125
Total,28117 Prádena del Rincón,2019,117
Total,28117 Prádena del Rincón,2018,117
Total,28117 Prádena del Rincón,2017,132
Total,28117 Prádena del Rincón,2016,134
Total,28118 Puebla de la Sierra,2025,98
Total,28118 Puebla de la Sierra,2024,93
Total,28118 Puebla de la Sierra,2023,99
Total,28118 Puebla de la Sierra,2022,84
Total,28118 Puebla de la Sierra,2021,75
Total,28118 Puebla de la Sierra,2020,73
Total,28118 Puebla de la Sierra,2019,65
Total,28118 Puebla de la Sierra,2018,60
Total,28118 Puebla de la Sierra,2017,61
Total,28118 Puebla de la Sierra,2016,66
Total,28902 Puentes Viejas,2025,759
Total,28902 Puentes Viejas,2024,775
Total,28902 Puentes Viejas,2023,760
Total,28902 Puentes Viejas,2022,697
Total,28902 Puentes Viejas,2021,719
Total,28902 Puentes Viejas,2020,699
Total,28902 Puentes Viejas,2019,679
Total,28902 Puentes Viejas,2018,642
Total,28902 Puentes Viejas,2017,632
Total,28902 Puentes Viejas,2016,627
Total,28119 Quijorna,2025,4.044
Total,28119 Quijorna,2024,4.001
Total,28119 Quijorna,2023,3.863
Total,28119 Quijorna,2022,3.683
Total,28119 Quijorna,2021,3.593
Total,28119 Quijorna,2020,3.541
Total,28119 Quijorna,2019,3.439
Total,28119 Quijorna,2018,3.357
Total,28119 Quijorna,2017,3.282
Total,28119 Quijorna,2016,3.239
Total,28120 Rascafría,2025,1.704
Total,28120 Rascafría,2024,1.707
Total,28120 Rascafría,2023,1.736
Total,28120 Rascafría,2022,1.736
Total,28120 Rascafría,2021,1.754
Total,28120 Rascafría,2020,1.725
Total,28120 Rascafría,2019,1.664
Total,28120 Rascafría,2018,1.663
Total,28120 Rascafría,2017,1.672
Total,28120 Rascafría,2016,1.692
Total,28121 Redueña,2025,288
Total,28121 Redueña,2024,288
Total,28121 Redueña,2023,304
Total,28121 Redueña,2022,298
Total,28121 Redueña,2021,294
Total,28121 Redueña,2020,270
Total,28121 Redueña,2019,260
Total,28121 Redueña,2018,247
Total,28121 Redueña,2017,248
Total,28121 Redueña,2016,261
Total,28122 Ribatejada,2025,905
Total,28122 Ribatejada,2024,900
Total,28122 Ribatejada,2023,912
Total,28122 Ribatejada,2022,871
Total,28122 Ribatejada,2021,863
Total,28122 Ribatejada,2020,801
Total,28122 Ribatejada,2019,783
Total,28122 Ribatejada,2018,706
Total,28122 Ribatejada,2017,702
Total,28122 Ribatejada,2016,689
Total,28123 Rivas-Vaciamadrid,2025,103.148
Total,28123 Rivas-Vaciamadrid,2024,101.949
Total,28123 Rivas-Vaciamadrid,2023,100.275
Total,28123 Rivas-Vaciamadrid,2022,96.690
Total,28123 Rivas-Vaciamadrid,2021,92.925
Total,28123 Rivas-Vaciamadrid,2020,90.973
Total,28123 Rivas-Vaciamadrid,2019,88.150
Total,28123 Rivas-Vaciamadrid,2018,85.893
Total,28123 Rivas-Vaciamadrid,2017,83.767
Total,28123 Rivas-Vaciamadrid,2016,82.715
Total,28124 Robledillo de la Jara,2025,118
Total,28124 Robledillo de la Jara,2024,131
Total,28124 Robledillo de la Jara,2023,135
Total,28124 Robledillo de la Jara,2022,114
Total,28124 Robledillo de la Jara,2021,97
Total,28124 Robledillo de la Jara,2020,95
Total,28124 Robledillo de la Jara,2019,80
Total,28124 Robledillo de la Jara,2018,87
Total,28124 Robledillo de la Jara,2017,87
Total,28124 Robledillo de la Jara,2016,99
Total,28125 Robledo de Chavela,2025,4.818
Total,28125 Robledo de Chavela,2024,4.725
Total,28125 Robledo de Chavela,2023,4.705
Total,28125 Robledo de Chavela,2022,4.587
Total,28125 Robledo de Chavela,2021,4.479
Total,28125 Robledo de Chavela,2020,4.364
Total,28125 Robledo de Chavela,2019,4.270
Total,28125 Robledo de Chavela,2018,4.159
Total,28125 Robledo de Chavela,2017,4.073
Total,28125 Robledo de Chavela,2016,4.001
Total,28126 Robregordo,2025,79
Total,28126 Robregordo,2024,73
Total,28126 Robregordo,2023,79
Total,28126 Robregordo,2022,70
Total,28126 Robregordo,2021,71
Total,28126 Robregordo,2020,65
Total,28126 Robregordo,2019,58
Total,28126 Robregordo,2018,48
Total,28126 Robregordo,2017,44
Total,28126 Robregordo,2016,45
Total,"28127 Rozas de Madrid, Las",2025,99.037
Total,"28127 Rozas de Madrid, Las",2024,98.590
Total,"28127 Rozas de Madrid, Las",2023,98.086
Total,"28127 Rozas de Madrid, Las",2022,95.725
Total,"28127 Rozas de Madrid, Las",2021,94.862
Total,"28127 Rozas de Madrid, Las",2020,96.113
Total,"28127 Rozas de Madrid, Las",2019,95.814
Total,"28127 Rozas de Madrid, Las",2018,95.550
Total,"28127 Rozas de Madrid, Las",2017,95.071
Total,"28127 Rozas de Madrid, Las",2016,94.471
Total,28128 Rozas de Puerto Real,2025,579
Total,28128 Rozas de Puerto Real,2024,580
Total,28128 Rozas de Puerto Real,2023,578
Total,28128 Rozas de Puerto Real,2022,577
Total,28128 Rozas de Puerto Real,2021,590
Total,28128 Rozas de Puerto Real,2020,555
Total,28128 Rozas de Puerto Real,2019,530
Total,28128 Rozas de Puerto Real,2018,527
Total,28128 Rozas de Puerto Real,2017,534
Total,28128 Rozas de Puerto Real,2016,533
Total,28129 San Agustín del Guadalix,2025,13.825
Total,28129 San Agustín del Guadalix,2024,13.762
Total,28129 San Agustín del Guadalix,2023,13.650
Total,28129 San Agustín del Guadalix,2022,13.608
Total,28129 San Agustín del Guadalix,2021,13.538
Total,28129 San Agustín del Guadalix,2020,13.466
Total,28129 San Agustín del Guadalix,2019,13.379
Total,28129 San Agustín del Guadalix,2018,13.273
Total,28129 San Agustín del Guadalix,2017,13.103
Total,28129 San Agustín del Guadalix,2016,12.862
Total,28130 San Fernando de Henares,2025,39.059
Total,28130 San Fernando de Henares,2024,38.980
Total,28130 San Fernando de Henares,2023,38.974
Total,28130 San Fernando de Henares,2022,38.904
Total,28130 San Fernando de Henares,2021,39.313
Total,28130 San Fernando de Henares,2020,39.566
Total,28130 San Fernando de Henares,2019,39.432
Total,28130 San Fernando de Henares,2018,39.466
Total,28130 San Fernando de Henares,2017,39.681
Total,28130 San Fernando de Henares,2016,40.095
Total,28131 San Lorenzo de El Escorial,2025,18.872
Total,28131 San Lorenzo de El Escorial,2024,18.735
Total,28131 San Lorenzo de El Escorial,2023,18.489
Total,28131 San Lorenzo de El Escorial,2022,18.423
Total,28131 San Lorenzo de El Escorial,2021,18.454
Total,28131 San Lorenzo de El Escorial,2020,18.532
Total,28131 San Lorenzo de El Escorial,2019,18.369
Total,28131 San Lorenzo de El Escorial,2018,18.088
Total,28131 San Lorenzo de El Escorial,2017,18.024
Total,28131 San Lorenzo de El Escorial,2016,18.038
Total,28132 San Martín de la Vega,2025,21.010
Total,28132 San Martín de la Vega,2024,20.733
Total,28132 San Martín de la Vega,2023,20.304
Total,28132 San Martín de la Vega,2022,19.927
Total,28132 San Martín de la Vega,2021,19.853
Total,28132 San Martín de la Vega,2020,19.633
Total,28132 San Martín de la Vega,2019,19.170
Total,28132 San Martín de la Vega,2018,18.784
Total,28132 San Martín de la Vega,2017,18.824
Total,28132 San Martín de la Vega,2016,18.734
Total,28133 San Martín de Valdeiglesias,2025,9.324
Total,28133 San Martín de Valdeiglesias,2024,9.159
Total,28133 San Martín de Valdeiglesias,2023,9.003
Total,28133 San Martín de Valdeiglesias,2022,8.812
Total,28133 San Martín de Valdeiglesias,2021,8.760
Total,28133 San Martín de Valdeiglesias,2020,8.679
Total,28133 San Martín de Valdeiglesias,2019,8.459
Total,28133 San Martín de Valdeiglesias,2018,8.318
Total,28133 San Martín de Valdeiglesias,2017,8.298
Total,28133 San Martín de Valdeiglesias,2016,8.344
Total,28134 San Sebastián de los Reyes,2025,96.992
Total,28134 San Sebastián de los Reyes,2024,94.969
Total,28134 San Sebastián de los Reyes,2023,92.734
Total,28134 San Sebastián de los Reyes,2022,91.083
Total,28134 San Sebastián de los Reyes,2021,90.962
Total,28134 San Sebastián de los Reyes,2020,91.224
Total,28134 San Sebastián de los Reyes,2019,89.276
Total,28134 San Sebastián de los Reyes,2018,87.724
Total,28134 San Sebastián de los Reyes,2017,86.707
Total,28134 San Sebastián de los Reyes,2016,86.206
Total,28135 Santa María de la Alameda,2025,1.584
Total,28135 Santa María de la Alameda,2024,1.517
Total,28135 Santa María de la Alameda,2023,1.517
Total,28135 Santa María de la Alameda,2022,1.499
Total,28135 Santa María de la Alameda,2021,1.436
Total,28135 Santa María de la Alameda,2020,1.321
Total,28135 Santa María de la Alameda,2019,1.254
Total,28135 Santa María de la Alameda,2018,1.182
Total,28135 Santa María de la Alameda,2017,1.163
Total,28135 Santa María de la Alameda,2016,1.177
Total,28136 Santorcaz,2025,1.011
Total,28136 Santorcaz,2024,999
Total,28136 Santorcaz,2023,942
Total,28136 Santorcaz,2022,941
Total,28136 Santorcaz,2021,925
Total,28136 Santorcaz,2020,899
Total,28136 Santorcaz,2019,886
Total,28136 Santorcaz,2018,850
Total,28136 Santorcaz,2017,856
Total,28136 Santorcaz,2016,851
Total,"28137 Santos de la Humosa, Los",2025,2.867
Total,"28137 Santos de la Humosa, Los",2024,2.785
Total,"28137 Santos de la Humosa, Los",2023,2.772
Total,"28137 Santos de la Humosa, Los",2022,2.751
Total,"28137 Santos de la Humosa, Los",2021,2.729
Total,"28137 Santos de la Humosa, Los",2020,2.694
Total,"28137 Santos de la Humosa, Los",2019,2.590
Total,"28137 Santos de la Humosa, Los",2018,2.542
Total,"28137 Santos de la Humosa, Los",2017,2.486
Total,"28137 Santos de la Humosa, Los",2016,2.435
Total,"28138 Serna del Monte, La",2025,110
Total,"28138 Serna del Monte, La",2024,105
Total,"28138 Serna del Monte, La",2023,106
Total,"28138 Serna del Monte, La",2022,108
Total,"28138 Serna del Monte, La",2021,96
Total,"28138 Serna del Monte, La",2020,87
Total,"28138 Serna del Monte, La",2019,81
Total,"28138 Serna del Monte, La",2018,74
Total,"28138 Serna del Monte, La",2017,73
Total,"28138 Serna del Monte, La",2016,77
Total,28140 Serranillos del Valle,2025,4.670
Total,28140 Serranillos del Valle,2024,4.634
Total,28140 Serranillos del Valle,2023,4.625
Total,28140 Serranillos del Valle,2022,4.509
Total,28140 Serranillos del Valle,2021,4.429
Total,28140 Serranillos del Valle,2020,4.291
Total,28140 Serranillos del Valle,2019,4.165
Total,28140 Serranillos del Valle,2018,4.066
Total,28140 Serranillos del Valle,2017,3.967
Total,28140 Serranillos del Valle,2016,3.990
Total,28141 Sevilla la Nueva,2025,9.802
Total,28141 Sevilla la Nueva,2024,9.657
Total,28141 Sevilla la Nueva,2023,9.551
Total,28141 Sevilla la Nueva,2022,9.361
Total,28141 Sevilla la Nueva,2021,9.345
Total,28141 Sevilla la Nueva,2020,9.393
Total,28141 Sevilla la Nueva,2019,9.318
Total,28141 Sevilla la Nueva,2018,9.095
Total,28141 Sevilla la Nueva,2017,9.093
Total,28141 Sevilla la Nueva,2016,8.905
Total,28143 Somosierra,2025,93
Total,28143 Somosierra,2024,95
Total,28143 Somosierra,2023,85
Total,28143 Somosierra,2022,87
Total,28143 Somosierra,2021,87
Total,28143 Somosierra,2020,87
Total,28143 Somosierra,2019,86
Total,28143 Somosierra,2018,80
Total,28143 Somosierra,2017,77
Total,28143 Somosierra,2016,77
Total,28144 Soto del Real,2025,9.400
Total,28144 Soto del Real,2024,9.441
Total,28144 Soto del Real,2023,9.399
Total,28144 Soto del Real,2022,9.188
Total,28144 Soto del Real,2021,9.091
Total,28144 Soto del Real,2020,8.981
Total,28144 Soto del Real,2019,8.799
Total,28144 Soto del Real,2018,8.694
Total,28144 Soto del Real,2017,8.607
Total,28144 Soto del Real,2016,8.483
Total,28145 Talamanca de Jarama,2025,4.607
Total,28145 Talamanca de Jarama,2024,4.533
Total,28145 Talamanca de Jarama,2023,4.355
Total,28145 Talamanca de Jarama,2022,4.210
Total,28145 Talamanca de Jarama,2021,4.123
Total,28145 Talamanca de Jarama,2020,4.012
Total,28145 Talamanca de Jarama,2019,3.857
Total,28145 Talamanca de Jarama,2018,3.725
Total,28145 Talamanca de Jarama,2017,3.573
Total,28145 Talamanca de Jarama,2016,3.451
Total,28146 Tielmes,2025,2.964
Total,28146 Tielmes,2024,2.810
Total,28146 Tielmes,2023,2.742
Total,28146 Tielmes,2022,2.783
Total,28146 Tielmes,2021,2.781
Total,28146 Tielmes,2020,2.736
Total,28146 Tielmes,2019,2.650
Total,28146 Tielmes,2018,2.604
Total,28146 Tielmes,2017,2.610
Total,28146 Tielmes,2016,2.620
Total,28147 Titulcia,2025,1.389
Total,28147 Titulcia,2024,1.387
Total,28147 Titulcia,2023,1.362
Total,28147 Titulcia,2022,1.336
Total,28147 Titulcia,2021,1.360
Total,28147 Titulcia,2020,1.341
Total,28147 Titulcia,2019,1.313
Total,28147 Titulcia,2018,1.304
Total,28147 Titulcia,2017,1.274
Total,28147 Titulcia,2016,1.258
Total,28148 Torrejón de Ardoz,2025,143.526
Total,28148 Torrejón de Ardoz,2024,140.626
Total,28148 Torrejón de Ardoz,2023,137.711
Total,28148 Torrejón de Ardoz,2022,134.733
Total,28148 Torrejón de Ardoz,2021,132.771
Total,28148 Torrejón de Ardoz,2020,132.853
Total,28148 Torrejón de Ardoz,2019,131.376
Total,28148 Torrejón de Ardoz,2018,129.729
Total,28148 Torrejón de Ardoz,2017,128.013
Total,28148 Torrejón de Ardoz,2016,126.981
Total,28149 Torrejón de la Calzada,2025,10.653
Total,28149 Torrejón de la Calzada,2024,10.378
Total,28149 Torrejón de la Calzada,2023,10.222
Total,28149 Torrejón de la Calzada,2022,9.947
Total,28149 Torrejón de la Calzada,2021,9.549
Total,28149 Torrejón de la Calzada,2020,9.194
Total,28149 Torrejón de la Calzada,2019,8.872
Total,28149 Torrejón de la Calzada,2018,8.582
Total,28149 Torrejón de la Calzada,2017,8.418
Total,28149 Torrejón de la Calzada,2016,8.171
Total,28150 Torrejón de Velasco,2025,4.900
Total,28150 Torrejón de Velasco,2024,4.893
Total,28150 Torrejón de Velasco,2023,4.756
Total,28150 Torrejón de Velasco,2022,4.685
Total,28150 Torrejón de Velasco,2021,4.594
Total,28150 Torrejón de Velasco,2020,4.386
Total,28150 Torrejón de Velasco,2019,4.382
Total,28150 Torrejón de Velasco,2018,4.298
Total,28150 Torrejón de Velasco,2017,4.261
Total,28150 Torrejón de Velasco,2016,4.243
Total,28151 Torrelaguna,2025,5.081
Total,28151 Torrelaguna,2024,4.991
Total,28151 Torrelaguna,2023,4.949
Total,28151 Torrelaguna,2022,4.940
Total,28151 Torrelaguna,2021,4.897
Total,28151 Torrelaguna,2020,4.854
Total,28151 Torrelaguna,2019,4.760
Total,28151 Torrelaguna,2018,4.724
Total,28151 Torrelaguna,2017,4.712
Total,28151 Torrelaguna,2016,4.697
Total,28152 Torrelodones,2025,25.433
Total,28152 Torrelodones,2024,25.316
Total,28152 Torrelodones,2023,25.115
Total,28152 Torrelodones,2022,24.775
Total,28152 Torrelodones,2021,24.122
Total,28152 Torrelodones,2020,23.902
Total,28152 Torrelodones,2019,23.717
Total,28152 Torrelodones,2018,23.361
Total,28152 Torrelodones,2017,23.128
Total,28152 Torrelodones,2016,23.123
Total,28153 Torremocha de Jarama,2025,1.157
Total,28153 Torremocha de Jarama,2024,1.132
Total,28153 Torremocha de Jarama,2023,1.144
Total,28153 Torremocha de Jarama,2022,1.097
Total,28153 Torremocha de Jarama,2021,1.079
Total,28153 Torremocha de Jarama,2020,1.075
Total,28153 Torremocha de Jarama,2019,1.019
Total,28153 Torremocha de Jarama,2018,975
Total,28153 Torremocha de Jarama,2017,942
Total,28153 Torremocha de Jarama,2016,906
Total,28154 Torres de la Alameda,2025,7.824
Total,28154 Torres de la Alameda,2024,7.758
Total,28154 Torres de la Alameda,2023,7.737
Total,28154 Torres de la Alameda,2022,7.714
Total,28154 Torres de la Alameda,2021,7.729
Total,28154 Torres de la Alameda,2020,7.833
Total,28154 Torres de la Alameda,2019,7.779
Total,28154 Torres de la Alameda,2018,7.760
Total,28154 Torres de la Alameda,2017,7.825
Total,28154 Torres de la Alameda,2016,7.769
Total,28903 Tres Cantos,2025,54.592
Total,28903 Tres Cantos,2024,52.932
Total,28903 Tres Cantos,2023,51.453
Total,28903 Tres Cantos,2022,50.187
Total,28903 Tres Cantos,2021,48.751
Total,28903 Tres Cantos,2020,48.326
Total,28903 Tres Cantos,2019,47.722
Total,28903 Tres Cantos,2018,46.750
Total,28903 Tres Cantos,2017,46.046
Total,28903 Tres Cantos,2016,44.764
Total,28155 Valdaracete,2025,658
Total,28155 Valdaracete,2024,645
Total,28155 Valdaracete,2023,633
Total,28155 Valdaracete,2022,627
Total,28155 Valdaracete,2021,612
Total,28155 Valdaracete,2020,605
Total,28155 Valdaracete,2019,609
Total,28155 Valdaracete,2018,626
Total,28155 Valdaracete,2017,643
Total,28155 Valdaracete,2016,641
Total,28156 Valdeavero,2025,1.896
Total,28156 Valdeavero,2024,1.823
Total,28156 Valdeavero,2023,1.782
Total,28156 Valdeavero,2022,1.701
Total,28156 Valdeavero,2021,1.670
Total,28156 Valdeavero,2020,1.591
Total,28156 Valdeavero,2019,1.554
Total,28156 Valdeavero,2018,1.510
Total,28156 Valdeavero,2017,1.450
Total,28156 Valdeavero,2016,1.407
Total,28157 Valdelaguna,2025,1.122
Total,28157 Valdelaguna,2024,1.094
Total,28157 Valdelaguna,2023,1.045
Total,28157 Valdelaguna,2022,1.016
Total,28157 Valdelaguna,2021,1.026
Total,28157 Valdelaguna,2020,979
Total,28157 Valdelaguna,2019,937
Total,28157 Valdelaguna,2018,903
Total,28157 Valdelaguna,2017,867
Total,28157 Valdelaguna,2016,841
Total,28158 Valdemanco,2025,1.097
Total,28158 Valdemanco,2024,1.052
Total,28158 Valdemanco,2023,1.066
Total,28158 Valdemanco,2022,1.033
Total,28158 Valdemanco,2021,1.012
Total,28158 Valdemanco,2020,963
Total,28158 Valdemanco,2019,914
Total,28158 Valdemanco,2018,927
Total,28158 Valdemanco,2017,916
Total,28158 Valdemanco,2016,911
Total,28159 Valdemaqueda,2025,870
Total,28159 Valdemaqueda,2024,833
Total,28159 Valdemaqueda,2023,820
Total,28159 Valdemaqueda,2022,798
Total,28159 Valdemaqueda,2021,789
Total,28159 Valdemaqueda,2020,775
Total,28159 Valdemaqueda,2019,781
Total,28159 Valdemaqueda,2018,761
Total,28159 Valdemaqueda,2017,768
Total,28159 Valdemaqueda,2016,779
Total,28160 Valdemorillo,2025,14.420
Total,28160 Valdemorillo,2024,14.164
Total,28160 Valdemorillo,2023,13.651
Total,28160 Valdemorillo,2022,13.453
Total,28160 Valdemorillo,2021,13.245
Total,28160 Valdemorillo,2020,12.772
Total,28160 Valdemorillo,2019,12.518
Total,28160 Valdemorillo,2018,12.280
Total,28160 Valdemorillo,2017,12.300
Total,28160 Valdemorillo,2016,12.168
Total,28161 Valdemoro,2025,85.972
Total,28161 Valdemoro,2024,83.507
Total,28161 Valdemoro,2023,81.394
Total,28161 Valdemoro,2022,79.100
Total,28161 Valdemoro,2021,77.587
Total,28161 Valdemoro,2020,77.270
Total,28161 Valdemoro,2019,75.983
Total,28161 Valdemoro,2018,74.745
Total,28161 Valdemoro,2017,73.976
Total,28161 Valdemoro,2016,72.988
Total,28162 Valdeolmos-Alalpardo,2025,4.626
Total,28162 Valdeolmos-Alalpardo,2024,4.568
Total,28162 Valdeolmos-Alalpardo,2023,4.523
Total,28162 Valdeolmos-Alalpardo,2022,4.396
Total,28162 Valdeolmos-Alalpardo,2021,4.309
Total,28162 Valdeolmos-Alalpardo,2020,4.232
Total,28162 Valdeolmos-Alalpardo,2019,4.136
Total,28162 Valdeolmos-Alalpardo,2018,4.039
Total,28162 Valdeolmos-Alalpardo,2017,3.906
Total,28162 Valdeolmos-Alalpardo,2016,3.880
Total,28163 Valdepiélagos,2025,612
Total,28163 Valdepiélagos,2024,619
Total,28163 Valdepiélagos,2023,623
Total,28163 Valdepiélagos,2022,621
Total,28163 Valdepiélagos,2021,612
Total,28163 Valdepiélagos,2020,614
Total,28163 Valdepiélagos,2019,584
Total,28163 Valdepiélagos,2018,574
Total,28163 Valdepiélagos,2017,587
Total,28163 Valdepiélagos,2016,574
Total,28164 Valdetorres de Jarama,2025,5.175
Total,28164 Valdetorres de Jarama,2024,5.026
Total,28164 Valdetorres de Jarama,2023,4.990
Total,28164 Valdetorres de Jarama,2022,4.830
Total,28164 Valdetorres de Jarama,2021,4.696
Total,28164 Valdetorres de Jarama,2020,4.581
Total,28164 Valdetorres de Jarama,2019,4.497
Total,28164 Valdetorres de Jarama,2018,4.384
Total,28164 Valdetorres de Jarama,2017,4.316
Total,28164 Valdetorres de Jarama,2016,4.260
Total,28165 Valdilecha,2025,3.289
Total,28165 Valdilecha,2024,3.213
Total,28165 Valdilecha,2023,3.191
Total,28165 Valdilecha,2022,3.104
Total,28165 Valdilecha,2021,3.079
Total,28165 Valdilecha,2020,2.982
Total,28165 Valdilecha,2019,2.933
Total,28165 Valdilecha,2018,2.840
Total,28165 Valdilecha,2017,2.755
Total,28165 Valdilecha,2016,2.749
Total,28166 Valverde de Alcalá,2025,565
Total,28166 Valverde de Alcalá,2024,553
Total,28166 Valverde de Alcalá,2023,535
Total,28166 Valverde de Alcalá,2022,532
Total,28166 Valverde de Alcalá,2021,518
Total,28166 Valverde de Alcalá,2020,498
Total,28166 Valverde de Alcalá,2019,465
Total,28166 Valverde de Alcalá,2018,432
Total,28166 Valverde de Alcalá,2017,427
Total,28166 Valverde de Alcalá,2016,430
Total,28167 Velilla de San Antonio,2025,14.468
Total,28167 Velilla de San Antonio,2024,14.003
Total,28167 Velilla de San Antonio,2023,13.376
Total,28167 Velilla de San Antonio,2022,12.770
Total,28167 Velilla de San Antonio,2021,12.543
Total,28167 Velilla de San Antonio,2020,12.380
Total,28167 Velilla de San Antonio,2019,12.236
Total,28167 Velilla de San Antonio,2018,12.193
Total,28167 Velilla de San Antonio,2017,12.111
Total,28167 Velilla de San Antonio,2016,12.222
Total,"28168 Vellón, El",2025,2.281
Total,"28168 Vellón, El",2024,2.166
Total,"28168 Vellón, El",2023,2.200
Total,"28168 Vellón, El",2022,2.124
Total,"28168 Vellón, El",2021,2.083
Total,"28168 Vellón, El",2020,2.004
Total,"28168 Vellón, El",2019,1.958
Total,"28168 Vellón, El",2018,1.942
Total,"28168 Vellón, El",2017,1.834
Total,"28168 Vellón, El",2016,1.846
Total,28169 Venturada,2025,2.622
Total,28169 Venturada,2024,2.559
Total,28169 Venturada,2023,2.554
Total,28169 Venturada,2022,2.445
Total,28169 Venturada,2021,2.387
Total,28169 Venturada,2020,2.241
Total,28169 Venturada,2019,2.163
Total,28169 Venturada,2018,2.081
Total,28169 Venturada,2017,2.032
Total,28169 Venturada,2016,2.014
Total,28171 Villa del Prado,2025,7.743
Total,28171 Villa del Prado,2024,7.437
Total,28171 Villa del Prado,2023,7.273
Total,28171 Villa del Prado,2022,7.092
Total,28171 Villa del Prado,2021,6.837
Total,28171 Villa del Prado,2020,6.661
Total,28171 Villa del Prado,2019,6.520
Total,28171 Villa del Prado,2018,6.409
Total,28171 Villa del Prado,2017,6.337
Total,28171 Villa del Prado,2016,6.295
Total,28170 Villaconejos,2025,3.569
Total,28170 Villaconejos,2024,3.508
Total,28170 Villaconejos,2023,3.499
Total,28170 Villaconejos,2022,3.456
Total,28170 Villaconejos,2021,3.464
Total,28170 Villaconejos,2020,3.422
Total,28170 Villaconejos,2019,3.388
Total,28170 Villaconejos,2018,3.363
Total,28170 Villaconejos,2017,3.350
Total,28170 Villaconejos,2016,3.350
Total,28172 Villalbilla,2025,18.687
Total,28172 Villalbilla,2024,18.000
Total,28172 Villalbilla,2023,16.823
Total,28172 Villalbilla,2022,15.866
Total,28172 Villalbilla,2021,15.049
Total,28172 Villalbilla,2020,14.392
Total,28172 Villalbilla,2019,13.878
Total,28172 Villalbilla,2018,13.421
Total,28172 Villalbilla,2017,13.038
Total,28172 Villalbilla,2016,12.719
Total,28173 Villamanrique de Tajo,2025,859
Total,28173 Villamanrique de Tajo,2024,825
Total,28173 Villamanrique de Tajo,2023,800
Total,28173 Villamanrique de Tajo,2022,757
Total,28173 Villamanrique de Tajo,2021,762
Total,28173 Villamanrique de Tajo,2020,707
Total,28173 Villamanrique de Tajo,2019,703
Total,28173 Villamanrique de Tajo,2018,699
Total,28173 Villamanrique de Tajo,2017,694
Total,28173 Villamanrique de Tajo,2016,705
Total,28174 Villamanta,2025,2.899
Total,28174 Villamanta,2024,2.823
Total,28174 Villamanta,2023,2.774
Total,28174 Villamanta,2022,2.714
Total,28174 Villamanta,2021,2.643
Total,28174 Villamanta,2020,2.605
Total,28174 Villamanta,2019,2.555
Total,28174 Villamanta,2018,2.501
Total,28174 Villamanta,2017,2.491
Total,28174 Villamanta,2016,2.497
Total,28175 Villamantilla,2025,1.660
Total,28175 Villamantilla,2024,1.624
Total,28175 Villamantilla,2023,1.576
Total,28175 Villamantilla,2022,1.567
Total,28175 Villamantilla,2021,1.514
Total,28175 Villamantilla,2020,1.482
Total,28175 Villamantilla,2019,1.441
Total,28175 Villamantilla,2018,1.420
Total,28175 Villamantilla,2017,1.382
Total,28175 Villamantilla,2016,1.334
Total,28176 Villanueva de la Cañada,2025,24.028
Total,28176 Villanueva de la Cañada,2024,23.799
Total,28176 Villanueva de la Cañada,2023,23.593
Total,28176 Villanueva de la Cañada,2022,22.845
Total,28176 Villanueva de la Cañada,2021,22.580
Total,28176 Villanueva de la Cañada,2020,22.115
Total,28176 Villanueva de la Cañada,2019,21.445
Total,28176 Villanueva de la Cañada,2018,21.000
Total,28176 Villanueva de la Cañada,2017,20.320
Total,28176 Villanueva de la Cañada,2016,19.611
Total,28178 Villanueva de Perales,2025,1.715
Total,28178 Villanueva de Perales,2024,1.674
Total,28178 Villanueva de Perales,2023,1.671
Total,28178 Villanueva de Perales,2022,1.623
Total,28178 Villanueva de Perales,2021,1.599
Total,28178 Villanueva de Perales,2020,1.592
Total,28178 Villanueva de Perales,2019,1.563
Total,28178 Villanueva de Perales,2018,1.547
Total,28178 Villanueva de Perales,2017,1.519
Total,28178 Villanueva de Perales,2016,1.486
Total,28177 Villanueva del Pardillo,2025,18.466
Total,28177 Villanueva del Pardillo,2024,18.086
Total,28177 Villanueva del Pardillo,2023,17.731
Total,28177 Villanueva del Pardillo,2022,17.382
Total,28177 Villanueva del Pardillo,2021,17.310
Total,28177 Villanueva del Pardillo,2020,17.396
Total,28177 Villanueva del Pardillo,2019,17.180
Total,28177 Villanueva del Pardillo,2018,17.127
Total,28177 Villanueva del Pardillo,2017,17.025
Total,28177 Villanueva del Pardillo,2016,16.950
Total,28179 Villar del Olmo,2025,2.341
Total,28179 Villar del Olmo,2024,2.277
Total,28179 Villar del Olmo,2023,2.258
Total,28179 Villar del Olmo,2022,2.219
Total,28179 Villar del Olmo,2021,2.211
Total,28179 Villar del Olmo,2020,2.079
Total,28179 Villar del Olmo,2019,2.011
Total,28179 Villar del Olmo,2018,1.967
Total,28179 Villar del Olmo,2017,1.997
Total,28179 Villar del Olmo,2016,1.981
Total,28180 Villarejo de Salvanés,2025,8.042
Total,28180 Villarejo de Salvanés,2024,7.900
Total,28180 Villarejo de Salvanés,2023,7.746
Total,28180 Villarejo de Salvanés,2022,7.629
Total,28180 Villarejo de Salvanés,2021,7.552
Total,28180 Villarejo de Salvanés,2020,7.433
Total,28180 Villarejo de Salvanés,2019,7.335
Total,28180 Villarejo de Salvanés,2018,7.291
Total,28180 Villarejo de Salvanés,2017,7.245
Total,28180 Villarejo de Salvanés,2016,7.265
Total,28181 Villaviciosa de Odón,2025,30.127
Total,28181 Villaviciosa de Odón,2024,29.273
Total,28181 Villaviciosa de Odón,2023,28.750
Total,28181 Villaviciosa de Odón,2022,28.152
Total,28181 Villaviciosa de Odón,2021,28.030
Total,28181 Villaviciosa de Odón,2020,28.148
Total,28181 Villaviciosa de Odón,2019,27.835
Total,28181 Villaviciosa de Odón,2018,27.596
Total,28181 Villaviciosa de Odón,2017,27.504
Total,28181 Villaviciosa de Odón,2016,27.276
Total,28182 Villavieja del Lozoya,2025,332
Total,28182 Villavieja del Lozoya,2024,324
Total,28182 Villavieja del Lozoya,2023,314
Total,28182 Villavieja del Lozoya,2022,284
Total,28182 Villavieja del Lozoya,2021,276
Total,28182 Villavieja del Lozoya,2020,262
Total,28182 Villavieja del Lozoya,2019,253
Total,28182 Villavieja del Lozoya,2018,258
Total,28182 Villavieja del Lozoya,2017,267
Total,28182 Villavieja del Lozoya,2016,270
Total,28183 Zarzalejo,2025,1.946
Total,28183 Zarzalejo,2024,1.874
Total,28183 Zarzalejo,2023,1.810
Total,28183 Zarzalejo,2022,1.773
Total,28183 Zarzalejo,2021,1.786
Total,28183 Zarzalejo,2020,1.734
Total,28183 Zarzalejo,2019,1.658
Total,28183 Zarzalejo,2018,1.620
Total,28183 Zarzalejo,2017,1.596
Total,28183 Zarzalejo,2016,1.565
Total,08001 Abrera,2025,13.227
Total,08001 Abrera,2024,13.014
Total,08001 Abrera,2023,12.848
Total,08001 Abrera,2022,12.697
Total,08001 Abrera,2021,12.620
Total,08001 Abrera,2020,12.538
Total,08001 Abrera,2019,12.489
Total,08001 Abrera,2018,12.334
Total,08001 Abrera,2017,12.363
Total,08001 Abrera,2016,12.216
Total,08002 Aguilar de Segarra,2025,292
Total,08002 Aguilar de Segarra,2024,291
Total,08002 Aguilar de Segarra,2023,294
Total,08002 Aguilar de Segarra,2022,287
Total,08002 Aguilar de Segarra,2021,286
Total,08002 Aguilar de Segarra,2020,282
Total,08002 Aguilar de Segarra,2019,288
Total,08002 Aguilar de Segarra,2018,277
Total,08002 Aguilar de Segarra,2017,263
Total,08002 Aguilar de Segarra,2016,253
Total,08014 Aiguafreda,2025,2.569
Total,08014 Aiguafreda,2024,2.576
Total,08014 Aiguafreda,2023,2.567
Total,08014 Aiguafreda,2022,2.552
Total,08014 Aiguafreda,2021,2.556
Total,08014 Aiguafreda,2020,2.512
Total,08014 Aiguafreda,2019,2.504
Total,08014 Aiguafreda,2018,2.501
Total,08014 Aiguafreda,2017,2.514
Total,08014 Aiguafreda,2016,2.467
Total,08003 Alella,2025,10.262
Total,08003 Alella,2024,10.217
Total,08003 Alella,2023,10.139
Total,08003 Alella,2022,10.079
Total,08003 Alella,2021,9.954
Total,08003 Alella,2020,9.904
Total,08003 Alella,2019,9.801
Total,08003 Alella,2018,9.764
Total,08003 Alella,2017,9.625
Total,08003 Alella,2016,9.632
Total,08004 Alpens,2025,267
Total,08004 Alpens,2024,270
Total,08004 Alpens,2023,273
Total,08004 Alpens,2022,281
Total,08004 Alpens,2021,269
Total,08004 Alpens,2020,261
Total,08004 Alpens,2019,266
Total,08004 Alpens,2018,273
Total,08004 Alpens,2017,277
Total,08004 Alpens,2016,294
Total,"08005 Ametlla del Vallès, L'",2025,9.474
Total,"08005 Ametlla del Vallès, L'",2024,9.462
Total,"08005 Ametlla del Vallès, L'",2023,9.296
Total,"08005 Ametlla del Vallès, L'",2022,9.020
Total,"08005 Ametlla del Vallès, L'",2021,8.787
Total,"08005 Ametlla del Vallès, L'",2020,8.646
Total,"08005 Ametlla del Vallès, L'",2019,8.462
Total,"08005 Ametlla del Vallès, L'",2018,8.496
Total,"08005 Ametlla del Vallès, L'",2017,8.368
Total,"08005 Ametlla del Vallès, L'",2016,8.337
Total,08006 Arenys de Mar,2025,17.042
Total,08006 Arenys de Mar,2024,16.642
Total,08006 Arenys de Mar,2023,16.342
Total,08006 Arenys de Mar,2022,16.155
Total,08006 Arenys de Mar,2021,15.942
Total,08006 Arenys de Mar,2020,15.941
Total,08006 Arenys de Mar,2019,15.776
Total,08006 Arenys de Mar,2018,15.533
Total,08006 Arenys de Mar,2017,15.368
Total,08006 Arenys de Mar,2016,15.253
Total,08007 Arenys de Munt,2025,9.558
Total,08007 Arenys de Munt,2024,9.458
Total,08007 Arenys de Munt,2023,9.413
Total,08007 Arenys de Munt,2022,9.278
Total,08007 Arenys de Munt,2021,9.191
Total,08007 Arenys de Munt,2020,9.121
Total,08007 Arenys de Munt,2019,8.931
Total,08007 Arenys de Munt,2018,8.838
Total,08007 Arenys de Munt,2017,8.728
Total,08007 Arenys de Munt,2016,8.638
Total,08008 Argençola,2025,245
Total,08008 Argençola,2024,237
Total,08008 Argençola,2023,222
Total,08008 Argençola,2022,216
Total,08008 Argençola,2021,220
Total,08008 Argençola,2020,219
Total,08008 Argençola,2019,217
Total,08008 Argençola,2018,219
Total,08008 Argençola,2017,220
Total,08008 Argençola,2016,227
Total,08009 Argentona,2025,12.891
Total,08009 Argentona,2024,12.844
Total,08009 Argentona,2023,12.846
Total,08009 Argentona,2022,12.745
Total,08009 Argentona,2021,12.629
Total,08009 Argentona,2020,12.536
Total,08009 Argentona,2019,12.452
Total,08009 Argentona,2018,12.295
Total,08009 Argentona,2017,12.133
Total,08009 Argentona,2016,12.051
Total,08010 Artés,2025,6.225
Total,08010 Artés,2024,6.084
Total,08010 Artés,2023,5.994
Total,08010 Artés,2022,5.902
Total,08010 Artés,2021,5.782
Total,08010 Artés,2020,5.762
Total,08010 Artés,2019,5.698
Total,08010 Artés,2018,5.648
Total,08010 Artés,2017,5.585
Total,08010 Artés,2016,5.596
Total,08011 Avià,2025,2.267
Total,08011 Avià,2024,2.243
Total,08011 Avià,2023,2.249
Total,08011 Avià,2022,2.237
Total,08011 Avià,2021,2.199
Total,08011 Avià,2020,2.220
Total,08011 Avià,2019,2.226
Total,08011 Avià,2018,2.250
Total,08011 Avià,2017,2.249
Total,08011 Avià,2016,2.257
Total,08012 Avinyó,2025,2.322
Total,08012 Avinyó,2024,2.313
Total,08012 Avinyó,2023,2.289
Total,08012 Avinyó,2022,2.270
Total,08012 Avinyó,2021,2.286
Total,08012 Avinyó,2020,2.289
Total,08012 Avinyó,2019,2.275
Total,08012 Avinyó,2018,2.250
Total,08012 Avinyó,2017,2.240
Total,08012 Avinyó,2016,2.212
Total,08013 Avinyonet del Penedès,2025,1.782
Total,08013 Avinyonet del Penedès,2024,1.744
Total,08013 Avinyonet del Penedès,2023,1.732
Total,08013 Avinyonet del Penedès,2022,1.706
Total,08013 Avinyonet del Penedès,2021,1.701
Total,08013 Avinyonet del Penedès,2020,1.697
Total,08013 Avinyonet del Penedès,2019,1.701
Total,08013 Avinyonet del Penedès,2018,1.669
Total,08013 Avinyonet del Penedès,2017,1.653
Total,08013 Avinyonet del Penedès,2016,1.665
Total,08015 Badalona,2025,231.542
Total,08015 Badalona,2024,227.083
Total,08015 Badalona,2023,225.957
Total,08015 Badalona,2022,223.506
Total,08015 Badalona,2021,223.006
Total,08015 Badalona,2020,223.166
Total,08015 Badalona,2019,220.440
Total,08015 Badalona,2018,217.741
Total,08015 Badalona,2017,215.848
Total,08015 Badalona,2016,215.634
Total,08904 Badia del Vallès,2025,13.060
Total,08904 Badia del Vallès,2024,13.118
Total,08904 Badia del Vallès,2023,13.074
Total,08904 Badia del Vallès,2022,13.163
Total,08904 Badia del Vallès,2021,13.228
Total,08904 Badia del Vallès,2020,13.415
Total,08904 Badia del Vallès,2019,13.380
Total,08904 Badia del Vallès,2018,13.417
Total,08904 Badia del Vallès,2017,13.466
Total,08904 Badia del Vallès,2016,13.482
Total,08016 Bagà,2025,2.161
Total,08016 Bagà,2024,2.182
Total,08016 Bagà,2023,2.149
Total,08016 Bagà,2022,2.167
Total,08016 Bagà,2021,2.145
Total,08016 Bagà,2020,2.140
Total,08016 Bagà,2019,2.138
Total,08016 Bagà,2018,2.152
Total,08016 Bagà,2017,2.149
Total,08016 Bagà,2016,2.162
Total,08017 Balenyà,2025,4.021
Total,08017 Balenyà,2024,4.036
Total,08017 Balenyà,2023,3.969
Total,08017 Balenyà,2022,3.948
Total,08017 Balenyà,2021,3.900
Total,08017 Balenyà,2020,3.840
Total,08017 Balenyà,2019,3.821
Total,08017 Balenyà,2018,3.783
Total,08017 Balenyà,2017,3.665
Total,08017 Balenyà,2016,3.705
Total,08018 Balsareny,2025,3.380
Total,08018 Balsareny,2024,3.328
Total,08018 Balsareny,2023,3.307
Total,08018 Balsareny,2022,3.249
Total,08018 Balsareny,2021,3.278
Total,08018 Balsareny,2020,3.192
Total,08018 Balsareny,2019,3.159
Total,08018 Balsareny,2018,3.205
Total,08018 Balsareny,2017,3.240
Total,08018 Balsareny,2016,3.285
Total,08252 Barberà del Vallès,2025,33.987
Total,08252 Barberà del Vallès,2024,33.575
Total,08252 Barberà del Vallès,2023,33.322
Total,08252 Barberà del Vallès,2022,33.082
Total,08252 Barberà del Vallès,2021,33.016
Total,08252 Barberà del Vallès,2020,33.334
Total,08252 Barberà del Vallès,2019,33.091
Total,08252 Barberà del Vallès,2018,32.839
Total,08252 Barberà del Vallès,2017,32.860
Total,08252 Barberà del Vallès,2016,32.832
Total,08019 Barcelona,2025,1.731.649
Total,08019 Barcelona,2024,1.702.547
Total,08019 Barcelona,2023,1.660.122
Total,08019 Barcelona,2022,1.636.193
Total,08019 Barcelona,2021,1.636.732
Total,08019 Barcelona,2020,1.664.182
Total,08019 Barcelona,2019,1.636.762
Total,08019 Barcelona,2018,1.620.343
Total,08019 Barcelona,2017,1.620.809
Total,08019 Barcelona,2016,1.608.746
Total,08 Barcelona,2025,5.983.325
Total,08 Barcelona,2024,5.899.063
Total,08 Barcelona,2023,5.805.500
Total,08 Barcelona,2022,5.727.615
Total,08 Barcelona,2021,5.714.730
Total,08 Barcelona,2020,5.743.402
Total,08 Barcelona,2019,5.664.579
Total,08 Barcelona,2018,5.609.350
Total,08 Barcelona,2017,5.576.037
Total,08 Barcelona,2016,5.542.680
Total,08020 Begues,2025,7.561
Total,08020 Begues,2024,7.462
Total,08020 Begues,2023,7.432
Total,08020 Begues,2022,7.450
Total,08020 Begues,2021,7.356
Total,08020 Begues,2020,7.300
Total,08020 Begues,2019,7.098
Total,08020 Begues,2018,6.961
Total,08020 Begues,2017,6.830
Total,08020 Begues,2016,6.736
Total,08021 Bellprat,2025,69
Total,08021 Bellprat,2024,69
Total,08021 Bellprat,2023,72
Total,08021 Bellprat,2022,74
Total,08021 Bellprat,2021,73
Total,08021 Bellprat,2020,64
Total,08021 Bellprat,2019,64
Total,08021 Bellprat,2018,74
Total,08021 Bellprat,2017,74
Total,08021 Bellprat,2016,75
Total,08022 Berga,2025,17.473
Total,08022 Berga,2024,17.160
Total,08022 Berga,2023,16.959
Total,08022 Berga,2022,16.762
Total,08022 Berga,2021,16.682
Total,08022 Berga,2020,16.760
Total,08022 Berga,2019,16.494
Total,08022 Berga,2018,16.199
Total,08022 Berga,2017,16.115
Total,08022 Berga,2016,16.175
Total,08023 Bigues i Riells del Fai,2025,10.139
Total,08023 Bigues i Riells del Fai,2024,10.036
Total,08023 Bigues i Riells del Fai,2023,9.949
Total,08023 Bigues i Riells del Fai,2022,9.757
Total,08023 Bigues i Riells del Fai,2021,9.542
Total,08023 Bigues i Riells del Fai,2020,9.358
Total,08023 Bigues i Riells del Fai,2019,9.092
Total,08023 Bigues i Riells del Fai,2018,9.003
Total,08023 Bigues i Riells del Fai,2017,8.957
Total,08023 Bigues i Riells del Fai,2016,8.915
Total,08024 Borredà,2025,433
Total,08024 Borredà,2024,419
Total,08024 Borredà,2023,430
Total,08024 Borredà,2022,448
Total,08024 Borredà,2021,455
Total,08024 Borredà,2020,464
Total,08024 Borredà,2019,445
Total,08024 Borredà,2018,456
Total,08024 Borredà,2017,480
Total,08024 Borredà,2016,495
Total,"08025 Bruc, El",2025,2.290
Total,"08025 Bruc, El",2024,2.288
Total,"08025 Bruc, El",2023,2.268
Total,"08025 Bruc, El",2022,2.218
Total,"08025 Bruc, El",2021,2.177
Total,"08025 Bruc, El",2020,2.110
Total,"08025 Bruc, El",2019,2.050
Total,"08025 Bruc, El",2018,2.027
Total,"08025 Bruc, El",2017,1.988
Total,"08025 Bruc, El",2016,2.014
Total,"08026 Brull, El",2025,296
Total,"08026 Brull, El",2024,293
Total,"08026 Brull, El",2023,287
Total,"08026 Brull, El",2022,278
Total,"08026 Brull, El",2021,275
Total,"08026 Brull, El",2020,258
Total,"08026 Brull, El",2019,263
Total,"08026 Brull, El",2018,257
Total,"08026 Brull, El",2017,258
Total,"08026 Brull, El",2016,263
Total,"08027 Cabanyes, Les",2025,1.060
Total,"08027 Cabanyes, Les",2024,1.012
Total,"08027 Cabanyes, Les",2023,998
Total,"08027 Cabanyes, Les",2022,999
Total,"08027 Cabanyes, Les",2021,1.005
Total,"08027 Cabanyes, Les",2020,979
Total,"08027 Cabanyes, Les",2019,964
Total,"08027 Cabanyes, Les",2018,965
Total,"08027 Cabanyes, Les",2017,947
Total,"08027 Cabanyes, Les",2016,943
Total,08028 Cabrera d'Anoia,2025,1.772
Total,08028 Cabrera d'Anoia,2024,1.709
Total,08028 Cabrera d'Anoia,2023,1.665
Total,08028 Cabrera d'Anoia,2022,1.606
Total,08028 Cabrera d'Anoia,2021,1.521
Total,08028 Cabrera d'Anoia,2020,1.482
Total,08028 Cabrera d'Anoia,2019,1.410
Total,08028 Cabrera d'Anoia,2018,1.376
Total,08028 Cabrera d'Anoia,2017,1.364
Total,08028 Cabrera d'Anoia,2016,1.351
Total,08029 Cabrera de Mar,2025,5.045
Total,08029 Cabrera de Mar,2024,5.018
Total,08029 Cabrera de Mar,2023,4.945
Total,08029 Cabrera de Mar,2022,4.848
Total,08029 Cabrera de Mar,2021,4.787
Total,08029 Cabrera de Mar,2020,4.747
Total,08029 Cabrera de Mar,2019,4.680
Total,08029 Cabrera de Mar,2018,4.664
Total,08029 Cabrera de Mar,2017,4.594
Total,08029 Cabrera de Mar,2016,4.553
Total,08030 Cabrils,2025,7.765
Total,08030 Cabrils,2024,7.767
Total,08030 Cabrils,2023,7.799
Total,08030 Cabrils,2022,7.729
Total,08030 Cabrils,2021,7.567
Total,08030 Cabrils,2020,7.432
Total,08030 Cabrils,2019,7.439
Total,08030 Cabrils,2018,7.348
Total,08030 Cabrils,2017,7.296
Total,08030 Cabrils,2016,7.287
Total,08031 Calaf,2025,3.644
Total,08031 Calaf,2024,3.618
Total,08031 Calaf,2023,3.566
Total,08031 Calaf,2022,3.590
Total,08031 Calaf,2021,3.597
Total,08031 Calaf,2020,3.656
Total,08031 Calaf,2019,3.535
Total,08031 Calaf,2018,3.547
Total,08031 Calaf,2017,3.477
Total,08031 Calaf,2016,3.424
Total,08034 Calders,2025,1.122
Total,08034 Calders,2024,1.114
Total,08034 Calders,2023,1.097
Total,08034 Calders,2022,1.101
Total,08034 Calders,2021,1.063
Total,08034 Calders,2020,1.045
Total,08034 Calders,2019,970
Total,08034 Calders,2018,946
Total,08034 Calders,2017,962
Total,08034 Calders,2016,953
Total,08033 Caldes de Montbui,2025,18.567
Total,08033 Caldes de Montbui,2024,18.336
Total,08033 Caldes de Montbui,2023,18.109
Total,08033 Caldes de Montbui,2022,17.932
Total,08033 Caldes de Montbui,2021,17.797
Total,08033 Caldes de Montbui,2020,17.812
Total,08033 Caldes de Montbui,2019,17.554
Total,08033 Caldes de Montbui,2018,17.449
Total,08033 Caldes de Montbui,2017,17.187
Total,08033 Caldes de Montbui,2016,17.137
Total,08032 Caldes d'Estrac,2025,3.356
Total,08032 Caldes d'Estrac,2024,3.259
Total,08032 Caldes d'Estrac,2023,3.223
Total,08032 Caldes d'Estrac,2022,3.148
Total,08032 Caldes d'Estrac,2021,3.097
Total,08032 Caldes d'Estrac,2020,3.021
Total,08032 Caldes d'Estrac,2019,2.982
Total,08032 Caldes d'Estrac,2018,2.859
Total,08032 Caldes d'Estrac,2017,2.823
Total,08032 Caldes d'Estrac,2016,2.766
Total,08035 Calella,2025,20.864
Total,08035 Calella,2024,20.369
Total,08035 Calella,2023,19.862
Total,08035 Calella,2022,19.363
Total,08035 Calella,2021,19.236
Total,08035 Calella,2020,19.277
Total,08035 Calella,2019,19.069
Total,08035 Calella,2018,18.728
Total,08035 Calella,2017,18.481
Total,08035 Calella,2016,18.317
Total,08037 Calldetenes,2025,2.733
Total,08037 Calldetenes,2024,2.690
Total,08037 Calldetenes,2023,2.601
Total,08037 Calldetenes,2022,2.532
Total,08037 Calldetenes,2021,2.504
Total,08037 Calldetenes,2020,2.513
Total,08037 Calldetenes,2019,2.489
Total,08037 Calldetenes,2018,2.497
Total,08037 Calldetenes,2017,2.446
Total,08037 Calldetenes,2016,2.418
Total,08038 Callús,2025,2.180
Total,08038 Callús,2024,2.145
Total,08038 Callús,2023,2.099
Total,08038 Callús,2022,2.122
Total,08038 Callús,2021,2.098
Total,08038 Callús,2020,2.129
Total,08038 Callús,2019,2.140
Total,08038 Callús,2018,2.095
Total,08038 Callús,2017,2.067
Total,08038 Callús,2016,2.057
Total,08036 Calonge de Segarra,2025,179
Total,08036 Calonge de Segarra,2024,174
Total,08036 Calonge de Segarra,2023,188
Total,08036 Calonge de Segarra,2022,195
Total,08036 Calonge de Segarra,2021,194
Total,08036 Calonge de Segarra,2020,188
Total,08036 Calonge de Segarra,2019,188
Total,08036 Calonge de Segarra,2018,191
Total,08036 Calonge de Segarra,2017,198
Total,08036 Calonge de Segarra,2016,191
Total,08039 Campins,2025,586
Total,08039 Campins,2024,606
Total,08039 Campins,2023,589
Total,08039 Campins,2022,557
Total,08039 Campins,2021,540
Total,08039 Campins,2020,541
Total,08039 Campins,2019,529
Total,08039 Campins,2018,515
Total,08039 Campins,2017,498
Total,08039 Campins,2016,470
Total,08040 Canet de Mar,2025,15.198
Total,08040 Canet de Mar,2024,15.140
Total,08040 Canet de Mar,2023,15.010
Total,08040 Canet de Mar,2022,14.845
Total,08040 Canet de Mar,2021,14.810
Total,08040 Canet de Mar,2020,14.865
Total,08040 Canet de Mar,2019,14.526
Total,08040 Canet de Mar,2018,14.583
Total,08040 Canet de Mar,2017,14.423
Total,08040 Canet de Mar,2016,14.284
Total,08041 Canovelles,2025,17.473
Total,08041 Canovelles,2024,17.312
Total,08041 Canovelles,2023,17.051
Total,08041 Canovelles,2022,16.761
Total,08041 Canovelles,2021,16.872
Total,08041 Canovelles,2020,16.829
Total,08041 Canovelles,2019,16.629
Total,08041 Canovelles,2018,16.317
Total,08041 Canovelles,2017,16.145
Total,08041 Canovelles,2016,15.937
Total,08042 Cànoves i Samalús,2025,3.399
Total,08042 Cànoves i Samalús,2024,3.315
Total,08042 Cànoves i Samalús,2023,3.322
Total,08042 Cànoves i Samalús,2022,3.289
Total,08042 Cànoves i Samalús,2021,3.219
Total,08042 Cànoves i Samalús,2020,3.156
Total,08042 Cànoves i Samalús,2019,3.117
Total,08042 Cànoves i Samalús,2018,2.995
Total,08042 Cànoves i Samalús,2017,2.906
Total,08042 Cànoves i Samalús,2016,2.873
Total,08043 Canyelles,2025,5.505
Total,08043 Canyelles,2024,5.367
Total,08043 Canyelles,2023,5.218
Total,08043 Canyelles,2022,5.007
Total,08043 Canyelles,2021,4.886
Total,08043 Canyelles,2020,4.699
Total,08043 Canyelles,2019,4.647
Total,08043 Canyelles,2018,4.481
Total,08043 Canyelles,2017,4.388
Total,08043 Canyelles,2016,4.407
Total,08044 Capellades,2025,5.608
Total,08044 Capellades,2024,5.567
Total,08044 Capellades,2023,5.417
Total,08044 Capellades,2022,5.344
Total,08044 Capellades,2021,5.314
Total,08044 Capellades,2020,5.342
Total,08044 Capellades,2019,5.293
Total,08044 Capellades,2018,5.211
Total,08044 Capellades,2017,5.225
Total,08044 Capellades,2016,5.227
Total,08045 Capolat,2025,93
Total,08045 Capolat,2024,92
Total,08045 Capolat,2023,88
Total,08045 Capolat,2022,89
Total,08045 Capolat,2021,84
Total,08045 Capolat,2020,84
Total,08045 Capolat,2019,94
Total,08045 Capolat,2018,96
Total,08045 Capolat,2017,99
Total,08045 Capolat,2016,93
Total,08046 Cardedeu,2025,19.046
Total,08046 Cardedeu,2024,19.064
Total,08046 Cardedeu,2023,19.023
Total,08046 Cardedeu,2022,18.785
Total,08046 Cardedeu,2021,18.609
Total,08046 Cardedeu,2020,18.424
Total,08046 Cardedeu,2019,18.357
Total,08046 Cardedeu,2018,18.165
Total,08046 Cardedeu,2017,18.210
Total,08046 Cardedeu,2016,18.158
Total,08047 Cardona,2025,4.553
Total,08047 Cardona,2024,4.574
Total,08047 Cardona,2023,4.569
Total,08047 Cardona,2022,4.575
Total,08047 Cardona,2021,4.593
Total,08047 Cardona,2020,4.639
Total,08047 Cardona,2019,4.636
Total,08047 Cardona,2018,4.652
Total,08047 Cardona,2017,4.728
Total,08047 Cardona,2016,4.775
Total,08048 Carme,2025,847
Total,08048 Carme,2024,814
Total,08048 Carme,2023,783
Total,08048 Carme,2022,754
Total,08048 Carme,2021,768
Total,08048 Carme,2020,785
Total,08048 Carme,2019,765
Total,08048 Carme,2018,783
Total,08048 Carme,2017,791
Total,08048 Carme,2016,791
Total,08049 Casserres,2025,1.660
Total,08049 Casserres,2024,1.676
Total,08049 Casserres,2023,1.630
Total,08049 Casserres,2022,1.646
Total,08049 Casserres,2021,1.636
Total,08049 Casserres,2020,1.588
Total,08049 Casserres,2019,1.608
Total,08049 Casserres,2018,1.572
Total,08049 Casserres,2017,1.557
Total,08049 Casserres,2016,1.528
Total,08057 Castell de l'Areny,2025,68
Total,08057 Castell de l'Areny,2024,69
Total,08057 Castell de l'Areny,2023,69
Total,08057 Castell de l'Areny,2022,69
Total,08057 Castell de l'Areny,2021,72
Total,08057 Castell de l'Areny,2020,67
Total,08057 Castell de l'Areny,2019,68
Total,08057 Castell de l'Areny,2018,72
Total,08057 Castell de l'Areny,2017,69
Total,08057 Castell de l'Areny,2016,69
Total,08052 Castellar de n'Hug,2025,166
Total,08052 Castellar de n'Hug,2024,164
Total,08052 Castellar de n'Hug,2023,171
Total,08052 Castellar de n'Hug,2022,176
Total,08052 Castellar de n'Hug,2021,167
Total,08052 Castellar de n'Hug,2020,156
Total,08052 Castellar de n'Hug,2019,159
Total,08052 Castellar de n'Hug,2018,165
Total,08052 Castellar de n'Hug,2017,159
Total,08052 Castellar de n'Hug,2016,157
Total,08050 Castellar del Riu,2025,151
Total,08050 Castellar del Riu,2024,163
Total,08050 Castellar del Riu,2023,169
Total,08050 Castellar del Riu,2022,175
Total,08050 Castellar del Riu,2021,171
Total,08050 Castellar del Riu,2020,176
Total,08050 Castellar del Riu,2019,169
Total,08050 Castellar del Riu,2018,165
Total,08050 Castellar del Riu,2017,166
Total,08050 Castellar del Riu,2016,176
Total,08051 Castellar del Vallès,2025,25.422
Total,08051 Castellar del Vallès,2024,25.322
Total,08051 Castellar del Vallès,2023,25.150
Total,08051 Castellar del Vallès,2022,24.933
Total,08051 Castellar del Vallès,2021,24.659
Total,08051 Castellar del Vallès,2020,24.488
Total,08051 Castellar del Vallès,2019,24.187
Total,08051 Castellar del Vallès,2018,24.036
Total,08051 Castellar del Vallès,2017,23.776
Total,08051 Castellar del Vallès,2016,23.633
Total,08053 Castellbell i el Vilar,2025,4.159
Total,08053 Castellbell i el Vilar,2024,4.138
Total,08053 Castellbell i el Vilar,2023,4.054
Total,08053 Castellbell i el Vilar,2022,3.889
Total,08053 Castellbell i el Vilar,2021,3.853
Total,08053 Castellbell i el Vilar,2020,3.719
Total,08053 Castellbell i el Vilar,2019,3.647
Total,08053 Castellbell i el Vilar,2018,3.599
Total,08053 Castellbell i el Vilar,2017,3.618
Total,08053 Castellbell i el Vilar,2016,3.584
Total,08054 Castellbisbal,2025,13.061
Total,08054 Castellbisbal,2024,12.972
Total,08054 Castellbisbal,2023,12.813
Total,08054 Castellbisbal,2022,12.735
Total,08054 Castellbisbal,2021,12.610
Total,08054 Castellbisbal,2020,12.539
Total,08054 Castellbisbal,2019,12.390
Total,08054 Castellbisbal,2018,12.332
Total,08054 Castellbisbal,2017,12.297
Total,08054 Castellbisbal,2016,12.277
Total,08055 Castellcir,2025,804
Total,08055 Castellcir,2024,784
Total,08055 Castellcir,2023,778
Total,08055 Castellcir,2022,778
Total,08055 Castellcir,2021,753
Total,08055 Castellcir,2020,742
Total,08055 Castellcir,2019,752
Total,08055 Castellcir,2018,728
Total,08055 Castellcir,2017,723
Total,08055 Castellcir,2016,726
Total,08056 Castelldefels,2025,70.057
Total,08056 Castelldefels,2024,69.450
Total,08056 Castelldefels,2023,68.427
Total,08056 Castelldefels,2022,67.307
Total,08056 Castelldefels,2021,67.226
Total,08056 Castelldefels,2020,67.460
Total,08056 Castelldefels,2019,67.004
Total,08056 Castelldefels,2018,66.375
Total,08056 Castelldefels,2017,65.954
Total,08056 Castelldefels,2016,64.892
Total,08058 Castellet i la Gornal,2025,2.776
Total,08058 Castellet i la Gornal,2024,2.674
Total,08058 Castellet i la Gornal,2023,2.572
Total,08058 Castellet i la Gornal,2022,2.474
Total,08058 Castellet i la Gornal,2021,2.452
Total,08058 Castellet i la Gornal,2020,2.382
Total,08058 Castellet i la Gornal,2019,2.292
Total,08058 Castellet i la Gornal,2018,2.247
Total,08058 Castellet i la Gornal,2017,2.233
Total,08058 Castellet i la Gornal,2016,2.193
Total,08060 Castellfollit de Riubregós,2025,153
Total,08060 Castellfollit de Riubregós,2024,151
Total,08060 Castellfollit de Riubregós,2023,162
Total,08060 Castellfollit de Riubregós,2022,159
Total,08060 Castellfollit de Riubregós,2021,163
Total,08060 Castellfollit de Riubregós,2020,162
Total,08060 Castellfollit de Riubregós,2019,151
Total,08060 Castellfollit de Riubregós,2018,156
Total,08060 Castellfollit de Riubregós,2017,160
Total,08060 Castellfollit de Riubregós,2016,165
Total,08059 Castellfollit del Boix,2025,467
Total,08059 Castellfollit del Boix,2024,459
Total,08059 Castellfollit del Boix,2023,461
Total,08059 Castellfollit del Boix,2022,460
Total,08059 Castellfollit del Boix,2021,448
Total,08059 Castellfollit del Boix,2020,447
Total,08059 Castellfollit del Boix,2019,436
Total,08059 Castellfollit del Boix,2018,446
Total,08059 Castellfollit del Boix,2017,440
Total,08059 Castellfollit del Boix,2016,448
Total,08061 Castellgalí,2025,2.413
Total,08061 Castellgalí,2024,2.347
Total,08061 Castellgalí,2023,2.311
Total,08061 Castellgalí,2022,2.236
Total,08061 Castellgalí,2021,2.179
Total,08061 Castellgalí,2020,2.119
Total,08061 Castellgalí,2019,2.062
Total,08061 Castellgalí,2018,2.053
Total,08061 Castellgalí,2017,2.017
Total,08061 Castellgalí,2016,1.995
Total,08062 Castellnou de Bages,2025,1.473
Total,08062 Castellnou de Bages,2024,1.430
Total,08062 Castellnou de Bages,2023,1.427
Total,08062 Castellnou de Bages,2022,1.431
Total,08062 Castellnou de Bages,2021,1.420
Total,08062 Castellnou de Bages,2020,1.437
Total,08062 Castellnou de Bages,2019,1.397
Total,08062 Castellnou de Bages,2018,1.319
Total,08062 Castellnou de Bages,2017,1.303
Total,08062 Castellnou de Bages,2016,1.287
Total,08063 Castellolí,2025,669
Total,08063 Castellolí,2024,658
Total,08063 Castellolí,2023,651
Total,08063 Castellolí,2022,636
Total,08063 Castellolí,2021,653
Total,08063 Castellolí,2020,626
Total,08063 Castellolí,2019,619
Total,08063 Castellolí,2018,610
Total,08063 Castellolí,2017,599
Total,08063 Castellolí,2016,573
Total,08064 Castellterçol,2025,2.754
Total,08064 Castellterçol,2024,2.773
Total,08064 Castellterçol,2023,2.735
Total,08064 Castellterçol,2022,2.655
Total,08064 Castellterçol,2021,2.632
Total,08064 Castellterçol,2020,2.548
Total,08064 Castellterçol,2019,2.463
Total,08064 Castellterçol,2018,2.418
Total,08064 Castellterçol,2017,2.374
Total,08064 Castellterçol,2016,2.351
Total,08065 Castellví de la Marca,2025,1.721
Total,08065 Castellví de la Marca,2024,1.716
Total,08065 Castellví de la Marca,2023,1.674
Total,08065 Castellví de la Marca,2022,1.614
Total,08065 Castellví de la Marca,2021,1.597
Total,08065 Castellví de la Marca,2020,1.575
Total,08065 Castellví de la Marca,2019,1.535
Total,08065 Castellví de la Marca,2018,1.534
Total,08065 Castellví de la Marca,2017,1.554
Total,08065 Castellví de la Marca,2016,1.545
Total,08066 Castellví de Rosanes,2025,2.171
Total,08066 Castellví de Rosanes,2024,2.106
Total,08066 Castellví de Rosanes,2023,2.089
Total,08066 Castellví de Rosanes,2022,2.096
Total,08066 Castellví de Rosanes,2021,1.996
Total,08066 Castellví de Rosanes,2020,1.933
Total,08066 Castellví de Rosanes,2019,1.884
Total,08066 Castellví de Rosanes,2018,1.865
Total,08066 Castellví de Rosanes,2017,1.826
Total,08066 Castellví de Rosanes,2016,1.807
Total,08067 Centelles,2025,7.864
Total,08067 Centelles,2024,7.775
Total,08067 Centelles,2023,7.726
Total,08067 Centelles,2022,7.641
Total,08067 Centelles,2021,7.595
Total,08067 Centelles,2020,7.513
Total,08067 Centelles,2019,7.404
Total,08067 Centelles,2018,7.423
Total,08067 Centelles,2017,7.417
Total,08067 Centelles,2016,7.410
Total,08268 Cercs,2025,1.236
Total,08268 Cercs,2024,1.193
Total,08268 Cercs,2023,1.196
Total,08268 Cercs,2022,1.169
Total,08268 Cercs,2021,1.190
Total,08268 Cercs,2020,1.150
Total,08268 Cercs,2019,1.145
Total,08268 Cercs,2018,1.152
Total,08268 Cercs,2017,1.166
Total,08268 Cercs,2016,1.183
Total,08266 Cerdanyola del Vallès,2025,58.528
Total,08266 Cerdanyola del Vallès,2024,58.100
Total,08266 Cerdanyola del Vallès,2023,57.879
Total,08266 Cerdanyola del Vallès,2022,57.291
Total,08266 Cerdanyola del Vallès,2021,57.217
Total,08266 Cerdanyola del Vallès,2020,57.855
Total,08266 Cerdanyola del Vallès,2019,57.403
Total,08266 Cerdanyola del Vallès,2018,57.740
Total,08266 Cerdanyola del Vallès,2017,57.723
Total,08266 Cerdanyola del Vallès,2016,57.543
Total,08068 Cervelló,2025,9.743
Total,08068 Cervelló,2024,9.647
Total,08068 Cervelló,2023,9.469
Total,08068 Cervelló,2022,9.307
Total,08068 Cervelló,2021,9.233
Total,08068 Cervelló,2020,9.077
Total,08068 Cervelló,2019,9.054
Total,08068 Cervelló,2018,8.970
Total,08068 Cervelló,2017,8.909
Total,08068 Cervelló,2016,8.861
Total,08069 Collbató,2025,4.828
Total,08069 Collbató,2024,4.849
Total,08069 Collbató,2023,4.828
Total,08069 Collbató,2022,4.726
Total,08069 Collbató,2021,4.655
Total,08069 Collbató,2020,4.544
Total,08069 Collbató,2019,4.466
Total,08069 Collbató,2018,4.458
Total,08069 Collbató,2017,4.394
Total,08069 Collbató,2016,4.396
Total,08070 Collsuspina,2025,391
Total,08070 Collsuspina,2024,389
Total,08070 Collsuspina,2023,387
Total,08070 Collsuspina,2022,398
Total,08070 Collsuspina,2021,387
Total,08070 Collsuspina,2020,359
Total,08070 Collsuspina,2019,342
Total,08070 Collsuspina,2018,339
Total,08070 Collsuspina,2017,338
Total,08070 Collsuspina,2016,349
Total,08071 Copons,2025,352
Total,08071 Copons,2024,351
Total,08071 Copons,2023,340
Total,08071 Copons,2022,333
Total,08071 Copons,2021,322
Total,08071 Copons,2020,321
Total,08071 Copons,2019,310
Total,08071 Copons,2018,306
Total,08071 Copons,2017,316
Total,08071 Copons,2016,300
Total,08072 Corbera de Llobregat,2025,16.010
Total,08072 Corbera de Llobregat,2024,15.726
Total,08072 Corbera de Llobregat,2023,15.466
Total,08072 Corbera de Llobregat,2022,15.210
Total,08072 Corbera de Llobregat,2021,15.017
Total,08072 Corbera de Llobregat,2020,14.882
Total,08072 Corbera de Llobregat,2019,14.822
Total,08072 Corbera de Llobregat,2018,14.643
Total,08072 Corbera de Llobregat,2017,14.439
Total,08072 Corbera de Llobregat,2016,14.168
Total,08073 Cornellà de Llobregat,2025,92.237
Total,08073 Cornellà de Llobregat,2024,91.589
Total,08073 Cornellà de Llobregat,2023,90.303
Total,08073 Cornellà de Llobregat,2022,89.039
Total,08073 Cornellà de Llobregat,2021,89.300
Total,08073 Cornellà de Llobregat,2020,89.936
Total,08073 Cornellà de Llobregat,2019,88.592
Total,08073 Cornellà de Llobregat,2018,87.173
Total,08073 Cornellà de Llobregat,2017,86.610
Total,08073 Cornellà de Llobregat,2016,86.072
Total,08074 Cubelles,2025,17.673
Total,08074 Cubelles,2024,17.243
Total,08074 Cubelles,2023,16.914
Total,08074 Cubelles,2022,16.386
Total,08074 Cubelles,2021,16.051
Total,08074 Cubelles,2020,15.770
Total,08074 Cubelles,2019,15.329
Total,08074 Cubelles,2018,14.992
Total,08074 Cubelles,2017,14.715
Total,08074 Cubelles,2016,14.608
Total,08075 Dosrius,2025,6.287
Total,08075 Dosrius,2024,6.142
Total,08075 Dosrius,2023,5.910
Total,08075 Dosrius,2022,5.710
Total,08075 Dosrius,2021,5.685
Total,08075 Dosrius,2020,5.652
Total,08075 Dosrius,2019,5.481
Total,08075 Dosrius,2018,5.281
Total,08075 Dosrius,2017,5.198
Total,08075 Dosrius,2016,5.154
Total,08076 Esparreguera,2025,22.665
Total,08076 Esparreguera,2024,22.550
Total,08076 Esparreguera,2023,22.442
Total,08076 Esparreguera,2022,22.365
Total,08076 Esparreguera,2021,22.358
Total,08076 Esparreguera,2020,22.302
Total,08076 Esparreguera,2019,22.251
Total,08076 Esparreguera,2018,22.045
Total,08076 Esparreguera,2017,21.889
Total,08076 Esparreguera,2016,21.766
Total,08077 Esplugues de Llobregat,2025,48.221
Total,08077 Esplugues de Llobregat,2024,47.613
Total,08077 Esplugues de Llobregat,2023,46.921
Total,08077 Esplugues de Llobregat,2022,46.414
Total,08077 Esplugues de Llobregat,2021,46.777
Total,08077 Esplugues de Llobregat,2020,47.150
Total,08077 Esplugues de Llobregat,2019,46.680
Total,08077 Esplugues de Llobregat,2018,46.355
Total,08077 Esplugues de Llobregat,2017,45.890
Total,08077 Esplugues de Llobregat,2016,45.733
Total,"08078 Espunyola, L'",2025,260
Total,"08078 Espunyola, L'",2024,262
Total,"08078 Espunyola, L'",2023,266
Total,"08078 Espunyola, L'",2022,265
Total,"08078 Espunyola, L'",2021,258
Total,"08078 Espunyola, L'",2020,242
Total,"08078 Espunyola, L'",2019,254
Total,"08078 Espunyola, L'",2018,258
Total,"08078 Espunyola, L'",2017,240
Total,"08078 Espunyola, L'",2016,247
Total,"08254 Esquirol, L'",2025,2.301
Total,"08254 Esquirol, L'",2024,2.277
Total,"08254 Esquirol, L'",2023,2.263
Total,"08254 Esquirol, L'",2022,2.245
Total,"08254 Esquirol, L'",2021,2.198
Total,"08254 Esquirol, L'",2020,2.186
Total,"08254 Esquirol, L'",2019,2.181
Total,"08254 Esquirol, L'",2018,2.141
Total,"08254 Esquirol, L'",2017,2.161
Total,"08254 Esquirol, L'",2016,2.168
Total,"08079 Estany, L'",2025,390
Total,"08079 Estany, L'",2024,401
Total,"08079 Estany, L'",2023,405
Total,"08079 Estany, L'",2022,391
Total,"08079 Estany, L'",2021,408
Total,"08079 Estany, L'",2020,408
Total,"08079 Estany, L'",2019,406
Total,"08079 Estany, L'",2018,393
Total,"08079 Estany, L'",2017,405
Total,"08079 Estany, L'",2016,404
Total,08134 Figaró-Montmany,2025,1.195
Total,08134 Figaró-Montmany,2024,1.188
Total,08134 Figaró-Montmany,2023,1.158
Total,08134 Figaró-Montmany,2022,1.108
Total,08134 Figaró-Montmany,2021,1.127
Total,08134 Figaró-Montmany,2020,1.142
Total,08134 Figaró-Montmany,2019,1.114
Total,08134 Figaró-Montmany,2018,1.109
Total,08134 Figaró-Montmany,2017,1.077
Total,08134 Figaró-Montmany,2016,1.092
Total,08080 Fígols,2025,40
Total,08080 Fígols,2024,41
Total,08080 Fígols,2023,47
Total,08080 Fígols,2022,45
Total,08080 Fígols,2021,46
Total,08080 Fígols,2020,43
Total,08080 Fígols,2019,42
Total,08080 Fígols,2018,42
Total,08080 Fígols,2017,42
Total,08080 Fígols,2016,40
Total,08082 Fogars de la Selva,2025,1.704
Total,08082 Fogars de la Selva,2024,1.680
Total,08082 Fogars de la Selva,2023,1.632
Total,08082 Fogars de la Selva,2022,1.564
Total,08082 Fogars de la Selva,2021,1.540
Total,08082 Fogars de la Selva,2020,1.469
Total,08082 Fogars de la Selva,2019,1.451
Total,08082 Fogars de la Selva,2018,1.467
Total,08082 Fogars de la Selva,2017,1.448
Total,08082 Fogars de la Selva,2016,1.452
Total,08081 Fogars de Montclús,2025,494
Total,08081 Fogars de Montclús,2024,502
Total,08081 Fogars de Montclús,2023,482
Total,08081 Fogars de Montclús,2022,493
Total,08081 Fogars de Montclús,2021,467
Total,08081 Fogars de Montclús,2020,475
Total,08081 Fogars de Montclús,2019,470
Total,08081 Fogars de Montclús,2018,466
Total,08081 Fogars de Montclús,2017,458
Total,08081 Fogars de Montclús,2016,462
Total,08083 Folgueroles,2025,2.262
Total,08083 Folgueroles,2024,2.263
Total,08083 Folgueroles,2023,2.268
Total,08083 Folgueroles,2022,2.254
Total,08083 Folgueroles,2021,2.269
Total,08083 Folgueroles,2020,2.265
Total,08083 Folgueroles,2019,2.267
Total,08083 Folgueroles,2018,2.276
Total,08083 Folgueroles,2017,2.298
Total,08083 Folgueroles,2016,2.298
Total,08084 Fonollosa,2025,1.570
Total,08084 Fonollosa,2024,1.585
Total,08084 Fonollosa,2023,1.558
Total,08084 Fonollosa,2022,1.546
Total,08084 Fonollosa,2021,1.495
Total,08084 Fonollosa,2020,1.459
Total,08084 Fonollosa,2019,1.453
Total,08084 Fonollosa,2018,1.439
Total,08084 Fonollosa,2017,1.412
Total,08084 Fonollosa,2016,1.401
Total,08085 Font-rubí,2025,1.441
Total,08085 Font-rubí,2024,1.446
Total,08085 Font-rubí,2023,1.456
Total,08085 Font-rubí,2022,1.446
Total,08085 Font-rubí,2021,1.440
Total,08085 Font-rubí,2020,1.414
Total,08085 Font-rubí,2019,1.327
Total,08085 Font-rubí,2018,1.354
Total,08085 Font-rubí,2017,1.358
Total,08085 Font-rubí,2016,1.363
Total,"08086 Franqueses del Vallès, Les",2025,20.881
Total,"08086 Franqueses del Vallès, Les",2024,20.715
Total,"08086 Franqueses del Vallès, Les",2023,20.522
Total,"08086 Franqueses del Vallès, Les",2022,20.322
Total,"08086 Franqueses del Vallès, Les",2021,20.351
Total,"08086 Franqueses del Vallès, Les",2020,20.364
Total,"08086 Franqueses del Vallès, Les",2019,20.092
Total,"08086 Franqueses del Vallès, Les",2018,19.768
Total,"08086 Franqueses del Vallès, Les",2017,19.584
Total,"08086 Franqueses del Vallès, Les",2016,19.417
Total,08090 Gaià,2025,172
Total,08090 Gaià,2024,178
Total,08090 Gaià,2023,177
Total,08090 Gaià,2022,179
Total,08090 Gaià,2021,189
Total,08090 Gaià,2020,183
Total,08090 Gaià,2019,175
Total,08090 Gaià,2018,167
Total,08090 Gaià,2017,162
Total,08090 Gaià,2016,160
Total,08087 Gallifa,2025,171
Total,08087 Gallifa,2024,172
Total,08087 Gallifa,2023,183
Total,08087 Gallifa,2022,186
Total,08087 Gallifa,2021,183
Total,08087 Gallifa,2020,167
Total,08087 Gallifa,2019,172
Total,08087 Gallifa,2018,169
Total,08087 Gallifa,2017,180
Total,08087 Gallifa,2016,187
Total,"08088 Garriga, La",2025,17.426
Total,"08088 Garriga, La",2024,17.305
Total,"08088 Garriga, La",2023,17.052
Total,"08088 Garriga, La",2022,16.788
Total,"08088 Garriga, La",2021,16.733
Total,"08088 Garriga, La",2020,16.668
Total,"08088 Garriga, La",2019,16.514
Total,"08088 Garriga, La",2018,16.227
Total,"08088 Garriga, La",2017,15.984
Total,"08088 Garriga, La",2016,15.912
Total,08089 Gavà,2025,48.243
Total,08089 Gavà,2024,48.007
Total,08089 Gavà,2023,47.593
Total,08089 Gavà,2022,46.974
Total,08089 Gavà,2021,46.931
Total,08089 Gavà,2020,47.057
Total,08089 Gavà,2019,46.771
Total,08089 Gavà,2018,46.705
Total,08089 Gavà,2017,46.538
Total,08089 Gavà,2016,46.266
Total,08091 Gelida,2025,8.198
Total,08091 Gelida,2024,8.098
Total,08091 Gelida,2023,7.953
Total,08091 Gelida,2022,7.814
Total,08091 Gelida,2021,7.723
Total,08091 Gelida,2020,7.670
Total,08091 Gelida,2019,7.533
Total,08091 Gelida,2018,7.371
Total,08091 Gelida,2017,7.299
Total,08091 Gelida,2016,7.238
Total,08092 Gironella,2025,5.083
Total,08092 Gironella,2024,5.055
Total,08092 Gironella,2023,4.980
Total,08092 Gironella,2022,4.940
Total,08092 Gironella,2021,4.916
Total,08092 Gironella,2020,4.946
Total,08092 Gironella,2019,4.826
Total,08092 Gironella,2018,4.834
Total,08092 Gironella,2017,4.808
Total,08092 Gironella,2016,4.829
Total,08093 Gisclareny,2025,28
Total,08093 Gisclareny,2024,30
Total,08093 Gisclareny,2023,27
Total,08093 Gisclareny,2022,28
Total,08093 Gisclareny,2021,27
Total,08093 Gisclareny,2020,26
Total,08093 Gisclareny,2019,25
Total,08093 Gisclareny,2018,26
Total,08093 Gisclareny,2017,27
Total,08093 Gisclareny,2016,29
Total,"08094 Granada, La",2025,2.287
Total,"08094 Granada, La",2024,2.263
Total,"08094 Granada, La",2023,2.218
Total,"08094 Granada, La",2022,2.207
Total,"08094 Granada, La",2021,2.207
Total,"08094 Granada, La",2020,2.208
Total,"08094 Granada, La",2019,2.157
Total,"08094 Granada, La",2018,2.130
Total,"08094 Granada, La",2017,2.112
Total,"08094 Granada, La",2016,2.091
Total,08095 Granera,2025,84
Total,08095 Granera,2024,84
Total,08095 Granera,2023,93
Total,08095 Granera,2022,80
Total,08095 Granera,2021,85
Total,08095 Granera,2020,77
Total,08095 Granera,2019,69
Total,08095 Granera,2018,80
Total,08095 Granera,2017,78
Total,08095 Granera,2016,79
Total,08096 Granollers,2025,65.341
Total,08096 Granollers,2024,64.181
Total,08096 Granollers,2023,63.092
Total,08096 Granollers,2022,61.983
Total,08096 Granollers,2021,62.475
Total,08096 Granollers,2020,62.419
Total,08096 Granollers,2019,61.275
Total,08096 Granollers,2018,60.981
Total,08096 Granollers,2017,60.695
Total,08096 Granollers,2016,60.174
Total,08097 Gualba,2025,1.766
Total,08097 Gualba,2024,1.738
Total,08097 Gualba,2023,1.661
Total,08097 Gualba,2022,1.610
Total,08097 Gualba,2021,1.585
Total,08097 Gualba,2020,1.548
Total,08097 Gualba,2019,1.500
Total,08097 Gualba,2018,1.481
Total,08097 Gualba,2017,1.423
Total,08097 Gualba,2016,1.426
Total,08099 Guardiola de Berguedà,2025,964
Total,08099 Guardiola de Berguedà,2024,953
Total,08099 Guardiola de Berguedà,2023,939
Total,08099 Guardiola de Berguedà,2022,918
Total,08099 Guardiola de Berguedà,2021,929
Total,08099 Guardiola de Berguedà,2020,941
Total,08099 Guardiola de Berguedà,2019,908
Total,08099 Guardiola de Berguedà,2018,887
Total,08099 Guardiola de Berguedà,2017,904
Total,08099 Guardiola de Berguedà,2016,897
Total,08100 Gurb,2025,2.741
Total,08100 Gurb,2024,2.712
Total,08100 Gurb,2023,2.697
Total,08100 Gurb,2022,2.702
Total,08100 Gurb,2021,2.705
Total,08100 Gurb,2020,2.713
Total,08100 Gurb,2019,2.681
Total,08100 Gurb,2018,2.654
Total,08100 Gurb,2017,2.616
Total,08100 Gurb,2016,2.559
Total,"08101 Hospitalet de Llobregat, L'",2025,289.510
Total,"08101 Hospitalet de Llobregat, L'",2024,279.993
Total,"08101 Hospitalet de Llobregat, L'",2023,274.455
Total,"08101 Hospitalet de Llobregat, L'",2022,265.444
Total,"08101 Hospitalet de Llobregat, L'",2021,264.657
Total,"08101 Hospitalet de Llobregat, L'",2020,269.382
Total,"08101 Hospitalet de Llobregat, L'",2019,264.923
Total,"08101 Hospitalet de Llobregat, L'",2018,261.068
Total,"08101 Hospitalet de Llobregat, L'",2017,257.349
Total,"08101 Hospitalet de Llobregat, L'",2016,254.804
Total,"08162 Hostalets de Pierola, Els",2025,3.258
Total,"08162 Hostalets de Pierola, Els",2024,3.231
Total,"08162 Hostalets de Pierola, Els",2023,3.188
Total,"08162 Hostalets de Pierola, Els",2022,3.127
Total,"08162 Hostalets de Pierola, Els",2021,3.064
Total,"08162 Hostalets de Pierola, Els",2020,2.980
Total,"08162 Hostalets de Pierola, Els",2019,2.973
Total,"08162 Hostalets de Pierola, Els",2018,2.930
Total,"08162 Hostalets de Pierola, Els",2017,2.901
Total,"08162 Hostalets de Pierola, Els",2016,2.891
Total,08102 Igualada,2025,42.085
Total,08102 Igualada,2024,41.466
Total,08102 Igualada,2023,41.164
Total,08102 Igualada,2022,40.767
Total,08102 Igualada,2021,40.875
Total,08102 Igualada,2020,40.742
Total,08102 Igualada,2019,39.967
Total,08102 Igualada,2018,39.540
Total,08102 Igualada,2017,39.316
Total,08102 Igualada,2016,38.987
Total,08103 Jorba,2025,850
Total,08103 Jorba,2024,827
Total,08103 Jorba,2023,828
Total,08103 Jorba,2022,806
Total,08103 Jorba,2021,825
Total,08103 Jorba,2020,833
Total,08103 Jorba,2019,835
Total,08103 Jorba,2018,841
Total,08103 Jorba,2017,823
Total,08103 Jorba,2016,831
Total,"08104 Llacuna, La",2025,959
Total,"08104 Llacuna, La",2024,982
Total,"08104 Llacuna, La",2023,952
Total,"08104 Llacuna, La",2022,942
Total,"08104 Llacuna, La",2021,917
Total,"08104 Llacuna, La",2020,903
Total,"08104 Llacuna, La",2019,870
Total,"08104 Llacuna, La",2018,863
Total,"08104 Llacuna, La",2017,863
Total,"08104 Llacuna, La",2016,872
Total,"08105 Llagosta, La",2025,13.280
Total,"08105 Llagosta, La",2024,13.085
Total,"08105 Llagosta, La",2023,13.169
Total,"08105 Llagosta, La",2022,13.155
Total,"08105 Llagosta, La",2021,13.259
Total,"08105 Llagosta, La",2020,13.587
Total,"08105 Llagosta, La",2019,13.480
Total,"08105 Llagosta, La",2018,13.367
Total,"08105 Llagosta, La",2017,13.343
Total,"08105 Llagosta, La",2016,13.247
Total,08107 Lliçà d'Amunt,2025,16.540
Total,08107 Lliçà d'Amunt,2024,16.253
Total,08107 Lliçà d'Amunt,2023,16.092
Total,08107 Lliçà d'Amunt,2022,15.801
Total,08107 Lliçà d'Amunt,2021,15.673
Total,08107 Lliçà d'Amunt,2020,15.469
Total,08107 Lliçà d'Amunt,2019,15.256
Total,08107 Lliçà d'Amunt,2018,15.111
Total,08107 Lliçà d'Amunt,2017,14.933
Total,08107 Lliçà d'Amunt,2016,14.759
Total,08108 Lliçà de Vall,2025,6.903
Total,08108 Lliçà de Vall,2024,6.861
Total,08108 Lliçà de Vall,2023,6.714
Total,08108 Lliçà de Vall,2022,6.760
Total,08108 Lliçà de Vall,2021,6.580
Total,08108 Lliçà de Vall,2020,6.497
Total,08108 Lliçà de Vall,2019,6.542
Total,08108 Lliçà de Vall,2018,6.480
Total,08108 Lliçà de Vall,2017,6.386
Total,08108 Lliçà de Vall,2016,6.370
Total,08106 Llinars del Vallès,2025,10.956
Total,08106 Llinars del Vallès,2024,10.740
Total,08106 Llinars del Vallès,2023,10.499
Total,08106 Llinars del Vallès,2022,10.205
Total,08106 Llinars del Vallès,2021,10.116
Total,08106 Llinars del Vallès,2020,10.018
Total,08106 Llinars del Vallès,2019,9.938
Total,08106 Llinars del Vallès,2018,9.838
Total,08106 Llinars del Vallès,2017,9.749
Total,08106 Llinars del Vallès,2016,9.717
Total,08109 Lluçà,2025,281
Total,08109 Lluçà,2024,288
Total,08109 Lluçà,2023,292
Total,08109 Lluçà,2022,279
Total,08109 Lluçà,2021,271
Total,08109 Lluçà,2020,276
Total,08109 Lluçà,2019,273
Total,08109 Lluçà,2018,276
Total,08109 Lluçà,2017,279
Total,08109 Lluçà,2016,280
Total,08110 Malgrat de Mar,2025,19.714
Total,08110 Malgrat de Mar,2024,19.377
Total,08110 Malgrat de Mar,2023,19.213
Total,08110 Malgrat de Mar,2022,19.093
Total,08110 Malgrat de Mar,2021,18.950
Total,08110 Malgrat de Mar,2020,18.772
Total,08110 Malgrat de Mar,2019,18.579
Total,08110 Malgrat de Mar,2018,18.439
Total,08110 Malgrat de Mar,2017,18.345
Total,08110 Malgrat de Mar,2016,18.295
Total,08111 Malla,2025,285
Total,08111 Malla,2024,272
Total,08111 Malla,2023,266
Total,08111 Malla,2022,272
Total,08111 Malla,2021,276
Total,08111 Malla,2020,272
Total,08111 Malla,2019,273
Total,08111 Malla,2018,271
Total,08111 Malla,2017,264
Total,08111 Malla,2016,267
Total,08112 Manlleu,2025,21.425
Total,08112 Manlleu,2024,21.348
Total,08112 Manlleu,2023,21.172
Total,08112 Manlleu,2022,20.883
Total,08112 Manlleu,2021,20.804
Total,08112 Manlleu,2020,20.912
Total,08112 Manlleu,2019,20.573
Total,08112 Manlleu,2018,20.194
Total,08112 Manlleu,2017,20.007
Total,08112 Manlleu,2016,20.104
Total,08113 Manresa,2025,80.974
Total,08113 Manresa,2024,80.201
Total,08113 Manresa,2023,78.877
Total,08113 Manresa,2022,77.452
Total,08113 Manresa,2021,78.192
Total,08113 Manresa,2020,78.245
Total,08113 Manresa,2019,77.714
Total,08113 Manresa,2018,76.250
Total,08113 Manresa,2017,75.152
Total,08113 Manresa,2016,74.752
Total,08242 Marganell,2025,309
Total,08242 Marganell,2024,308
Total,08242 Marganell,2023,293
Total,08242 Marganell,2022,282
Total,08242 Marganell,2021,271
Total,08242 Marganell,2020,266
Total,08242 Marganell,2019,266
Total,08242 Marganell,2018,258
Total,08242 Marganell,2017,254
Total,08242 Marganell,2016,277
Total,08114 Martorell,2025,29.175
Total,08114 Martorell,2024,28.507
Total,08114 Martorell,2023,28.760
Total,08114 Martorell,2022,28.684
Total,08114 Martorell,2021,28.667
Total,08114 Martorell,2020,28.772
Total,08114 Martorell,2019,28.189
Total,08114 Martorell,2018,27.850
Total,08114 Martorell,2017,27.681
Total,08114 Martorell,2016,27.645
Total,08115 Martorelles,2025,4.992
Total,08115 Martorelles,2024,4.987
Total,08115 Martorelles,2023,4.904
Total,08115 Martorelles,2022,4.859
Total,08115 Martorelles,2021,4.823
Total,08115 Martorelles,2020,4.820
Total,08115 Martorelles,2019,4.801
Total,08115 Martorelles,2018,4.794
Total,08115 Martorelles,2017,4.742
Total,08115 Martorelles,2016,4.725
Total,"08116 Masies de Roda, Les",2025,758
Total,"08116 Masies de Roda, Les",2024,750
Total,"08116 Masies de Roda, Les",2023,751
Total,"08116 Masies de Roda, Les",2022,733
Total,"08116 Masies de Roda, Les",2021,704
Total,"08116 Masies de Roda, Les",2020,719
Total,"08116 Masies de Roda, Les",2019,700
Total,"08116 Masies de Roda, Les",2018,704
Total,"08116 Masies de Roda, Les",2017,714
Total,"08116 Masies de Roda, Les",2016,714
Total,"08117 Masies de Voltregà, Les",2025,3.345
Total,"08117 Masies de Voltregà, Les",2024,3.292
Total,"08117 Masies de Voltregà, Les",2023,3.222
Total,"08117 Masies de Voltregà, Les",2022,3.133
Total,"08117 Masies de Voltregà, Les",2021,3.178
Total,"08117 Masies de Voltregà, Les",2020,3.132
Total,"08117 Masies de Voltregà, Les",2019,3.141
Total,"08117 Masies de Voltregà, Les",2018,3.124
Total,"08117 Masies de Voltregà, Les",2017,3.140
Total,"08117 Masies de Voltregà, Les",2016,3.170
Total,"08118 Masnou, El",2025,24.761
Total,"08118 Masnou, El",2024,24.479
Total,"08118 Masnou, El",2023,24.181
Total,"08118 Masnou, El",2022,23.829
Total,"08118 Masnou, El",2021,23.848
Total,"08118 Masnou, El",2020,23.831
Total,"08118 Masnou, El",2019,23.515
Total,"08118 Masnou, El",2018,23.340
Total,"08118 Masnou, El",2017,23.288
Total,"08118 Masnou, El",2016,23.119
Total,08119 Masquefa,2025,10.120
Total,08119 Masquefa,2024,10.038
Total,08119 Masquefa,2023,9.839
Total,08119 Masquefa,2022,9.744
Total,08119 Masquefa,2021,9.623
Total,08119 Masquefa,2020,9.402
Total,08119 Masquefa,2019,9.211
Total,08119 Masquefa,2018,8.641
Total,08119 Masquefa,2017,8.514
Total,08119 Masquefa,2016,8.386
Total,08120 Matadepera,2025,9.776
Total,08120 Matadepera,2024,9.815
Total,08120 Matadepera,2023,9.899
Total,08120 Matadepera,2022,9.752
Total,08120 Matadepera,2021,9.672
Total,08120 Matadepera,2020,9.496
Total,08120 Matadepera,2019,9.326
Total,08120 Matadepera,2018,9.291
Total,08120 Matadepera,2017,9.186
Total,08120 Matadepera,2016,8.984
Total,08121 Mataró,2025,131.683
Total,08121 Mataró,2024,131.798
Total,08121 Mataró,2023,129.870
Total,08121 Mataró,2022,128.956
Total,08121 Mataró,2021,129.120
Total,08121 Mataró,2020,129.661
Total,08121 Mataró,2019,128.265
Total,08121 Mataró,2018,126.988
Total,08121 Mataró,2017,126.127
Total,08121 Mataró,2016,125.517
Total,08122 Mediona,2025,2.658
Total,08122 Mediona,2024,2.637
Total,08122 Mediona,2023,2.628
Total,08122 Mediona,2022,2.517
Total,08122 Mediona,2021,2.419
Total,08122 Mediona,2020,2.369
Total,08122 Mediona,2019,2.322
Total,08122 Mediona,2018,2.331
Total,08122 Mediona,2017,2.251
Total,08122 Mediona,2016,2.282
Total,08138 Moià,2025,6.828
Total,08138 Moià,2024,6.738
Total,08138 Moià,2023,6.690
Total,08138 Moià,2022,6.548
Total,08138 Moià,2021,6.474
Total,08138 Moià,2020,6.383
Total,08138 Moià,2019,6.267
Total,08138 Moià,2018,6.190
Total,08138 Moià,2017,6.065
Total,08138 Moià,2016,5.957
Total,08123 Molins de Rei,2025,27.300
Total,08123 Molins de Rei,2024,26.948
Total,08123 Molins de Rei,2023,26.555
Total,08123 Molins de Rei,2022,26.242
Total,08123 Molins de Rei,2021,26.104
Total,08123 Molins de Rei,2020,25.940
Total,08123 Molins de Rei,2019,25.868
Total,08123 Molins de Rei,2018,25.687
Total,08123 Molins de Rei,2017,25.492
Total,08123 Molins de Rei,2016,25.359
Total,08124 Mollet del Vallès,2025,52.990
Total,08124 Mollet del Vallès,2024,52.283
Total,08124 Mollet del Vallès,2023,51.824
Total,08124 Mollet del Vallès,2022,51.294
Total,08124 Mollet del Vallès,2021,51.151
Total,08124 Mollet del Vallès,2020,51.600
Total,08124 Mollet del Vallès,2019,51.318
Total,08124 Mollet del Vallès,2018,51.133
Total,08124 Mollet del Vallès,2017,51.128
Total,08124 Mollet del Vallès,2016,51.491
Total,08128 Monistrol de Calders,2025,764
Total,08128 Monistrol de Calders,2024,761
Total,08128 Monistrol de Calders,2023,751
Total,08128 Monistrol de Calders,2022,742
Total,08128 Monistrol de Calders,2021,716
Total,08128 Monistrol de Calders,2020,702
Total,08128 Monistrol de Calders,2019,682
Total,08128 Monistrol de Calders,2018,677
Total,08128 Monistrol de Calders,2017,677
Total,08128 Monistrol de Calders,2016,699
Total,08127 Monistrol de Montserrat,2025,3.250
Total,08127 Monistrol de Montserrat,2024,3.198
Total,08127 Monistrol de Montserrat,2023,3.179
Total,08127 Monistrol de Montserrat,2022,3.166
Total,08127 Monistrol de Montserrat,2021,3.178
Total,08127 Monistrol de Montserrat,2020,3.139
Total,08127 Monistrol de Montserrat,2019,3.034
Total,08127 Monistrol de Montserrat,2018,2.955
Total,08127 Monistrol de Montserrat,2017,2.935
Total,08127 Monistrol de Montserrat,2016,2.867
Total,08125 Montcada i Reixac,2025,37.460
Total,08125 Montcada i Reixac,2024,37.153
Total,08125 Montcada i Reixac,2023,36.891
Total,08125 Montcada i Reixac,2022,36.666
Total,08125 Montcada i Reixac,2021,36.794
Total,08125 Montcada i Reixac,2020,36.803
Total,08125 Montcada i Reixac,2019,36.239
Total,08125 Montcada i Reixac,2018,35.599
Total,08125 Montcada i Reixac,2017,35.063
Total,08125 Montcada i Reixac,2016,34.802
Total,08130 Montclar,2025,132
Total,08130 Montclar,2024,132
Total,08130 Montclar,2023,129
Total,08130 Montclar,2022,136
Total,08130 Montclar,2021,136
Total,08130 Montclar,2020,139
Total,08130 Montclar,2019,136
Total,08130 Montclar,2018,129
Total,08130 Montclar,2017,121
Total,08130 Montclar,2016,119
Total,08131 Montesquiu,2025,1.131
Total,08131 Montesquiu,2024,1.099
Total,08131 Montesquiu,2023,1.110
Total,08131 Montesquiu,2022,1.059
Total,08131 Montesquiu,2021,1.048
Total,08131 Montesquiu,2020,1.030
Total,08131 Montesquiu,2019,998
Total,08131 Montesquiu,2018,968
Total,08131 Montesquiu,2017,960
Total,08131 Montesquiu,2016,931
Total,08126 Montgat,2025,12.879
Total,08126 Montgat,2024,12.625
Total,08126 Montgat,2023,12.462
Total,08126 Montgat,2022,12.277
Total,08126 Montgat,2021,12.260
Total,08126 Montgat,2020,12.200
Total,08126 Montgat,2019,12.041
Total,08126 Montgat,2018,11.819
Total,08126 Montgat,2017,11.748
Total,08126 Montgat,2016,11.621
Total,08132 Montmajor,2025,473
Total,08132 Montmajor,2024,472
Total,08132 Montmajor,2023,482
Total,08132 Montmajor,2022,484
Total,08132 Montmajor,2021,472
Total,08132 Montmajor,2020,469
Total,08132 Montmajor,2019,464
Total,08132 Montmajor,2018,465
Total,08132 Montmajor,2017,459
Total,08132 Montmajor,2016,471
Total,08133 Montmaneu,2025,181
Total,08133 Montmaneu,2024,200
Total,08133 Montmaneu,2023,198
Total,08133 Montmaneu,2022,166
Total,08133 Montmaneu,2021,158
Total,08133 Montmaneu,2020,151
Total,08133 Montmaneu,2019,150
Total,08133 Montmaneu,2018,154
Total,08133 Montmaneu,2017,153
Total,08133 Montmaneu,2016,151
Total,08135 Montmeló,2025,8.886
Total,08135 Montmeló,2024,8.906
Total,08135 Montmeló,2023,8.825
Total,08135 Montmeló,2022,8.793
Total,08135 Montmeló,2021,8.798
Total,08135 Montmeló,2020,8.831
Total,08135 Montmeló,2019,8.755
Total,08135 Montmeló,2018,8.784
Total,08135 Montmeló,2017,8.748
Total,08135 Montmeló,2016,8.784
Total,08136 Montornès del Vallès,2025,17.102
Total,08136 Montornès del Vallès,2024,17.089
Total,08136 Montornès del Vallès,2023,16.800
Total,08136 Montornès del Vallès,2022,16.707
Total,08136 Montornès del Vallès,2021,16.804
Total,08136 Montornès del Vallès,2020,16.644
Total,08136 Montornès del Vallès,2019,16.393
Total,08136 Montornès del Vallès,2018,16.263
Total,08136 Montornès del Vallès,2017,16.240
Total,08136 Montornès del Vallès,2016,16.218
Total,08137 Montseny,2025,388
Total,08137 Montseny,2024,380
Total,08137 Montseny,2023,379
Total,08137 Montseny,2022,370
Total,08137 Montseny,2021,362
Total,08137 Montseny,2020,351
Total,08137 Montseny,2019,342
Total,08137 Montseny,2018,321
Total,08137 Montseny,2017,343
Total,08137 Montseny,2016,320
Total,08129 Muntanyola,2025,697
Total,08129 Muntanyola,2024,712
Total,08129 Muntanyola,2023,721
Total,08129 Muntanyola,2022,700
Total,08129 Muntanyola,2021,655
Total,08129 Muntanyola,2020,632
Total,08129 Muntanyola,2019,634
Total,08129 Muntanyola,2018,620
Total,08129 Muntanyola,2017,613
Total,08129 Muntanyola,2016,604
Total,08139 Mura,2025,235
Total,08139 Mura,2024,232
Total,08139 Mura,2023,228
Total,08139 Mura,2022,232
Total,08139 Mura,2021,231
Total,08139 Mura,2020,220
Total,08139 Mura,2019,224
Total,08139 Mura,2018,223
Total,08139 Mura,2017,227
Total,08139 Mura,2016,219
Total,08140 Navarcles,2025,6.276
Total,08140 Navarcles,2024,6.160
Total,08140 Navarcles,2023,6.109
Total,08140 Navarcles,2022,6.067
Total,08140 Navarcles,2021,6.068
Total,08140 Navarcles,2020,6.057
Total,08140 Navarcles,2019,5.977
Total,08140 Navarcles,2018,5.966
Total,08140 Navarcles,2017,5.950
Total,08140 Navarcles,2016,5.988
Total,08141 Navàs,2025,6.238
Total,08141 Navàs,2024,6.185
Total,08141 Navàs,2023,6.150
Total,08141 Navàs,2022,6.018
Total,08141 Navàs,2021,5.973
Total,08141 Navàs,2020,6.018
Total,08141 Navàs,2019,6.020
Total,08141 Navàs,2018,6.023
Total,08141 Navàs,2017,6.020
Total,08141 Navàs,2016,6.045
Total,"08142 Nou de Berguedà, La",2025,163
Total,"08142 Nou de Berguedà, La",2024,163
Total,"08142 Nou de Berguedà, La",2023,170
Total,"08142 Nou de Berguedà, La",2022,179
Total,"08142 Nou de Berguedà, La",2021,176
Total,"08142 Nou de Berguedà, La",2020,162
Total,"08142 Nou de Berguedà, La",2019,161
Total,"08142 Nou de Berguedà, La",2018,160
Total,"08142 Nou de Berguedà, La",2017,157
Total,"08142 Nou de Berguedà, La",2016,151
Total,08143 Òdena,2025,3.760
Total,08143 Òdena,2024,3.710
Total,08143 Òdena,2023,3.720
Total,08143 Òdena,2022,3.728
Total,08143 Òdena,2021,3.681
Total,08143 Òdena,2020,3.668
Total,08143 Òdena,2019,3.643
Total,08143 Òdena,2018,3.608
Total,08143 Òdena,2017,3.614
Total,08143 Òdena,2016,3.607
Total,08145 Olèrdola,2025,3.945
Total,08145 Olèrdola,2024,3.946
Total,08145 Olèrdola,2023,3.968
Total,08145 Olèrdola,2022,3.884
Total,08145 Olèrdola,2021,3.847
Total,08145 Olèrdola,2020,3.768
Total,08145 Olèrdola,2019,3.692
Total,08145 Olèrdola,2018,3.611
Total,08145 Olèrdola,2017,3.565
Total,08145 Olèrdola,2016,3.529
Total,08146 Olesa de Bonesvalls,2025,2.135
Total,08146 Olesa de Bonesvalls,2024,2.093
Total,08146 Olesa de Bonesvalls,2023,2.110
Total,08146 Olesa de Bonesvalls,2022,2.016
Total,08146 Olesa de Bonesvalls,2021,1.923
Total,08146 Olesa de Bonesvalls,2020,1.840
Total,08146 Olesa de Bonesvalls,2019,1.810
Total,08146 Olesa de Bonesvalls,2018,1.787
Total,08146 Olesa de Bonesvalls,2017,1.734
Total,08146 Olesa de Bonesvalls,2016,1.723
Total,08147 Olesa de Montserrat,2025,24.966
Total,08147 Olesa de Montserrat,2024,24.677
Total,08147 Olesa de Montserrat,2023,24.446
Total,08147 Olesa de Montserrat,2022,24.272
Total,08147 Olesa de Montserrat,2021,24.132
Total,08147 Olesa de Montserrat,2020,24.144
Total,08147 Olesa de Montserrat,2019,23.904
Total,08147 Olesa de Montserrat,2018,23.779
Total,08147 Olesa de Montserrat,2017,23.552
Total,08147 Olesa de Montserrat,2016,23.645
Total,08148 Olivella,2025,4.435
Total,08148 Olivella,2024,4.419
Total,08148 Olivella,2023,4.414
Total,08148 Olivella,2022,4.339
Total,08148 Olivella,2021,4.127
Total,08148 Olivella,2020,3.935
Total,08148 Olivella,2019,3.799
Total,08148 Olivella,2018,3.729
Total,08148 Olivella,2017,3.655
Total,08148 Olivella,2016,3.569
Total,08149 Olost,2025,1.209
Total,08149 Olost,2024,1.216
Total,08149 Olost,2023,1.218
Total,08149 Olost,2022,1.206
Total,08149 Olost,2021,1.190
Total,08149 Olost,2020,1.202
Total,08149 Olost,2019,1.198
Total,08149 Olost,2018,1.188
Total,08149 Olost,2017,1.197
Total,08149 Olost,2016,1.185
Total,08144 Olvan,2025,924
Total,08144 Olvan,2024,913
Total,08144 Olvan,2023,890
Total,08144 Olvan,2022,876
Total,08144 Olvan,2021,874
Total,08144 Olvan,2020,858
Total,08144 Olvan,2019,854
Total,08144 Olvan,2018,837
Total,08144 Olvan,2017,844
Total,08144 Olvan,2016,855
Total,08150 Orís,2025,355
Total,08150 Orís,2024,350
Total,08150 Orís,2023,355
Total,08150 Orís,2022,347
Total,08150 Orís,2021,339
Total,08150 Orís,2020,322
Total,08150 Orís,2019,315
Total,08150 Orís,2018,310
Total,08150 Orís,2017,316
Total,08150 Orís,2016,310
Total,08151 Oristà,2025,555
Total,08151 Oristà,2024,569
Total,08151 Oristà,2023,587
Total,08151 Oristà,2022,573
Total,08151 Oristà,2021,547
Total,08151 Oristà,2020,549
Total,08151 Oristà,2019,541
Total,08151 Oristà,2018,537
Total,08151 Oristà,2017,547
Total,08151 Oristà,2016,547
Total,08152 Orpí,2025,175
Total,08152 Orpí,2024,178
Total,08152 Orpí,2023,163
Total,08152 Orpí,2022,159
Total,08152 Orpí,2021,154
Total,08152 Orpí,2020,151
Total,08152 Orpí,2019,147
Total,08152 Orpí,2018,136
Total,08152 Orpí,2017,134
Total,08152 Orpí,2016,139
Total,08153 Òrrius,2025,812
Total,08153 Òrrius,2024,805
Total,08153 Òrrius,2023,799
Total,08153 Òrrius,2022,793
Total,08153 Òrrius,2021,779
Total,08153 Òrrius,2020,758
Total,08153 Òrrius,2019,739
Total,08153 Òrrius,2018,730
Total,08153 Òrrius,2017,694
Total,08153 Òrrius,2016,702
Total,08154 Pacs del Penedès,2025,932
Total,08154 Pacs del Penedès,2024,935
Total,08154 Pacs del Penedès,2023,909
Total,08154 Pacs del Penedès,2022,935
Total,08154 Pacs del Penedès,2021,915
Total,08154 Pacs del Penedès,2020,918
Total,08154 Pacs del Penedès,2019,922
Total,08154 Pacs del Penedès,2018,908
Total,08154 Pacs del Penedès,2017,902
Total,08154 Pacs del Penedès,2016,894
Total,08155 Palafolls,2025,10.038
Total,08155 Palafolls,2024,9.938
Total,08155 Palafolls,2023,9.819
Total,08155 Palafolls,2022,9.661
Total,08155 Palafolls,2021,9.646
Total,08155 Palafolls,2020,9.613
Total,08155 Palafolls,2019,9.405
Total,08155 Palafolls,2018,9.256
Total,08155 Palafolls,2017,9.171
Total,08155 Palafolls,2016,9.133
Total,08156 Palau-solità i Plegamans,2025,15.614
Total,08156 Palau-solità i Plegamans,2024,15.456
Total,08156 Palau-solità i Plegamans,2023,15.130
Total,08156 Palau-solità i Plegamans,2022,14.911
Total,08156 Palau-solità i Plegamans,2021,14.917
Total,08156 Palau-solità i Plegamans,2020,14.892
Total,08156 Palau-solità i Plegamans,2019,14.771
Total,08156 Palau-solità i Plegamans,2018,14.636
Total,08156 Palau-solità i Plegamans,2017,14.626
Total,08156 Palau-solità i Plegamans,2016,14.494
Total,08157 Pallejà,2025,12.006
Total,08157 Pallejà,2024,11.825
Total,08157 Pallejà,2023,11.736
Total,08157 Pallejà,2022,11.593
Total,08157 Pallejà,2021,11.636
Total,08157 Pallejà,2020,11.622
Total,08157 Pallejà,2019,11.508
Total,08157 Pallejà,2018,11.486
Total,08157 Pallejà,2017,11.416
Total,08157 Pallejà,2016,11.348
Total,"08905 Palma de Cervelló, La",2025,3.056
Total,"08905 Palma de Cervelló, La",2024,3.044
Total,"08905 Palma de Cervelló, La",2023,3.040
Total,"08905 Palma de Cervelló, La",2022,3.026
Total,"08905 Palma de Cervelló, La",2021,3.015
Total,"08905 Palma de Cervelló, La",2020,2.992
Total,"08905 Palma de Cervelló, La",2019,2.954
Total,"08905 Palma de Cervelló, La",2018,2.982
Total,"08905 Palma de Cervelló, La",2017,2.998
Total,"08905 Palma de Cervelló, La",2016,3.000
Total,"08158 Papiol, El",2025,4.404
Total,"08158 Papiol, El",2024,4.363
Total,"08158 Papiol, El",2023,4.325
Total,"08158 Papiol, El",2022,4.274
Total,"08158 Papiol, El",2021,4.232
Total,"08158 Papiol, El",2020,4.172
Total,"08158 Papiol, El",2019,4.145
Total,"08158 Papiol, El",2018,4.103
Total,"08158 Papiol, El",2017,4.102
Total,"08158 Papiol, El",2016,4.075
Total,08159 Parets del Vallès,2025,18.885
Total,08159 Parets del Vallès,2024,18.881
Total,08159 Parets del Vallès,2023,18.893
Total,08159 Parets del Vallès,2022,18.889
Total,08159 Parets del Vallès,2021,18.907
Total,08159 Parets del Vallès,2020,19.071
Total,08159 Parets del Vallès,2019,19.082
Total,08159 Parets del Vallès,2018,19.041
Total,08159 Parets del Vallès,2017,18.970
Total,08159 Parets del Vallès,2016,18.837
Total,08160 Perafita,2025,433
Total,08160 Perafita,2024,438
Total,08160 Perafita,2023,423
Total,08160 Perafita,2022,418
Total,08160 Perafita,2021,412
Total,08160 Perafita,2020,405
Total,08160 Perafita,2019,395
Total,08160 Perafita,2018,412
Total,08160 Perafita,2017,411
Total,08160 Perafita,2016,411
Total,08161 Piera,2025,17.880
Total,08161 Piera,2024,17.555
Total,08161 Piera,2023,17.203
Total,08161 Piera,2022,16.787
Total,08161 Piera,2021,16.411
Total,08161 Piera,2020,16.134
Total,08161 Piera,2019,15.603
Total,08161 Piera,2018,15.362
Total,08161 Piera,2017,15.194
Total,08161 Piera,2016,15.001
Total,08163 Pineda de Mar,2025,30.108
Total,08163 Pineda de Mar,2024,29.455
Total,08163 Pineda de Mar,2023,28.751
Total,08163 Pineda de Mar,2022,28.083
Total,08163 Pineda de Mar,2021,27.974
Total,08163 Pineda de Mar,2020,27.984
Total,08163 Pineda de Mar,2019,27.272
Total,08163 Pineda de Mar,2018,26.659
Total,08163 Pineda de Mar,2017,26.349
Total,08163 Pineda de Mar,2016,26.240
Total,"08164 Pla del Penedès, El",2025,1.393
Total,"08164 Pla del Penedès, El",2024,1.352
Total,"08164 Pla del Penedès, El",2023,1.317
Total,"08164 Pla del Penedès, El",2022,1.335
Total,"08164 Pla del Penedès, El",2021,1.306
Total,"08164 Pla del Penedès, El",2020,1.275
Total,"08164 Pla del Penedès, El",2019,1.256
Total,"08164 Pla del Penedès, El",2018,1.259
Total,"08164 Pla del Penedès, El",2017,1.232
Total,"08164 Pla del Penedès, El",2016,1.253
Total,"08165 Pobla de Claramunt, La",2025,2.350
Total,"08165 Pobla de Claramunt, La",2024,2.353
Total,"08165 Pobla de Claramunt, La",2023,2.309
Total,"08165 Pobla de Claramunt, La",2022,2.275
Total,"08165 Pobla de Claramunt, La",2021,2.207
Total,"08165 Pobla de Claramunt, La",2020,2.185
Total,"08165 Pobla de Claramunt, La",2019,2.193
Total,"08165 Pobla de Claramunt, La",2018,2.177
Total,"08165 Pobla de Claramunt, La",2017,2.190
Total,"08165 Pobla de Claramunt, La",2016,2.159
Total,"08166 Pobla de Lillet, La",2025,1.105
Total,"08166 Pobla de Lillet, La",2024,1.109
Total,"08166 Pobla de Lillet, La",2023,1.089
Total,"08166 Pobla de Lillet, La",2022,1.079
Total,"08166 Pobla de Lillet, La",2021,1.063
Total,"08166 Pobla de Lillet, La",2020,1.093
Total,"08166 Pobla de Lillet, La",2019,1.095
Total,"08166 Pobla de Lillet, La",2018,1.101
Total,"08166 Pobla de Lillet, La",2017,1.097
Total,"08166 Pobla de Lillet, La",2016,1.110
Total,08167 Polinyà,2025,8.581
Total,08167 Polinyà,2024,8.555
Total,08167 Polinyà,2023,8.482
Total,08167 Polinyà,2022,8.451
Total,08167 Polinyà,2021,8.494
Total,08167 Polinyà,2020,8.504
Total,08167 Polinyà,2019,8.479
Total,08167 Polinyà,2018,8.389
Total,08167 Polinyà,2017,8.383
Total,08167 Polinyà,2016,8.300
Total,"08182 Pont de Vilomara i Rocafort, El",2025,4.193
Total,"08182 Pont de Vilomara i Rocafort, El",2024,4.140
Total,"08182 Pont de Vilomara i Rocafort, El",2023,4.101
Total,"08182 Pont de Vilomara i Rocafort, El",2022,4.024
Total,"08182 Pont de Vilomara i Rocafort, El",2021,4.016
Total,"08182 Pont de Vilomara i Rocafort, El",2020,3.907
Total,"08182 Pont de Vilomara i Rocafort, El",2019,3.830
Total,"08182 Pont de Vilomara i Rocafort, El",2018,3.801
Total,"08182 Pont de Vilomara i Rocafort, El",2017,3.794
Total,"08182 Pont de Vilomara i Rocafort, El",2016,3.724
Total,08168 Pontons,2025,516
Total,08168 Pontons,2024,518
Total,08168 Pontons,2023,523
Total,08168 Pontons,2022,507
Total,08168 Pontons,2021,523
Total,08168 Pontons,2020,528
Total,08168 Pontons,2019,532
Total,08168 Pontons,2018,458
Total,08168 Pontons,2017,456
Total,08168 Pontons,2016,453
Total,"08169 Prat de Llobregat, El",2025,66.338
Total,"08169 Prat de Llobregat, El",2024,66.184
Total,"08169 Prat de Llobregat, El",2023,65.516
Total,"08169 Prat de Llobregat, El",2022,65.030
Total,"08169 Prat de Llobregat, El",2021,65.532
Total,"08169 Prat de Llobregat, El",2020,65.385
Total,"08169 Prat de Llobregat, El",2019,64.599
Total,"08169 Prat de Llobregat, El",2018,64.132
Total,"08169 Prat de Llobregat, El",2017,63.897
Total,"08169 Prat de Llobregat, El",2016,63.457
Total,08171 Prats de Lluçanès,2025,2.761
Total,08171 Prats de Lluçanès,2024,2.688
Total,08171 Prats de Lluçanès,2023,2.681
Total,08171 Prats de Lluçanès,2022,2.627
Total,08171 Prats de Lluçanès,2021,2.634
Total,08171 Prats de Lluçanès,2020,2.604
Total,08171 Prats de Lluçanès,2019,2.569
Total,08171 Prats de Lluçanès,2018,2.537
Total,08171 Prats de Lluçanès,2017,2.533
Total,08171 Prats de Lluçanès,2016,2.565
Total,"08170 Prats de Rei, Els",2025,554
Total,"08170 Prats de Rei, Els",2024,553
Total,"08170 Prats de Rei, Els",2023,558
Total,"08170 Prats de Rei, Els",2022,554
Total,"08170 Prats de Rei, Els",2021,551
Total,"08170 Prats de Rei, Els",2020,537
Total,"08170 Prats de Rei, Els",2019,532
Total,"08170 Prats de Rei, Els",2018,545
Total,"08170 Prats de Rei, Els",2017,535
Total,"08170 Prats de Rei, Els",2016,535
Total,08230 Premià de Dalt,2025,10.632
Total,08230 Premià de Dalt,2024,10.594
Total,08230 Premià de Dalt,2023,10.532
Total,08230 Premià de Dalt,2022,10.400
Total,08230 Premià de Dalt,2021,10.419
Total,08230 Premià de Dalt,2020,10.441
Total,08230 Premià de Dalt,2019,10.448
Total,08230 Premià de Dalt,2018,10.429
Total,08230 Premià de Dalt,2017,10.345
Total,08230 Premià de Dalt,2016,10.446
Total,08172 Premià de Mar,2025,29.431
Total,08172 Premià de Mar,2024,28.951
Total,08172 Premià de Mar,2023,28.767
Total,08172 Premià de Mar,2022,28.518
Total,08172 Premià de Mar,2021,28.523
Total,08172 Premià de Mar,2020,28.531
Total,08172 Premià de Mar,2019,28.119
Total,08172 Premià de Mar,2018,28.071
Total,08172 Premià de Mar,2017,28.049
Total,08172 Premià de Mar,2016,27.866
Total,08174 Puigdàlber,2025,621
Total,08174 Puigdàlber,2024,629
Total,08174 Puigdàlber,2023,571
Total,08174 Puigdàlber,2022,555
Total,08174 Puigdàlber,2021,551
Total,08174 Puigdàlber,2020,524
Total,08174 Puigdàlber,2019,526
Total,08174 Puigdàlber,2018,518
Total,08174 Puigdàlber,2017,506
Total,08174 Puigdàlber,2016,512
Total,08175 Puig-reig,2025,4.565
Total,08175 Puig-reig,2024,4.489
Total,08175 Puig-reig,2023,4.399
Total,08175 Puig-reig,2022,4.327
Total,08175 Puig-reig,2021,4.289
Total,08175 Puig-reig,2020,4.295
Total,08175 Puig-reig,2019,4.178
Total,08175 Puig-reig,2018,4.094
Total,08175 Puig-reig,2017,4.086
Total,08175 Puig-reig,2016,4.123
Total,08176 Pujalt,2025,204
Total,08176 Pujalt,2024,210
Total,08176 Pujalt,2023,219
Total,08176 Pujalt,2022,204
Total,08176 Pujalt,2021,206
Total,08176 Pujalt,2020,210
Total,08176 Pujalt,2019,210
Total,08176 Pujalt,2018,207
Total,08176 Pujalt,2017,203
Total,08176 Pujalt,2016,198
Total,"08177 Quar, La",2025,41
Total,"08177 Quar, La",2024,42
Total,"08177 Quar, La",2023,40
Total,"08177 Quar, La",2022,47
Total,"08177 Quar, La",2021,51
Total,"08177 Quar, La",2020,49
Total,"08177 Quar, La",2019,53
Total,"08177 Quar, La",2018,60
Total,"08177 Quar, La",2017,57
Total,"08177 Quar, La",2016,54
Total,08178 Rajadell,2025,597
Total,08178 Rajadell,2024,594
Total,08178 Rajadell,2023,571
Total,08178 Rajadell,2022,545
Total,08178 Rajadell,2021,549
Total,08178 Rajadell,2020,534
Total,08178 Rajadell,2019,548
Total,08178 Rajadell,2018,539
Total,08178 Rajadell,2017,536
Total,08178 Rajadell,2016,533
Total,08179 Rellinars,2025,926
Total,08179 Rellinars,2024,920
Total,08179 Rellinars,2023,923
Total,08179 Rellinars,2022,915
Total,08179 Rellinars,2021,868
Total,08179 Rellinars,2020,809
Total,08179 Rellinars,2019,780
Total,08179 Rellinars,2018,747
Total,08179 Rellinars,2017,735
Total,08179 Rellinars,2016,723
Total,08180 Ripollet,2025,39.897
Total,08180 Ripollet,2024,39.462
Total,08180 Ripollet,2023,39.269
Total,08180 Ripollet,2022,39.031
Total,08180 Ripollet,2021,39.139
Total,08180 Ripollet,2020,39.179
Total,08180 Ripollet,2019,38.665
Total,08180 Ripollet,2018,38.347
Total,08180 Ripollet,2017,37.899
Total,08180 Ripollet,2016,37.648
Total,"08181 Roca del Vallès, La",2025,11.014
Total,"08181 Roca del Vallès, La",2024,10.962
Total,"08181 Roca del Vallès, La",2023,10.913
Total,"08181 Roca del Vallès, La",2022,10.776
Total,"08181 Roca del Vallès, La",2021,10.676
Total,"08181 Roca del Vallès, La",2020,10.754
Total,"08181 Roca del Vallès, La",2019,10.650
Total,"08181 Roca del Vallès, La",2018,10.666
Total,"08181 Roca del Vallès, La",2017,10.536
Total,"08181 Roca del Vallès, La",2016,10.599
Total,08183 Roda de Ter,2025,6.937
Total,08183 Roda de Ter,2024,6.900
Total,08183 Roda de Ter,2023,6.680
Total,08183 Roda de Ter,2022,6.555
Total,08183 Roda de Ter,2021,6.449
Total,08183 Roda de Ter,2020,6.490
Total,08183 Roda de Ter,2019,6.301
Total,08183 Roda de Ter,2018,6.197
Total,08183 Roda de Ter,2017,6.125
Total,08183 Roda de Ter,2016,6.116
Total,08184 Rubí,2025,82.823
Total,08184 Rubí,2024,81.532
Total,08184 Rubí,2023,80.044
Total,08184 Rubí,2022,79.007
Total,08184 Rubí,2021,78.549
Total,08184 Rubí,2020,78.591
Total,08184 Rubí,2019,77.464
Total,08184 Rubí,2018,76.423
Total,08184 Rubí,2017,75.568
Total,08184 Rubí,2016,75.167
Total,08185 Rubió,2025,225
Total,08185 Rubió,2024,237
Total,08185 Rubió,2023,254
Total,08185 Rubió,2022,244
Total,08185 Rubió,2021,236
Total,08185 Rubió,2020,239
Total,08185 Rubió,2019,239
Total,08185 Rubió,2018,232
Total,08185 Rubió,2017,230
Total,08185 Rubió,2016,231
Total,08901 Rupit i Pruit,2025,280
Total,08901 Rupit i Pruit,2024,281
Total,08901 Rupit i Pruit,2023,277
Total,08901 Rupit i Pruit,2022,279
Total,08901 Rupit i Pruit,2021,296
Total,08901 Rupit i Pruit,2020,271
Total,08901 Rupit i Pruit,2019,279
Total,08901 Rupit i Pruit,2018,279
Total,08901 Rupit i Pruit,2017,281
Total,08901 Rupit i Pruit,2016,277
Total,08187 Sabadell,2025,225.368
Total,08187 Sabadell,2024,222.177
Total,08187 Sabadell,2023,218.300
Total,08187 Sabadell,2022,215.760
Total,08187 Sabadell,2021,216.204
Total,08187 Sabadell,2020,216.520
Total,08187 Sabadell,2019,213.644
Total,08187 Sabadell,2018,211.734
Total,08187 Sabadell,2017,209.931
Total,08187 Sabadell,2016,208.246
Total,08188 Sagàs,2025,154
Total,08188 Sagàs,2024,153
Total,08188 Sagàs,2023,151
Total,08188 Sagàs,2022,157
Total,08188 Sagàs,2021,151
Total,08188 Sagàs,2020,145
Total,08188 Sagàs,2019,148
Total,08188 Sagàs,2018,161
Total,08188 Sagàs,2017,155
Total,08188 Sagàs,2016,152
Total,08190 Saldes,2025,302
Total,08190 Saldes,2024,301
Total,08190 Saldes,2023,303
Total,08190 Saldes,2022,298
Total,08190 Saldes,2021,283
Total,08190 Saldes,2020,278
Total,08190 Saldes,2019,274
Total,08190 Saldes,2018,265
Total,08190 Saldes,2017,275
Total,08190 Saldes,2016,276
Total,08191 Sallent,2025,7.030
Total,08191 Sallent,2024,6.927
Total,08191 Sallent,2023,6.835
Total,08191 Sallent,2022,6.805
Total,08191 Sallent,2021,6.717
Total,08191 Sallent,2020,6.735
Total,08191 Sallent,2019,6.658
Total,08191 Sallent,2018,6.636
Total,08191 Sallent,2017,6.594
Total,08191 Sallent,2016,6.592
Total,08194 Sant Adrià de Besòs,2025,39.323
Total,08194 Sant Adrià de Besòs,2024,38.490
Total,08194 Sant Adrià de Besòs,2023,37.925
Total,08194 Sant Adrià de Besòs,2022,36.918
Total,08194 Sant Adrià de Besòs,2021,37.283
Total,08194 Sant Adrià de Besòs,2020,37.447
Total,08194 Sant Adrià de Besòs,2019,37.097
Total,08194 Sant Adrià de Besòs,2018,36.669
Total,08194 Sant Adrià de Besòs,2017,36.624
Total,08194 Sant Adrià de Besòs,2016,36.496
Total,08195 Sant Agustí de Lluçanès,2025,106
Total,08195 Sant Agustí de Lluçanès,2024,108
Total,08195 Sant Agustí de Lluçanès,2023,109
Total,08195 Sant Agustí de Lluçanès,2022,100
Total,08195 Sant Agustí de Lluçanès,2021,92
Total,08195 Sant Agustí de Lluçanès,2020,89
Total,08195 Sant Agustí de Lluçanès,2019,85
Total,08195 Sant Agustí de Lluçanès,2018,87
Total,08195 Sant Agustí de Lluçanès,2017,86
Total,08195 Sant Agustí de Lluçanès,2016,92
Total,08196 Sant Andreu de la Barca,2025,27.094
Total,08196 Sant Andreu de la Barca,2024,27.062
Total,08196 Sant Andreu de la Barca,2023,26.910
Total,08196 Sant Andreu de la Barca,2022,26.965
Total,08196 Sant Andreu de la Barca,2021,27.175
Total,08196 Sant Andreu de la Barca,2020,27.569
Total,08196 Sant Andreu de la Barca,2019,27.558
Total,08196 Sant Andreu de la Barca,2018,27.332
Total,08196 Sant Andreu de la Barca,2017,27.303
Total,08196 Sant Andreu de la Barca,2016,27.434
Total,08197 Sant Andreu de Llavaneres,2025,11.938
Total,08197 Sant Andreu de Llavaneres,2024,11.933
Total,08197 Sant Andreu de Llavaneres,2023,11.831
Total,08197 Sant Andreu de Llavaneres,2022,11.593
Total,08197 Sant Andreu de Llavaneres,2021,11.150
Total,08197 Sant Andreu de Llavaneres,2020,11.133
Total,08197 Sant Andreu de Llavaneres,2019,10.968
Total,08197 Sant Andreu de Llavaneres,2018,10.877
Total,08197 Sant Andreu de Llavaneres,2017,10.758
Total,08197 Sant Andreu de Llavaneres,2016,10.663
Total,08198 Sant Antoni de Vilamajor,2025,6.724
Total,08198 Sant Antoni de Vilamajor,2024,6.668
Total,08198 Sant Antoni de Vilamajor,2023,6.577
Total,08198 Sant Antoni de Vilamajor,2022,6.483
Total,08198 Sant Antoni de Vilamajor,2021,6.383
Total,08198 Sant Antoni de Vilamajor,2020,6.208
Total,08198 Sant Antoni de Vilamajor,2019,6.135
Total,08198 Sant Antoni de Vilamajor,2018,6.095
Total,08198 Sant Antoni de Vilamajor,2017,6.005
Total,08198 Sant Antoni de Vilamajor,2016,5.862
Total,08199 Sant Bartomeu del Grau,2025,933
Total,08199 Sant Bartomeu del Grau,2024,943
Total,08199 Sant Bartomeu del Grau,2023,945
Total,08199 Sant Bartomeu del Grau,2022,924
Total,08199 Sant Bartomeu del Grau,2021,913
Total,08199 Sant Bartomeu del Grau,2020,884
Total,08199 Sant Bartomeu del Grau,2019,858
Total,08199 Sant Bartomeu del Grau,2018,840
Total,08199 Sant Bartomeu del Grau,2017,858
Total,08199 Sant Bartomeu del Grau,2016,850
Total,08200 Sant Boi de Llobregat,2025,85.610
Total,08200 Sant Boi de Llobregat,2024,84.831
Total,08200 Sant Boi de Llobregat,2023,83.919
Total,08200 Sant Boi de Llobregat,2022,83.371
Total,08200 Sant Boi de Llobregat,2021,83.755
Total,08200 Sant Boi de Llobregat,2020,84.500
Total,08200 Sant Boi de Llobregat,2019,83.605
Total,08200 Sant Boi de Llobregat,2018,82.904
Total,08200 Sant Boi de Llobregat,2017,82.142
Total,08200 Sant Boi de Llobregat,2016,82.402
Total,08201 Sant Boi de Lluçanès,2025,602
Total,08201 Sant Boi de Lluçanès,2024,575
Total,08201 Sant Boi de Lluçanès,2023,572
Total,08201 Sant Boi de Lluçanès,2022,575
Total,08201 Sant Boi de Lluçanès,2021,573
Total,08201 Sant Boi de Lluçanès,2020,580
Total,08201 Sant Boi de Lluçanès,2019,541
Total,08201 Sant Boi de Lluçanès,2018,532
Total,08201 Sant Boi de Lluçanès,2017,515
Total,08201 Sant Boi de Lluçanès,2016,527
Total,08203 Sant Cebrià de Vallalta,2025,3.872
Total,08203 Sant Cebrià de Vallalta,2024,3.828
Total,08203 Sant Cebrià de Vallalta,2023,3.792
Total,08203 Sant Cebrià de Vallalta,2022,3.619
Total,08203 Sant Cebrià de Vallalta,2021,3.570
Total,08203 Sant Cebrià de Vallalta,2020,3.438
Total,08203 Sant Cebrià de Vallalta,2019,3.385
Total,08203 Sant Cebrià de Vallalta,2018,3.344
Total,08203 Sant Cebrià de Vallalta,2017,3.310
Total,08203 Sant Cebrià de Vallalta,2016,3.329
Total,08202 Sant Celoni,2025,18.977
Total,08202 Sant Celoni,2024,18.761
Total,08202 Sant Celoni,2023,18.479
Total,08202 Sant Celoni,2022,18.285
Total,08202 Sant Celoni,2021,18.176
Total,08202 Sant Celoni,2020,18.136
Total,08202 Sant Celoni,2019,17.904
Total,08202 Sant Celoni,2018,17.754
Total,08202 Sant Celoni,2017,17.588
Total,08202 Sant Celoni,2016,17.540
Total,08204 Sant Climent de Llobregat,2025,4.187
Total,08204 Sant Climent de Llobregat,2024,4.182
Total,08204 Sant Climent de Llobregat,2023,4.190
Total,08204 Sant Climent de Llobregat,2022,4.170
Total,08204 Sant Climent de Llobregat,2021,4.193
Total,08204 Sant Climent de Llobregat,2020,4.160
Total,08204 Sant Climent de Llobregat,2019,4.129
Total,08204 Sant Climent de Llobregat,2018,4.107
Total,08204 Sant Climent de Llobregat,2017,4.038
Total,08204 Sant Climent de Llobregat,2016,4.024
Total,08205 Sant Cugat del Vallès,2025,97.983
Total,08205 Sant Cugat del Vallès,2024,98.621
Total,08205 Sant Cugat del Vallès,2023,97.530
Total,08205 Sant Cugat del Vallès,2022,95.725
Total,08205 Sant Cugat del Vallès,2021,94.012
Total,08205 Sant Cugat del Vallès,2020,92.977
Total,08205 Sant Cugat del Vallès,2019,91.006
Total,08205 Sant Cugat del Vallès,2018,90.664
Total,08205 Sant Cugat del Vallès,2017,89.516
Total,08205 Sant Cugat del Vallès,2016,88.921
Total,08206 Sant Cugat Sesgarrigues,2025,1.038
Total,08206 Sant Cugat Sesgarrigues,2024,1.031
Total,08206 Sant Cugat Sesgarrigues,2023,1.026
Total,08206 Sant Cugat Sesgarrigues,2022,1.009
Total,08206 Sant Cugat Sesgarrigues,2021,1.004
Total,08206 Sant Cugat Sesgarrigues,2020,1.009
Total,08206 Sant Cugat Sesgarrigues,2019,1.007
Total,08206 Sant Cugat Sesgarrigues,2018,989
Total,08206 Sant Cugat Sesgarrigues,2017,980
Total,08206 Sant Cugat Sesgarrigues,2016,973
Total,08207 Sant Esteve de Palautordera,2025,3.099
Total,08207 Sant Esteve de Palautordera,2024,3.080
Total,08207 Sant Esteve de Palautordera,2023,3.045
Total,08207 Sant Esteve de Palautordera,2022,3.043
Total,08207 Sant Esteve de Palautordera,2021,2.997
Total,08207 Sant Esteve de Palautordera,2020,2.864
Total,08207 Sant Esteve de Palautordera,2019,2.820
Total,08207 Sant Esteve de Palautordera,2018,2.749
Total,08207 Sant Esteve de Palautordera,2017,2.648
Total,08207 Sant Esteve de Palautordera,2016,2.599
Total,08208 Sant Esteve Sesrovires,2025,8.121
Total,08208 Sant Esteve Sesrovires,2024,8.060
Total,08208 Sant Esteve Sesrovires,2023,7.906
Total,08208 Sant Esteve Sesrovires,2022,7.889
Total,08208 Sant Esteve Sesrovires,2021,7.771
Total,08208 Sant Esteve Sesrovires,2020,7.696
Total,08208 Sant Esteve Sesrovires,2019,7.612
Total,08208 Sant Esteve Sesrovires,2018,7.800
Total,08208 Sant Esteve Sesrovires,2017,7.670
Total,08208 Sant Esteve Sesrovires,2016,7.644
Total,08210 Sant Feliu de Codines,2025,6.827
Total,08210 Sant Feliu de Codines,2024,6.661
Total,08210 Sant Feliu de Codines,2023,6.527
Total,08210 Sant Feliu de Codines,2022,6.460
Total,08210 Sant Feliu de Codines,2021,6.406
Total,08210 Sant Feliu de Codines,2020,6.363
Total,08210 Sant Feliu de Codines,2019,6.259
Total,08210 Sant Feliu de Codines,2018,6.184
Total,08210 Sant Feliu de Codines,2017,6.045
Total,08210 Sant Feliu de Codines,2016,5.968
Total,08211 Sant Feliu de Llobregat,2025,46.781
Total,08211 Sant Feliu de Llobregat,2024,46.554
Total,08211 Sant Feliu de Llobregat,2023,46.056
Total,08211 Sant Feliu de Llobregat,2022,45.642
Total,08211 Sant Feliu de Llobregat,2021,45.463
Total,08211 Sant Feliu de Llobregat,2020,45.467
Total,08211 Sant Feliu de Llobregat,2019,44.860
Total,08211 Sant Feliu de Llobregat,2018,44.474
Total,08211 Sant Feliu de Llobregat,2017,44.198
Total,08211 Sant Feliu de Llobregat,2016,44.086
Total,08212 Sant Feliu Sasserra,2025,633
Total,08212 Sant Feliu Sasserra,2024,629
Total,08212 Sant Feliu Sasserra,2023,620
Total,08212 Sant Feliu Sasserra,2022,611
Total,08212 Sant Feliu Sasserra,2021,617
Total,08212 Sant Feliu Sasserra,2020,605
Total,08212 Sant Feliu Sasserra,2019,602
Total,08212 Sant Feliu Sasserra,2018,600
Total,08212 Sant Feliu Sasserra,2017,606
Total,08212 Sant Feliu Sasserra,2016,612
Total,08209 Sant Fost de Campsentelles,2025,9.419
Total,08209 Sant Fost de Campsentelles,2024,9.227
Total,08209 Sant Fost de Campsentelles,2023,9.197
Total,08209 Sant Fost de Campsentelles,2022,9.064
Total,08209 Sant Fost de Campsentelles,2021,8.997
Total,08209 Sant Fost de Campsentelles,2020,8.853
Total,08209 Sant Fost de Campsentelles,2019,8.737
Total,08209 Sant Fost de Campsentelles,2018,8.722
Total,08209 Sant Fost de Campsentelles,2017,8.664
Total,08209 Sant Fost de Campsentelles,2016,8.650
Total,08213 Sant Fruitós de Bages,2025,9.333
Total,08213 Sant Fruitós de Bages,2024,9.248
Total,08213 Sant Fruitós de Bages,2023,9.156
Total,08213 Sant Fruitós de Bages,2022,9.025
Total,08213 Sant Fruitós de Bages,2021,8.936
Total,08213 Sant Fruitós de Bages,2020,8.837
Total,08213 Sant Fruitós de Bages,2019,8.703
Total,08213 Sant Fruitós de Bages,2018,8.593
Total,08213 Sant Fruitós de Bages,2017,8.512
Total,08213 Sant Fruitós de Bages,2016,8.387
Total,08215 Sant Hipòlit de Voltregà,2025,3.666
Total,08215 Sant Hipòlit de Voltregà,2024,3.687
Total,08215 Sant Hipòlit de Voltregà,2023,3.711
Total,08215 Sant Hipòlit de Voltregà,2022,3.644
Total,08215 Sant Hipòlit de Voltregà,2021,3.547
Total,08215 Sant Hipòlit de Voltregà,2020,3.540
Total,08215 Sant Hipòlit de Voltregà,2019,3.484
Total,08215 Sant Hipòlit de Voltregà,2018,3.475
Total,08215 Sant Hipòlit de Voltregà,2017,3.453
Total,08215 Sant Hipòlit de Voltregà,2016,3.462
Total,08193 Sant Iscle de Vallalta,2025,1.477
Total,08193 Sant Iscle de Vallalta,2024,1.458
Total,08193 Sant Iscle de Vallalta,2023,1.441
Total,08193 Sant Iscle de Vallalta,2022,1.433
Total,08193 Sant Iscle de Vallalta,2021,1.438
Total,08193 Sant Iscle de Vallalta,2020,1.342
Total,08193 Sant Iscle de Vallalta,2019,1.332
Total,08193 Sant Iscle de Vallalta,2018,1.313
Total,08193 Sant Iscle de Vallalta,2017,1.295
Total,08193 Sant Iscle de Vallalta,2016,1.292
Total,08216 Sant Jaume de Frontanyà,2025,25
Total,08216 Sant Jaume de Frontanyà,2024,26
Total,08216 Sant Jaume de Frontanyà,2023,29
Total,08216 Sant Jaume de Frontanyà,2022,31
Total,08216 Sant Jaume de Frontanyà,2021,28
Total,08216 Sant Jaume de Frontanyà,2020,30
Total,08216 Sant Jaume de Frontanyà,2019,30
Total,08216 Sant Jaume de Frontanyà,2018,30
Total,08216 Sant Jaume de Frontanyà,2017,30
Total,08216 Sant Jaume de Frontanyà,2016,27
Total,08218 Sant Joan de Vilatorrada,2025,11.133
Total,08218 Sant Joan de Vilatorrada,2024,11.017
Total,08218 Sant Joan de Vilatorrada,2023,10.959
Total,08218 Sant Joan de Vilatorrada,2022,10.820
Total,08218 Sant Joan de Vilatorrada,2021,10.871
Total,08218 Sant Joan de Vilatorrada,2020,10.998
Total,08218 Sant Joan de Vilatorrada,2019,10.936
Total,08218 Sant Joan de Vilatorrada,2018,10.820
Total,08218 Sant Joan de Vilatorrada,2017,10.802
Total,08218 Sant Joan de Vilatorrada,2016,10.759
Total,08217 Sant Joan Despí,2025,35.926
Total,08217 Sant Joan Despí,2024,35.083
Total,08217 Sant Joan Despí,2023,34.568
Total,08217 Sant Joan Despí,2022,34.039
Total,08217 Sant Joan Despí,2021,34.130
Total,08217 Sant Joan Despí,2020,34.267
Total,08217 Sant Joan Despí,2019,34.123
Total,08217 Sant Joan Despí,2018,34.084
Total,08217 Sant Joan Despí,2017,33.873
Total,08217 Sant Joan Despí,2016,33.502
Total,08903 Sant Julià de Cerdanyola,2025,234
Total,08903 Sant Julià de Cerdanyola,2024,232
Total,08903 Sant Julià de Cerdanyola,2023,242
Total,08903 Sant Julià de Cerdanyola,2022,241
Total,08903 Sant Julià de Cerdanyola,2021,235
Total,08903 Sant Julià de Cerdanyola,2020,229
Total,08903 Sant Julià de Cerdanyola,2019,228
Total,08903 Sant Julià de Cerdanyola,2018,244
Total,08903 Sant Julià de Cerdanyola,2017,242
Total,08903 Sant Julià de Cerdanyola,2016,251
Total,08220 Sant Julià de Vilatorta,2025,3.323
Total,08220 Sant Julià de Vilatorta,2024,3.297
Total,08220 Sant Julià de Vilatorta,2023,3.230
Total,08220 Sant Julià de Vilatorta,2022,3.193
Total,08220 Sant Julià de Vilatorta,2021,3.152
Total,08220 Sant Julià de Vilatorta,2020,3.140
Total,08220 Sant Julià de Vilatorta,2019,3.114
Total,08220 Sant Julià de Vilatorta,2018,3.096
Total,08220 Sant Julià de Vilatorta,2017,3.101
Total,08220 Sant Julià de Vilatorta,2016,3.113
Total,08221 Sant Just Desvern,2025,21.037
Total,08221 Sant Just Desvern,2024,20.881
Total,08221 Sant Just Desvern,2023,20.462
Total,08221 Sant Just Desvern,2022,19.806
Total,08221 Sant Just Desvern,2021,19.379
Total,08221 Sant Just Desvern,2020,18.670
Total,08221 Sant Just Desvern,2019,17.805
Total,08221 Sant Just Desvern,2018,17.494
Total,08221 Sant Just Desvern,2017,17.201
Total,08221 Sant Just Desvern,2016,16.927
Total,08222 Sant Llorenç d'Hortons,2025,2.627
Total,08222 Sant Llorenç d'Hortons,2024,2.617
Total,08222 Sant Llorenç d'Hortons,2023,2.572
Total,08222 Sant Llorenç d'Hortons,2022,2.503
Total,08222 Sant Llorenç d'Hortons,2021,2.459
Total,08222 Sant Llorenç d'Hortons,2020,2.428
Total,08222 Sant Llorenç d'Hortons,2019,2.413
Total,08222 Sant Llorenç d'Hortons,2018,2.598
Total,08222 Sant Llorenç d'Hortons,2017,2.547
Total,08222 Sant Llorenç d'Hortons,2016,2.562
Total,08223 Sant Llorenç Savall,2025,2.587
Total,08223 Sant Llorenç Savall,2024,2.586
Total,08223 Sant Llorenç Savall,2023,2.545
Total,08223 Sant Llorenç Savall,2022,2.524
Total,08223 Sant Llorenç Savall,2021,2.514
Total,08223 Sant Llorenç Savall,2020,2.417
Total,08223 Sant Llorenç Savall,2019,2.373
Total,08223 Sant Llorenç Savall,2018,2.371
Total,08223 Sant Llorenç Savall,2017,2.361
Total,08223 Sant Llorenç Savall,2016,2.375
Total,08225 Sant Martí d'Albars,2025,135
Total,08225 Sant Martí d'Albars,2024,140
Total,08225 Sant Martí d'Albars,2023,121
Total,08225 Sant Martí d'Albars,2022,119
Total,08225 Sant Martí d'Albars,2021,107
Total,08225 Sant Martí d'Albars,2020,114
Total,08225 Sant Martí d'Albars,2019,112
Total,08225 Sant Martí d'Albars,2018,113
Total,08225 Sant Martí d'Albars,2017,110
Total,08225 Sant Martí d'Albars,2016,108
Total,08224 Sant Martí de Centelles,2025,1.263
Total,08224 Sant Martí de Centelles,2024,1.259
Total,08224 Sant Martí de Centelles,2023,1.247
Total,08224 Sant Martí de Centelles,2022,1.232
Total,08224 Sant Martí de Centelles,2021,1.186
Total,08224 Sant Martí de Centelles,2020,1.184
Total,08224 Sant Martí de Centelles,2019,1.167
Total,08224 Sant Martí de Centelles,2018,1.131
Total,08224 Sant Martí de Centelles,2017,1.125
Total,08224 Sant Martí de Centelles,2016,1.122
Total,08226 Sant Martí de Tous,2025,1.269
Total,08226 Sant Martí de Tous,2024,1.275
Total,08226 Sant Martí de Tous,2023,1.268
Total,08226 Sant Martí de Tous,2022,1.243
Total,08226 Sant Martí de Tous,2021,1.236
Total,08226 Sant Martí de Tous,2020,1.228
Total,08226 Sant Martí de Tous,2019,1.235
Total,08226 Sant Martí de Tous,2018,1.206
Total,08226 Sant Martí de Tous,2017,1.196
Total,08226 Sant Martí de Tous,2016,1.190
Total,08227 Sant Martí Sarroca,2025,3.485
Total,08227 Sant Martí Sarroca,2024,3.391
Total,08227 Sant Martí Sarroca,2023,3.380
Total,08227 Sant Martí Sarroca,2022,3.313
Total,08227 Sant Martí Sarroca,2021,3.286
Total,08227 Sant Martí Sarroca,2020,3.261
Total,08227 Sant Martí Sarroca,2019,3.264
Total,08227 Sant Martí Sarroca,2018,3.231
Total,08227 Sant Martí Sarroca,2017,3.197
Total,08227 Sant Martí Sarroca,2016,3.099
Total,08228 Sant Martí Sesgueioles,2025,353
Total,08228 Sant Martí Sesgueioles,2024,360
Total,08228 Sant Martí Sesgueioles,2023,359
Total,08228 Sant Martí Sesgueioles,2022,361
Total,08228 Sant Martí Sesgueioles,2021,344
Total,08228 Sant Martí Sesgueioles,2020,342
Total,08228 Sant Martí Sesgueioles,2019,343
Total,08228 Sant Martí Sesgueioles,2018,344
Total,08228 Sant Martí Sesgueioles,2017,354
Total,08228 Sant Martí Sesgueioles,2016,371
Total,08229 Sant Mateu de Bages,2025,641
Total,08229 Sant Mateu de Bages,2024,637
Total,08229 Sant Mateu de Bages,2023,633
Total,08229 Sant Mateu de Bages,2022,628
Total,08229 Sant Mateu de Bages,2021,614
Total,08229 Sant Mateu de Bages,2020,608
Total,08229 Sant Mateu de Bages,2019,603
Total,08229 Sant Mateu de Bages,2018,600
Total,08229 Sant Mateu de Bages,2017,611
Total,08229 Sant Mateu de Bages,2016,618
Total,08231 Sant Pere de Ribes,2025,32.705
Total,08231 Sant Pere de Ribes,2024,32.121
Total,08231 Sant Pere de Ribes,2023,31.786
Total,08231 Sant Pere de Ribes,2022,31.688
Total,08231 Sant Pere de Ribes,2021,31.525
Total,08231 Sant Pere de Ribes,2020,31.111
Total,08231 Sant Pere de Ribes,2019,30.719
Total,08231 Sant Pere de Ribes,2018,30.658
Total,08231 Sant Pere de Ribes,2017,30.142
Total,08231 Sant Pere de Ribes,2016,29.842
Total,08232 Sant Pere de Riudebitlles,2025,2.516
Total,08232 Sant Pere de Riudebitlles,2024,2.497
Total,08232 Sant Pere de Riudebitlles,2023,2.462
Total,08232 Sant Pere de Riudebitlles,2022,2.404
Total,08232 Sant Pere de Riudebitlles,2021,2.411
Total,08232 Sant Pere de Riudebitlles,2020,2.380
Total,08232 Sant Pere de Riudebitlles,2019,2.368
Total,08232 Sant Pere de Riudebitlles,2018,2.338
Total,08232 Sant Pere de Riudebitlles,2017,2.343
Total,08232 Sant Pere de Riudebitlles,2016,2.369
Total,08233 Sant Pere de Torelló,2025,2.596
Total,08233 Sant Pere de Torelló,2024,2.592
Total,08233 Sant Pere de Torelló,2023,2.568
Total,08233 Sant Pere de Torelló,2022,2.514
Total,08233 Sant Pere de Torelló,2021,2.488
Total,08233 Sant Pere de Torelló,2020,2.470
Total,08233 Sant Pere de Torelló,2019,2.419
Total,08233 Sant Pere de Torelló,2018,2.419
Total,08233 Sant Pere de Torelló,2017,2.437
Total,08233 Sant Pere de Torelló,2016,2.427
Total,08234 Sant Pere de Vilamajor,2025,5.074
Total,08234 Sant Pere de Vilamajor,2024,4.941
Total,08234 Sant Pere de Vilamajor,2023,4.862
Total,08234 Sant Pere de Vilamajor,2022,4.815
Total,08234 Sant Pere de Vilamajor,2021,4.671
Total,08234 Sant Pere de Vilamajor,2020,4.544
Total,08234 Sant Pere de Vilamajor,2019,4.472
Total,08234 Sant Pere de Vilamajor,2018,4.371
Total,08234 Sant Pere de Vilamajor,2017,4.313
Total,08234 Sant Pere de Vilamajor,2016,4.257
Total,08189 Sant Pere Sallavinera,2025,177
Total,08189 Sant Pere Sallavinera,2024,158
Total,08189 Sant Pere Sallavinera,2023,162
Total,08189 Sant Pere Sallavinera,2022,167
Total,08189 Sant Pere Sallavinera,2021,159
Total,08189 Sant Pere Sallavinera,2020,151
Total,08189 Sant Pere Sallavinera,2019,152
Total,08189 Sant Pere Sallavinera,2018,155
Total,08189 Sant Pere Sallavinera,2017,156
Total,08189 Sant Pere Sallavinera,2016,158
Total,08235 Sant Pol de Mar,2025,5.793
Total,08235 Sant Pol de Mar,2024,5.834
Total,08235 Sant Pol de Mar,2023,5.791
Total,08235 Sant Pol de Mar,2022,5.680
Total,08235 Sant Pol de Mar,2021,5.538
Total,08235 Sant Pol de Mar,2020,5.428
Total,08235 Sant Pol de Mar,2019,5.299
Total,08235 Sant Pol de Mar,2018,5.178
Total,08235 Sant Pol de Mar,2017,5.062
Total,08235 Sant Pol de Mar,2016,4.951
Total,08236 Sant Quintí de Mediona,2025,2.580
Total,08236 Sant Quintí de Mediona,2024,2.504
Total,08236 Sant Quintí de Mediona,2023,2.407
Total,08236 Sant Quintí de Mediona,2022,2.393
Total,08236 Sant Quintí de Mediona,2021,2.367
Total,08236 Sant Quintí de Mediona,2020,2.317
Total,08236 Sant Quintí de Mediona,2019,2.254
Total,08236 Sant Quintí de Mediona,2018,2.179
Total,08236 Sant Quintí de Mediona,2017,2.170
Total,08236 Sant Quintí de Mediona,2016,2.121
Total,08237 Sant Quirze de Besora,2025,2.164
Total,08237 Sant Quirze de Besora,2024,2.127
Total,08237 Sant Quirze de Besora,2023,2.115
Total,08237 Sant Quirze de Besora,2022,2.142
Total,08237 Sant Quirze de Besora,2021,2.145
Total,08237 Sant Quirze de Besora,2020,2.154
Total,08237 Sant Quirze de Besora,2019,2.167
Total,08237 Sant Quirze de Besora,2018,2.107
Total,08237 Sant Quirze de Besora,2017,2.092
Total,08237 Sant Quirze de Besora,2016,2.125
Total,08238 Sant Quirze del Vallès,2025,20.209
Total,08238 Sant Quirze del Vallès,2024,20.161
Total,08238 Sant Quirze del Vallès,2023,20.241
Total,08238 Sant Quirze del Vallès,2022,20.180
Total,08238 Sant Quirze del Vallès,2021,20.156
Total,08238 Sant Quirze del Vallès,2020,20.195
Total,08238 Sant Quirze del Vallès,2019,20.141
Total,08238 Sant Quirze del Vallès,2018,19.939
Total,08238 Sant Quirze del Vallès,2017,19.867
Total,08238 Sant Quirze del Vallès,2016,19.664
Total,08239 Sant Quirze Safaja,2025,663
Total,08239 Sant Quirze Safaja,2024,669
Total,08239 Sant Quirze Safaja,2023,677
Total,08239 Sant Quirze Safaja,2022,672
Total,08239 Sant Quirze Safaja,2021,660
Total,08239 Sant Quirze Safaja,2020,631
Total,08239 Sant Quirze Safaja,2019,627
Total,08239 Sant Quirze Safaja,2018,637
Total,08239 Sant Quirze Safaja,2017,627
Total,08239 Sant Quirze Safaja,2016,637
Total,08240 Sant Sadurní d'Anoia,2025,12.911
Total,08240 Sant Sadurní d'Anoia,2024,12.915
Total,08240 Sant Sadurní d'Anoia,2023,12.945
Total,08240 Sant Sadurní d'Anoia,2022,12.863
Total,08240 Sant Sadurní d'Anoia,2021,12.840
Total,08240 Sant Sadurní d'Anoia,2020,12.841
Total,08240 Sant Sadurní d'Anoia,2019,12.887
Total,08240 Sant Sadurní d'Anoia,2018,12.866
Total,08240 Sant Sadurní d'Anoia,2017,12.749
Total,08240 Sant Sadurní d'Anoia,2016,12.654
Total,08241 Sant Sadurní d'Osormort,2025,89
Total,08241 Sant Sadurní d'Osormort,2024,84
Total,08241 Sant Sadurní d'Osormort,2023,89
Total,08241 Sant Sadurní d'Osormort,2022,90
Total,08241 Sant Sadurní d'Osormort,2021,76
Total,08241 Sant Sadurní d'Osormort,2020,76
Total,08241 Sant Sadurní d'Osormort,2019,78
Total,08241 Sant Sadurní d'Osormort,2018,79
Total,08241 Sant Sadurní d'Osormort,2017,79
Total,08241 Sant Sadurní d'Osormort,2016,80
Total,08098 Sant Salvador de Guardiola,2025,3.612
Total,08098 Sant Salvador de Guardiola,2024,3.476
Total,08098 Sant Salvador de Guardiola,2023,3.430
Total,08098 Sant Salvador de Guardiola,2022,3.351
Total,08098 Sant Salvador de Guardiola,2021,3.243
Total,08098 Sant Salvador de Guardiola,2020,3.221
Total,08098 Sant Salvador de Guardiola,2019,3.179
Total,08098 Sant Salvador de Guardiola,2018,3.168
Total,08098 Sant Salvador de Guardiola,2017,3.127
Total,08098 Sant Salvador de Guardiola,2016,3.141
Total,08262 Sant Vicenç de Castellet,2025,10.164
Total,08262 Sant Vicenç de Castellet,2024,10.131
Total,08262 Sant Vicenç de Castellet,2023,10.068
Total,08262 Sant Vicenç de Castellet,2022,9.949
Total,08262 Sant Vicenç de Castellet,2021,9.868
Total,08262 Sant Vicenç de Castellet,2020,9.767
Total,08262 Sant Vicenç de Castellet,2019,9.523
Total,08262 Sant Vicenç de Castellet,2018,9.274
Total,08262 Sant Vicenç de Castellet,2017,9.300
Total,08262 Sant Vicenç de Castellet,2016,9.235
Total,08264 Sant Vicenç de Montalt,2025,6.802
Total,08264 Sant Vicenç de Montalt,2024,6.712
Total,08264 Sant Vicenç de Montalt,2023,6.701
Total,08264 Sant Vicenç de Montalt,2022,6.661
Total,08264 Sant Vicenç de Montalt,2021,6.523
Total,08264 Sant Vicenç de Montalt,2020,6.452
Total,08264 Sant Vicenç de Montalt,2019,6.407
Total,08264 Sant Vicenç de Montalt,2018,6.372
Total,08264 Sant Vicenç de Montalt,2017,6.272
Total,08264 Sant Vicenç de Montalt,2016,6.182
Total,08265 Sant Vicenç de Torelló,2025,2.117
Total,08265 Sant Vicenç de Torelló,2024,2.092
Total,08265 Sant Vicenç de Torelló,2023,2.083
Total,08265 Sant Vicenç de Torelló,2022,2.077
Total,08265 Sant Vicenç de Torelló,2021,2.077
Total,08265 Sant Vicenç de Torelló,2020,2.058
Total,08265 Sant Vicenç de Torelló,2019,2.058
Total,08265 Sant Vicenç de Torelló,2018,2.014
Total,08265 Sant Vicenç de Torelló,2017,1.998
Total,08265 Sant Vicenç de Torelló,2016,1.996
Total,08263 Sant Vicenç dels Horts,2025,28.746
Total,08263 Sant Vicenç dels Horts,2024,28.568
Total,08263 Sant Vicenç dels Horts,2023,28.406
Total,08263 Sant Vicenç dels Horts,2022,28.079
Total,08263 Sant Vicenç dels Horts,2021,28.115
Total,08263 Sant Vicenç dels Horts,2020,28.268
Total,08263 Sant Vicenç dels Horts,2019,28.117
Total,08263 Sant Vicenç dels Horts,2018,27.901
Total,08263 Sant Vicenç dels Horts,2017,27.982
Total,08263 Sant Vicenç dels Horts,2016,27.961
Total,08243 Santa Cecília de Voltregà,2025,197
Total,08243 Santa Cecília de Voltregà,2024,192
Total,08243 Santa Cecília de Voltregà,2023,184
Total,08243 Santa Cecília de Voltregà,2022,185
Total,08243 Santa Cecília de Voltregà,2021,179
Total,08243 Santa Cecília de Voltregà,2020,182
Total,08243 Santa Cecília de Voltregà,2019,187
Total,08243 Santa Cecília de Voltregà,2018,187
Total,08243 Santa Cecília de Voltregà,2017,189
Total,08243 Santa Cecília de Voltregà,2016,183
Total,08244 Santa Coloma de Cervelló,2025,8.273
Total,08244 Santa Coloma de Cervelló,2024,8.335
Total,08244 Santa Coloma de Cervelló,2023,8.393
Total,08244 Santa Coloma de Cervelló,2022,8.309
Total,08244 Santa Coloma de Cervelló,2021,8.273
Total,08244 Santa Coloma de Cervelló,2020,8.268
Total,08244 Santa Coloma de Cervelló,2019,8.218
Total,08244 Santa Coloma de Cervelló,2018,8.179
Total,08244 Santa Coloma de Cervelló,2017,8.082
Total,08244 Santa Coloma de Cervelló,2016,8.073
Total,08245 Santa Coloma de Gramenet,2025,123.981
Total,08245 Santa Coloma de Gramenet,2024,121.203
Total,08245 Santa Coloma de Gramenet,2023,119.862
Total,08245 Santa Coloma de Gramenet,2022,117.981
Total,08245 Santa Coloma de Gramenet,2021,119.289
Total,08245 Santa Coloma de Gramenet,2020,120.443
Total,08245 Santa Coloma de Gramenet,2019,119.215
Total,08245 Santa Coloma de Gramenet,2018,118.821
Total,08245 Santa Coloma de Gramenet,2017,117.597
Total,08245 Santa Coloma de Gramenet,2016,117.153
Total,08246 Santa Eugènia de Berga,2025,2.348
Total,08246 Santa Eugènia de Berga,2024,2.308
Total,08246 Santa Eugènia de Berga,2023,2.303
Total,08246 Santa Eugènia de Berga,2022,2.256
Total,08246 Santa Eugènia de Berga,2021,2.259
Total,08246 Santa Eugènia de Berga,2020,2.278
Total,08246 Santa Eugènia de Berga,2019,2.248
Total,08246 Santa Eugènia de Berga,2018,2.226
Total,08246 Santa Eugènia de Berga,2017,2.259
Total,08246 Santa Eugènia de Berga,2016,2.246
Total,08247 Santa Eulàlia de Riuprimer,2025,1.516
Total,08247 Santa Eulàlia de Riuprimer,2024,1.487
Total,08247 Santa Eulàlia de Riuprimer,2023,1.450
Total,08247 Santa Eulàlia de Riuprimer,2022,1.401
Total,08247 Santa Eulàlia de Riuprimer,2021,1.409
Total,08247 Santa Eulàlia de Riuprimer,2020,1.383
Total,08247 Santa Eulàlia de Riuprimer,2019,1.345
Total,08247 Santa Eulàlia de Riuprimer,2018,1.309
Total,08247 Santa Eulàlia de Riuprimer,2017,1.289
Total,08247 Santa Eulàlia de Riuprimer,2016,1.266
Total,08248 Santa Eulàlia de Ronçana,2025,7.953
Total,08248 Santa Eulàlia de Ronçana,2024,7.911
Total,08248 Santa Eulàlia de Ronçana,2023,7.846
Total,08248 Santa Eulàlia de Ronçana,2022,7.740
Total,08248 Santa Eulàlia de Ronçana,2021,7.538
Total,08248 Santa Eulàlia de Ronçana,2020,7.426
Total,08248 Santa Eulàlia de Ronçana,2019,7.288
Total,08248 Santa Eulàlia de Ronçana,2018,7.192
Total,08248 Santa Eulàlia de Ronçana,2017,7.124
Total,08248 Santa Eulàlia de Ronçana,2016,7.049
Total,08249 Santa Fe del Penedès,2025,365
Total,08249 Santa Fe del Penedès,2024,360
Total,08249 Santa Fe del Penedès,2023,362
Total,08249 Santa Fe del Penedès,2022,370
Total,08249 Santa Fe del Penedès,2021,378
Total,08249 Santa Fe del Penedès,2020,367
Total,08249 Santa Fe del Penedès,2019,374
Total,08249 Santa Fe del Penedès,2018,379
Total,08249 Santa Fe del Penedès,2017,380
Total,08249 Santa Fe del Penedès,2016,374
Total,08250 Santa Margarida de Montbui,2025,10.631
Total,08250 Santa Margarida de Montbui,2024,10.549
Total,08250 Santa Margarida de Montbui,2023,10.456
Total,08250 Santa Margarida de Montbui,2022,10.294
Total,08250 Santa Margarida de Montbui,2021,10.192
Total,08250 Santa Margarida de Montbui,2020,10.225
Total,08250 Santa Margarida de Montbui,2019,9.980
Total,08250 Santa Margarida de Montbui,2018,9.874
Total,08250 Santa Margarida de Montbui,2017,9.748
Total,08250 Santa Margarida de Montbui,2016,9.611
Total,08251 Santa Margarida i els Monjos,2025,7.806
Total,08251 Santa Margarida i els Monjos,2024,7.736
Total,08251 Santa Margarida i els Monjos,2023,7.650
Total,08251 Santa Margarida i els Monjos,2022,7.624
Total,08251 Santa Margarida i els Monjos,2021,7.664
Total,08251 Santa Margarida i els Monjos,2020,7.676
Total,08251 Santa Margarida i els Monjos,2019,7.611
Total,08251 Santa Margarida i els Monjos,2018,7.503
Total,08251 Santa Margarida i els Monjos,2017,7.480
Total,08251 Santa Margarida i els Monjos,2016,7.360
Total,08253 Santa Maria de Besora,2025,164
Total,08253 Santa Maria de Besora,2024,164
Total,08253 Santa Maria de Besora,2023,165
Total,08253 Santa Maria de Besora,2022,159
Total,08253 Santa Maria de Besora,2021,161
Total,08253 Santa Maria de Besora,2020,161
Total,08253 Santa Maria de Besora,2019,150
Total,08253 Santa Maria de Besora,2018,143
Total,08253 Santa Maria de Besora,2017,147
Total,08253 Santa Maria de Besora,2016,148
Total,08256 Santa Maria de Martorelles,2025,868
Total,08256 Santa Maria de Martorelles,2024,873
Total,08256 Santa Maria de Martorelles,2023,881
Total,08256 Santa Maria de Martorelles,2022,889
Total,08256 Santa Maria de Martorelles,2021,882
Total,08256 Santa Maria de Martorelles,2020,890
Total,08256 Santa Maria de Martorelles,2019,893
Total,08256 Santa Maria de Martorelles,2018,882
Total,08256 Santa Maria de Martorelles,2017,858
Total,08256 Santa Maria de Martorelles,2016,861
Total,08255 Santa Maria de Merlès,2025,179
Total,08255 Santa Maria de Merlès,2024,175
Total,08255 Santa Maria de Merlès,2023,174
Total,08255 Santa Maria de Merlès,2022,184
Total,08255 Santa Maria de Merlès,2021,180
Total,08255 Santa Maria de Merlès,2020,184
Total,08255 Santa Maria de Merlès,2019,184
Total,08255 Santa Maria de Merlès,2018,183
Total,08255 Santa Maria de Merlès,2017,190
Total,08255 Santa Maria de Merlès,2016,178
Total,08257 Santa Maria de Miralles,2025,144
Total,08257 Santa Maria de Miralles,2024,137
Total,08257 Santa Maria de Miralles,2023,138
Total,08257 Santa Maria de Miralles,2022,138
Total,08257 Santa Maria de Miralles,2021,129
Total,08257 Santa Maria de Miralles,2020,119
Total,08257 Santa Maria de Miralles,2019,126
Total,08257 Santa Maria de Miralles,2018,128
Total,08257 Santa Maria de Miralles,2017,123
Total,08257 Santa Maria de Miralles,2016,132
Total,08259 Santa Maria de Palautordera,2025,10.080
Total,08259 Santa Maria de Palautordera,2024,10.008
Total,08259 Santa Maria de Palautordera,2023,9.872
Total,08259 Santa Maria de Palautordera,2022,9.777
Total,08259 Santa Maria de Palautordera,2021,9.666
Total,08259 Santa Maria de Palautordera,2020,9.630
Total,08259 Santa Maria de Palautordera,2019,9.423
Total,08259 Santa Maria de Palautordera,2018,9.325
Total,08259 Santa Maria de Palautordera,2017,9.286
Total,08259 Santa Maria de Palautordera,2016,9.194
Total,08258 Santa Maria d'Oló,2025,1.099
Total,08258 Santa Maria d'Oló,2024,1.077
Total,08258 Santa Maria d'Oló,2023,1.086
Total,08258 Santa Maria d'Oló,2022,1.063
Total,08258 Santa Maria d'Oló,2021,1.065
Total,08258 Santa Maria d'Oló,2020,1.024
Total,08258 Santa Maria d'Oló,2019,1.025
Total,08258 Santa Maria d'Oló,2018,1.024
Total,08258 Santa Maria d'Oló,2017,1.030
Total,08258 Santa Maria d'Oló,2016,1.054
Total,08260 Santa Perpètua de Mogoda,2025,26.130
Total,08260 Santa Perpètua de Mogoda,2024,25.960
Total,08260 Santa Perpètua de Mogoda,2023,25.928
Total,08260 Santa Perpètua de Mogoda,2022,25.930
Total,08260 Santa Perpètua de Mogoda,2021,26.033
Total,08260 Santa Perpètua de Mogoda,2020,25.999
Total,08260 Santa Perpètua de Mogoda,2019,25.799
Total,08260 Santa Perpètua de Mogoda,2018,25.705
Total,08260 Santa Perpètua de Mogoda,2017,25.574
Total,08260 Santa Perpètua de Mogoda,2016,25.556
Total,08261 Santa Susanna,2025,4.099
Total,08261 Santa Susanna,2024,4.023
Total,08261 Santa Susanna,2023,3.887
Total,08261 Santa Susanna,2022,3.755
Total,08261 Santa Susanna,2021,3.650
Total,08261 Santa Susanna,2020,3.548
Total,08261 Santa Susanna,2019,3.446
Total,08261 Santa Susanna,2018,3.381
Total,08261 Santa Susanna,2017,3.352
Total,08261 Santa Susanna,2016,3.323
Total,08192 Santpedor,2025,7.744
Total,08192 Santpedor,2024,7.716
Total,08192 Santpedor,2023,7.693
Total,08192 Santpedor,2022,7.612
Total,08192 Santpedor,2021,7.566
Total,08192 Santpedor,2020,7.604
Total,08192 Santpedor,2019,7.554
Total,08192 Santpedor,2018,7.532
Total,08192 Santpedor,2017,7.496
Total,08192 Santpedor,2016,7.520
Total,08267 Sentmenat,2025,9.548
Total,08267 Sentmenat,2024,9.553
Total,08267 Sentmenat,2023,9.474
Total,08267 Sentmenat,2022,9.417
Total,08267 Sentmenat,2021,9.347
Total,08267 Sentmenat,2020,9.235
Total,08267 Sentmenat,2019,9.078
Total,08267 Sentmenat,2018,8.957
Total,08267 Sentmenat,2017,8.818
Total,08267 Sentmenat,2016,8.700
Total,08269 Seva,2025,3.808
Total,08269 Seva,2024,3.798
Total,08269 Seva,2023,3.770
Total,08269 Seva,2022,3.736
Total,08269 Seva,2021,3.696
Total,08269 Seva,2020,3.544
Total,08269 Seva,2019,3.519
Total,08269 Seva,2018,3.472
Total,08269 Seva,2017,3.451
Total,08269 Seva,2016,3.446
Total,08270 Sitges,2025,32.609
Total,08270 Sitges,2024,32.405
Total,08270 Sitges,2023,31.954
Total,08270 Sitges,2022,31.222
Total,08270 Sitges,2021,30.217
Total,08270 Sitges,2020,29.553
Total,08270 Sitges,2019,29.307
Total,08270 Sitges,2018,28.969
Total,08270 Sitges,2017,28.527
Total,08270 Sitges,2016,28.478
Total,08271 Sobremunt,2025,90
Total,08271 Sobremunt,2024,101
Total,08271 Sobremunt,2023,86
Total,08271 Sobremunt,2022,83
Total,08271 Sobremunt,2021,78
Total,08271 Sobremunt,2020,78
Total,08271 Sobremunt,2019,79
Total,08271 Sobremunt,2018,79
Total,08271 Sobremunt,2017,84
Total,08271 Sobremunt,2016,83
Total,08272 Sora,2025,225
Total,08272 Sora,2024,219
Total,08272 Sora,2023,217
Total,08272 Sora,2022,219
Total,08272 Sora,2021,211
Total,08272 Sora,2020,212
Total,08272 Sora,2019,209
Total,08272 Sora,2018,205
Total,08272 Sora,2017,193
Total,08272 Sora,2016,189
Total,08273 Subirats,2025,3.288
Total,08273 Subirats,2024,3.281
Total,08273 Subirats,2023,3.243
Total,08273 Subirats,2022,3.241
Total,08273 Subirats,2021,3.149
Total,08273 Subirats,2020,3.104
Total,08273 Subirats,2019,3.044
Total,08273 Subirats,2018,3.025
Total,08273 Subirats,2017,3.013
Total,08273 Subirats,2016,2.997
Total,08274 Súria,2025,6.200
Total,08274 Súria,2024,6.090
Total,08274 Súria,2023,6.046
Total,08274 Súria,2022,5.921
Total,08274 Súria,2021,5.923
Total,08274 Súria,2020,5.948
Total,08274 Súria,2019,5.942
Total,08274 Súria,2018,5.895
Total,08274 Súria,2017,5.911
Total,08274 Súria,2016,5.873
Total,08276 Tagamanent,2025,328
Total,08276 Tagamanent,2024,339
Total,08276 Tagamanent,2023,344
Total,08276 Tagamanent,2022,340
Total,08276 Tagamanent,2021,325
Total,08276 Tagamanent,2020,318
Total,08276 Tagamanent,2019,323
Total,08276 Tagamanent,2018,333
Total,08276 Tagamanent,2017,326
Total,08276 Tagamanent,2016,316
Total,08277 Talamanca,2025,209
Total,08277 Talamanca,2024,212
Total,08277 Talamanca,2023,223
Total,08277 Talamanca,2022,219
Total,08277 Talamanca,2021,222
Total,08277 Talamanca,2020,209
Total,08277 Talamanca,2019,206
Total,08277 Talamanca,2018,202
Total,08277 Talamanca,2017,193
Total,08277 Talamanca,2016,186
Total,08278 Taradell,2025,6.854
Total,08278 Taradell,2024,6.844
Total,08278 Taradell,2023,6.809
Total,08278 Taradell,2022,6.699
Total,08278 Taradell,2021,6.687
Total,08278 Taradell,2020,6.640
Total,08278 Taradell,2019,6.489
Total,08278 Taradell,2018,6.412
Total,08278 Taradell,2017,6.344
Total,08278 Taradell,2016,6.321
Total,08275 Tavèrnoles,2025,354
Total,08275 Tavèrnoles,2024,341
Total,08275 Tavèrnoles,2023,340
Total,08275 Tavèrnoles,2022,329
Total,08275 Tavèrnoles,2021,329
Total,08275 Tavèrnoles,2020,322
Total,08275 Tavèrnoles,2019,316
Total,08275 Tavèrnoles,2018,320
Total,08275 Tavèrnoles,2017,317
Total,08275 Tavèrnoles,2016,318
Total,08280 Tavertet,2025,128
Total,08280 Tavertet,2024,131
Total,08280 Tavertet,2023,126
Total,08280 Tavertet,2022,116
Total,08280 Tavertet,2021,113
Total,08280 Tavertet,2020,105
Total,08280 Tavertet,2019,111
Total,08280 Tavertet,2018,111
Total,08280 Tavertet,2017,116
Total,08280 Tavertet,2016,112
Total,08281 Teià,2025,6.898
Total,08281 Teià,2024,6.818
Total,08281 Teià,2023,6.696
Total,08281 Teià,2022,6.635
Total,08281 Teià,2021,6.532
Total,08281 Teià,2020,6.427
Total,08281 Teià,2019,6.397
Total,08281 Teià,2018,6.312
Total,08281 Teià,2017,6.333
Total,08281 Teià,2016,6.254
Total,08279 Terrassa,2025,233.270
Total,08279 Terrassa,2024,228.708
Total,08279 Terrassa,2023,225.277
Total,08279 Terrassa,2022,224.114
Total,08279 Terrassa,2021,223.011
Total,08279 Terrassa,2020,223.627
Total,08279 Terrassa,2019,220.556
Total,08279 Terrassa,2018,218.535
Total,08279 Terrassa,2017,216.428
Total,08279 Terrassa,2016,215.121
Total,08282 Tiana,2025,9.331
Total,08282 Tiana,2024,9.305
Total,08282 Tiana,2023,9.198
Total,08282 Tiana,2022,9.110
Total,08282 Tiana,2021,9.009
Total,08282 Tiana,2020,8.945
Total,08282 Tiana,2019,8.840
Total,08282 Tiana,2018,8.709
Total,08282 Tiana,2017,8.645
Total,08282 Tiana,2016,8.553
Total,08283 Tona,2025,8.527
Total,08283 Tona,2024,8.511
Total,08283 Tona,2023,8.455
Total,08283 Tona,2022,8.368
Total,08283 Tona,2021,8.368
Total,08283 Tona,2020,8.356
Total,08283 Tona,2019,8.241
Total,08283 Tona,2018,8.131
Total,08283 Tona,2017,8.114
Total,08283 Tona,2016,7.951
Total,08284 Tordera,2025,19.039
Total,08284 Tordera,2024,18.780
Total,08284 Tordera,2023,18.409
Total,08284 Tordera,2022,18.022
Total,08284 Tordera,2021,17.788
Total,08284 Tordera,2020,17.519
Total,08284 Tordera,2019,17.216
Total,08284 Tordera,2018,16.937
Total,08284 Tordera,2017,16.637
Total,08284 Tordera,2016,16.453
Total,08285 Torelló,2025,15.334
Total,08285 Torelló,2024,15.093
Total,08285 Torelló,2023,14.902
Total,08285 Torelló,2022,14.726
Total,08285 Torelló,2021,14.553
Total,08285 Torelló,2020,14.400
Total,08285 Torelló,2019,14.347
Total,08285 Torelló,2018,14.172
Total,08285 Torelló,2017,13.995
Total,08285 Torelló,2016,13.877
Total,"08286 Torre de Claramunt, La",2025,4.158
Total,"08286 Torre de Claramunt, La",2024,4.122
Total,"08286 Torre de Claramunt, La",2023,4.018
Total,"08286 Torre de Claramunt, La",2022,3.966
Total,"08286 Torre de Claramunt, La",2021,3.852
Total,"08286 Torre de Claramunt, La",2020,3.741
Total,"08286 Torre de Claramunt, La",2019,3.714
Total,"08286 Torre de Claramunt, La",2018,3.716
Total,"08286 Torre de Claramunt, La",2017,3.707
Total,"08286 Torre de Claramunt, La",2016,3.722
Total,08287 Torrelavit,2025,1.572
Total,08287 Torrelavit,2024,1.509
Total,08287 Torrelavit,2023,1.499
Total,08287 Torrelavit,2022,1.457
Total,08287 Torrelavit,2021,1.429
Total,08287 Torrelavit,2020,1.422
Total,08287 Torrelavit,2019,1.419
Total,08287 Torrelavit,2018,1.430
Total,08287 Torrelavit,2017,1.400
Total,08287 Torrelavit,2016,1.413
Total,08288 Torrelles de Foix,2025,2.746
Total,08288 Torrelles de Foix,2024,2.657
Total,08288 Torrelles de Foix,2023,2.608
Total,08288 Torrelles de Foix,2022,2.557
Total,08288 Torrelles de Foix,2021,2.479
Total,08288 Torrelles de Foix,2020,2.398
Total,08288 Torrelles de Foix,2019,2.348
Total,08288 Torrelles de Foix,2018,2.281
Total,08288 Torrelles de Foix,2017,2.243
Total,08288 Torrelles de Foix,2016,2.201
Total,08289 Torrelles de Llobregat,2025,6.170
Total,08289 Torrelles de Llobregat,2024,6.155
Total,08289 Torrelles de Llobregat,2023,6.225
Total,08289 Torrelles de Llobregat,2022,6.186
Total,08289 Torrelles de Llobregat,2021,6.126
Total,08289 Torrelles de Llobregat,2020,6.073
Total,08289 Torrelles de Llobregat,2019,6.041
Total,08289 Torrelles de Llobregat,2018,5.945
Total,08289 Torrelles de Llobregat,2017,5.950
Total,08289 Torrelles de Llobregat,2016,5.933
Total,08290 Ullastrell,2025,2.171
Total,08290 Ullastrell,2024,2.176
Total,08290 Ullastrell,2023,2.162
Total,08290 Ullastrell,2022,2.139
Total,08290 Ullastrell,2021,2.096
Total,08290 Ullastrell,2020,2.089
Total,08290 Ullastrell,2019,2.093
Total,08290 Ullastrell,2018,2.069
Total,08290 Ullastrell,2017,2.054
Total,08290 Ullastrell,2016,2.039
Total,08291 Vacarisses,2025,7.729
Total,08291 Vacarisses,2024,7.563
Total,08291 Vacarisses,2023,7.460
Total,08291 Vacarisses,2022,7.325
Total,08291 Vacarisses,2021,7.082
Total,08291 Vacarisses,2020,6.832
Total,08291 Vacarisses,2019,6.688
Total,08291 Vacarisses,2018,6.486
Total,08291 Vacarisses,2017,6.328
Total,08291 Vacarisses,2016,6.192
Total,08292 Vallbona d'Anoia,2025,1.424
Total,08292 Vallbona d'Anoia,2024,1.406
Total,08292 Vallbona d'Anoia,2023,1.428
Total,08292 Vallbona d'Anoia,2022,1.387
Total,08292 Vallbona d'Anoia,2021,1.375
Total,08292 Vallbona d'Anoia,2020,1.357
Total,08292 Vallbona d'Anoia,2019,1.373
Total,08292 Vallbona d'Anoia,2018,1.399
Total,08292 Vallbona d'Anoia,2017,1.412
Total,08292 Vallbona d'Anoia,2016,1.412
Total,08293 Vallcebre,2025,260
Total,08293 Vallcebre,2024,271
Total,08293 Vallcebre,2023,273
Total,08293 Vallcebre,2022,268
Total,08293 Vallcebre,2021,258
Total,08293 Vallcebre,2020,249
Total,08293 Vallcebre,2019,250
Total,08293 Vallcebre,2018,246
Total,08293 Vallcebre,2017,251
Total,08293 Vallcebre,2016,254
Total,08294 Vallgorguina,2025,3.261
Total,08294 Vallgorguina,2024,3.198
Total,08294 Vallgorguina,2023,3.204
Total,08294 Vallgorguina,2022,3.144
Total,08294 Vallgorguina,2021,3.052
Total,08294 Vallgorguina,2020,2.988
Total,08294 Vallgorguina,2019,2.891
Total,08294 Vallgorguina,2018,2.854
Total,08294 Vallgorguina,2017,2.789
Total,08294 Vallgorguina,2016,2.772
Total,08295 Vallirana,2025,16.245
Total,08295 Vallirana,2024,15.985
Total,08295 Vallirana,2023,15.823
Total,08295 Vallirana,2022,15.658
Total,08295 Vallirana,2021,15.438
Total,08295 Vallirana,2020,15.312
Total,08295 Vallirana,2019,15.006
Total,08295 Vallirana,2018,14.877
Total,08295 Vallirana,2017,14.784
Total,08295 Vallirana,2016,14.676
Total,08296 Vallromanes,2025,2.778
Total,08296 Vallromanes,2024,2.742
Total,08296 Vallromanes,2023,2.705
Total,08296 Vallromanes,2022,2.632
Total,08296 Vallromanes,2021,2.594
Total,08296 Vallromanes,2020,2.558
Total,08296 Vallromanes,2019,2.579
Total,08296 Vallromanes,2018,2.530
Total,08296 Vallromanes,2017,2.514
Total,08296 Vallromanes,2016,2.525
Total,08297 Veciana,2025,168
Total,08297 Veciana,2024,172
Total,08297 Veciana,2023,179
Total,08297 Veciana,2022,182
Total,08297 Veciana,2021,179
Total,08297 Veciana,2020,175
Total,08297 Veciana,2019,182
Total,08297 Veciana,2018,170
Total,08297 Veciana,2017,167
Total,08297 Veciana,2016,173
Total,08298 Vic,2025,50.796
Total,08298 Vic,2024,49.530
Total,08298 Vic,2023,48.364
Total,08298 Vic,2022,47.545
Total,08298 Vic,2021,47.319
Total,08298 Vic,2020,47.630
Total,08298 Vic,2019,46.214
Total,08298 Vic,2018,45.040
Total,08298 Vic,2017,43.964
Total,08298 Vic,2016,43.287
Total,08299 Vilada,2025,432
Total,08299 Vilada,2024,443
Total,08299 Vilada,2023,434
Total,08299 Vilada,2022,439
Total,08299 Vilada,2021,424
Total,08299 Vilada,2020,419
Total,08299 Vilada,2019,416
Total,08299 Vilada,2018,430
Total,08299 Vilada,2017,424
Total,08299 Vilada,2016,430
Total,08301 Viladecans,2025,67.587
Total,08301 Viladecans,2024,67.348
Total,08301 Viladecans,2023,66.677
Total,08301 Viladecans,2022,66.720
Total,08301 Viladecans,2021,66.707
Total,08301 Viladecans,2020,67.197
Total,08301 Viladecans,2019,66.611
Total,08301 Viladecans,2018,66.168
Total,08301 Viladecans,2017,65.993
Total,08301 Viladecans,2016,65.779
Total,08300 Viladecavalls,2025,7.817
Total,08300 Viladecavalls,2024,7.802
Total,08300 Viladecavalls,2023,7.809
Total,08300 Viladecavalls,2022,7.644
Total,08300 Viladecavalls,2021,7.621
Total,08300 Viladecavalls,2020,7.545
Total,08300 Viladecavalls,2019,7.512
Total,08300 Viladecavalls,2018,7.480
Total,08300 Viladecavalls,2017,7.392
Total,08300 Viladecavalls,2016,7.354
Total,08305 Vilafranca del Penedès,2025,42.607
Total,08305 Vilafranca del Penedès,2024,41.504
Total,08305 Vilafranca del Penedès,2023,40.714
Total,08305 Vilafranca del Penedès,2022,40.056
Total,08305 Vilafranca del Penedès,2021,39.969
Total,08305 Vilafranca del Penedès,2020,40.154
Total,08305 Vilafranca del Penedès,2019,39.746
Total,08305 Vilafranca del Penedès,2018,40.055
Total,08305 Vilafranca del Penedès,2017,39.532
Total,08305 Vilafranca del Penedès,2016,39.365
Total,08306 Vilalba Sasserra,2025,794
Total,08306 Vilalba Sasserra,2024,780
Total,08306 Vilalba Sasserra,2023,753
Total,08306 Vilalba Sasserra,2022,748
Total,08306 Vilalba Sasserra,2021,758
Total,08306 Vilalba Sasserra,2020,753
Total,08306 Vilalba Sasserra,2019,716
Total,08306 Vilalba Sasserra,2018,688
Total,08306 Vilalba Sasserra,2017,690
Total,08306 Vilalba Sasserra,2016,684
Total,08303 Vilanova de Sau,2025,325
Total,08303 Vilanova de Sau,2024,317
Total,08303 Vilanova de Sau,2023,310
Total,08303 Vilanova de Sau,2022,320
Total,08303 Vilanova de Sau,2021,314
Total,08303 Vilanova de Sau,2020,312
Total,08303 Vilanova de Sau,2019,299
Total,08303 Vilanova de Sau,2018,308
Total,08303 Vilanova de Sau,2017,313
Total,08303 Vilanova de Sau,2016,309
Total,08302 Vilanova del Camí,2025,12.936
Total,08302 Vilanova del Camí,2024,12.844
Total,08302 Vilanova del Camí,2023,12.758
Total,08302 Vilanova del Camí,2022,12.699
Total,08302 Vilanova del Camí,2021,12.736
Total,08302 Vilanova del Camí,2020,12.596
Total,08302 Vilanova del Camí,2019,12.458
Total,08302 Vilanova del Camí,2018,12.361
Total,08302 Vilanova del Camí,2017,12.332
Total,08302 Vilanova del Camí,2016,12.409
Total,08902 Vilanova del Vallès,2025,5.693
Total,08902 Vilanova del Vallès,2024,5.632
Total,08902 Vilanova del Vallès,2023,5.600
Total,08902 Vilanova del Vallès,2022,5.557
Total,08902 Vilanova del Vallès,2021,5.535
Total,08902 Vilanova del Vallès,2020,5.503
Total,08902 Vilanova del Vallès,2019,5.432
Total,08902 Vilanova del Vallès,2018,5.339
Total,08902 Vilanova del Vallès,2017,5.285
Total,08902 Vilanova del Vallès,2016,5.217
Total,08307 Vilanova i la Geltrú,2025,71.641
Total,08307 Vilanova i la Geltrú,2024,70.418
Total,08307 Vilanova i la Geltrú,2023,68.854
Total,08307 Vilanova i la Geltrú,2022,68.152
Total,08307 Vilanova i la Geltrú,2021,67.458
Total,08307 Vilanova i la Geltrú,2020,67.733
Total,08307 Vilanova i la Geltrú,2019,67.086
Total,08307 Vilanova i la Geltrú,2018,66.274
Total,08307 Vilanova i la Geltrú,2017,66.077
Total,08307 Vilanova i la Geltrú,2016,65.972
Total,08214 Vilassar de Dalt,2025,9.404
Total,08214 Vilassar de Dalt,2024,9.281
Total,08214 Vilassar de Dalt,2023,9.230
Total,08214 Vilassar de Dalt,2022,9.128
Total,08214 Vilassar de Dalt,2021,9.074
Total,08214 Vilassar de Dalt,2020,9.072
Total,08214 Vilassar de Dalt,2019,9.043
Total,08214 Vilassar de Dalt,2018,9.013
Total,08214 Vilassar de Dalt,2017,8.961
Total,08214 Vilassar de Dalt,2016,8.953
Total,08219 Vilassar de Mar,2025,21.227
Total,08219 Vilassar de Mar,2024,21.162
Total,08219 Vilassar de Mar,2023,21.055
Total,08219 Vilassar de Mar,2022,21.067
Total,08219 Vilassar de Mar,2021,20.936
Total,08219 Vilassar de Mar,2020,21.035
Total,08219 Vilassar de Mar,2019,20.837
Total,08219 Vilassar de Mar,2018,20.764
Total,08219 Vilassar de Mar,2017,20.636
Total,08219 Vilassar de Mar,2016,20.678
Total,08304 Vilobí del Penedès,2025,1.154
Total,08304 Vilobí del Penedès,2024,1.150
Total,08304 Vilobí del Penedès,2023,1.141
Total,08304 Vilobí del Penedès,2022,1.130
Total,08304 Vilobí del Penedès,2021,1.128
Total,08304 Vilobí del Penedès,2020,1.102
Total,08304 Vilobí del Penedès,2019,1.107
Total,08304 Vilobí del Penedès,2018,1.106
Total,08304 Vilobí del Penedès,2017,1.094
Total,08304 Vilobí del Penedès,2016,1.103
Total,08308 Viver i Serrateix,2025,178
Total,08308 Viver i Serrateix,2024,175
Total,08308 Viver i Serrateix,2023,173
Total,08308 Viver i Serrateix,2022,166
Total,08308 Viver i Serrateix,2021,175
Total,08308 Viver i Serrateix,2020,172
Total,08308 Viver i Serrateix,2019,168
Total,08308 Viver i Serrateix,2018,164
Total,08308 Viver i Serrateix,2017,173
Total,08308 Viver i Serrateix,2016,162
Total,46001 Ademuz,2025,1.015
Total,46001 Ademuz,2024,1.004
Total,46001 Ademuz,2023,1.004
Total,46001 Ademuz,2022,1.000
Total,46001 Ademuz,2021,1.027
Total,46001 Ademuz,2020,1.037
Total,46001 Ademuz,2019,1.042
Total,46001 Ademuz,2018,1.046
Total,46001 Ademuz,2017,1.073
Total,46001 Ademuz,2016,1.137
Total,46002 Ador,2025,1.755
Total,46002 Ador,2024,1.729
Total,46002 Ador,2023,1.699
Total,46002 Ador,2022,1.706
Total,46002 Ador,2021,1.772
Total,46002 Ador,2020,1.730
Total,46002 Ador,2019,1.508
Total,46002 Ador,2018,1.393
Total,46002 Ador,2017,1.400
Total,46002 Ador,2016,1.437
Total,46004 Agullent,2025,2.438
Total,46004 Agullent,2024,2.416
Total,46004 Agullent,2023,2.400
Total,46004 Agullent,2022,2.361
Total,46004 Agullent,2021,2.369
Total,46004 Agullent,2020,2.388
Total,46004 Agullent,2019,2.410
Total,46004 Agullent,2018,2.413
Total,46004 Agullent,2017,2.387
Total,46004 Agullent,2016,2.395
Total,46042 Aielo de Malferit,2025,4.624
Total,46042 Aielo de Malferit,2024,4.599
Total,46042 Aielo de Malferit,2023,4.601
Total,46042 Aielo de Malferit,2022,4.589
Total,46042 Aielo de Malferit,2021,4.592
Total,46042 Aielo de Malferit,2020,4.625
Total,46042 Aielo de Malferit,2019,4.618
Total,46042 Aielo de Malferit,2018,4.646
Total,46042 Aielo de Malferit,2017,4.706
Total,46042 Aielo de Malferit,2016,4.724
Total,46043 Aielo de Rugat,2025,160
Total,46043 Aielo de Rugat,2024,160
Total,46043 Aielo de Rugat,2023,163
Total,46043 Aielo de Rugat,2022,166
Total,46043 Aielo de Rugat,2021,160
Total,46043 Aielo de Rugat,2020,160
Total,46043 Aielo de Rugat,2019,155
Total,46043 Aielo de Rugat,2018,155
Total,46043 Aielo de Rugat,2017,160
Total,46043 Aielo de Rugat,2016,168
Total,46005 Alaquàs,2025,30.166
Total,46005 Alaquàs,2024,30.022
Total,46005 Alaquàs,2023,29.825
Total,46005 Alaquàs,2022,29.537
Total,46005 Alaquàs,2021,29.649
Total,46005 Alaquàs,2020,29.711
Total,46005 Alaquàs,2019,29.561
Total,46005 Alaquàs,2018,29.341
Total,46005 Alaquàs,2017,29.474
Total,46005 Alaquàs,2016,29.660
Total,46006 Albaida,2025,6.322
Total,46006 Albaida,2024,6.235
Total,46006 Albaida,2023,6.102
Total,46006 Albaida,2022,5.989
Total,46006 Albaida,2021,5.975
Total,46006 Albaida,2020,5.914
Total,46006 Albaida,2019,5.900
Total,46006 Albaida,2018,5.908
Total,46006 Albaida,2017,5.946
Total,46006 Albaida,2016,5.933
Total,46007 Albal,2025,17.365
Total,46007 Albal,2024,17.038
Total,46007 Albal,2023,17.024
Total,46007 Albal,2022,16.845
Total,46007 Albal,2021,16.646
Total,46007 Albal,2020,16.577
Total,46007 Albal,2019,16.399
Total,46007 Albal,2018,16.270
Total,46007 Albal,2017,16.244
Total,46007 Albal,2016,16.136
Total,46008 Albalat de la Ribera,2025,3.523
Total,46008 Albalat de la Ribera,2024,3.446
Total,46008 Albalat de la Ribera,2023,3.411
Total,46008 Albalat de la Ribera,2022,3.444
Total,46008 Albalat de la Ribera,2021,3.368
Total,46008 Albalat de la Ribera,2020,3.326
Total,46008 Albalat de la Ribera,2019,3.360
Total,46008 Albalat de la Ribera,2018,3.329
Total,46008 Albalat de la Ribera,2017,3.361
Total,46008 Albalat de la Ribera,2016,3.431
Total,46009 Albalat dels Sorells,2025,4.368
Total,46009 Albalat dels Sorells,2024,4.249
Total,46009 Albalat dels Sorells,2023,4.158
Total,46009 Albalat dels Sorells,2022,4.084
Total,46009 Albalat dels Sorells,2021,4.110
Total,46009 Albalat dels Sorells,2020,4.036
Total,46009 Albalat dels Sorells,2019,3.977
Total,46009 Albalat dels Sorells,2018,3.944
Total,46009 Albalat dels Sorells,2017,3.900
Total,46009 Albalat dels Sorells,2016,3.889
Total,46010 Albalat dels Tarongers,2025,1.574
Total,46010 Albalat dels Tarongers,2024,1.516
Total,46010 Albalat dels Tarongers,2023,1.428
Total,46010 Albalat dels Tarongers,2022,1.368
Total,46010 Albalat dels Tarongers,2021,1.324
Total,46010 Albalat dels Tarongers,2020,1.208
Total,46010 Albalat dels Tarongers,2019,1.232
Total,46010 Albalat dels Tarongers,2018,1.202
Total,46010 Albalat dels Tarongers,2017,1.169
Total,46010 Albalat dels Tarongers,2016,1.185
Total,46011 Alberic,2025,11.099
Total,46011 Alberic,2024,10.945
Total,46011 Alberic,2023,10.815
Total,46011 Alberic,2022,10.710
Total,46011 Alberic,2021,10.571
Total,46011 Alberic,2020,10.519
Total,46011 Alberic,2019,10.526
Total,46011 Alberic,2018,10.556
Total,46011 Alberic,2017,10.504
Total,46011 Alberic,2016,10.537
Total,46012 Alborache,2025,1.568
Total,46012 Alborache,2024,1.471
Total,46012 Alborache,2023,1.389
Total,46012 Alborache,2022,1.328
Total,46012 Alborache,2021,1.283
Total,46012 Alborache,2020,1.229
Total,46012 Alborache,2019,1.160
Total,46012 Alborache,2018,1.127
Total,46012 Alborache,2017,1.140
Total,46012 Alborache,2016,1.147
Total,46013 Alboraia/Alboraya,2025,26.273
Total,46013 Alboraia/Alboraya,2024,26.259
Total,46013 Alboraia/Alboraya,2023,25.792
Total,46013 Alboraia/Alboraya,2022,25.149
Total,46013 Alboraia/Alboraya,2021,24.904
Total,46013 Alboraia/Alboraya,2020,24.741
Total,46013 Alboraia/Alboraya,2019,24.454
Total,46013 Alboraia/Alboraya,2018,24.222
Total,46013 Alboraia/Alboraya,2017,24.031
Total,46013 Alboraia/Alboraya,2016,23.837
Total,46014 Albuixech,2025,4.482
Total,46014 Albuixech,2024,4.419
Total,46014 Albuixech,2023,4.343
Total,46014 Albuixech,2022,4.201
Total,46014 Albuixech,2021,4.189
Total,46014 Albuixech,2020,4.151
Total,46014 Albuixech,2019,4.017
Total,46014 Albuixech,2018,3.983
Total,46014 Albuixech,2017,3.911
Total,46014 Albuixech,2016,3.919
Total,46016 Alcàntera de Xúquer,2025,1.468
Total,46016 Alcàntera de Xúquer,2024,1.425
Total,46016 Alcàntera de Xúquer,2023,1.414
Total,46016 Alcàntera de Xúquer,2022,1.427
Total,46016 Alcàntera de Xúquer,2021,1.402
Total,46016 Alcàntera de Xúquer,2020,1.341
Total,46016 Alcàntera de Xúquer,2019,1.291
Total,46016 Alcàntera de Xúquer,2018,1.297
Total,46016 Alcàntera de Xúquer,2017,1.318
Total,46016 Alcàntera de Xúquer,2016,1.319
Total,46015 Alcàsser,2025,10.772
Total,46015 Alcàsser,2024,10.676
Total,46015 Alcàsser,2023,10.575
Total,46015 Alcàsser,2022,10.396
Total,46015 Alcàsser,2021,10.266
Total,46015 Alcàsser,2020,10.196
Total,46015 Alcàsser,2019,10.039
Total,46015 Alcàsser,2018,9.908
Total,46015 Alcàsser,2017,9.813
Total,46015 Alcàsser,2016,9.692
Total,46018 Alcublas,2025,710
Total,46018 Alcublas,2024,683
Total,46018 Alcublas,2023,635
Total,46018 Alcublas,2022,607
Total,46018 Alcublas,2021,610
Total,46018 Alcublas,2020,611
Total,46018 Alcublas,2019,628
Total,46018 Alcublas,2018,654
Total,46018 Alcublas,2017,678
Total,46018 Alcublas,2016,691
Total,"46020 Alcúdia de Crespins, l'",2025,5.548
Total,"46020 Alcúdia de Crespins, l'",2024,5.438
Total,"46020 Alcúdia de Crespins, l'",2023,5.361
Total,"46020 Alcúdia de Crespins, l'",2022,5.224
Total,"46020 Alcúdia de Crespins, l'",2021,5.144
Total,"46020 Alcúdia de Crespins, l'",2020,5.113
Total,"46020 Alcúdia de Crespins, l'",2019,5.157
Total,"46020 Alcúdia de Crespins, l'",2018,5.188
Total,"46020 Alcúdia de Crespins, l'",2017,5.108
Total,"46020 Alcúdia de Crespins, l'",2016,5.181
Total,"46019 Alcúdia, l'",2025,12.587
Total,"46019 Alcúdia, l'",2024,12.402
Total,"46019 Alcúdia, l'",2023,12.197
Total,"46019 Alcúdia, l'",2022,12.176
Total,"46019 Alcúdia, l'",2021,12.193
Total,"46019 Alcúdia, l'",2020,12.107
Total,"46019 Alcúdia, l'",2019,12.009
Total,"46019 Alcúdia, l'",2018,11.938
Total,"46019 Alcúdia, l'",2017,11.926
Total,"46019 Alcúdia, l'",2016,11.820
Total,46021 Aldaia,2025,34.630
Total,46021 Aldaia,2024,34.035
Total,46021 Aldaia,2023,33.376
Total,46021 Aldaia,2022,32.656
Total,46021 Aldaia,2021,32.313
Total,46021 Aldaia,2020,32.204
Total,46021 Aldaia,2019,31.864
Total,46021 Aldaia,2018,31.492
Total,46021 Aldaia,2017,31.320
Total,46021 Aldaia,2016,31.246
Total,46022 Alfafar,2025,22.270
Total,46022 Alfafar,2024,22.131
Total,46022 Alfafar,2023,21.879
Total,46022 Alfafar,2022,21.480
Total,46022 Alfafar,2021,21.415
Total,46022 Alfafar,2020,21.395
Total,46022 Alfafar,2019,20.890
Total,46022 Alfafar,2018,20.763
Total,46022 Alfafar,2017,20.776
Total,46022 Alfafar,2016,20.777
Total,46024 Alfara de la Baronia,2025,624
Total,46024 Alfara de la Baronia,2024,614
Total,46024 Alfara de la Baronia,2023,611
Total,46024 Alfara de la Baronia,2022,606
Total,46024 Alfara de la Baronia,2021,590
Total,46024 Alfara de la Baronia,2020,569
Total,46024 Alfara de la Baronia,2019,557
Total,46024 Alfara de la Baronia,2018,539
Total,46024 Alfara de la Baronia,2017,535
Total,46024 Alfara de la Baronia,2016,522
Total,46025 Alfara del Patriarca,2025,3.740
Total,46025 Alfara del Patriarca,2024,3.623
Total,46025 Alfara del Patriarca,2023,3.455
Total,46025 Alfara del Patriarca,2022,3.315
Total,46025 Alfara del Patriarca,2021,3.301
Total,46025 Alfara del Patriarca,2020,3.282
Total,46025 Alfara del Patriarca,2019,3.310
Total,46025 Alfara del Patriarca,2018,3.314
Total,46025 Alfara del Patriarca,2017,3.348
Total,46025 Alfara del Patriarca,2016,3.323
Total,46026 Alfarb,2025,1.763
Total,46026 Alfarb,2024,1.676
Total,46026 Alfarb,2023,1.618
Total,46026 Alfarb,2022,1.596
Total,46026 Alfarb,2021,1.564
Total,46026 Alfarb,2020,1.571
Total,46026 Alfarb,2019,1.544
Total,46026 Alfarb,2018,1.532
Total,46026 Alfarb,2017,1.517
Total,46026 Alfarb,2016,1.510
Total,46027 Alfarrasí,2025,1.173
Total,46027 Alfarrasí,2024,1.175
Total,46027 Alfarrasí,2023,1.183
Total,46027 Alfarrasí,2022,1.217
Total,46027 Alfarrasí,2021,1.206
Total,46027 Alfarrasí,2020,1.219
Total,46027 Alfarrasí,2019,1.225
Total,46027 Alfarrasí,2018,1.262
Total,46027 Alfarrasí,2017,1.256
Total,46027 Alfarrasí,2016,1.274
Total,46023 Alfauir,2025,515
Total,46023 Alfauir,2024,489
Total,46023 Alfauir,2023,477
Total,46023 Alfauir,2022,479
Total,46023 Alfauir,2021,467
Total,46023 Alfauir,2020,449
Total,46023 Alfauir,2019,437
Total,46023 Alfauir,2018,440
Total,46023 Alfauir,2017,448
Total,46023 Alfauir,2016,451
Total,46028 Algar de Palància,2025,565
Total,46028 Algar de Palància,2024,542
Total,46028 Algar de Palància,2023,527
Total,46028 Algar de Palància,2022,498
Total,46028 Algar de Palància,2021,499
Total,46028 Algar de Palància,2020,491
Total,46028 Algar de Palància,2019,481
Total,46028 Algar de Palància,2018,470
Total,46028 Algar de Palància,2017,471
Total,46028 Algar de Palància,2016,484
Total,46029 Algemesí,2025,28.306
Total,46029 Algemesí,2024,27.968
Total,46029 Algemesí,2023,27.438
Total,46029 Algemesí,2022,27.305
Total,46029 Algemesí,2021,27.305
Total,46029 Algemesí,2020,27.430
Total,46029 Algemesí,2019,27.331
Total,46029 Algemesí,2018,27.285
Total,46029 Algemesí,2017,27.511
Total,46029 Algemesí,2016,27.607
Total,46030 Algímia d'Alfara,2025,1.115
Total,46030 Algímia d'Alfara,2024,1.104
Total,46030 Algímia d'Alfara,2023,1.109
Total,46030 Algímia d'Alfara,2022,1.106
Total,46030 Algímia d'Alfara,2021,1.079
Total,46030 Algímia d'Alfara,2020,1.053
Total,46030 Algímia d'Alfara,2019,1.011
Total,46030 Algímia d'Alfara,2018,1.019
Total,46030 Algímia d'Alfara,2017,1.051
Total,46030 Algímia d'Alfara,2016,1.047
Total,46031 Alginet,2025,14.844
Total,46031 Alginet,2024,14.652
Total,46031 Alginet,2023,14.442
Total,46031 Alginet,2022,14.219
Total,46031 Alginet,2021,13.942
Total,46031 Alginet,2020,13.827
Total,46031 Alginet,2019,13.380
Total,46031 Alginet,2018,13.100
Total,46031 Alginet,2017,13.186
Total,46031 Alginet,2016,13.283
Total,46032 Almàssera,2025,7.887
Total,46032 Almàssera,2024,7.672
Total,46032 Almàssera,2023,7.504
Total,46032 Almàssera,2022,7.482
Total,46032 Almàssera,2021,7.433
Total,46032 Almàssera,2020,7.438
Total,46032 Almàssera,2019,7.349
Total,46032 Almàssera,2018,7.295
Total,46032 Almàssera,2017,7.308
Total,46032 Almàssera,2016,7.297
Total,46033 Almiserà,2025,278
Total,46033 Almiserà,2024,285
Total,46033 Almiserà,2023,279
Total,46033 Almiserà,2022,260
Total,46033 Almiserà,2021,264
Total,46033 Almiserà,2020,265
Total,46033 Almiserà,2019,262
Total,46033 Almiserà,2018,258
Total,46033 Almiserà,2017,261
Total,46033 Almiserà,2016,273
Total,46034 Almoines,2025,2.664
Total,46034 Almoines,2024,2.643
Total,46034 Almoines,2023,2.519
Total,46034 Almoines,2022,2.473
Total,46034 Almoines,2021,2.528
Total,46034 Almoines,2020,2.477
Total,46034 Almoines,2019,2.414
Total,46034 Almoines,2018,2.379
Total,46034 Almoines,2017,2.343
Total,46034 Almoines,2016,2.322
Total,46035 Almussafes,2025,9.070
Total,46035 Almussafes,2024,9.057
Total,46035 Almussafes,2023,8.996
Total,46035 Almussafes,2022,8.929
Total,46035 Almussafes,2021,8.984
Total,46035 Almussafes,2020,8.979
Total,46035 Almussafes,2019,8.967
Total,46035 Almussafes,2018,8.932
Total,46035 Almussafes,2017,8.914
Total,46035 Almussafes,2016,8.869
Total,46036 Alpuente,2025,688
Total,46036 Alpuente,2024,700
Total,46036 Alpuente,2023,667
Total,46036 Alpuente,2022,670
Total,46036 Alpuente,2021,659
Total,46036 Alpuente,2020,635
Total,46036 Alpuente,2019,633
Total,46036 Alpuente,2018,637
Total,46036 Alpuente,2017,644
Total,46036 Alpuente,2016,641
Total,"46037 Alqueria de la Comtessa, l'",2025,1.547
Total,"46037 Alqueria de la Comtessa, l'",2024,1.544
Total,"46037 Alqueria de la Comtessa, l'",2023,1.523
Total,"46037 Alqueria de la Comtessa, l'",2022,1.478
Total,"46037 Alqueria de la Comtessa, l'",2021,1.481
Total,"46037 Alqueria de la Comtessa, l'",2020,1.496
Total,"46037 Alqueria de la Comtessa, l'",2019,1.476
Total,"46037 Alqueria de la Comtessa, l'",2018,1.418
Total,"46037 Alqueria de la Comtessa, l'",2017,1.443
Total,"46037 Alqueria de la Comtessa, l'",2016,1.451
Total,46017 Alzira,2025,48.236
Total,46017 Alzira,2024,47.335
Total,46017 Alzira,2023,46.421
Total,46017 Alzira,2022,45.451
Total,46017 Alzira,2021,44.865
Total,46017 Alzira,2020,44.938
Total,46017 Alzira,2019,44.352
Total,46017 Alzira,2018,44.393
Total,46017 Alzira,2017,44.255
Total,46017 Alzira,2016,44.488
Total,46038 Andilla,2025,338
Total,46038 Andilla,2024,324
Total,46038 Andilla,2023,311
Total,46038 Andilla,2022,316
Total,46038 Andilla,2021,315
Total,46038 Andilla,2020,308
Total,46038 Andilla,2019,319
Total,46038 Andilla,2018,303
Total,46038 Andilla,2017,322
Total,46038 Andilla,2016,349
Total,46039 Anna,2025,2.600
Total,46039 Anna,2024,2.595
Total,46039 Anna,2023,2.593
Total,46039 Anna,2022,2.583
Total,46039 Anna,2021,2.627
Total,46039 Anna,2020,2.615
Total,46039 Anna,2019,2.628
Total,46039 Anna,2018,2.638
Total,46039 Anna,2017,2.639
Total,46039 Anna,2016,2.678
Total,46040 Antella,2025,1.130
Total,46040 Antella,2024,1.114
Total,46040 Antella,2023,1.114
Total,46040 Antella,2022,1.130
Total,46040 Antella,2021,1.127
Total,46040 Antella,2020,1.157
Total,46040 Antella,2019,1.175
Total,46040 Antella,2018,1.209
Total,46040 Antella,2017,1.233
Total,46040 Antella,2016,1.271
Total,46041 Aras de los Olmos,2025,401
Total,46041 Aras de los Olmos,2024,392
Total,46041 Aras de los Olmos,2023,381
Total,46041 Aras de los Olmos,2022,380
Total,46041 Aras de los Olmos,2021,374
Total,46041 Aras de los Olmos,2020,359
Total,46041 Aras de los Olmos,2019,381
Total,46041 Aras de los Olmos,2018,374
Total,46041 Aras de los Olmos,2017,375
Total,46041 Aras de los Olmos,2016,381
Total,46003 Atzeneta d'Albaida,2025,1.193
Total,46003 Atzeneta d'Albaida,2024,1.169
Total,46003 Atzeneta d'Albaida,2023,1.161
Total,46003 Atzeneta d'Albaida,2022,1.146
Total,46003 Atzeneta d'Albaida,2021,1.139
Total,46003 Atzeneta d'Albaida,2020,1.162
Total,46003 Atzeneta d'Albaida,2019,1.165
Total,46003 Atzeneta d'Albaida,2018,1.162
Total,46003 Atzeneta d'Albaida,2017,1.155
Total,46003 Atzeneta d'Albaida,2016,1.153
Total,46044 Ayora,2025,5.282
Total,46044 Ayora,2024,5.284
Total,46044 Ayora,2023,5.223
Total,46044 Ayora,2022,5.187
Total,46044 Ayora,2021,5.215
Total,46044 Ayora,2020,5.283
Total,46044 Ayora,2019,5.312
Total,46044 Ayora,2018,5.276
Total,46044 Ayora,2017,5.311
Total,46044 Ayora,2016,5.320
Total,46046 Barx,2025,1.501
Total,46046 Barx,2024,1.498
Total,46046 Barx,2023,1.476
Total,46046 Barx,2022,1.400
Total,46046 Barx,2021,1.354
Total,46046 Barx,2020,1.303
Total,46046 Barx,2019,1.277
Total,46046 Barx,2018,1.229
Total,46046 Barx,2017,1.227
Total,46046 Barx,2016,1.280
Total,46045 Barxeta,2025,1.578
Total,46045 Barxeta,2024,1.586
Total,46045 Barxeta,2023,1.595
Total,46045 Barxeta,2022,1.576
Total,46045 Barxeta,2021,1.604
Total,46045 Barxeta,2020,1.586
Total,46045 Barxeta,2019,1.601
Total,46045 Barxeta,2018,1.604
Total,46045 Barxeta,2017,1.577
Total,46045 Barxeta,2016,1.607
Total,46047 Bèlgida,2025,651
Total,46047 Bèlgida,2024,640
Total,46047 Bèlgida,2023,632
Total,46047 Bèlgida,2022,639
Total,46047 Bèlgida,2021,654
Total,46047 Bèlgida,2020,679
Total,46047 Bèlgida,2019,673
Total,46047 Bèlgida,2018,672
Total,46047 Bèlgida,2017,690
Total,46047 Bèlgida,2016,689
Total,46048 Bellreguard,2025,5.032
Total,46048 Bellreguard,2024,4.943
Total,46048 Bellreguard,2023,4.811
Total,46048 Bellreguard,2022,4.713
Total,46048 Bellreguard,2021,4.632
Total,46048 Bellreguard,2020,4.618
Total,46048 Bellreguard,2019,4.608
Total,46048 Bellreguard,2018,4.549
Total,46048 Bellreguard,2017,4.550
Total,46048 Bellreguard,2016,4.582
Total,46049 Bellús,2025,317
Total,46049 Bellús,2024,302
Total,46049 Bellús,2023,306
Total,46049 Bellús,2022,301
Total,46049 Bellús,2021,311
Total,46049 Bellús,2020,299
Total,46049 Bellús,2019,304
Total,46049 Bellús,2018,314
Total,46049 Bellús,2017,315
Total,46049 Bellús,2016,319
Total,46050 Benagéber,2025,176
Total,46050 Benagéber,2024,171
Total,46050 Benagéber,2023,168
Total,46050 Benagéber,2022,170
Total,46050 Benagéber,2021,184
Total,46050 Benagéber,2020,180
Total,46050 Benagéber,2019,192
Total,46050 Benagéber,2018,190
Total,46050 Benagéber,2017,192
Total,46050 Benagéber,2016,207
Total,46051 Benaguasil,2025,12.668
Total,46051 Benaguasil,2024,12.336
Total,46051 Benaguasil,2023,11.877
Total,46051 Benaguasil,2022,11.568
Total,46051 Benaguasil,2021,11.369
Total,46051 Benaguasil,2020,11.256
Total,46051 Benaguasil,2019,10.988
Total,46051 Benaguasil,2018,10.878
Total,46051 Benaguasil,2017,10.960
Total,46051 Benaguasil,2016,10.967
Total,46052 Benavites,2025,652
Total,46052 Benavites,2024,661
Total,46052 Benavites,2023,674
Total,46052 Benavites,2022,667
Total,46052 Benavites,2021,653
Total,46052 Benavites,2020,638
Total,46052 Benavites,2019,619
Total,46052 Benavites,2018,594
Total,46052 Benavites,2017,613
Total,46052 Benavites,2016,613
Total,46053 Beneixida,2025,659
Total,46053 Beneixida,2024,649
Total,46053 Beneixida,2023,655
Total,46053 Beneixida,2022,652
Total,46053 Beneixida,2021,639
Total,46053 Beneixida,2020,627
Total,46053 Beneixida,2019,651
Total,46053 Beneixida,2018,648
Total,46053 Beneixida,2017,648
Total,46053 Beneixida,2016,674
Total,46054 Benetússer,2025,16.734
Total,46054 Benetússer,2024,16.322
Total,46054 Benetússer,2023,15.879
Total,46054 Benetússer,2022,15.493
Total,46054 Benetússer,2021,15.430
Total,46054 Benetússer,2020,15.000
Total,46054 Benetússer,2019,14.799
Total,46054 Benetússer,2018,14.668
Total,46054 Benetússer,2017,14.495
Total,46054 Benetússer,2016,14.505
Total,46055 Beniarjó,2025,1.964
Total,46055 Beniarjó,2024,1.907
Total,46055 Beniarjó,2023,1.872
Total,46055 Beniarjó,2022,1.791
Total,46055 Beniarjó,2021,1.780
Total,46055 Beniarjó,2020,1.767
Total,46055 Beniarjó,2019,1.765
Total,46055 Beniarjó,2018,1.746
Total,46055 Beniarjó,2017,1.759
Total,46055 Beniarjó,2016,1.756
Total,46056 Beniatjar,2025,209
Total,46056 Beniatjar,2024,209
Total,46056 Beniatjar,2023,217
Total,46056 Beniatjar,2022,207
Total,46056 Beniatjar,2021,207
Total,46056 Beniatjar,2020,219
Total,46056 Beniatjar,2019,223
Total,46056 Beniatjar,2018,224
Total,46056 Beniatjar,2017,219
Total,46056 Beniatjar,2016,226
Total,46057 Benicolet,2025,610
Total,46057 Benicolet,2024,605
Total,46057 Benicolet,2023,599
Total,46057 Benicolet,2022,597
Total,46057 Benicolet,2021,587
Total,46057 Benicolet,2020,574
Total,46057 Benicolet,2019,569
Total,46057 Benicolet,2018,582
Total,46057 Benicolet,2017,585
Total,46057 Benicolet,2016,610
Total,46904 Benicull de Xúquer,2025,1.179
Total,46904 Benicull de Xúquer,2024,1.144
Total,46904 Benicull de Xúquer,2023,1.134
Total,46904 Benicull de Xúquer,2022,1.102
Total,46904 Benicull de Xúquer,2021,1.095
Total,46904 Benicull de Xúquer,2020,1.048
Total,46904 Benicull de Xúquer,2019,1.012
Total,46904 Benicull de Xúquer,2018,974
Total,46904 Benicull de Xúquer,2017,970
Total,46904 Benicull de Xúquer,2016,972
Total,46060 Benifaió,2025,12.262
Total,46060 Benifaió,2024,12.130
Total,46060 Benifaió,2023,11.984
Total,46060 Benifaió,2022,11.877
Total,46060 Benifaió,2021,11.967
Total,46060 Benifaió,2020,11.989
Total,46060 Benifaió,2019,11.962
Total,46060 Benifaió,2018,11.930
Total,46060 Benifaió,2017,11.956
Total,46060 Benifaió,2016,11.903
Total,46059 Benifairó de la Valldigna,2025,1.588
Total,46059 Benifairó de la Valldigna,2024,1.560
Total,46059 Benifairó de la Valldigna,2023,1.554
Total,46059 Benifairó de la Valldigna,2022,1.552
Total,46059 Benifairó de la Valldigna,2021,1.542
Total,46059 Benifairó de la Valldigna,2020,1.558
Total,46059 Benifairó de la Valldigna,2019,1.571
Total,46059 Benifairó de la Valldigna,2018,1.580
Total,46059 Benifairó de la Valldigna,2017,1.596
Total,46059 Benifairó de la Valldigna,2016,1.600
Total,46058 Benifairó de les Valls,2025,2.359
Total,46058 Benifairó de les Valls,2024,2.318
Total,46058 Benifairó de les Valls,2023,2.320
Total,46058 Benifairó de les Valls,2022,2.314
Total,46058 Benifairó de les Valls,2021,2.268
Total,46058 Benifairó de les Valls,2020,2.213
Total,46058 Benifairó de les Valls,2019,2.186
Total,46058 Benifairó de les Valls,2018,2.168
Total,46058 Benifairó de les Valls,2017,2.205
Total,46058 Benifairó de les Valls,2016,2.218
Total,46061 Beniflá,2025,505
Total,46061 Beniflá,2024,502
Total,46061 Beniflá,2023,484
Total,46061 Beniflá,2022,475
Total,46061 Beniflá,2021,463
Total,46061 Beniflá,2020,460
Total,46061 Beniflá,2019,457
Total,46061 Beniflá,2018,455
Total,46061 Beniflá,2017,458
Total,46061 Beniflá,2016,453
Total,46062 Benigànim,2025,5.759
Total,46062 Benigànim,2024,5.695
Total,46062 Benigànim,2023,5.716
Total,46062 Benigànim,2022,5.718
Total,46062 Benigànim,2021,5.742
Total,46062 Benigànim,2020,5.779
Total,46062 Benigànim,2019,5.841
Total,46062 Benigànim,2018,5.899
Total,46062 Benigànim,2017,5.850
Total,46062 Benigànim,2016,5.912
Total,46063 Benimodo,2025,2.332
Total,46063 Benimodo,2024,2.316
Total,46063 Benimodo,2023,2.279
Total,46063 Benimodo,2022,2.233
Total,46063 Benimodo,2021,2.253
Total,46063 Benimodo,2020,2.272
Total,46063 Benimodo,2019,2.268
Total,46063 Benimodo,2018,2.241
Total,46063 Benimodo,2017,2.230
Total,46063 Benimodo,2016,2.237
Total,46064 Benimuslem,2025,674
Total,46064 Benimuslem,2024,665
Total,46064 Benimuslem,2023,665
Total,46064 Benimuslem,2022,662
Total,46064 Benimuslem,2021,653
Total,46064 Benimuslem,2020,667
Total,46064 Benimuslem,2019,653
Total,46064 Benimuslem,2018,660
Total,46064 Benimuslem,2017,656
Total,46064 Benimuslem,2016,644
Total,46065 Beniparrell,2025,2.108
Total,46065 Beniparrell,2024,2.091
Total,46065 Beniparrell,2023,2.074
Total,46065 Beniparrell,2022,2.020
Total,46065 Beniparrell,2021,2.024
Total,46065 Beniparrell,2020,2.015
Total,46065 Beniparrell,2019,1.952
Total,46065 Beniparrell,2018,1.931
Total,46065 Beniparrell,2017,1.964
Total,46065 Beniparrell,2016,1.948
Total,46066 Benirredrà,2025,1.576
Total,46066 Benirredrà,2024,1.561
Total,46066 Benirredrà,2023,1.571
Total,46066 Benirredrà,2022,1.548
Total,46066 Benirredrà,2021,1.547
Total,46066 Benirredrà,2020,1.555
Total,46066 Benirredrà,2019,1.592
Total,46066 Benirredrà,2018,1.576
Total,46066 Benirredrà,2017,1.570
Total,46066 Benirredrà,2016,1.596
Total,46067 Benissanó,2025,2.449
Total,46067 Benissanó,2024,2.427
Total,46067 Benissanó,2023,2.385
Total,46067 Benissanó,2022,2.345
Total,46067 Benissanó,2021,2.334
Total,46067 Benissanó,2020,2.291
Total,46067 Benissanó,2019,2.260
Total,46067 Benissanó,2018,2.224
Total,46067 Benissanó,2017,2.238
Total,46067 Benissanó,2016,2.226
Total,46068 Benissoda,2025,494
Total,46068 Benissoda,2024,485
Total,46068 Benissoda,2023,460
Total,46068 Benissoda,2022,456
Total,46068 Benissoda,2021,441
Total,46068 Benissoda,2020,432
Total,46068 Benissoda,2019,430
Total,46068 Benissoda,2018,418
Total,46068 Benissoda,2017,425
Total,46068 Benissoda,2016,429
Total,46069 Benissuera,2025,196
Total,46069 Benissuera,2024,185
Total,46069 Benissuera,2023,185
Total,46069 Benissuera,2022,188
Total,46069 Benissuera,2021,183
Total,46069 Benissuera,2020,185
Total,46069 Benissuera,2019,194
Total,46069 Benissuera,2018,180
Total,46069 Benissuera,2017,194
Total,46069 Benissuera,2016,187
Total,46070 Bétera,2025,28.560
Total,46070 Bétera,2024,27.584
Total,46070 Bétera,2023,26.759
Total,46070 Bétera,2022,26.289
Total,46070 Bétera,2021,25.423
Total,46070 Bétera,2020,24.604
Total,46070 Bétera,2019,24.272
Total,46070 Bétera,2018,23.647
Total,46070 Bétera,2017,23.178
Total,46070 Bétera,2016,22.696
Total,46071 Bicorp,2025,546
Total,46071 Bicorp,2024,560
Total,46071 Bicorp,2023,549
Total,46071 Bicorp,2022,524
Total,46071 Bicorp,2021,527
Total,46071 Bicorp,2020,529
Total,46071 Bicorp,2019,533
Total,46071 Bicorp,2018,524
Total,46071 Bicorp,2017,526
Total,46071 Bicorp,2016,527
Total,46072 Bocairent,2025,4.130
Total,46072 Bocairent,2024,4.148
Total,46072 Bocairent,2023,4.115
Total,46072 Bocairent,2022,4.123
Total,46072 Bocairent,2021,4.101
Total,46072 Bocairent,2020,4.142
Total,46072 Bocairent,2019,4.195
Total,46072 Bocairent,2018,4.214
Total,46072 Bocairent,2017,4.271
Total,46072 Bocairent,2016,4.288
Total,46073 Bolbaite,2025,1.320
Total,46073 Bolbaite,2024,1.333
Total,46073 Bolbaite,2023,1.334
Total,46073 Bolbaite,2022,1.338
Total,46073 Bolbaite,2021,1.336
Total,46073 Bolbaite,2020,1.324
Total,46073 Bolbaite,2019,1.356
Total,46073 Bolbaite,2018,1.347
Total,46073 Bolbaite,2017,1.362
Total,46073 Bolbaite,2016,1.369
Total,46074 Bonrepòs i Mirambell,2025,4.115
Total,46074 Bonrepòs i Mirambell,2024,4.048
Total,46074 Bonrepòs i Mirambell,2023,3.907
Total,46074 Bonrepòs i Mirambell,2022,3.831
Total,46074 Bonrepòs i Mirambell,2021,3.780
Total,46074 Bonrepòs i Mirambell,2020,3.738
Total,46074 Bonrepòs i Mirambell,2019,3.691
Total,46074 Bonrepòs i Mirambell,2018,3.645
Total,46074 Bonrepòs i Mirambell,2017,3.629
Total,46074 Bonrepòs i Mirambell,2016,3.614
Total,46075 Bufali,2025,162
Total,46075 Bufali,2024,154
Total,46075 Bufali,2023,156
Total,46075 Bufali,2022,156
Total,46075 Bufali,2021,163
Total,46075 Bufali,2020,156
Total,46075 Bufali,2019,161
Total,46075 Bufali,2018,159
Total,46075 Bufali,2017,163
Total,46075 Bufali,2016,168
Total,46076 Bugarra,2025,774
Total,46076 Bugarra,2024,781
Total,46076 Bugarra,2023,783
Total,46076 Bugarra,2022,747
Total,46076 Bugarra,2021,728
Total,46076 Bugarra,2020,739
Total,46076 Bugarra,2019,727
Total,46076 Bugarra,2018,715
Total,46076 Bugarra,2017,711
Total,46076 Bugarra,2016,728
Total,46077 Buñol,2025,9.858
Total,46077 Buñol,2024,9.765
Total,46077 Buñol,2023,9.579
Total,46077 Buñol,2022,9.503
Total,46077 Buñol,2021,9.438
Total,46077 Buñol,2020,9.498
Total,46077 Buñol,2019,9.408
Total,46077 Buñol,2018,9.517
Total,46077 Buñol,2017,9.596
Total,46077 Buñol,2016,9.618
Total,46078 Burjassot,2025,41.299
Total,46078 Burjassot,2024,40.634
Total,46078 Burjassot,2023,39.702
Total,46078 Burjassot,2022,38.880
Total,46078 Burjassot,2021,38.712
Total,46078 Burjassot,2020,38.632
Total,46078 Burjassot,2019,38.024
Total,46078 Burjassot,2018,37.584
Total,46078 Burjassot,2017,37.575
Total,46078 Burjassot,2016,37.324
Total,46079 Calles,2025,465
Total,46079 Calles,2024,447
Total,46079 Calles,2023,431
Total,46079 Calles,2022,374
Total,46079 Calles,2021,368
Total,46079 Calles,2020,355
Total,46079 Calles,2019,355
Total,46079 Calles,2018,342
Total,46079 Calles,2017,345
Total,46079 Calles,2016,364
Total,46080 Camporrobles,2025,1.183
Total,46080 Camporrobles,2024,1.188
Total,46080 Camporrobles,2023,1.189
Total,46080 Camporrobles,2022,1.196
Total,46080 Camporrobles,2021,1.204
Total,46080 Camporrobles,2020,1.198
Total,46080 Camporrobles,2019,1.191
Total,46080 Camporrobles,2018,1.195
Total,46080 Camporrobles,2017,1.217
Total,46080 Camporrobles,2016,1.255
Total,46081 Canals,2025,13.746
Total,46081 Canals,2024,13.415
Total,46081 Canals,2023,13.162
Total,46081 Canals,2022,13.187
Total,46081 Canals,2021,13.257
Total,46081 Canals,2020,13.516
Total,46081 Canals,2019,13.587
Total,46081 Canals,2018,13.588
Total,46081 Canals,2017,13.631
Total,46081 Canals,2016,13.775
Total,46082 Canet d'En Berenguer,2025,8.297
Total,46082 Canet d'En Berenguer,2024,7.771
Total,46082 Canet d'En Berenguer,2023,7.265
Total,46082 Canet d'En Berenguer,2022,6.942
Total,46082 Canet d'En Berenguer,2021,6.812
Total,46082 Canet d'En Berenguer,2020,6.765
Total,46082 Canet d'En Berenguer,2019,6.697
Total,46082 Canet d'En Berenguer,2018,6.575
Total,46082 Canet d'En Berenguer,2017,6.473
Total,46082 Canet d'En Berenguer,2016,6.513
Total,46083 Carcaixent,2025,21.934
Total,46083 Carcaixent,2024,21.317
Total,46083 Carcaixent,2023,20.777
Total,46083 Carcaixent,2022,20.498
Total,46083 Carcaixent,2021,20.494
Total,46083 Carcaixent,2020,20.436
Total,46083 Carcaixent,2019,20.358
Total,46083 Carcaixent,2018,20.424
Total,46083 Carcaixent,2017,20.483
Total,46083 Carcaixent,2016,20.520
Total,46084 Càrcer,2025,1.795
Total,46084 Càrcer,2024,1.806
Total,46084 Càrcer,2023,1.826
Total,46084 Càrcer,2022,1.808
Total,46084 Càrcer,2021,1.822
Total,46084 Càrcer,2020,1.827
Total,46084 Càrcer,2019,1.862
Total,46084 Càrcer,2018,1.876
Total,46084 Càrcer,2017,1.923
Total,46084 Càrcer,2016,1.949
Total,46085 Carlet,2025,16.857
Total,46085 Carlet,2024,16.428
Total,46085 Carlet,2023,16.141
Total,46085 Carlet,2022,15.945
Total,46085 Carlet,2021,15.851
Total,46085 Carlet,2020,15.740
Total,46085 Carlet,2019,15.598
Total,46085 Carlet,2018,15.514
Total,46085 Carlet,2017,15.446
Total,46085 Carlet,2016,15.384
Total,46086 Carrícola,2025,97
Total,46086 Carrícola,2024,99
Total,46086 Carrícola,2023,102
Total,46086 Carrícola,2022,99
Total,46086 Carrícola,2021,102
Total,46086 Carrícola,2020,99
Total,46086 Carrícola,2019,94
Total,46086 Carrícola,2018,93
Total,46086 Carrícola,2017,95
Total,46086 Carrícola,2016,95
Total,46087 Casas Altas,2025,118
Total,46087 Casas Altas,2024,139
Total,46087 Casas Altas,2023,146
Total,46087 Casas Altas,2022,132
Total,46087 Casas Altas,2021,132
Total,46087 Casas Altas,2020,131
Total,46087 Casas Altas,2019,131
Total,46087 Casas Altas,2018,136
Total,46087 Casas Altas,2017,139
Total,46087 Casas Altas,2016,148
Total,46088 Casas Bajas,2025,158
Total,46088 Casas Bajas,2024,167
Total,46088 Casas Bajas,2023,173
Total,46088 Casas Bajas,2022,171
Total,46088 Casas Bajas,2021,164
Total,46088 Casas Bajas,2020,163
Total,46088 Casas Bajas,2019,164
Total,46088 Casas Bajas,2018,172
Total,46088 Casas Bajas,2017,172
Total,46088 Casas Bajas,2016,179
Total,46089 Casinos,2025,3.153
Total,46089 Casinos,2024,3.113
Total,46089 Casinos,2023,3.091
Total,46089 Casinos,2022,2.994
Total,46089 Casinos,2021,2.881
Total,46089 Casinos,2020,2.780
Total,46089 Casinos,2019,2.777
Total,46089 Casinos,2018,2.773
Total,46089 Casinos,2017,2.759
Total,46089 Casinos,2016,2.783
Total,46257 Castelló,2025,6.972
Total,46257 Castelló,2024,6.897
Total,46257 Castelló,2023,6.891
Total,46257 Castelló,2022,6.932
Total,46257 Castelló,2021,6.996
Total,46257 Castelló,2020,7.054
Total,46257 Castelló,2019,7.049
Total,46257 Castelló,2018,7.095
Total,46257 Castelló,2017,7.209
Total,46257 Castelló,2016,7.266
Total,46090 Castelló de Rugat,2025,2.345
Total,46090 Castelló de Rugat,2024,2.352
Total,46090 Castelló de Rugat,2023,2.322
Total,46090 Castelló de Rugat,2022,2.315
Total,46090 Castelló de Rugat,2021,2.316
Total,46090 Castelló de Rugat,2020,2.298
Total,46090 Castelló de Rugat,2019,2.274
Total,46090 Castelló de Rugat,2018,2.275
Total,46090 Castelló de Rugat,2017,2.278
Total,46090 Castelló de Rugat,2016,2.277
Total,46091 Castellonet de la Conquesta,2025,159
Total,46091 Castellonet de la Conquesta,2024,144
Total,46091 Castellonet de la Conquesta,2023,149
Total,46091 Castellonet de la Conquesta,2022,137
Total,46091 Castellonet de la Conquesta,2021,139
Total,46091 Castellonet de la Conquesta,2020,141
Total,46091 Castellonet de la Conquesta,2019,147
Total,46091 Castellonet de la Conquesta,2018,145
Total,46091 Castellonet de la Conquesta,2017,138
Total,46091 Castellonet de la Conquesta,2016,141
Total,46092 Castielfabib,2025,284
Total,46092 Castielfabib,2024,287
Total,46092 Castielfabib,2023,297
Total,46092 Castielfabib,2022,291
Total,46092 Castielfabib,2021,299
Total,46092 Castielfabib,2020,308
Total,46092 Castielfabib,2019,317
Total,46092 Castielfabib,2018,306
Total,46092 Castielfabib,2017,311
Total,46092 Castielfabib,2016,330
Total,46093 Catadau,2025,3.005
Total,46093 Catadau,2024,2.967
Total,46093 Catadau,2023,2.939
Total,46093 Catadau,2022,2.862
Total,46093 Catadau,2021,2.846
Total,46093 Catadau,2020,2.804
Total,46093 Catadau,2019,2.777
Total,46093 Catadau,2018,2.830
Total,46093 Catadau,2017,2.773
Total,46093 Catadau,2016,2.737
Total,46094 Catarroja,2025,30.604
Total,46094 Catarroja,2024,30.142
Total,46094 Catarroja,2023,29.316
Total,46094 Catarroja,2022,28.679
Total,46094 Catarroja,2021,28.509
Total,46094 Catarroja,2020,28.608
Total,46094 Catarroja,2019,28.120
Total,46094 Catarroja,2018,27.827
Total,46094 Catarroja,2017,27.752
Total,46094 Catarroja,2016,27.728
Total,46095 Caudete de las Fuentes,2025,725
Total,46095 Caudete de las Fuentes,2024,720
Total,46095 Caudete de las Fuentes,2023,693
Total,46095 Caudete de las Fuentes,2022,701
Total,46095 Caudete de las Fuentes,2021,701
Total,46095 Caudete de las Fuentes,2020,711
Total,46095 Caudete de las Fuentes,2019,700
Total,46095 Caudete de las Fuentes,2018,696
Total,46095 Caudete de las Fuentes,2017,706
Total,46095 Caudete de las Fuentes,2016,743
Total,46096 Cerdà,2025,370
Total,46096 Cerdà,2024,367
Total,46096 Cerdà,2023,360
Total,46096 Cerdà,2022,351
Total,46096 Cerdà,2021,345
Total,46096 Cerdà,2020,331
Total,46096 Cerdà,2019,331
Total,46096 Cerdà,2018,334
Total,46096 Cerdà,2017,341
Total,46096 Cerdà,2016,363
Total,46107 Chella,2025,2.452
Total,46107 Chella,2024,2.439
Total,46107 Chella,2023,2.445
Total,46107 Chella,2022,2.434
Total,46107 Chella,2021,2.437
Total,46107 Chella,2020,2.472
Total,46107 Chella,2019,2.435
Total,46107 Chella,2018,2.469
Total,46107 Chella,2017,2.513
Total,46107 Chella,2016,2.530
Total,46106 Chelva,2025,1.863
Total,46106 Chelva,2024,1.677
Total,46106 Chelva,2023,1.645
Total,46106 Chelva,2022,1.597
Total,46106 Chelva,2021,1.583
Total,46106 Chelva,2020,1.531
Total,46106 Chelva,2019,1.489
Total,46106 Chelva,2018,1.498
Total,46106 Chelva,2017,1.516
Total,46106 Chelva,2016,1.466
Total,46108 Chera,2025,508
Total,46108 Chera,2024,491
Total,46108 Chera,2023,483
Total,46108 Chera,2022,492
Total,46108 Chera,2021,490
Total,46108 Chera,2020,469
Total,46108 Chera,2019,474
Total,46108 Chera,2018,494
Total,46108 Chera,2017,484
Total,46108 Chera,2016,510
Total,46109 Cheste,2025,8.951
Total,46109 Cheste,2024,9.022
Total,46109 Cheste,2023,8.962
Total,46109 Cheste,2022,8.971
Total,46109 Cheste,2021,8.871
Total,46109 Cheste,2020,8.735
Total,46109 Cheste,2019,8.494
Total,46109 Cheste,2018,8.319
Total,46109 Cheste,2017,8.372
Total,46109 Cheste,2016,8.471
Total,46111 Chiva,2025,17.951
Total,46111 Chiva,2024,17.245
Total,46111 Chiva,2023,16.750
Total,46111 Chiva,2022,16.285
Total,46111 Chiva,2021,15.769
Total,46111 Chiva,2020,15.414
Total,46111 Chiva,2019,15.123
Total,46111 Chiva,2018,14.941
Total,46111 Chiva,2017,14.867
Total,46111 Chiva,2016,14.758
Total,46112 Chulilla,2025,710
Total,46112 Chulilla,2024,677
Total,46112 Chulilla,2023,687
Total,46112 Chulilla,2022,692
Total,46112 Chulilla,2021,700
Total,46112 Chulilla,2020,662
Total,46112 Chulilla,2019,665
Total,46112 Chulilla,2018,615
Total,46112 Chulilla,2017,628
Total,46112 Chulilla,2016,632
Total,46097 Cofrentes,2025,1.113
Total,46097 Cofrentes,2024,1.123
Total,46097 Cofrentes,2023,1.130
Total,46097 Cofrentes,2022,1.112
Total,46097 Cofrentes,2021,1.122
Total,46097 Cofrentes,2020,1.123
Total,46097 Cofrentes,2019,1.130
Total,46097 Cofrentes,2018,1.125
Total,46097 Cofrentes,2017,1.104
Total,46097 Cofrentes,2016,1.114
Total,46098 Corbera,2025,3.266
Total,46098 Corbera,2024,3.173
Total,46098 Corbera,2023,3.118
Total,46098 Corbera,2022,3.097
Total,46098 Corbera,2021,3.088
Total,46098 Corbera,2020,3.088
Total,46098 Corbera,2019,3.100
Total,46098 Corbera,2018,3.160
Total,46098 Corbera,2017,3.190
Total,46098 Corbera,2016,3.207
Total,46099 Cortes de Pallás,2025,727
Total,46099 Cortes de Pallás,2024,758
Total,46099 Cortes de Pallás,2023,753
Total,46099 Cortes de Pallás,2022,733
Total,46099 Cortes de Pallás,2021,758
Total,46099 Cortes de Pallás,2020,771
Total,46099 Cortes de Pallás,2019,814
Total,46099 Cortes de Pallás,2018,818
Total,46099 Cortes de Pallás,2017,876
Total,46099 Cortes de Pallás,2016,968
Total,46100 Cotes,2025,314
Total,46100 Cotes,2024,311
Total,46100 Cotes,2023,314
Total,46100 Cotes,2022,323
Total,46100 Cotes,2021,326
Total,46100 Cotes,2020,333
Total,46100 Cotes,2019,333
Total,46100 Cotes,2018,332
Total,46100 Cotes,2017,336
Total,46100 Cotes,2016,354
Total,46105 Cullera,2025,24.702
Total,46105 Cullera,2024,24.181
Total,46105 Cullera,2023,23.753
Total,46105 Cullera,2022,22.937
Total,46105 Cullera,2021,22.708
Total,46105 Cullera,2020,22.521
Total,46105 Cullera,2019,22.145
Total,46105 Cullera,2018,21.918
Total,46105 Cullera,2017,21.999
Total,46105 Cullera,2016,22.139
Total,46113 Daimús,2025,3.524
Total,46113 Daimús,2024,3.419
Total,46113 Daimús,2023,3.348
Total,46113 Daimús,2022,3.274
Total,46113 Daimús,2021,3.277
Total,46113 Daimús,2020,3.196
Total,46113 Daimús,2019,3.117
Total,46113 Daimús,2018,3.128
Total,46113 Daimús,2017,3.018
Total,46113 Daimús,2016,3.058
Total,46114 Domeño,2025,723
Total,46114 Domeño,2024,691
Total,46114 Domeño,2023,684
Total,46114 Domeño,2022,656
Total,46114 Domeño,2021,670
Total,46114 Domeño,2020,673
Total,46114 Domeño,2019,708
Total,46114 Domeño,2018,704
Total,46114 Domeño,2017,689
Total,46114 Domeño,2016,686
Total,46115 Dos Aguas,2025,340
Total,46115 Dos Aguas,2024,338
Total,46115 Dos Aguas,2023,340
Total,46115 Dos Aguas,2022,325
Total,46115 Dos Aguas,2021,312
Total,46115 Dos Aguas,2020,327
Total,46115 Dos Aguas,2019,376
Total,46115 Dos Aguas,2018,355
Total,46115 Dos Aguas,2017,379
Total,46115 Dos Aguas,2016,394
Total,"46116 Eliana, l'",2025,19.839
Total,"46116 Eliana, l'",2024,19.597
Total,"46116 Eliana, l'",2023,19.054
Total,"46116 Eliana, l'",2022,18.544
Total,"46116 Eliana, l'",2021,18.302
Total,"46116 Eliana, l'",2020,18.362
Total,"46116 Eliana, l'",2019,18.235
Total,"46116 Eliana, l'",2018,18.050
Total,"46116 Eliana, l'",2017,17.760
Total,"46116 Eliana, l'",2016,17.591
Total,46117 Emperador,2025,700
Total,46117 Emperador,2024,693
Total,46117 Emperador,2023,717
Total,46117 Emperador,2022,705
Total,46117 Emperador,2021,698
Total,46117 Emperador,2020,688
Total,46117 Emperador,2019,687
Total,46117 Emperador,2018,692
Total,46117 Emperador,2017,707
Total,46117 Emperador,2016,676
Total,46118 Enguera,2025,4.807
Total,46118 Enguera,2024,4.769
Total,46118 Enguera,2023,4.781
Total,46118 Enguera,2022,4.770
Total,46118 Enguera,2021,4.779
Total,46118 Enguera,2020,4.777
Total,46118 Enguera,2019,4.752
Total,46118 Enguera,2018,4.800
Total,46118 Enguera,2017,4.926
Total,46118 Enguera,2016,5.027
Total,"46119 Énova, l'",2025,952
Total,"46119 Énova, l'",2024,924
Total,"46119 Énova, l'",2023,914
Total,"46119 Énova, l'",2022,908
Total,"46119 Énova, l'",2021,912
Total,"46119 Énova, l'",2020,902
Total,"46119 Énova, l'",2019,887
Total,"46119 Énova, l'",2018,903
Total,"46119 Énova, l'",2017,919
Total,"46119 Énova, l'",2016,936
Total,46120 Estivella,2025,1.710
Total,46120 Estivella,2024,1.631
Total,46120 Estivella,2023,1.598
Total,46120 Estivella,2022,1.559
Total,46120 Estivella,2021,1.491
Total,46120 Estivella,2020,1.441
Total,46120 Estivella,2019,1.456
Total,46120 Estivella,2018,1.432
Total,46120 Estivella,2017,1.416
Total,46120 Estivella,2016,1.374
Total,46121 Estubeny,2025,110
Total,46121 Estubeny,2024,109
Total,46121 Estubeny,2023,114
Total,46121 Estubeny,2022,109
Total,46121 Estubeny,2021,114
Total,46121 Estubeny,2020,125
Total,46121 Estubeny,2019,121
Total,46121 Estubeny,2018,122
Total,46121 Estubeny,2017,119
Total,46121 Estubeny,2016,118
Total,46122 Faura,2025,3.753
Total,46122 Faura,2024,3.671
Total,46122 Faura,2023,3.619
Total,46122 Faura,2022,3.568
Total,46122 Faura,2021,3.563
Total,46122 Faura,2020,3.553
Total,46122 Faura,2019,3.538
Total,46122 Faura,2018,3.547
Total,46122 Faura,2017,3.503
Total,46122 Faura,2016,3.493
Total,46123 Favara,2025,2.776
Total,46123 Favara,2024,2.701
Total,46123 Favara,2023,2.664
Total,46123 Favara,2022,2.578
Total,46123 Favara,2021,2.563
Total,46123 Favara,2020,2.504
Total,46123 Favara,2019,2.518
Total,46123 Favara,2018,2.490
Total,46123 Favara,2017,2.473
Total,46123 Favara,2016,2.467
Total,46126 Foios,2025,7.995
Total,46126 Foios,2024,7.761
Total,46126 Foios,2023,7.641
Total,46126 Foios,2022,7.496
Total,46126 Foios,2021,7.502
Total,46126 Foios,2020,7.452
Total,46126 Foios,2019,7.367
Total,46126 Foios,2018,7.342
Total,46126 Foios,2017,7.234
Total,46126 Foios,2016,7.208
Total,"46128 Font de la Figuera, la",2025,2.022
Total,"46128 Font de la Figuera, la",2024,2.043
Total,"46128 Font de la Figuera, la",2023,2.031
Total,"46128 Font de la Figuera, la",2022,2.024
Total,"46128 Font de la Figuera, la",2021,2.025
Total,"46128 Font de la Figuera, la",2020,2.027
Total,"46128 Font de la Figuera, la",2019,2.038
Total,"46128 Font de la Figuera, la",2018,2.038
Total,"46128 Font de la Figuera, la",2017,2.067
Total,"46128 Font de la Figuera, la",2016,2.109
Total,"46127 Font d'en Carròs, la",2025,4.020
Total,"46127 Font d'en Carròs, la",2024,3.938
Total,"46127 Font d'en Carròs, la",2023,3.858
Total,"46127 Font d'en Carròs, la",2022,3.857
Total,"46127 Font d'en Carròs, la",2021,3.793
Total,"46127 Font d'en Carròs, la",2020,3.778
Total,"46127 Font d'en Carròs, la",2019,3.794
Total,"46127 Font d'en Carròs, la",2018,3.790
Total,"46127 Font d'en Carròs, la",2017,3.743
Total,"46127 Font d'en Carròs, la",2016,3.764
Total,46124 Fontanars dels Alforins,2025,936
Total,46124 Fontanars dels Alforins,2024,947
Total,46124 Fontanars dels Alforins,2023,951
Total,46124 Fontanars dels Alforins,2022,953
Total,46124 Fontanars dels Alforins,2021,959
Total,46124 Fontanars dels Alforins,2020,959
Total,46124 Fontanars dels Alforins,2019,971
Total,46124 Fontanars dels Alforins,2018,979
Total,46124 Fontanars dels Alforins,2017,985
Total,46124 Fontanars dels Alforins,2016,973
Total,46125 Fortaleny,2025,1.024
Total,46125 Fortaleny,2024,1.005
Total,46125 Fortaleny,2023,1.004
Total,46125 Fortaleny,2022,1.026
Total,46125 Fortaleny,2021,1.011
Total,46125 Fortaleny,2020,1.020
Total,46125 Fortaleny,2019,1.026
Total,46125 Fortaleny,2018,1.030
Total,46125 Fortaleny,2017,1.033
Total,46125 Fortaleny,2016,1.021
Total,46129 Fuenterrobles,2025,678
Total,46129 Fuenterrobles,2024,695
Total,46129 Fuenterrobles,2023,688
Total,46129 Fuenterrobles,2022,690
Total,46129 Fuenterrobles,2021,694
Total,46129 Fuenterrobles,2020,694
Total,46129 Fuenterrobles,2019,682
Total,46129 Fuenterrobles,2018,682
Total,46129 Fuenterrobles,2017,709
Total,46129 Fuenterrobles,2016,690
Total,46131 Gandia,2025,83.135
Total,46131 Gandia,2024,80.095
Total,46131 Gandia,2023,78.108
Total,46131 Gandia,2022,75.911
Total,46131 Gandia,2021,75.970
Total,46131 Gandia,2020,75.798
Total,46131 Gandia,2019,74.562
Total,46131 Gandia,2018,73.829
Total,46131 Gandia,2017,74.121
Total,46131 Gandia,2016,74.814
Total,46902 Gátova,2025,452
Total,46902 Gátova,2024,429
Total,46902 Gátova,2023,410
Total,46902 Gátova,2022,412
Total,46902 Gátova,2021,419
Total,46902 Gátova,2020,405
Total,46902 Gátova,2019,378
Total,46902 Gátova,2018,392
Total,46902 Gátova,2017,398
Total,46902 Gátova,2016,366
Total,46130 Gavarda,2025,1.023
Total,46130 Gavarda,2024,1.036
Total,46130 Gavarda,2023,1.058
Total,46130 Gavarda,2022,1.053
Total,46130 Gavarda,2021,1.035
Total,46130 Gavarda,2020,1.042
Total,46130 Gavarda,2019,1.038
Total,46130 Gavarda,2018,1.058
Total,46130 Gavarda,2017,1.073
Total,46130 Gavarda,2016,1.089
Total,"46132 Genovés, el",2025,2.822
Total,"46132 Genovés, el",2024,2.823
Total,"46132 Genovés, el",2023,2.778
Total,"46132 Genovés, el",2022,2.780
Total,"46132 Genovés, el",2021,2.785
Total,"46132 Genovés, el",2020,2.778
Total,"46132 Genovés, el",2019,2.842
Total,"46132 Genovés, el",2018,2.828
Total,"46132 Genovés, el",2017,2.815
Total,"46132 Genovés, el",2016,2.809
Total,46133 Gestalgar,2025,587
Total,46133 Gestalgar,2024,560
Total,46133 Gestalgar,2023,569
Total,46133 Gestalgar,2022,547
Total,46133 Gestalgar,2021,541
Total,46133 Gestalgar,2020,548
Total,46133 Gestalgar,2019,556
Total,46133 Gestalgar,2018,554
Total,46133 Gestalgar,2017,596
Total,46133 Gestalgar,2016,634
Total,46134 Gilet,2025,4.011
Total,46134 Gilet,2024,3.887
Total,46134 Gilet,2023,3.818
Total,46134 Gilet,2022,3.601
Total,46134 Gilet,2021,3.501
Total,46134 Gilet,2020,3.404
Total,46134 Gilet,2019,3.324
Total,46134 Gilet,2018,3.276
Total,46134 Gilet,2017,3.308
Total,46134 Gilet,2016,3.304
Total,46135 Godella,2025,13.533
Total,46135 Godella,2024,13.437
Total,46135 Godella,2023,13.414
Total,46135 Godella,2022,13.050
Total,46135 Godella,2021,13.027
Total,46135 Godella,2020,13.131
Total,46135 Godella,2019,13.088
Total,46135 Godella,2018,13.058
Total,46135 Godella,2017,13.031
Total,46135 Godella,2016,13.029
Total,46136 Godelleta,2025,4.266
Total,46136 Godelleta,2024,4.182
Total,46136 Godelleta,2023,4.148
Total,46136 Godelleta,2022,3.942
Total,46136 Godelleta,2021,3.714
Total,46136 Godelleta,2020,3.584
Total,46136 Godelleta,2019,3.533
Total,46136 Godelleta,2018,3.462
Total,46136 Godelleta,2017,3.391
Total,46136 Godelleta,2016,3.396
Total,"46137 Granja de la Costera, la",2025,306
Total,"46137 Granja de la Costera, la",2024,294
Total,"46137 Granja de la Costera, la",2023,288
Total,"46137 Granja de la Costera, la",2022,276
Total,"46137 Granja de la Costera, la",2021,281
Total,"46137 Granja de la Costera, la",2020,295
Total,"46137 Granja de la Costera, la",2019,285
Total,"46137 Granja de la Costera, la",2018,297
Total,"46137 Granja de la Costera, la",2017,312
Total,"46137 Granja de la Costera, la",2016,333
Total,46138 Guadasséquies,2025,478
Total,46138 Guadasséquies,2024,468
Total,46138 Guadasséquies,2023,480
Total,46138 Guadasséquies,2022,475
Total,46138 Guadasséquies,2021,459
Total,46138 Guadasséquies,2020,456
Total,46138 Guadasséquies,2019,468
Total,46138 Guadasséquies,2018,444
Total,46138 Guadasséquies,2017,459
Total,46138 Guadasséquies,2016,456
Total,46139 Guadassuar,2025,6.039
Total,46139 Guadassuar,2024,5.992
Total,46139 Guadassuar,2023,5.961
Total,46139 Guadassuar,2022,5.910
Total,46139 Guadassuar,2021,5.938
Total,46139 Guadassuar,2020,5.902
Total,46139 Guadassuar,2019,5.893
Total,46139 Guadassuar,2018,5.914
Total,46139 Guadassuar,2017,5.913
Total,46139 Guadassuar,2016,5.898
Total,46140 Guardamar de la Safor,2025,622
Total,46140 Guardamar de la Safor,2024,607
Total,46140 Guardamar de la Safor,2023,605
Total,46140 Guardamar de la Safor,2022,567
Total,46140 Guardamar de la Safor,2021,547
Total,46140 Guardamar de la Safor,2020,531
Total,46140 Guardamar de la Safor,2019,526
Total,46140 Guardamar de la Safor,2018,491
Total,46140 Guardamar de la Safor,2017,472
Total,46140 Guardamar de la Safor,2016,490
Total,46141 Higueruelas,2025,567
Total,46141 Higueruelas,2024,534
Total,46141 Higueruelas,2023,522
Total,46141 Higueruelas,2022,510
Total,46141 Higueruelas,2021,524
Total,46141 Higueruelas,2020,501
Total,46141 Higueruelas,2019,500
Total,46141 Higueruelas,2018,508
Total,46141 Higueruelas,2017,503
Total,46141 Higueruelas,2016,511
Total,46142 Jalance,2025,808
Total,46142 Jalance,2024,803
Total,46142 Jalance,2023,810
Total,46142 Jalance,2022,788
Total,46142 Jalance,2021,795
Total,46142 Jalance,2020,834
Total,46142 Jalance,2019,830
Total,46142 Jalance,2018,845
Total,46142 Jalance,2017,852
Total,46142 Jalance,2016,885
Total,46144 Jarafuel,2025,788
Total,46144 Jarafuel,2024,757
Total,46144 Jarafuel,2023,765
Total,46144 Jarafuel,2022,777
Total,46144 Jarafuel,2021,772
Total,46144 Jarafuel,2020,769
Total,46144 Jarafuel,2019,754
Total,46144 Jarafuel,2018,776
Total,46144 Jarafuel,2017,785
Total,46144 Jarafuel,2016,785
Total,46154 Llanera de Ranes,2025,1.062
Total,46154 Llanera de Ranes,2024,1.057
Total,46154 Llanera de Ranes,2023,1.054
Total,46154 Llanera de Ranes,2022,1.066
Total,46154 Llanera de Ranes,2021,1.056
Total,46154 Llanera de Ranes,2020,1.047
Total,46154 Llanera de Ranes,2019,1.055
Total,46154 Llanera de Ranes,2018,1.049
Total,46154 Llanera de Ranes,2017,1.042
Total,46154 Llanera de Ranes,2016,1.046
Total,46155 Llaurí,2025,1.226
Total,46155 Llaurí,2024,1.236
Total,46155 Llaurí,2023,1.208
Total,46155 Llaurí,2022,1.193
Total,46155 Llaurí,2021,1.169
Total,46155 Llaurí,2020,1.130
Total,46155 Llaurí,2019,1.170
Total,46155 Llaurí,2018,1.209
Total,46155 Llaurí,2017,1.221
Total,46155 Llaurí,2016,1.212
Total,46147 Llíria,2025,25.333
Total,46147 Llíria,2024,25.077
Total,46147 Llíria,2023,24.518
Total,46147 Llíria,2022,24.036
Total,46147 Llíria,2021,23.648
Total,46147 Llíria,2020,23.482
Total,46147 Llíria,2019,23.253
Total,46147 Llíria,2018,22.972
Total,46147 Llíria,2017,22.793
Total,46147 Llíria,2016,22.796
Total,46152 Llocnou de la Corona,2025,132
Total,46152 Llocnou de la Corona,2024,121
Total,46152 Llocnou de la Corona,2023,124
Total,46152 Llocnou de la Corona,2022,109
Total,46152 Llocnou de la Corona,2021,124
Total,46152 Llocnou de la Corona,2020,124
Total,46152 Llocnou de la Corona,2019,118
Total,46152 Llocnou de la Corona,2018,118
Total,46152 Llocnou de la Corona,2017,116
Total,46152 Llocnou de la Corona,2016,137
Total,46153 Llocnou de Sant Jeroni,2025,594
Total,46153 Llocnou de Sant Jeroni,2024,586
Total,46153 Llocnou de Sant Jeroni,2023,567
Total,46153 Llocnou de Sant Jeroni,2022,577
Total,46153 Llocnou de Sant Jeroni,2021,557
Total,46153 Llocnou de Sant Jeroni,2020,554
Total,46153 Llocnou de Sant Jeroni,2019,546
Total,46153 Llocnou de Sant Jeroni,2018,542
Total,46153 Llocnou de Sant Jeroni,2017,544
Total,46153 Llocnou de Sant Jeroni,2016,543
Total,46151 Llocnou d'En Fenollet,2025,944
Total,46151 Llocnou d'En Fenollet,2024,924
Total,46151 Llocnou d'En Fenollet,2023,908
Total,46151 Llocnou d'En Fenollet,2022,924
Total,46151 Llocnou d'En Fenollet,2021,912
Total,46151 Llocnou d'En Fenollet,2020,916
Total,46151 Llocnou d'En Fenollet,2019,916
Total,46151 Llocnou d'En Fenollet,2018,893
Total,46151 Llocnou d'En Fenollet,2017,887
Total,46151 Llocnou d'En Fenollet,2016,907
Total,46156 Llombai,2025,2.791
Total,46156 Llombai,2024,2.767
Total,46156 Llombai,2023,2.687
Total,46156 Llombai,2022,2.648
Total,46156 Llombai,2021,2.651
Total,46156 Llombai,2020,2.653
Total,46156 Llombai,2019,2.685
Total,46156 Llombai,2018,2.686
Total,46156 Llombai,2017,2.702
Total,46156 Llombai,2016,2.753
Total,"46157 Llosa de Ranes, la",2025,3.765
Total,"46157 Llosa de Ranes, la",2024,3.736
Total,"46157 Llosa de Ranes, la",2023,3.681
Total,"46157 Llosa de Ranes, la",2022,3.652
Total,"46157 Llosa de Ranes, la",2021,3.687
Total,"46157 Llosa de Ranes, la",2020,3.642
Total,"46157 Llosa de Ranes, la",2019,3.575
Total,"46157 Llosa de Ranes, la",2018,3.585
Total,"46157 Llosa de Ranes, la",2017,3.599
Total,"46157 Llosa de Ranes, la",2016,3.511
Total,46150 Llutxent,2025,2.314
Total,46150 Llutxent,2024,2.335
Total,46150 Llutxent,2023,2.324
Total,46150 Llutxent,2022,2.318
Total,46150 Llutxent,2021,2.315
Total,46150 Llutxent,2020,2.326
Total,46150 Llutxent,2019,2.345
Total,46150 Llutxent,2018,2.373
Total,46150 Llutxent,2017,2.367
Total,46150 Llutxent,2016,2.402
Total,46148 Loriguilla,2025,2.188
Total,46148 Loriguilla,2024,2.186
Total,46148 Loriguilla,2023,2.171
Total,46148 Loriguilla,2022,2.100
Total,46148 Loriguilla,2021,2.027
Total,46148 Loriguilla,2020,2.035
Total,46148 Loriguilla,2019,2.025
Total,46148 Loriguilla,2018,1.984
Total,46148 Loriguilla,2017,1.985
Total,46148 Loriguilla,2016,1.998
Total,46149 Losa del Obispo,2025,531
Total,46149 Losa del Obispo,2024,523
Total,46149 Losa del Obispo,2023,520
Total,46149 Losa del Obispo,2022,527
Total,46149 Losa del Obispo,2021,531
Total,46149 Losa del Obispo,2020,505
Total,46149 Losa del Obispo,2019,507
Total,46149 Losa del Obispo,2018,504
Total,46149 Losa del Obispo,2017,510
Total,46149 Losa del Obispo,2016,514
Total,46158 Macastre,2025,1.461
Total,46158 Macastre,2024,1.475
Total,46158 Macastre,2023,1.437
Total,46158 Macastre,2022,1.387
Total,46158 Macastre,2021,1.338
Total,46158 Macastre,2020,1.300
Total,46158 Macastre,2019,1.283
Total,46158 Macastre,2018,1.240
Total,46158 Macastre,2017,1.236
Total,46158 Macastre,2016,1.237
Total,46159 Manises,2025,32.609
Total,46159 Manises,2024,32.273
Total,46159 Manises,2023,31.573
Total,46159 Manises,2022,31.170
Total,46159 Manises,2021,31.287
Total,46159 Manises,2020,31.240
Total,46159 Manises,2019,30.919
Total,46159 Manises,2018,30.693
Total,46159 Manises,2017,30.630
Total,46159 Manises,2016,30.704
Total,46160 Manuel,2025,2.560
Total,46160 Manuel,2024,2.524
Total,46160 Manuel,2023,2.500
Total,46160 Manuel,2022,2.496
Total,46160 Manuel,2021,2.452
Total,46160 Manuel,2020,2.436
Total,46160 Manuel,2019,2.428
Total,46160 Manuel,2018,2.439
Total,46160 Manuel,2017,2.448
Total,46160 Manuel,2016,2.459
Total,46161 Marines,2025,1.967
Total,46161 Marines,2024,1.921
Total,46161 Marines,2023,1.955
Total,46161 Marines,2022,1.942
Total,46161 Marines,2021,1.894
Total,46161 Marines,2020,1.848
Total,46161 Marines,2019,1.828
Total,46161 Marines,2018,1.828
Total,46161 Marines,2017,1.858
Total,46161 Marines,2016,1.869
Total,46162 Massalavés,2025,1.905
Total,46162 Massalavés,2024,1.811
Total,46162 Massalavés,2023,1.739
Total,46162 Massalavés,2022,1.696
Total,46162 Massalavés,2021,1.632
Total,46162 Massalavés,2020,1.610
Total,46162 Massalavés,2019,1.596
Total,46162 Massalavés,2018,1.575
Total,46162 Massalavés,2017,1.596
Total,46162 Massalavés,2016,1.571
Total,46163 Massalfassar,2025,2.716
Total,46163 Massalfassar,2024,2.653
Total,46163 Massalfassar,2023,2.609
Total,46163 Massalfassar,2022,2.587
Total,46163 Massalfassar,2021,2.574
Total,46163 Massalfassar,2020,2.555
Total,46163 Massalfassar,2019,2.469
Total,46163 Massalfassar,2018,2.480
Total,46163 Massalfassar,2017,2.462
Total,46163 Massalfassar,2016,2.472
Total,46164 Massamagrell,2025,17.566
Total,46164 Massamagrell,2024,17.216
Total,46164 Massamagrell,2023,16.766
Total,46164 Massamagrell,2022,16.223
Total,46164 Massamagrell,2021,16.132
Total,46164 Massamagrell,2020,16.163
Total,46164 Massamagrell,2019,15.952
Total,46164 Massamagrell,2018,15.752
Total,46164 Massamagrell,2017,15.553
Total,46164 Massamagrell,2016,15.574
Total,46165 Massanassa,2025,10.607
Total,46165 Massanassa,2024,10.345
Total,46165 Massanassa,2023,10.146
Total,46165 Massanassa,2022,9.929
Total,46165 Massanassa,2021,9.845
Total,46165 Massanassa,2020,9.782
Total,46165 Massanassa,2019,9.667
Total,46165 Massanassa,2018,9.538
Total,46165 Massanassa,2017,9.375
Total,46165 Massanassa,2016,9.341
Total,46166 Meliana,2025,11.055
Total,46166 Meliana,2024,10.990
Total,46166 Meliana,2023,10.918
Total,46166 Meliana,2022,10.881
Total,46166 Meliana,2021,10.926
Total,46166 Meliana,2020,10.970
Total,46166 Meliana,2019,10.822
Total,46166 Meliana,2018,10.662
Total,46166 Meliana,2017,10.678
Total,46166 Meliana,2016,10.619
Total,46167 Millares,2025,321
Total,46167 Millares,2024,329
Total,46167 Millares,2023,330
Total,46167 Millares,2022,339
Total,46167 Millares,2021,341
Total,46167 Millares,2020,331
Total,46167 Millares,2019,345
Total,46167 Millares,2018,346
Total,46167 Millares,2017,349
Total,46167 Millares,2016,369
Total,46168 Miramar,2025,3.143
Total,46168 Miramar,2024,3.020
Total,46168 Miramar,2023,2.978
Total,46168 Miramar,2022,2.831
Total,46168 Miramar,2021,2.740
Total,46168 Miramar,2020,2.685
Total,46168 Miramar,2019,2.634
Total,46168 Miramar,2018,2.599
Total,46168 Miramar,2017,2.608
Total,46168 Miramar,2016,2.609
Total,46169 Mislata,2025,47.079
Total,46169 Mislata,2024,46.153
Total,46169 Mislata,2023,45.644
Total,46169 Mislata,2022,44.282
Total,46169 Mislata,2021,44.320
Total,46169 Mislata,2020,44.320
Total,46169 Mislata,2019,43.691
Total,46169 Mislata,2018,43.278
Total,46169 Mislata,2017,43.042
Total,46169 Mislata,2016,42.988
Total,46170 Moixent/Mogente,2025,4.401
Total,46170 Moixent/Mogente,2024,4.373
Total,46170 Moixent/Mogente,2023,4.383
Total,46170 Moixent/Mogente,2022,4.365
Total,46170 Moixent/Mogente,2021,4.326
Total,46170 Moixent/Mogente,2020,4.307
Total,46170 Moixent/Mogente,2019,4.302
Total,46170 Moixent/Mogente,2018,4.318
Total,46170 Moixent/Mogente,2017,4.371
Total,46170 Moixent/Mogente,2016,4.378
Total,46173 Montaverner,2025,1.624
Total,46173 Montaverner,2024,1.626
Total,46173 Montaverner,2023,1.617
Total,46173 Montaverner,2022,1.627
Total,46173 Montaverner,2021,1.630
Total,46173 Montaverner,2020,1.635
Total,46173 Montaverner,2019,1.630
Total,46173 Montaverner,2018,1.631
Total,46173 Montaverner,2017,1.666
Total,46173 Montaverner,2016,1.691
Total,46171 Montcada/Moncada,2025,22.213
Total,46171 Montcada/Moncada,2024,21.993
Total,46171 Montcada/Moncada,2023,22.067
Total,46171 Montcada/Moncada,2022,21.913
Total,46171 Montcada/Moncada,2021,21.875
Total,46171 Montcada/Moncada,2020,22.021
Total,46171 Montcada/Moncada,2019,21.935
Total,46171 Montcada/Moncada,2018,21.802
Total,46171 Montcada/Moncada,2017,21.623
Total,46171 Montcada/Moncada,2016,21.700
Total,46174 Montesa,2025,1.128
Total,46174 Montesa,2024,1.134
Total,46174 Montesa,2023,1.132
Total,46174 Montesa,2022,1.152
Total,46174 Montesa,2021,1.149
Total,46174 Montesa,2020,1.155
Total,46174 Montesa,2019,1.164
Total,46174 Montesa,2018,1.180
Total,46174 Montesa,2017,1.204
Total,46174 Montesa,2016,1.227
Total,46175 Montitxelvo/Montichelvo,2025,556
Total,46175 Montitxelvo/Montichelvo,2024,577
Total,46175 Montitxelvo/Montichelvo,2023,558
Total,46175 Montitxelvo/Montichelvo,2022,571
Total,46175 Montitxelvo/Montichelvo,2021,588
Total,46175 Montitxelvo/Montichelvo,2020,585
Total,46175 Montitxelvo/Montichelvo,2019,584
Total,46175 Montitxelvo/Montichelvo,2018,605
Total,46175 Montitxelvo/Montichelvo,2017,614
Total,46175 Montitxelvo/Montichelvo,2016,644
Total,46176 Montroi/Montroy,2025,3.792
Total,46176 Montroi/Montroy,2024,3.477
Total,46176 Montroi/Montroy,2023,3.295
Total,46176 Montroi/Montroy,2022,3.185
Total,46176 Montroi/Montroy,2021,3.069
Total,46176 Montroi/Montroy,2020,2.956
Total,46176 Montroi/Montroy,2019,2.867
Total,46176 Montroi/Montroy,2018,2.822
Total,46176 Montroi/Montroy,2017,2.865
Total,46176 Montroi/Montroy,2016,2.907
Total,46172 Montserrat,2025,10.062
Total,46172 Montserrat,2024,9.656
Total,46172 Montserrat,2023,9.312
Total,46172 Montserrat,2022,9.017
Total,46172 Montserrat,2021,8.655
Total,46172 Montserrat,2020,8.188
Total,46172 Montserrat,2019,7.878
Total,46172 Montserrat,2018,7.583
Total,46172 Montserrat,2017,7.419
Total,46172 Montserrat,2016,7.295
Total,46177 Museros,2025,6.871
Total,46177 Museros,2024,6.739
Total,46177 Museros,2023,6.741
Total,46177 Museros,2022,6.663
Total,46177 Museros,2021,6.618
Total,46177 Museros,2020,6.596
Total,46177 Museros,2019,6.458
Total,46177 Museros,2018,6.291
Total,46177 Museros,2017,6.164
Total,46177 Museros,2016,6.252
Total,46178 Nàquera/Náquera,2025,8.556
Total,46178 Nàquera/Náquera,2024,8.308
Total,46178 Nàquera/Náquera,2023,8.102
Total,46178 Nàquera/Náquera,2022,7.728
Total,46178 Nàquera/Náquera,2021,7.301
Total,46178 Nàquera/Náquera,2020,6.897
Total,46178 Nàquera/Náquera,2019,6.577
Total,46178 Nàquera/Náquera,2018,6.205
Total,46178 Nàquera/Náquera,2017,6.058
Total,46178 Nàquera/Náquera,2016,6.087
Total,46179 Navarrés,2025,3.027
Total,46179 Navarrés,2024,3.055
Total,46179 Navarrés,2023,3.061
Total,46179 Navarrés,2022,2.989
Total,46179 Navarrés,2021,3.004
Total,46179 Navarrés,2020,3.004
Total,46179 Navarrés,2019,2.968
Total,46179 Navarrés,2018,2.975
Total,46179 Navarrés,2017,3.031
Total,46179 Navarrés,2016,3.056
Total,46180 Novetlè,2025,872
Total,46180 Novetlè,2024,849
Total,46180 Novetlè,2023,856
Total,46180 Novetlè,2022,861
Total,46180 Novetlè,2021,853
Total,46180 Novetlè,2020,857
Total,46180 Novetlè,2019,837
Total,46180 Novetlè,2018,838
Total,46180 Novetlè,2017,858
Total,46180 Novetlè,2016,854
Total,46181 Oliva,2025,26.813
Total,46181 Oliva,2024,26.122
Total,46181 Oliva,2023,25.558
Total,46181 Oliva,2022,25.179
Total,46181 Oliva,2021,25.119
Total,46181 Oliva,2020,25.224
Total,46181 Oliva,2019,25.101
Total,46181 Oliva,2018,25.199
Total,46181 Oliva,2017,25.488
Total,46181 Oliva,2016,25.789
Total,"46183 Olleria, l'",2025,8.818
Total,"46183 Olleria, l'",2024,8.648
Total,"46183 Olleria, l'",2023,8.421
Total,"46183 Olleria, l'",2022,8.355
Total,"46183 Olleria, l'",2021,8.404
Total,"46183 Olleria, l'",2020,8.320
Total,"46183 Olleria, l'",2019,8.281
Total,"46183 Olleria, l'",2018,8.225
Total,"46183 Olleria, l'",2017,8.261
Total,"46183 Olleria, l'",2016,8.311
Total,46182 Olocau,2025,2.534
Total,46182 Olocau,2024,2.425
Total,46182 Olocau,2023,2.303
Total,46182 Olocau,2022,2.148
Total,46182 Olocau,2021,2.028
Total,46182 Olocau,2020,1.828
Total,46182 Olocau,2019,1.771
Total,46182 Olocau,2018,1.766
Total,46182 Olocau,2017,1.750
Total,46182 Olocau,2016,1.685
Total,46184 Ontinyent,2025,37.012
Total,46184 Ontinyent,2024,36.430
Total,46184 Ontinyent,2023,36.194
Total,46184 Ontinyent,2022,35.946
Total,46184 Ontinyent,2021,35.946
Total,46184 Ontinyent,2020,35.761
Total,46184 Ontinyent,2019,35.347
Total,46184 Ontinyent,2018,35.395
Total,46184 Ontinyent,2017,35.342
Total,46184 Ontinyent,2016,35.534
Total,46185 Otos,2025,442
Total,46185 Otos,2024,440
Total,46185 Otos,2023,436
Total,46185 Otos,2022,428
Total,46185 Otos,2021,428
Total,46185 Otos,2020,422
Total,46185 Otos,2019,434
Total,46185 Otos,2018,446
Total,46185 Otos,2017,450
Total,46185 Otos,2016,448
Total,46186 Paiporta,2025,28.136
Total,46186 Paiporta,2024,27.748
Total,46186 Paiporta,2023,27.184
Total,46186 Paiporta,2022,26.567
Total,46186 Paiporta,2021,26.401
Total,46186 Paiporta,2020,26.514
Total,46186 Paiporta,2019,26.088
Total,46186 Paiporta,2018,25.309
Total,46186 Paiporta,2017,25.241
Total,46186 Paiporta,2016,25.084
Total,46187 Palma de Gandía,2025,1.897
Total,46187 Palma de Gandía,2024,1.816
Total,46187 Palma de Gandía,2023,1.735
Total,46187 Palma de Gandía,2022,1.686
Total,46187 Palma de Gandía,2021,1.660
Total,46187 Palma de Gandía,2020,1.709
Total,46187 Palma de Gandía,2019,1.631
Total,46187 Palma de Gandía,2018,1.543
Total,46187 Palma de Gandía,2017,1.511
Total,46187 Palma de Gandía,2016,1.561
Total,46188 Palmera,2025,1.038
Total,46188 Palmera,2024,1.028
Total,46188 Palmera,2023,1.043
Total,46188 Palmera,2022,1.040
Total,46188 Palmera,2021,1.024
Total,46188 Palmera,2020,1.018
Total,46188 Palmera,2019,1.024
Total,46188 Palmera,2018,1.047
Total,46188 Palmera,2017,1.024
Total,46188 Palmera,2016,1.011
Total,"46189 Palomar, el",2025,593
Total,"46189 Palomar, el",2024,598
Total,"46189 Palomar, el",2023,574
Total,"46189 Palomar, el",2022,566
Total,"46189 Palomar, el",2021,562
Total,"46189 Palomar, el",2020,567
Total,"46189 Palomar, el",2019,590
Total,"46189 Palomar, el",2018,576
Total,"46189 Palomar, el",2017,579
Total,"46189 Palomar, el",2016,581
Total,46190 Paterna,2025,76.019
Total,46190 Paterna,2024,74.822
Total,46190 Paterna,2023,73.488
Total,46190 Paterna,2022,71.880
Total,46190 Paterna,2021,71.361
Total,46190 Paterna,2020,71.035
Total,46190 Paterna,2019,70.195
Total,46190 Paterna,2018,69.156
Total,46190 Paterna,2017,68.547
Total,46190 Paterna,2016,67.854
Total,46191 Pedralba,2025,3.225
Total,46191 Pedralba,2024,3.124
Total,46191 Pedralba,2023,3.048
Total,46191 Pedralba,2022,2.966
Total,46191 Pedralba,2021,2.852
Total,46191 Pedralba,2020,2.814
Total,46191 Pedralba,2019,2.778
Total,46191 Pedralba,2018,2.777
Total,46191 Pedralba,2017,2.785
Total,46191 Pedralba,2016,2.813
Total,46192 Petrés,2025,1.124
Total,46192 Petrés,2024,1.142
Total,46192 Petrés,2023,1.096
Total,46192 Petrés,2022,1.057
Total,46192 Petrés,2021,1.012
Total,46192 Petrés,2020,999
Total,46192 Petrés,2019,997
Total,46192 Petrés,2018,969
Total,46192 Petrés,2017,968
Total,46192 Petrés,2016,959
Total,46193 Picanya,2025,11.901
Total,46193 Picanya,2024,11.876
Total,46193 Picanya,2023,11.760
Total,46193 Picanya,2022,11.665
Total,46193 Picanya,2021,11.692
Total,46193 Picanya,2020,11.606
Total,46193 Picanya,2019,11.513
Total,46193 Picanya,2018,11.409
Total,46193 Picanya,2017,11.278
Total,46193 Picanya,2016,11.281
Total,46194 Picassent,2025,23.202
Total,46194 Picassent,2024,22.695
Total,46194 Picassent,2023,22.236
Total,46194 Picassent,2022,21.761
Total,46194 Picassent,2021,21.487
Total,46194 Picassent,2020,21.263
Total,46194 Picassent,2019,20.942
Total,46194 Picassent,2018,20.709
Total,46194 Picassent,2017,20.658
Total,46194 Picassent,2016,20.498
Total,46195 Piles,2025,3.151
Total,46195 Piles,2024,3.195
Total,46195 Piles,2023,3.031
Total,46195 Piles,2022,2.882
Total,46195 Piles,2021,2.742
Total,46195 Piles,2020,2.740
Total,46195 Piles,2019,2.685
Total,46195 Piles,2018,2.688
Total,46195 Piles,2017,2.712
Total,46195 Piles,2016,2.757
Total,46196 Pinet,2025,156
Total,46196 Pinet,2024,148
Total,46196 Pinet,2023,155
Total,46196 Pinet,2022,155
Total,46196 Pinet,2021,161
Total,46196 Pinet,2020,157
Total,46196 Pinet,2019,157
Total,46196 Pinet,2018,156
Total,46196 Pinet,2017,159
Total,46196 Pinet,2016,163
Total,"46199 Pobla de Farnals, la",2025,9.255
Total,"46199 Pobla de Farnals, la",2024,9.076
Total,"46199 Pobla de Farnals, la",2023,8.699
Total,"46199 Pobla de Farnals, la",2022,8.368
Total,"46199 Pobla de Farnals, la",2021,8.205
Total,"46199 Pobla de Farnals, la",2020,8.128
Total,"46199 Pobla de Farnals, la",2019,7.978
Total,"46199 Pobla de Farnals, la",2018,7.840
Total,"46199 Pobla de Farnals, la",2017,7.747
Total,"46199 Pobla de Farnals, la",2016,7.698
Total,"46202 Pobla de Vallbona, la",2025,27.471
Total,"46202 Pobla de Vallbona, la",2024,27.056
Total,"46202 Pobla de Vallbona, la",2023,26.435
Total,"46202 Pobla de Vallbona, la",2022,25.625
Total,"46202 Pobla de Vallbona, la",2021,25.275
Total,"46202 Pobla de Vallbona, la",2020,24.858
Total,"46202 Pobla de Vallbona, la",2019,24.433
Total,"46202 Pobla de Vallbona, la",2018,24.068
Total,"46202 Pobla de Vallbona, la",2017,23.684
Total,"46202 Pobla de Vallbona, la",2016,23.403
Total,"46200 Pobla del Duc, la",2025,2.451
Total,"46200 Pobla del Duc, la",2024,2.449
Total,"46200 Pobla del Duc, la",2023,2.438
Total,"46200 Pobla del Duc, la",2022,2.447
Total,"46200 Pobla del Duc, la",2021,2.483
Total,"46200 Pobla del Duc, la",2020,2.515
Total,"46200 Pobla del Duc, la",2019,2.543
Total,"46200 Pobla del Duc, la",2018,2.537
Total,"46200 Pobla del Duc, la",2017,2.589
Total,"46200 Pobla del Duc, la",2016,2.564
Total,"46203 Pobla Llarga, la",2025,4.665
Total,"46203 Pobla Llarga, la",2024,4.569
Total,"46203 Pobla Llarga, la",2023,4.529
Total,"46203 Pobla Llarga, la",2022,4.443
Total,"46203 Pobla Llarga, la",2021,4.440
Total,"46203 Pobla Llarga, la",2020,4.452
Total,"46203 Pobla Llarga, la",2019,4.452
Total,"46203 Pobla Llarga, la",2018,4.482
Total,"46203 Pobla Llarga, la",2017,4.493
Total,"46203 Pobla Llarga, la",2016,4.546
Total,46197 Polinyà de Xúquer,2025,2.577
Total,46197 Polinyà de Xúquer,2024,2.551
Total,46197 Polinyà de Xúquer,2023,2.550
Total,46197 Polinyà de Xúquer,2022,2.493
Total,46197 Polinyà de Xúquer,2021,2.495
Total,46197 Polinyà de Xúquer,2020,2.503
Total,46197 Polinyà de Xúquer,2019,2.472
Total,46197 Polinyà de Xúquer,2018,2.459
Total,46197 Polinyà de Xúquer,2017,2.484
Total,46197 Polinyà de Xúquer,2016,2.464
Total,46198 Potries,2025,1.135
Total,46198 Potries,2024,1.104
Total,46198 Potries,2023,1.080
Total,46198 Potries,2022,1.075
Total,46198 Potries,2021,1.065
Total,46198 Potries,2020,1.060
Total,46198 Potries,2019,1.046
Total,46198 Potries,2018,1.014
Total,46198 Potries,2017,1.013
Total,46198 Potries,2016,1.017
Total,46205 Puçol,2025,21.659
Total,46205 Puçol,2024,21.298
Total,46205 Puçol,2023,20.731
Total,46205 Puçol,2022,20.191
Total,46205 Puçol,2021,19.975
Total,46205 Puçol,2020,19.737
Total,46205 Puçol,2019,19.495
Total,46205 Puçol,2018,19.455
Total,46205 Puçol,2017,19.531
Total,46205 Puçol,2016,19.438
Total,46201 Puebla de San Miguel,2025,53
Total,46201 Puebla de San Miguel,2024,51
Total,46201 Puebla de San Miguel,2023,53
Total,46201 Puebla de San Miguel,2022,59
Total,46201 Puebla de San Miguel,2021,60
Total,46201 Puebla de San Miguel,2020,61
Total,46201 Puebla de San Miguel,2019,62
Total,46201 Puebla de San Miguel,2018,61
Total,46201 Puebla de San Miguel,2017,62
Total,46201 Puebla de San Miguel,2016,64
Total,"46204 Puig de Santa Maria, el",2025,9.490
Total,"46204 Puig de Santa Maria, el",2024,9.367
Total,"46204 Puig de Santa Maria, el",2023,8.992
Total,"46204 Puig de Santa Maria, el",2022,8.792
Total,"46204 Puig de Santa Maria, el",2021,8.737
Total,"46204 Puig de Santa Maria, el",2020,8.718
Total,"46204 Puig de Santa Maria, el",2019,8.630
Total,"46204 Puig de Santa Maria, el",2018,8.566
Total,"46204 Puig de Santa Maria, el",2017,8.618
Total,"46204 Puig de Santa Maria, el",2016,8.735
Total,46101 Quart de les Valls,2025,1.029
Total,46101 Quart de les Valls,2024,1.040
Total,46101 Quart de les Valls,2023,1.050
Total,46101 Quart de les Valls,2022,1.049
Total,46101 Quart de les Valls,2021,1.050
Total,46101 Quart de les Valls,2020,1.024
Total,46101 Quart de les Valls,2019,988
Total,46101 Quart de les Valls,2018,992
Total,46101 Quart de les Valls,2017,1.042
Total,46101 Quart de les Valls,2016,1.039
Total,46102 Quart de Poblet,2025,26.967
Total,46102 Quart de Poblet,2024,26.304
Total,46102 Quart de Poblet,2023,25.590
Total,46102 Quart de Poblet,2022,25.167
Total,46102 Quart de Poblet,2021,25.035
Total,46102 Quart de Poblet,2020,25.062
Total,46102 Quart de Poblet,2019,24.760
Total,46102 Quart de Poblet,2018,24.536
Total,46102 Quart de Poblet,2017,24.491
Total,46102 Quart de Poblet,2016,24.776
Total,46103 Quartell,2025,1.810
Total,46103 Quartell,2024,1.657
Total,46103 Quartell,2023,1.672
Total,46103 Quartell,2022,1.683
Total,46103 Quartell,2021,1.640
Total,46103 Quartell,2020,1.655
Total,46103 Quartell,2019,1.636
Total,46103 Quartell,2018,1.561
Total,46103 Quartell,2017,1.539
Total,46103 Quartell,2016,1.538
Total,46104 Quatretonda,2025,2.174
Total,46104 Quatretonda,2024,2.206
Total,46104 Quatretonda,2023,2.190
Total,46104 Quatretonda,2022,2.143
Total,46104 Quatretonda,2021,2.146
Total,46104 Quatretonda,2020,2.202
Total,46104 Quatretonda,2019,2.212
Total,46104 Quatretonda,2018,2.239
Total,46104 Quatretonda,2017,2.278
Total,46104 Quatretonda,2016,2.338
Total,46206 Quesa,2025,691
Total,46206 Quesa,2024,675
Total,46206 Quesa,2023,661
Total,46206 Quesa,2022,647
Total,46206 Quesa,2021,669
Total,46206 Quesa,2020,663
Total,46206 Quesa,2019,670
Total,46206 Quesa,2018,662
Total,46206 Quesa,2017,673
Total,46206 Quesa,2016,680
Total,46207 Rafelbunyol,2025,9.974
Total,46207 Rafelbunyol,2024,9.710
Total,46207 Rafelbunyol,2023,9.467
Total,46207 Rafelbunyol,2022,9.381
Total,46207 Rafelbunyol,2021,9.351
Total,46207 Rafelbunyol,2020,9.149
Total,46207 Rafelbunyol,2019,8.941
Total,46207 Rafelbunyol,2018,8.929
Total,46207 Rafelbunyol,2017,8.870
Total,46207 Rafelbunyol,2016,8.907
Total,46208 Rafelcofer,2025,1.409
Total,46208 Rafelcofer,2024,1.374
Total,46208 Rafelcofer,2023,1.372
Total,46208 Rafelcofer,2022,1.386
Total,46208 Rafelcofer,2021,1.365
Total,46208 Rafelcofer,2020,1.355
Total,46208 Rafelcofer,2019,1.345
Total,46208 Rafelcofer,2018,1.358
Total,46208 Rafelcofer,2017,1.375
Total,46208 Rafelcofer,2016,1.374
Total,46209 Rafelguaraf,2025,2.395
Total,46209 Rafelguaraf,2024,2.350
Total,46209 Rafelguaraf,2023,2.351
Total,46209 Rafelguaraf,2022,2.360
Total,46209 Rafelguaraf,2021,2.358
Total,46209 Rafelguaraf,2020,2.355
Total,46209 Rafelguaraf,2019,2.335
Total,46209 Rafelguaraf,2018,2.370
Total,46209 Rafelguaraf,2017,2.394
Total,46209 Rafelguaraf,2016,2.403
Total,46210 Ráfol de Salem,2025,463
Total,46210 Ráfol de Salem,2024,464
Total,46210 Ráfol de Salem,2023,467
Total,46210 Ráfol de Salem,2022,443
Total,46210 Ráfol de Salem,2021,449
Total,46210 Ráfol de Salem,2020,442
Total,46210 Ráfol de Salem,2019,462
Total,46210 Ráfol de Salem,2018,440
Total,46210 Ráfol de Salem,2017,425
Total,46210 Ráfol de Salem,2016,423
Total,46212 Real,2025,2.497
Total,46212 Real,2024,2.435
Total,46212 Real,2023,2.410
Total,46212 Real,2022,2.287
Total,46212 Real,2021,2.250
Total,46212 Real,2020,2.207
Total,46212 Real,2019,2.154
Total,46212 Real,2018,2.152
Total,46212 Real,2017,2.184
Total,46212 Real,2016,2.263
Total,"46211 Real de Gandia, el",2025,2.722
Total,"46211 Real de Gandia, el",2024,2.670
Total,"46211 Real de Gandia, el",2023,2.649
Total,"46211 Real de Gandia, el",2022,2.574
Total,"46211 Real de Gandia, el",2021,2.551
Total,"46211 Real de Gandia, el",2020,2.531
Total,"46211 Real de Gandia, el",2019,2.461
Total,"46211 Real de Gandia, el",2018,2.395
Total,"46211 Real de Gandia, el",2017,2.363
Total,"46211 Real de Gandia, el",2016,2.286
Total,46213 Requena,2025,20.982
Total,46213 Requena,2024,20.740
Total,46213 Requena,2023,20.387
Total,46213 Requena,2022,20.058
Total,46213 Requena,2021,20.235
Total,46213 Requena,2020,20.405
Total,46213 Requena,2019,20.254
Total,46213 Requena,2018,20.227
Total,46213 Requena,2017,20.320
Total,46213 Requena,2016,20.510
Total,46214 Riba-roja de Túria,2025,24.616
Total,46214 Riba-roja de Túria,2024,24.230
Total,46214 Riba-roja de Túria,2023,23.555
Total,46214 Riba-roja de Túria,2022,23.050
Total,46214 Riba-roja de Túria,2021,22.799
Total,46214 Riba-roja de Túria,2020,22.761
Total,46214 Riba-roja de Túria,2019,22.264
Total,46214 Riba-roja de Túria,2018,21.992
Total,46214 Riba-roja de Túria,2017,21.626
Total,46214 Riba-roja de Túria,2016,21.521
Total,46215 Riola,2025,1.820
Total,46215 Riola,2024,1.770
Total,46215 Riola,2023,1.780
Total,46215 Riola,2022,1.793
Total,46215 Riola,2021,1.780
Total,46215 Riola,2020,1.790
Total,46215 Riola,2019,1.759
Total,46215 Riola,2018,1.734
Total,46215 Riola,2017,1.785
Total,46215 Riola,2016,1.832
Total,46216 Rocafort,2025,7.751
Total,46216 Rocafort,2024,7.753
Total,46216 Rocafort,2023,7.570
Total,46216 Rocafort,2022,7.603
Total,46216 Rocafort,2021,7.445
Total,46216 Rocafort,2020,7.314
Total,46216 Rocafort,2019,7.240
Total,46216 Rocafort,2018,7.160
Total,46216 Rocafort,2017,7.004
Total,46216 Rocafort,2016,6.940
Total,46217 Rotglà i Corberà,2025,1.171
Total,46217 Rotglà i Corberà,2024,1.158
Total,46217 Rotglà i Corberà,2023,1.165
Total,46217 Rotglà i Corberà,2022,1.163
Total,46217 Rotglà i Corberà,2021,1.146
Total,46217 Rotglà i Corberà,2020,1.117
Total,46217 Rotglà i Corberà,2019,1.138
Total,46217 Rotglà i Corberà,2018,1.114
Total,46217 Rotglà i Corberà,2017,1.108
Total,46217 Rotglà i Corberà,2016,1.123
Total,46218 Ròtova,2025,1.283
Total,46218 Ròtova,2024,1.271
Total,46218 Ròtova,2023,1.292
Total,46218 Ròtova,2022,1.265
Total,46218 Ròtova,2021,1.271
Total,46218 Ròtova,2020,1.293
Total,46218 Ròtova,2019,1.294
Total,46218 Ròtova,2018,1.262
Total,46218 Ròtova,2017,1.259
Total,46218 Ròtova,2016,1.276
Total,46219 Rugat,2025,165
Total,46219 Rugat,2024,171
Total,46219 Rugat,2023,166
Total,46219 Rugat,2022,175
Total,46219 Rugat,2021,180
Total,46219 Rugat,2020,174
Total,46219 Rugat,2019,158
Total,46219 Rugat,2018,162
Total,46219 Rugat,2017,158
Total,46219 Rugat,2016,179
Total,46220 Sagunt/Sagunto,2025,73.031
Total,46220 Sagunt/Sagunto,2024,71.377
Total,46220 Sagunt/Sagunto,2023,70.128
Total,46220 Sagunt/Sagunto,2022,68.066
Total,46220 Sagunt/Sagunto,2021,67.043
Total,46220 Sagunt/Sagunto,2020,67.173
Total,46220 Sagunt/Sagunto,2019,66.140
Total,46220 Sagunt/Sagunto,2018,65.669
Total,46220 Sagunt/Sagunto,2017,65.278
Total,46220 Sagunt/Sagunto,2016,64.439
Total,46221 Salem,2025,407
Total,46221 Salem,2024,394
Total,46221 Salem,2023,401
Total,46221 Salem,2022,411
Total,46221 Salem,2021,414
Total,46221 Salem,2020,418
Total,46221 Salem,2019,424
Total,46221 Salem,2018,433
Total,46221 Salem,2017,437
Total,46221 Salem,2016,437
Total,46903 San Antonio de Benagéber,2025,11.192
Total,46903 San Antonio de Benagéber,2024,10.630
Total,46903 San Antonio de Benagéber,2023,10.200
Total,46903 San Antonio de Benagéber,2022,9.874
Total,46903 San Antonio de Benagéber,2021,9.501
Total,46903 San Antonio de Benagéber,2020,9.286
Total,46903 San Antonio de Benagéber,2019,9.089
Total,46903 San Antonio de Benagéber,2018,8.846
Total,46903 San Antonio de Benagéber,2017,8.755
Total,46903 San Antonio de Benagéber,2016,8.463
Total,46222 Sant Joanet,2025,527
Total,46222 Sant Joanet,2024,526
Total,46222 Sant Joanet,2023,544
Total,46222 Sant Joanet,2022,534
Total,46222 Sant Joanet,2021,519
Total,46222 Sant Joanet,2020,507
Total,46222 Sant Joanet,2019,504
Total,46222 Sant Joanet,2018,486
Total,46222 Sant Joanet,2017,484
Total,46222 Sant Joanet,2016,480
Total,46223 Sedaví,2025,10.837
Total,46223 Sedaví,2024,10.908
Total,46223 Sedaví,2023,10.637
Total,46223 Sedaví,2022,10.349
Total,46223 Sedaví,2021,10.344
Total,46223 Sedaví,2020,10.391
Total,46223 Sedaví,2019,10.333
Total,46223 Sedaví,2018,10.245
Total,46223 Sedaví,2017,10.179
Total,46223 Sedaví,2016,10.172
Total,46224 Segart,2025,180
Total,46224 Segart,2024,167
Total,46224 Segart,2023,166
Total,46224 Segart,2022,174
Total,46224 Segart,2021,177
Total,46224 Segart,2020,164
Total,46224 Segart,2019,163
Total,46224 Segart,2018,158
Total,46224 Segart,2017,158
Total,46224 Segart,2016,159
Total,46225 Sellent,2025,383
Total,46225 Sellent,2024,383
Total,46225 Sellent,2023,381
Total,46225 Sellent,2022,380
Total,46225 Sellent,2021,377
Total,46225 Sellent,2020,384
Total,46225 Sellent,2019,389
Total,46225 Sellent,2018,379
Total,46225 Sellent,2017,376
Total,46225 Sellent,2016,382
Total,46226 Sempere,2025,33
Total,46226 Sempere,2024,29
Total,46226 Sempere,2023,31
Total,46226 Sempere,2022,26
Total,46226 Sempere,2021,26
Total,46226 Sempere,2020,30
Total,46226 Sempere,2019,34
Total,46226 Sempere,2018,35
Total,46226 Sempere,2017,41
Total,46226 Sempere,2016,48
Total,46227 Senyera,2025,1.114
Total,46227 Senyera,2024,1.124
Total,46227 Senyera,2023,1.122
Total,46227 Senyera,2022,1.108
Total,46227 Senyera,2021,1.132
Total,46227 Senyera,2020,1.134
Total,46227 Senyera,2019,1.136
Total,46227 Senyera,2018,1.143
Total,46227 Senyera,2017,1.149
Total,46227 Senyera,2016,1.172
Total,46228 Serra,2025,3.767
Total,46228 Serra,2024,3.725
Total,46228 Serra,2023,3.608
Total,46228 Serra,2022,3.405
Total,46228 Serra,2021,3.326
Total,46228 Serra,2020,3.187
Total,46228 Serra,2019,3.124
Total,46228 Serra,2018,3.091
Total,46228 Serra,2017,3.068
Total,46228 Serra,2016,3.070
Total,46229 Siete Aguas,2025,1.289
Total,46229 Siete Aguas,2024,1.279
Total,46229 Siete Aguas,2023,1.229
Total,46229 Siete Aguas,2022,1.180
Total,46229 Siete Aguas,2021,1.183
Total,46229 Siete Aguas,2020,1.159
Total,46229 Siete Aguas,2019,1.154
Total,46229 Siete Aguas,2018,1.171
Total,46229 Siete Aguas,2017,1.196
Total,46229 Siete Aguas,2016,1.223
Total,46230 Silla,2025,20.482
Total,46230 Silla,2024,20.117
Total,46230 Silla,2023,19.683
Total,46230 Silla,2022,19.298
Total,46230 Silla,2021,19.211
Total,46230 Silla,2020,19.078
Total,46230 Silla,2019,18.771
Total,46230 Silla,2018,18.467
Total,46230 Silla,2017,18.440
Total,46230 Silla,2016,18.462
Total,46231 Simat de la Valldigna,2025,3.311
Total,46231 Simat de la Valldigna,2024,3.289
Total,46231 Simat de la Valldigna,2023,3.251
Total,46231 Simat de la Valldigna,2022,3.271
Total,46231 Simat de la Valldigna,2021,3.286
Total,46231 Simat de la Valldigna,2020,3.297
Total,46231 Simat de la Valldigna,2019,3.329
Total,46231 Simat de la Valldigna,2018,3.325
Total,46231 Simat de la Valldigna,2017,3.297
Total,46231 Simat de la Valldigna,2016,3.341
Total,46232 Sinarcas,2025,1.176
Total,46232 Sinarcas,2024,1.153
Total,46232 Sinarcas,2023,1.113
Total,46232 Sinarcas,2022,1.135
Total,46232 Sinarcas,2021,1.109
Total,46232 Sinarcas,2020,1.105
Total,46232 Sinarcas,2019,1.125
Total,46232 Sinarcas,2018,1.124
Total,46232 Sinarcas,2017,1.147
Total,46232 Sinarcas,2016,1.148
Total,46233 Sollana,2025,5.089
Total,46233 Sollana,2024,5.035
Total,46233 Sollana,2023,4.959
Total,46233 Sollana,2022,4.915
Total,46233 Sollana,2021,4.911
Total,46233 Sollana,2020,4.881
Total,46233 Sollana,2019,4.861
Total,46233 Sollana,2018,4.884
Total,46233 Sollana,2017,4.886
Total,46233 Sollana,2016,4.919
Total,46234 Sot de Chera,2025,427
Total,46234 Sot de Chera,2024,432
Total,46234 Sot de Chera,2023,423
Total,46234 Sot de Chera,2022,384
Total,46234 Sot de Chera,2021,387
Total,46234 Sot de Chera,2020,362
Total,46234 Sot de Chera,2019,369
Total,46234 Sot de Chera,2018,352
Total,46234 Sot de Chera,2017,370
Total,46234 Sot de Chera,2016,396
Total,46235 Sueca,2025,29.194
Total,46235 Sueca,2024,28.480
Total,46235 Sueca,2023,28.086
Total,46235 Sueca,2022,27.738
Total,46235 Sueca,2021,27.617
Total,46235 Sueca,2020,27.566
Total,46235 Sueca,2019,27.479
Total,46235 Sueca,2018,27.460
Total,46235 Sueca,2017,27.598
Total,46235 Sueca,2016,28.090
Total,46236 Sumacàrcer,2025,1.013
Total,46236 Sumacàrcer,2024,1.042
Total,46236 Sumacàrcer,2023,1.062
Total,46236 Sumacàrcer,2022,1.054
Total,46236 Sumacàrcer,2021,1.072
Total,46236 Sumacàrcer,2020,1.097
Total,46236 Sumacàrcer,2019,1.096
Total,46236 Sumacàrcer,2018,1.109
Total,46236 Sumacàrcer,2017,1.141
Total,46236 Sumacàrcer,2016,1.140
Total,46237 Tavernes Blanques,2025,9.824
Total,46237 Tavernes Blanques,2024,9.635
Total,46237 Tavernes Blanques,2023,9.456
Total,46237 Tavernes Blanques,2022,9.222
Total,46237 Tavernes Blanques,2021,9.205
Total,46237 Tavernes Blanques,2020,9.224
Total,46237 Tavernes Blanques,2019,9.120
Total,46237 Tavernes Blanques,2018,9.117
Total,46237 Tavernes Blanques,2017,9.095
Total,46237 Tavernes Blanques,2016,9.181
Total,46238 Tavernes de la Valldigna,2025,17.866
Total,46238 Tavernes de la Valldigna,2024,17.631
Total,46238 Tavernes de la Valldigna,2023,17.443
Total,46238 Tavernes de la Valldigna,2022,17.222
Total,46238 Tavernes de la Valldigna,2021,17.162
Total,46238 Tavernes de la Valldigna,2020,17.254
Total,46238 Tavernes de la Valldigna,2019,17.201
Total,46238 Tavernes de la Valldigna,2018,17.158
Total,46238 Tavernes de la Valldigna,2017,17.336
Total,46238 Tavernes de la Valldigna,2016,17.485
Total,46239 Teresa de Cofrentes,2025,620
Total,46239 Teresa de Cofrentes,2024,605
Total,46239 Teresa de Cofrentes,2023,611
Total,46239 Teresa de Cofrentes,2022,615
Total,46239 Teresa de Cofrentes,2021,618
Total,46239 Teresa de Cofrentes,2020,619
Total,46239 Teresa de Cofrentes,2019,636
Total,46239 Teresa de Cofrentes,2018,650
Total,46239 Teresa de Cofrentes,2017,631
Total,46239 Teresa de Cofrentes,2016,651
Total,46240 Terrateig,2025,290
Total,46240 Terrateig,2024,290
Total,46240 Terrateig,2023,291
Total,46240 Terrateig,2022,287
Total,46240 Terrateig,2021,276
Total,46240 Terrateig,2020,256
Total,46240 Terrateig,2019,278
Total,46240 Terrateig,2018,280
Total,46240 Terrateig,2017,284
Total,46240 Terrateig,2016,296
Total,46241 Titaguas,2025,517
Total,46241 Titaguas,2024,494
Total,46241 Titaguas,2023,505
Total,46241 Titaguas,2022,485
Total,46241 Titaguas,2021,470
Total,46241 Titaguas,2020,454
Total,46241 Titaguas,2019,453
Total,46241 Titaguas,2018,459
Total,46241 Titaguas,2017,450
Total,46241 Titaguas,2016,471
Total,46242 Torrebaja,2025,398
Total,46242 Torrebaja,2024,391
Total,46242 Torrebaja,2023,404
Total,46242 Torrebaja,2022,408
Total,46242 Torrebaja,2021,403
Total,46242 Torrebaja,2020,402
Total,46242 Torrebaja,2019,411
Total,46242 Torrebaja,2018,397
Total,46242 Torrebaja,2017,412
Total,46242 Torrebaja,2016,412
Total,46243 Torrella,2025,151
Total,46243 Torrella,2024,150
Total,46243 Torrella,2023,143
Total,46243 Torrella,2022,134
Total,46243 Torrella,2021,135
Total,46243 Torrella,2020,145
Total,46243 Torrella,2019,146
Total,46243 Torrella,2018,148
Total,46243 Torrella,2017,145
Total,46243 Torrella,2016,154
Total,46244 Torrent,2025,90.928
Total,46244 Torrent,2024,89.401
Total,46244 Torrent,2023,87.295
Total,46244 Torrent,2022,85.142
Total,46244 Torrent,2021,84.025
Total,46244 Torrent,2020,83.962
Total,46244 Torrent,2019,82.208
Total,46244 Torrent,2018,81.245
Total,46244 Torrent,2017,80.630
Total,46244 Torrent,2016,80.762
Total,46245 Torres Torres,2025,808
Total,46245 Torres Torres,2024,750
Total,46245 Torres Torres,2023,745
Total,46245 Torres Torres,2022,703
Total,46245 Torres Torres,2021,672
Total,46245 Torres Torres,2020,669
Total,46245 Torres Torres,2019,637
Total,46245 Torres Torres,2018,640
Total,46245 Torres Torres,2017,641
Total,46245 Torres Torres,2016,644
Total,46246 Tous,2025,1.354
Total,46246 Tous,2024,1.357
Total,46246 Tous,2023,1.352
Total,46246 Tous,2022,1.312
Total,46246 Tous,2021,1.284
Total,46246 Tous,2020,1.287
Total,46246 Tous,2019,1.263
Total,46246 Tous,2018,1.254
Total,46246 Tous,2017,1.268
Total,46246 Tous,2016,1.270
Total,46247 Tuéjar,2025,1.278
Total,46247 Tuéjar,2024,1.233
Total,46247 Tuéjar,2023,1.201
Total,46247 Tuéjar,2022,1.168
Total,46247 Tuéjar,2021,1.164
Total,46247 Tuéjar,2020,1.137
Total,46247 Tuéjar,2019,1.116
Total,46247 Tuéjar,2018,1.132
Total,46247 Tuéjar,2017,1.147
Total,46247 Tuéjar,2016,1.193
Total,46248 Turís,2025,7.717
Total,46248 Turís,2024,7.544
Total,46248 Turís,2023,7.259
Total,46248 Turís,2022,7.019
Total,46248 Turís,2021,6.910
Total,46248 Turís,2020,6.722
Total,46248 Turís,2019,6.646
Total,46248 Turís,2018,6.623
Total,46248 Turís,2017,6.627
Total,46248 Turís,2016,6.609
Total,46249 Utiel,2025,11.663
Total,46249 Utiel,2024,11.703
Total,46249 Utiel,2023,11.632
Total,46249 Utiel,2022,11.482
Total,46249 Utiel,2021,11.478
Total,46249 Utiel,2020,11.458
Total,46249 Utiel,2019,11.531
Total,46249 Utiel,2018,11.540
Total,46249 Utiel,2017,11.601
Total,46249 Utiel,2016,11.748
Total,46250 València,2025,840.792
Total,46250 València,2024,825.948
Total,46250 València,2023,807.693
Total,46250 València,2022,792.492
Total,46250 València,2021,789.744
Total,46250 València,2020,800.215
Total,46250 València,2019,794.288
Total,46250 València,2018,791.413
Total,46250 València,2017,787.808
Total,46250 València,2016,790.201
Total,46 Valencia/València,2025,2.758.633
Total,46 Valencia/València,2024,2.709.433
Total,46 Valencia/València,2023,2.656.291
Total,46 Valencia/València,2022,2.605.757
Total,46 Valencia/València,2021,2.589.312
Total,46 Valencia/València,2020,2.591.875
Total,46 Valencia/València,2019,2.565.124
Total,46 Valencia/València,2018,2.547.986
Total,46 Valencia/València,2017,2.540.707
Total,46 Valencia/València,2016,2.544.264
Total,46251 Vallada,2025,3.091
Total,46251 Vallada,2024,3.079
Total,46251 Vallada,2023,3.063
Total,46251 Vallada,2022,3.065
Total,46251 Vallada,2021,3.092
Total,46251 Vallada,2020,3.096
Total,46251 Vallada,2019,3.039
Total,46251 Vallada,2018,3.036
Total,46251 Vallada,2017,3.093
Total,46251 Vallada,2016,3.089
Total,46252 Vallanca,2025,128
Total,46252 Vallanca,2024,131
Total,46252 Vallanca,2023,144
Total,46252 Vallanca,2022,128
Total,46252 Vallanca,2021,136
Total,46252 Vallanca,2020,133
Total,46252 Vallanca,2019,139
Total,46252 Vallanca,2018,126
Total,46252 Vallanca,2017,120
Total,46252 Vallanca,2016,133
Total,46253 Vallés,2025,161
Total,46253 Vallés,2024,148
Total,46253 Vallés,2023,151
Total,46253 Vallés,2022,151
Total,46253 Vallés,2021,152
Total,46253 Vallés,2020,154
Total,46253 Vallés,2019,157
Total,46253 Vallés,2018,157
Total,46253 Vallés,2017,153
Total,46253 Vallés,2016,161
Total,46254 Venta del Moro,2025,1.143
Total,46254 Venta del Moro,2024,1.158
Total,46254 Venta del Moro,2023,1.164
Total,46254 Venta del Moro,2022,1.180
Total,46254 Venta del Moro,2021,1.194
Total,46254 Venta del Moro,2020,1.198
Total,46254 Venta del Moro,2019,1.207
Total,46254 Venta del Moro,2018,1.242
Total,46254 Venta del Moro,2017,1.277
Total,46254 Venta del Moro,2016,1.299
Total,46255 Vilallonga/Villalonga,2025,4.865
Total,46255 Vilallonga/Villalonga,2024,4.713
Total,46255 Vilallonga/Villalonga,2023,4.667
Total,46255 Vilallonga/Villalonga,2022,4.555
Total,46255 Vilallonga/Villalonga,2021,4.453
Total,46255 Vilallonga/Villalonga,2020,4.370
Total,46255 Vilallonga/Villalonga,2019,4.270
Total,46255 Vilallonga/Villalonga,2018,4.303
Total,46255 Vilallonga/Villalonga,2017,4.371
Total,46255 Vilallonga/Villalonga,2016,4.375
Total,46256 Vilamarxant,2025,11.403
Total,46256 Vilamarxant,2024,11.041
Total,46256 Vilamarxant,2023,10.772
Total,46256 Vilamarxant,2022,10.348
Total,46256 Vilamarxant,2021,10.097
Total,46256 Vilamarxant,2020,9.891
Total,46256 Vilamarxant,2019,9.717
Total,46256 Vilamarxant,2018,9.550
Total,46256 Vilamarxant,2017,9.376
Total,46256 Vilamarxant,2016,9.223
Total,46258 Villar del Arzobispo,2025,3.862
Total,46258 Villar del Arzobispo,2024,3.775
Total,46258 Villar del Arzobispo,2023,3.700
Total,46258 Villar del Arzobispo,2022,3.581
Total,46258 Villar del Arzobispo,2021,3.578
Total,46258 Villar del Arzobispo,2020,3.536
Total,46258 Villar del Arzobispo,2019,3.554
Total,46258 Villar del Arzobispo,2018,3.579
Total,46258 Villar del Arzobispo,2017,3.542
Total,46258 Villar del Arzobispo,2016,3.565
Total,46259 Villargordo del Cabriel,2025,588
Total,46259 Villargordo del Cabriel,2024,594
Total,46259 Villargordo del Cabriel,2023,577
Total,46259 Villargordo del Cabriel,2022,602
Total,46259 Villargordo del Cabriel,2021,585
Total,46259 Villargordo del Cabriel,2020,582
Total,46259 Villargordo del Cabriel,2019,589
Total,46259 Villargordo del Cabriel,2018,586
Total,46259 Villargordo del Cabriel,2017,612
Total,46259 Villargordo del Cabriel,2016,639
Total,46260 Vinalesa,2025,3.572
Total,46260 Vinalesa,2024,3.531
Total,46260 Vinalesa,2023,3.495
Total,46260 Vinalesa,2022,3.525
Total,46260 Vinalesa,2021,3.451
Total,46260 Vinalesa,2020,3.412
Total,46260 Vinalesa,2019,3.420
Total,46260 Vinalesa,2018,3.380
Total,46260 Vinalesa,2017,3.345
Total,46260 Vinalesa,2016,3.310
Total,46145 Xàtiva,2025,31.008
Total,46145 Xàtiva,2024,30.378
Total,46145 Xàtiva,2023,30.072
Total,46145 Xàtiva,2022,29.637
Total,46145 Xàtiva,2021,29.459
Total,46145 Xàtiva,2020,29.623
Total,46145 Xàtiva,2019,29.231
Total,46145 Xàtiva,2018,29.045
Total,46145 Xàtiva,2017,29.070
Total,46145 Xàtiva,2016,28.973
Total,46143 Xeraco,2025,6.149
Total,46143 Xeraco,2024,6.044
Total,46143 Xeraco,2023,5.923
Total,46143 Xeraco,2022,5.819
Total,46143 Xeraco,2021,5.771
Total,46143 Xeraco,2020,5.720
Total,46143 Xeraco,2019,5.655
Total,46143 Xeraco,2018,5.702
Total,46143 Xeraco,2017,5.715
Total,46143 Xeraco,2016,5.732
Total,46146 Xeresa,2025,2.418
Total,46146 Xeresa,2024,2.341
Total,46146 Xeresa,2023,2.263
Total,46146 Xeresa,2022,2.244
Total,46146 Xeresa,2021,2.256
Total,46146 Xeresa,2020,2.197
Total,46146 Xeresa,2019,2.168
Total,46146 Xeresa,2018,2.145
Total,46146 Xeresa,2017,2.162
Total,46146 Xeresa,2016,2.197
Total,46110 Xirivella,2025,32.093
Total,46110 Xirivella,2024,31.745
Total,46110 Xirivella,2023,30.749
Total,46110 Xirivella,2022,30.326
Total,46110 Xirivella,2021,30.208
Total,46110 Xirivella,2020,30.197
Total,46110 Xirivella,2019,29.623
Total,46110 Xirivella,2018,29.108
Total,46110 Xirivella,2017,28.950
Total,46110 Xirivella,2016,28.771
Total,46261 Yátova,2025,2.325
Total,46261 Yátova,2024,2.242
Total,46261 Yátova,2023,2.205
Total,46261 Yátova,2022,2.169
Total,46261 Yátova,2021,2.112
Total,46261 Yátova,2020,2.079
Total,46261 Yátova,2019,2.067
Total,46261 Yátova,2018,2.073
Total,46261 Yátova,2017,2.080
Total,46261 Yátova,2016,2.079
Total,"46262 Yesa, La",2025,246
Total,"46262 Yesa, La",2024,235
Total,"46262 Yesa, La",2023,235
Total,"46262 Yesa, La",2022,227
Total,"46262 Yesa, La",2021,230
Total,"46262 Yesa, La",2020,221
Total,"46262 Yesa, La",2019,229
Total,"46262 Yesa, La",2018,227
Total,"46262 Yesa, La",2017,234
Total,"46262 Yesa, La",2016,242
Total,46263 Zarra,2025,374
Total,46263 Zarra,2024,386
Total,46263 Zarra,2023,364
Total,46263 Zarra,2022,370
Total,46263 Zarra,2021,364
Total,46263 Zarra,2020,346
Total,46263 Zarra,2019,359
Total,46263 Zarra,2018,365
Total,46263 Zarra,2017,381
Total,46263 Zarra,2016,440
Total,12002 Aín,2025,133
Total,12002 Aín,2024,131
Total,12002 Aín,2023,130
Total,12002 Aín,2022,136
Total,12002 Aín,2021,135
Total,12002 Aín,2020,123
Total,12002 Aín,2019,127
Total,12002 Aín,2018,125
Total,12002 Aín,2017,129
Total,12002 Aín,2016,122
Total,12003 Albocàsser,2025,"1,370"
Total,12003 Albocàsser,2024,"1,338"
Total,12003 Albocàsser,2023,"1,302"
Total,12003 Albocàsser,2022,"1,264"
Total,12003 Albocàsser,2021,"1,253"
Total,12003 Albocàsser,2020,"1,227"
Total,12003 Albocàsser,2019,"1,241"
Total,12003 Albocàsser,2018,"1,234"
Total,12003 Albocàsser,2017,"1,257"
Total,12003 Albocàsser,2016,"1,303"
Total,12004 Alcalà de Xivert,2025,"7,349"
Total,12004 Alcalà de Xivert,2024,"7,176"
Total,12004 Alcalà de Xivert,2023,"7,160"
Total,12004 Alcalà de Xivert,2022,"6,831"
Total,12004 Alcalà de Xivert,2021,"6,691"
Total,12004 Alcalà de Xivert,2020,"6,638"
Total,12004 Alcalà de Xivert,2019,"6,680"
Total,12004 Alcalà de Xivert,2018,"6,679"
Total,12004 Alcalà de Xivert,2017,"6,796"
Total,12004 Alcalà de Xivert,2016,"6,893"
Total,"12005 Alcora, l'",2025,"10,664"
Total,"12005 Alcora, l'",2024,"10,581"
Total,"12005 Alcora, l'",2023,"10,526"
Total,"12005 Alcora, l'",2022,"10,468"
Total,"12005 Alcora, l'",2021,"10,428"
Total,"12005 Alcora, l'",2020,"10,417"
Total,"12005 Alcora, l'",2019,"10,405"
Total,"12005 Alcora, l'",2018,"10,430"
Total,"12005 Alcora, l'",2017,"10,502"
Total,"12005 Alcora, l'",2016,"10,535"
Total,12006 Alcudia de Veo,2025,200
Total,12006 Alcudia de Veo,2024,213
Total,12006 Alcudia de Veo,2023,203
Total,12006 Alcudia de Veo,2022,195
Total,12006 Alcudia de Veo,2021,196
Total,12006 Alcudia de Veo,2020,188
Total,12006 Alcudia de Veo,2019,190
Total,12006 Alcudia de Veo,2018,201
Total,12006 Alcudia de Veo,2017,204
Total,12006 Alcudia de Veo,2016,201
Total,12007 Alfondeguilla,2025,881
Total,12007 Alfondeguilla,2024,870
Total,12007 Alfondeguilla,2023,873
Total,12007 Alfondeguilla,2022,877
Total,12007 Alfondeguilla,2021,870
Total,12007 Alfondeguilla,2020,862
Total,12007 Alfondeguilla,2019,866
Total,12007 Alfondeguilla,2018,862
Total,12007 Alfondeguilla,2017,870
Total,12007 Alfondeguilla,2016,894
Total,12008 Algimia de Almonacid,2025,254
Total,12008 Algimia de Almonacid,2024,258
Total,12008 Algimia de Almonacid,2023,249
Total,12008 Algimia de Almonacid,2022,247
Total,12008 Algimia de Almonacid,2021,240
Total,12008 Algimia de Almonacid,2020,262
Total,12008 Algimia de Almonacid,2019,263
Total,12008 Algimia de Almonacid,2018,259
Total,12008 Algimia de Almonacid,2017,268
Total,12008 Algimia de Almonacid,2016,265
Total,12009 Almassora,2025,"29,159"
Total,12009 Almassora,2024,"28,497"
Total,12009 Almassora,2023,"27,989"
Total,12009 Almassora,2022,"27,383"
Total,12009 Almassora,2021,"26,878"
Total,12009 Almassora,2020,"26,742"
Total,12009 Almassora,2019,"26,270"
Total,12009 Almassora,2018,"25,831"
Total,12009 Almassora,2017,"25,648"
Total,12009 Almassora,2016,"25,632"
Total,12010 Almedíjar,2025,288
Total,12010 Almedíjar,2024,288
Total,12010 Almedíjar,2023,280
Total,12010 Almedíjar,2022,269
Total,12010 Almedíjar,2021,254
Total,12010 Almedíjar,2020,244
Total,12010 Almedíjar,2019,254
Total,12010 Almedíjar,2018,256
Total,12010 Almedíjar,2017,270
Total,12010 Almedíjar,2016,281
Total,12011 Almenara,2025,"6,813"
Total,12011 Almenara,2024,"6,710"
Total,12011 Almenara,2023,"6,591"
Total,12011 Almenara,2022,"6,388"
Total,12011 Almenara,2021,"6,254"
Total,12011 Almenara,2020,"6,090"
Total,12011 Almenara,2019,"5,998"
Total,12011 Almenara,2018,"5,900"
Total,12011 Almenara,2017,"5,920"
Total,12011 Almenara,2016,"5,949"
Total,"12901 Alqueries, les/Alquerías del Niño Perdido",2025,"4,605"
Total,"12901 Alqueries, les/Alquerías del Niño Perdido",2024,"4,563"
Total,"12901 Alqueries, les/Alquerías del Niño Perdido",2023,"4,539"
Total,"12901 Alqueries, les/Alquerías del Niño Perdido",2022,"4,511"
Total,"12901 Alqueries, les/Alquerías del Niño Perdido",2021,"4,539"
Total,"12901 Alqueries, les/Alquerías del Niño Perdido",2020,"4,464"
Total,"12901 Alqueries, les/Alquerías del Niño Perdido",2019,"4,449"
Total,"12901 Alqueries, les/Alquerías del Niño Perdido",2018,"4,460"
Total,"12901 Alqueries, les/Alquerías del Niño Perdido",2017,"4,466"
Total,"12901 Alqueries, les/Alquerías del Niño Perdido",2016,"4,528"
Total,12012 Altura,2025,"3,849"
Total,12012 Altura,2024,"3,790"
Total,12012 Altura,2023,"3,695"
Total,12012 Altura,2022,"3,667"
Total,12012 Altura,2021,"3,658"
Total,12012 Altura,2020,"3,601"
Total,12012 Altura,2019,"3,528"
Total,12012 Altura,2018,"3,509"
Total,12012 Altura,2017,"3,559"
Total,12012 Altura,2016,"3,621"
Total,12013 Arañuel,2025,148
Total,12013 Arañuel,2024,159
Total,12013 Arañuel,2023,165
Total,12013 Arañuel,2022,162
Total,12013 Arañuel,2021,152
Total,12013 Arañuel,2020,151
Total,12013 Arañuel,2019,150
Total,12013 Arañuel,2018,146
Total,12013 Arañuel,2017,151
Total,12013 Arañuel,2016,160
Total,12014 Ares del Maestrat,2025,181
Total,12014 Ares del Maestrat,2024,177
Total,12014 Ares del Maestrat,2023,174
Total,12014 Ares del Maestrat,2022,173
Total,12014 Ares del Maestrat,2021,175
Total,12014 Ares del Maestrat,2020,184
Total,12014 Ares del Maestrat,2019,186
Total,12014 Ares del Maestrat,2018,190
Total,12014 Ares del Maestrat,2017,197
Total,12014 Ares del Maestrat,2016,202
Total,12015 Argelita,2025,139
Total,12015 Argelita,2024,146
Total,12015 Argelita,2023,156
Total,12015 Argelita,2022,153
Total,12015 Argelita,2021,147
Total,12015 Argelita,2020,126
Total,12015 Argelita,2019,118
Total,12015 Argelita,2018,113
Total,12015 Argelita,2017,94
Total,12015 Argelita,2016,97
Total,12016 Artana,2025,"1,993"
Total,12016 Artana,2024,"1,971"
Total,12016 Artana,2023,"1,980"
Total,12016 Artana,2022,"1,979"
Total,12016 Artana,2021,"1,970"
Total,12016 Artana,2020,"1,955"
Total,12016 Artana,2019,"1,947"
Total,12016 Artana,2018,"1,958"
Total,12016 Artana,2017,"1,979"
Total,12016 Artana,2016,"1,979"
Total,12001 Atzeneta del Maestrat,2025,"1,284"
Total,12001 Atzeneta del Maestrat,2024,"1,309"
Total,12001 Atzeneta del Maestrat,2023,"1,319"
Total,12001 Atzeneta del Maestrat,2022,"1,287"
Total,12001 Atzeneta del Maestrat,2021,"1,292"
Total,12001 Atzeneta del Maestrat,2020,"1,304"
Total,12001 Atzeneta del Maestrat,2019,"1,276"
Total,12001 Atzeneta del Maestrat,2018,"1,271"
Total,12001 Atzeneta del Maestrat,2017,"1,290"
Total,12001 Atzeneta del Maestrat,2016,"1,286"
Total,12017 Ayódar,2025,176
Total,12017 Ayódar,2024,182
Total,12017 Ayódar,2023,178
Total,12017 Ayódar,2022,156
Total,12017 Ayódar,2021,158
Total,12017 Ayódar,2020,153
Total,12017 Ayódar,2019,159
Total,12017 Ayódar,2018,164
Total,12017 Ayódar,2017,165
Total,12017 Ayódar,2016,172
Total,12018 Azuébar,2025,359
Total,12018 Azuébar,2024,352
Total,12018 Azuébar,2023,336
Total,12018 Azuébar,2022,318
Total,12018 Azuébar,2021,319
Total,12018 Azuébar,2020,310
Total,12018 Azuébar,2019,315
Total,12018 Azuébar,2018,324
Total,12018 Azuébar,2017,324
Total,12018 Azuébar,2016,322
Total,12020 Barracas,2025,188
Total,12020 Barracas,2024,195
Total,12020 Barracas,2023,198
Total,12020 Barracas,2022,185
Total,12020 Barracas,2021,185
Total,12020 Barracas,2020,168
Total,12020 Barracas,2019,162
Total,12020 Barracas,2018,169
Total,12020 Barracas,2017,165
Total,12020 Barracas,2016,179
Total,12022 Bejís,2025,400
Total,12022 Bejís,2024,400
Total,12022 Bejís,2023,409
Total,12022 Bejís,2022,393
Total,12022 Bejís,2021,390
Total,12022 Bejís,2020,371
Total,12022 Bejís,2019,380
Total,12022 Bejís,2018,373
Total,12022 Bejís,2017,378
Total,12022 Bejís,2016,404
Total,12024 Benafer,2025,168
Total,12024 Benafer,2024,170
Total,12024 Benafer,2023,164
Total,12024 Benafer,2022,171
Total,12024 Benafer,2021,173
Total,12024 Benafer,2020,164
Total,12024 Benafer,2019,152
Total,12024 Benafer,2018,156
Total,12024 Benafer,2017,159
Total,12024 Benafer,2016,164
Total,12025 Benafigos,2025,121
Total,12025 Benafigos,2024,126
Total,12025 Benafigos,2023,135
Total,12025 Benafigos,2022,136
Total,12025 Benafigos,2021,145
Total,12025 Benafigos,2020,138
Total,12025 Benafigos,2019,142
Total,12025 Benafigos,2018,149
Total,12025 Benafigos,2017,148
Total,12025 Benafigos,2016,160
Total,12026 Benassal,2025,"1,048"
Total,12026 Benassal,2024,"1,052"
Total,12026 Benassal,2023,"1,026"
Total,12026 Benassal,2022,"1,040"
Total,12026 Benassal,2021,"1,055"
Total,12026 Benassal,2020,"1,063"
Total,12026 Benassal,2019,"1,068"
Total,12026 Benassal,2018,"1,084"
Total,12026 Benassal,2017,"1,106"
Total,12026 Benassal,2016,"1,130"
Total,12027 Benicarló,2025,"30,296"
Total,12027 Benicarló,2024,"29,607"
Total,12027 Benicarló,2023,"28,681"
Total,12027 Benicarló,2022,"27,780"
Total,12027 Benicarló,2021,"27,658"
Total,12027 Benicarló,2020,"27,363"
Total,12027 Benicarló,2019,"26,912"
Total,12027 Benicarló,2018,"26,744"
Total,12027 Benicarló,2017,"26,429"
Total,12027 Benicarló,2016,"26,486"
Total,12028 Benicàssim/Benicasim,2025,"20,539"
Total,12028 Benicàssim/Benicasim,2024,"20,322"
Total,12028 Benicàssim/Benicasim,2023,"19,951"
Total,12028 Benicàssim/Benicasim,2022,"19,507"
Total,12028 Benicàssim/Benicasim,2021,"18,991"
Total,12028 Benicàssim/Benicasim,2020,"18,364"
Total,12028 Benicàssim/Benicasim,2019,"18,192"
Total,12028 Benicàssim/Benicasim,2018,"18,055"
Total,12028 Benicàssim/Benicasim,2017,"17,964"
Total,12028 Benicàssim/Benicasim,2016,"17,957"
Total,12029 Benlloc,2025,"1,143"
Total,12029 Benlloc,2024,"1,115"
Total,12029 Benlloc,2023,"1,108"
Total,12029 Benlloc,2022,"1,092"
Total,12029 Benlloc,2021,"1,075"
Total,12029 Benlloc,2020,"1,048"
Total,12029 Benlloc,2019,"1,033"
Total,12029 Benlloc,2018,"1,036"
Total,12029 Benlloc,2017,"1,060"
Total,12029 Benlloc,2016,"1,095"
Total,12021 Betxí,2025,"5,659"
Total,12021 Betxí,2024,"5,592"
Total,12021 Betxí,2023,"5,580"
Total,12021 Betxí,2022,"5,587"
Total,12021 Betxí,2021,"5,605"
Total,12021 Betxí,2020,"5,618"
Total,12021 Betxí,2019,"5,645"
Total,12021 Betxí,2018,"5,709"
Total,12021 Betxí,2017,"5,750"
Total,12021 Betxí,2016,"5,780"
Total,12032 Borriana/Burriana,2025,"37,915"
Total,12032 Borriana/Burriana,2024,"36,927"
Total,12032 Borriana/Burriana,2023,"35,750"
Total,12032 Borriana/Burriana,2022,"35,019"
Total,12032 Borriana/Burriana,2021,"34,903"
Total,12032 Borriana/Burriana,2020,"35,052"
Total,12032 Borriana/Burriana,2019,"34,683"
Total,12032 Borriana/Burriana,2018,"34,544"
Total,12032 Borriana/Burriana,2017,"34,464"
Total,12032 Borriana/Burriana,2016,"34,643"
Total,12031 Borriol,2025,"6,018"
Total,12031 Borriol,2024,"5,945"
Total,12031 Borriol,2023,"5,865"
Total,12031 Borriol,2022,"5,749"
Total,12031 Borriol,2021,"5,552"
Total,12031 Borriol,2020,"5,397"
Total,12031 Borriol,2019,"5,360"
Total,12031 Borriol,2018,"5,322"
Total,12031 Borriol,2017,"5,279"
Total,12031 Borriol,2016,"5,187"
Total,12033 Cabanes,2025,"3,475"
Total,12033 Cabanes,2024,"3,313"
Total,12033 Cabanes,2023,"3,222"
Total,12033 Cabanes,2022,"3,079"
Total,12033 Cabanes,2021,"3,027"
Total,12033 Cabanes,2020,"2,978"
Total,12033 Cabanes,2019,"2,958"
Total,12033 Cabanes,2018,"2,889"
Total,12033 Cabanes,2017,"2,913"
Total,12033 Cabanes,2016,"2,966"
Total,12034 Càlig,2025,"2,042"
Total,12034 Càlig,2024,"2,048"
Total,12034 Càlig,2023,"2,013"
Total,12034 Càlig,2022,"1,990"
Total,12034 Càlig,2021,"2,002"
Total,12034 Càlig,2020,"1,961"
Total,12034 Càlig,2019,"1,950"
Total,12034 Càlig,2018,"1,945"
Total,12034 Càlig,2017,"1,959"
Total,12034 Càlig,2016,"2,020"
Total,12036 Canet lo Roig,2025,715
Total,12036 Canet lo Roig,2024,699
Total,12036 Canet lo Roig,2023,685
Total,12036 Canet lo Roig,2022,680
Total,12036 Canet lo Roig,2021,687
Total,12036 Canet lo Roig,2020,676
Total,12036 Canet lo Roig,2019,674
Total,12036 Canet lo Roig,2018,696
Total,12036 Canet lo Roig,2017,706
Total,12036 Canet lo Roig,2016,724
Total,12037 Castell de Cabres,2025,21
Total,12037 Castell de Cabres,2024,22
Total,12037 Castell de Cabres,2023,19
Total,12037 Castell de Cabres,2022,20
Total,12037 Castell de Cabres,2021,22
Total,12037 Castell de Cabres,2020,22
Total,12037 Castell de Cabres,2019,17
Total,12037 Castell de Cabres,2018,19
Total,12037 Castell de Cabres,2017,17
Total,12037 Castell de Cabres,2016,17
Total,12038 Castellfort,2025,178
Total,12038 Castellfort,2024,190
Total,12038 Castellfort,2023,188
Total,12038 Castellfort,2022,188
Total,12038 Castellfort,2021,179
Total,12038 Castellfort,2020,179
Total,12038 Castellfort,2019,183
Total,12038 Castellfort,2018,192
Total,12038 Castellfort,2017,198
Total,12038 Castellfort,2016,205
Total,12039 Castellnovo,2025,912
Total,12039 Castellnovo,2024,884
Total,12039 Castellnovo,2023,888
Total,12039 Castellnovo,2022,893
Total,12039 Castellnovo,2021,914
Total,12039 Castellnovo,2020,918
Total,12039 Castellnovo,2019,917
Total,12039 Castellnovo,2018,946
Total,12039 Castellnovo,2017,966
Total,12039 Castellnovo,2016,981
Total,12040 Castelló de la Plana/Castellón de la Plana,2025,"183,711"
Total,12040 Castelló de la Plana/Castellón de la Plana,2024,"180,379"
Total,12040 Castelló de la Plana/Castellón de la Plana,2023,"176,238"
Total,12040 Castelló de la Plana/Castellón de la Plana,2022,"171,857"
Total,12040 Castelló de la Plana/Castellón de la Plana,2021,"172,589"
Total,12040 Castelló de la Plana/Castellón de la Plana,2020,"174,264"
Total,12040 Castelló de la Plana/Castellón de la Plana,2019,"171,728"
Total,12040 Castelló de la Plana/Castellón de la Plana,2018,"170,888"
Total,12040 Castelló de la Plana/Castellón de la Plana,2017,"169,498"
Total,12040 Castelló de la Plana/Castellón de la Plana,2016,"170,990"
Total,12 Castellón/Castelló,2025,"627,173"
Total,12 Castellón/Castelló,2024,"615,849"
Total,12 Castellón/Castelló,2023,"603,952"
Total,12 Castellón/Castelló,2022,"590,616"
Total,12 Castellón/Castelló,2021,"587,064"
Total,12 Castellón/Castelló,2020,"585,590"
Total,12 Castellón/Castelló,2019,"579,962"
Total,12 Castellón/Castelló,2018,"576,898"
Total,12 Castellón/Castelló,2017,"575,470"
Total,12 Castellón/Castelló,2016,"579,245"
Total,12041 Castillo de Villamalefa,2025,110
Total,12041 Castillo de Villamalefa,2024,113
Total,12041 Castillo de Villamalefa,2023,109
Total,12041 Castillo de Villamalefa,2022,112
Total,12041 Castillo de Villamalefa,2021,103
Total,12041 Castillo de Villamalefa,2020,101
Total,12041 Castillo de Villamalefa,2019,107
Total,12041 Castillo de Villamalefa,2018,101
Total,12041 Castillo de Villamalefa,2017,103
Total,12041 Castillo de Villamalefa,2016,103
Total,12042 Catí,2025,719
Total,12042 Catí,2024,760
Total,12042 Catí,2023,724
Total,12042 Catí,2022,711
Total,12042 Catí,2021,714
Total,12042 Catí,2020,714
Total,12042 Catí,2019,721
Total,12042 Catí,2018,742
Total,12042 Catí,2017,757
Total,12042 Catí,2016,779
Total,12043 Caudiel,2025,735
Total,12043 Caudiel,2024,722
Total,12043 Caudiel,2023,716
Total,12043 Caudiel,2022,674
Total,12043 Caudiel,2021,663
Total,12043 Caudiel,2020,659
Total,12043 Caudiel,2019,664
Total,12043 Caudiel,2018,647
Total,12043 Caudiel,2017,653
Total,12043 Caudiel,2016,673
Total,12044 Cervera del Maestre,2025,617
Total,12044 Cervera del Maestre,2024,643
Total,12044 Cervera del Maestre,2023,656
Total,12044 Cervera del Maestre,2022,593
Total,12044 Cervera del Maestre,2021,577
Total,12044 Cervera del Maestre,2020,557
Total,12044 Cervera del Maestre,2019,575
Total,12044 Cervera del Maestre,2018,599
Total,12044 Cervera del Maestre,2017,620
Total,12044 Cervera del Maestre,2016,642
Total,12053 Chilches/Xilxes,2025,"3,199"
Total,12053 Chilches/Xilxes,2024,"3,094"
Total,12053 Chilches/Xilxes,2023,"2,981"
Total,12053 Chilches/Xilxes,2022,"2,846"
Total,12053 Chilches/Xilxes,2021,"2,795"
Total,12053 Chilches/Xilxes,2020,"2,714"
Total,12053 Chilches/Xilxes,2019,"2,679"
Total,12053 Chilches/Xilxes,2018,"2,670"
Total,12053 Chilches/Xilxes,2017,"2,658"
Total,12053 Chilches/Xilxes,2016,"2,677"
Total,12056 Chóvar,2025,316
Total,12056 Chóvar,2024,312
Total,12056 Chóvar,2023,310
Total,12056 Chóvar,2022,304
Total,12056 Chóvar,2021,302
Total,12056 Chóvar,2020,288
Total,12056 Chóvar,2019,288
Total,12056 Chóvar,2018,297
Total,12056 Chóvar,2017,303
Total,12056 Chóvar,2016,327
Total,12045 Cinctorres,2025,433
Total,12045 Cinctorres,2024,442
Total,12045 Cinctorres,2023,427
Total,12045 Cinctorres,2022,412
Total,12045 Cinctorres,2021,404
Total,12045 Cinctorres,2020,400
Total,12045 Cinctorres,2019,391
Total,12045 Cinctorres,2018,399
Total,12045 Cinctorres,2017,411
Total,12045 Cinctorres,2016,418
Total,12046 Cirat,2025,220
Total,12046 Cirat,2024,214
Total,12046 Cirat,2023,223
Total,12046 Cirat,2022,226
Total,12046 Cirat,2021,211
Total,12046 Cirat,2020,206
Total,12046 Cirat,2019,201
Total,12046 Cirat,2018,206
Total,12046 Cirat,2017,216
Total,12046 Cirat,2016,220
Total,12048 Cortes de Arenoso,2025,308
Total,12048 Cortes de Arenoso,2024,311
Total,12048 Cortes de Arenoso,2023,304
Total,12048 Cortes de Arenoso,2022,293
Total,12048 Cortes de Arenoso,2021,291
Total,12048 Cortes de Arenoso,2020,300
Total,12048 Cortes de Arenoso,2019,318
Total,12048 Cortes de Arenoso,2018,317
Total,12048 Cortes de Arenoso,2017,298
Total,12048 Cortes de Arenoso,2016,300
Total,12049 Costur,2025,511
Total,12049 Costur,2024,535
Total,12049 Costur,2023,535
Total,12049 Costur,2022,528
Total,12049 Costur,2021,531
Total,12049 Costur,2020,518
Total,12049 Costur,2019,524
Total,12049 Costur,2018,511
Total,12049 Costur,2017,532
Total,12049 Costur,2016,543
Total,"12050 Coves de Vinromà, les",2025,"1,888"
Total,"12050 Coves de Vinromà, les",2024,"1,865"
Total,"12050 Coves de Vinromà, les",2023,"1,831"
Total,"12050 Coves de Vinromà, les",2022,"1,791"
Total,"12050 Coves de Vinromà, les",2021,"1,792"
Total,"12050 Coves de Vinromà, les",2020,"1,806"
Total,"12050 Coves de Vinromà, les",2019,"1,823"
Total,"12050 Coves de Vinromà, les",2018,"1,822"
Total,"12050 Coves de Vinromà, les",2017,"1,836"
Total,"12050 Coves de Vinromà, les",2016,"1,870"
Total,12051 Culla,2025,503
Total,12051 Culla,2024,493
Total,12051 Culla,2023,480
Total,12051 Culla,2022,499
Total,12051 Culla,2021,510
Total,12051 Culla,2020,481
Total,12051 Culla,2019,495
Total,12051 Culla,2018,504
Total,12051 Culla,2017,516
Total,12051 Culla,2016,524
Total,12057 Eslida,2025,815
Total,12057 Eslida,2024,785
Total,12057 Eslida,2023,758
Total,12057 Eslida,2022,742
Total,12057 Eslida,2021,749
Total,12057 Eslida,2020,725
Total,12057 Eslida,2019,759
Total,12057 Eslida,2018,776
Total,12057 Eslida,2017,774
Total,12057 Eslida,2016,805
Total,12058 Espadilla,2025,101
Total,12058 Espadilla,2024,89
Total,12058 Espadilla,2023,90
Total,12058 Espadilla,2022,92
Total,12058 Espadilla,2021,84
Total,12058 Espadilla,2020,69
Total,12058 Espadilla,2019,71
Total,12058 Espadilla,2018,72
Total,12058 Espadilla,2017,73
Total,12058 Espadilla,2016,83
Total,12059 Fanzara,2025,295
Total,12059 Fanzara,2024,297
Total,12059 Fanzara,2023,294
Total,12059 Fanzara,2022,283
Total,12059 Fanzara,2021,273
Total,12059 Fanzara,2020,273
Total,12059 Fanzara,2019,267
Total,12059 Fanzara,2018,276
Total,12059 Fanzara,2017,272
Total,12059 Fanzara,2016,281
Total,12060 Figueroles,2025,525
Total,12060 Figueroles,2024,518
Total,12060 Figueroles,2023,518
Total,12060 Figueroles,2022,518
Total,12060 Figueroles,2021,531
Total,12060 Figueroles,2020,523
Total,12060 Figueroles,2019,523
Total,12060 Figueroles,2018,525
Total,12060 Figueroles,2017,537
Total,12060 Figueroles,2016,542
Total,12061 Forcall,2025,475
Total,12061 Forcall,2024,477
Total,12061 Forcall,2023,473
Total,12061 Forcall,2022,465
Total,12061 Forcall,2021,454
Total,12061 Forcall,2020,456
Total,12061 Forcall,2019,465
Total,12061 Forcall,2018,453
Total,12061 Forcall,2017,438
Total,12061 Forcall,2016,461
Total,12063 Fuente la Reina,2025,55
Total,12063 Fuente la Reina,2024,59
Total,12063 Fuente la Reina,2023,59
Total,12063 Fuente la Reina,2022,58
Total,12063 Fuente la Reina,2021,49
Total,12063 Fuente la Reina,2020,51
Total,12063 Fuente la Reina,2019,52
Total,12063 Fuente la Reina,2018,49
Total,12063 Fuente la Reina,2017,43
Total,12063 Fuente la Reina,2016,46
Total,12064 Fuentes de Ayódar,2025,98
Total,12064 Fuentes de Ayódar,2024,95
Total,12064 Fuentes de Ayódar,2023,98
Total,12064 Fuentes de Ayódar,2022,95
Total,12064 Fuentes de Ayódar,2021,93
Total,12064 Fuentes de Ayódar,2020,89
Total,12064 Fuentes de Ayódar,2019,87
Total,12064 Fuentes de Ayódar,2018,94
Total,12064 Fuentes de Ayódar,2017,106
Total,12064 Fuentes de Ayódar,2016,114
Total,12065 Gaibiel,2025,200
Total,12065 Gaibiel,2024,199
Total,12065 Gaibiel,2023,197
Total,12065 Gaibiel,2022,201
Total,12065 Gaibiel,2021,186
Total,12065 Gaibiel,2020,181
Total,12065 Gaibiel,2019,188
Total,12065 Gaibiel,2018,193
Total,12065 Gaibiel,2017,199
Total,12065 Gaibiel,2016,205
Total,12067 Geldo,2025,665
Total,12067 Geldo,2024,651
Total,12067 Geldo,2023,650
Total,12067 Geldo,2022,643
Total,12067 Geldo,2021,628
Total,12067 Geldo,2020,633
Total,12067 Geldo,2019,635
Total,12067 Geldo,2018,633
Total,12067 Geldo,2017,633
Total,12067 Geldo,2016,646
Total,12068 Herbers,2025,68
Total,12068 Herbers,2024,69
Total,12068 Herbers,2023,62
Total,12068 Herbers,2022,63
Total,12068 Herbers,2021,53
Total,12068 Herbers,2020,44
Total,12068 Herbers,2019,42
Total,12068 Herbers,2018,49
Total,12068 Herbers,2017,48
Total,12068 Herbers,2016,49
Total,12069 Higueras,2025,54
Total,12069 Higueras,2024,46
Total,12069 Higueras,2023,50
Total,12069 Higueras,2022,46
Total,12069 Higueras,2021,49
Total,12069 Higueras,2020,48
Total,12069 Higueras,2019,54
Total,12069 Higueras,2018,62
Total,12069 Higueras,2017,71
Total,12069 Higueras,2016,76
Total,"12070 Jana, la",2025,679
Total,"12070 Jana, la",2024,688
Total,"12070 Jana, la",2023,678
Total,"12070 Jana, la",2022,669
Total,"12070 Jana, la",2021,664
Total,"12070 Jana, la",2020,676
Total,"12070 Jana, la",2019,675
Total,"12070 Jana, la",2018,666
Total,"12070 Jana, la",2017,684
Total,"12070 Jana, la",2016,700
Total,12071 Jérica,2025,"1,764"
Total,12071 Jérica,2024,"1,726"
Total,12071 Jérica,2023,"1,794"
Total,12071 Jérica,2022,"1,655"
Total,12071 Jérica,2021,"1,650"
Total,12071 Jérica,2020,"1,559"
Total,12071 Jérica,2019,"1,548"
Total,12071 Jérica,2018,"1,553"
Total,12071 Jérica,2017,"1,550"
Total,12071 Jérica,2016,"1,574"
Total,"12074 Llosa, la",2025,"1,033"
Total,"12074 Llosa, la",2024,"1,042"
Total,"12074 Llosa, la",2023,"1,003"
Total,"12074 Llosa, la",2022,969
Total,"12074 Llosa, la",2021,983
Total,"12074 Llosa, la",2020,982
Total,"12074 Llosa, la",2019,951
Total,"12074 Llosa, la",2018,940
Total,"12074 Llosa, la",2017,973
Total,"12074 Llosa, la",2016,969
Total,12072 Llucena/Lucena del Cid,2025,"1,421"
Total,12072 Llucena/Lucena del Cid,2024,"1,420"
Total,12072 Llucena/Lucena del Cid,2023,"1,369"
Total,12072 Llucena/Lucena del Cid,2022,"1,325"
Total,12072 Llucena/Lucena del Cid,2021,"1,308"
Total,12072 Llucena/Lucena del Cid,2020,"1,315"
Total,12072 Llucena/Lucena del Cid,2019,"1,302"
Total,12072 Llucena/Lucena del Cid,2018,"1,319"
Total,12072 Llucena/Lucena del Cid,2017,"1,331"
Total,12072 Llucena/Lucena del Cid,2016,"1,372"
Total,12073 Ludiente,2025,162
Total,12073 Ludiente,2024,175
Total,12073 Ludiente,2023,155
Total,12073 Ludiente,2022,140
Total,12073 Ludiente,2021,155
Total,12073 Ludiente,2020,149
Total,12073 Ludiente,2019,141
Total,12073 Ludiente,2018,155
Total,12073 Ludiente,2017,160
Total,12073 Ludiente,2016,170
Total,"12075 Mata de Morella, la",2025,196
Total,"12075 Mata de Morella, la",2024,184
Total,"12075 Mata de Morella, la",2023,179
Total,"12075 Mata de Morella, la",2022,179
Total,"12075 Mata de Morella, la",2021,169
Total,"12075 Mata de Morella, la",2020,160
Total,"12075 Mata de Morella, la",2019,166
Total,"12075 Mata de Morella, la",2018,162
Total,"12075 Mata de Morella, la",2017,173
Total,"12075 Mata de Morella, la",2016,173
Total,12076 Matet,2025,94
Total,12076 Matet,2024,91
Total,12076 Matet,2023,84
Total,12076 Matet,2022,78
Total,12076 Matet,2021,73
Total,12076 Matet,2020,83
Total,12076 Matet,2019,84
Total,12076 Matet,2018,84
Total,12076 Matet,2017,86
Total,12076 Matet,2016,87
Total,12077 Moncofa,2025,"8,339"
Total,12077 Moncofa,2024,"8,011"
Total,12077 Moncofa,2023,"7,747"
Total,12077 Moncofa,2022,"7,338"
Total,12077 Moncofa,2021,"6,958"
Total,12077 Moncofa,2020,"6,707"
Total,12077 Moncofa,2019,"6,525"
Total,12077 Moncofa,2018,"6,278"
Total,12077 Moncofa,2017,"6,092"
Total,12077 Moncofa,2016,"6,181"
Total,12078 Montán,2025,429
Total,12078 Montán,2024,421
Total,12078 Montán,2023,399
Total,12078 Montán,2022,375
Total,12078 Montán,2021,365
Total,12078 Montán,2020,368
Total,12078 Montán,2019,370
Total,12078 Montán,2018,359
Total,12078 Montán,2017,365
Total,12078 Montán,2016,383
Total,12079 Montanejos,2025,649
Total,12079 Montanejos,2024,643
Total,12079 Montanejos,2023,603
Total,12079 Montanejos,2022,553
Total,12079 Montanejos,2021,544
Total,12079 Montanejos,2020,564
Total,12079 Montanejos,2019,572
Total,12079 Montanejos,2018,548
Total,12079 Montanejos,2017,502
Total,12079 Montanejos,2016,539
Total,12080 Morella,2025,"2,501"
Total,12080 Morella,2024,"2,494"
Total,12080 Morella,2023,"2,492"
Total,12080 Morella,2022,"2,475"
Total,12080 Morella,2021,"2,406"
Total,12080 Morella,2020,"2,416"
Total,12080 Morella,2019,"2,430"
Total,12080 Morella,2018,"2,437"
Total,12080 Morella,2017,"2,441"
Total,12080 Morella,2016,"2,504"
Total,12081 Navajas,2025,906
Total,12081 Navajas,2024,846
Total,12081 Navajas,2023,840
Total,12081 Navajas,2022,781
Total,12081 Navajas,2021,750
Total,12081 Navajas,2020,720
Total,12081 Navajas,2019,716
Total,12081 Navajas,2018,712
Total,12081 Navajas,2017,714
Total,12081 Navajas,2016,745
Total,12082 Nules,2025,"14,315"
Total,12082 Nules,2024,"14,062"
Total,12082 Nules,2023,"13,827"
Total,12082 Nules,2022,"13,449"
Total,12082 Nules,2021,"13,256"
Total,12082 Nules,2020,"13,236"
Total,12082 Nules,2019,"13,103"
Total,12082 Nules,2018,"13,170"
Total,12082 Nules,2017,"13,266"
Total,12082 Nules,2016,"13,305"
Total,12083 Olocau del Rey,2025,135
Total,12083 Olocau del Rey,2024,135
Total,12083 Olocau del Rey,2023,126
Total,12083 Olocau del Rey,2022,119
Total,12083 Olocau del Rey,2021,117
Total,12083 Olocau del Rey,2020,120
Total,12083 Olocau del Rey,2019,119
Total,12083 Olocau del Rey,2018,117
Total,12083 Olocau del Rey,2017,118
Total,12083 Olocau del Rey,2016,118
Total,12084 Onda,2025,"26,190"
Total,12084 Onda,2024,"25,817"
Total,12084 Onda,2023,"25,547"
Total,12084 Onda,2022,"25,099"
Total,12084 Onda,2021,"24,939"
Total,12084 Onda,2020,"24,980"
Total,12084 Onda,2019,"24,859"
Total,12084 Onda,2018,"24,850"
Total,12084 Onda,2017,"24,807"
Total,12084 Onda,2016,"24,856"
Total,12085 Orpesa/Oropesa del Mar,2025,"12,640"
Total,12085 Orpesa/Oropesa del Mar,2024,"11,785"
Total,12085 Orpesa/Oropesa del Mar,2023,"10,958"
Total,12085 Orpesa/Oropesa del Mar,2022,"10,184"
Total,12085 Orpesa/Oropesa del Mar,2021,"9,755"
Total,12085 Orpesa/Oropesa del Mar,2020,"9,339"
Total,12085 Orpesa/Oropesa del Mar,2019,"9,076"
Total,12085 Orpesa/Oropesa del Mar,2018,"8,830"
Total,12085 Orpesa/Oropesa del Mar,2017,"8,983"
Total,12085 Orpesa/Oropesa del Mar,2016,"9,245"
Total,12087 Palanques,2025,34
Total,12087 Palanques,2024,34
Total,12087 Palanques,2023,36
Total,12087 Palanques,2022,38
Total,12087 Palanques,2021,36
Total,12087 Palanques,2020,34
Total,12087 Palanques,2019,30
Total,12087 Palanques,2018,31
Total,12087 Palanques,2017,34
Total,12087 Palanques,2016,35
Total,12088 Pavías,2025,72
Total,12088 Pavías,2024,73
Total,12088 Pavías,2023,74
Total,12088 Pavías,2022,74
Total,12088 Pavías,2021,72
Total,12088 Pavías,2020,68
Total,12088 Pavías,2019,61
Total,12088 Pavías,2018,62
Total,12088 Pavías,2017,63
Total,12088 Pavías,2016,69
Total,12089 Peníscola/Peñíscola,2025,"8,774"
Total,12089 Peníscola/Peñíscola,2024,"8,496"
Total,12089 Peníscola/Peñíscola,2023,"8,449"
Total,12089 Peníscola/Peñíscola,2022,"8,210"
Total,12089 Peníscola/Peñíscola,2021,"7,882"
Total,12089 Peníscola/Peñíscola,2020,"7,683"
Total,12089 Peníscola/Peñíscola,2019,"7,612"
Total,12089 Peníscola/Peñíscola,2018,"7,447"
Total,12089 Peníscola/Peñíscola,2017,"7,413"
Total,12089 Peníscola/Peñíscola,2016,"7,421"
Total,12090 Pina de Montalgrao,2025,121
Total,12090 Pina de Montalgrao,2024,118
Total,12090 Pina de Montalgrao,2023,119
Total,12090 Pina de Montalgrao,2022,113
Total,12090 Pina de Montalgrao,2021,114
Total,12090 Pina de Montalgrao,2020,110
Total,12090 Pina de Montalgrao,2019,111
Total,12090 Pina de Montalgrao,2018,114
Total,12090 Pina de Montalgrao,2017,121
Total,12090 Pina de Montalgrao,2016,127
Total,"12093 Pobla de Benifassà, la",2025,229
Total,"12093 Pobla de Benifassà, la",2024,240
Total,"12093 Pobla de Benifassà, la",2023,235
Total,"12093 Pobla de Benifassà, la",2022,225
Total,"12093 Pobla de Benifassà, la",2021,213
Total,"12093 Pobla de Benifassà, la",2020,199
Total,"12093 Pobla de Benifassà, la",2019,202
Total,"12093 Pobla de Benifassà, la",2018,197
Total,"12093 Pobla de Benifassà, la",2017,203
Total,"12093 Pobla de Benifassà, la",2016,209
Total,"12094 Pobla Tornesa, la",2025,"1,322"
Total,"12094 Pobla Tornesa, la",2024,"1,325"
Total,"12094 Pobla Tornesa, la",2023,"1,309"
Total,"12094 Pobla Tornesa, la",2022,"1,304"
Total,"12094 Pobla Tornesa, la",2021,"1,239"
Total,"12094 Pobla Tornesa, la",2020,"1,212"
Total,"12094 Pobla Tornesa, la",2019,"1,211"
Total,"12094 Pobla Tornesa, la",2018,"1,208"
Total,"12094 Pobla Tornesa, la",2017,"1,227"
Total,"12094 Pobla Tornesa, la",2016,"1,200"
Total,12091 Portell de Morella,2025,155
Total,12091 Portell de Morella,2024,155
Total,12091 Portell de Morella,2023,166
Total,12091 Portell de Morella,2022,178
Total,12091 Portell de Morella,2021,181
Total,12091 Portell de Morella,2020,188
Total,12091 Portell de Morella,2019,197
Total,12091 Portell de Morella,2018,197
Total,12091 Portell de Morella,2017,200
Total,12091 Portell de Morella,2016,200
Total,12092 Puebla de Arenoso,2025,169
Total,12092 Puebla de Arenoso,2024,174
Total,12092 Puebla de Arenoso,2023,169
Total,12092 Puebla de Arenoso,2022,162
Total,12092 Puebla de Arenoso,2021,158
Total,12092 Puebla de Arenoso,2020,152
Total,12092 Puebla de Arenoso,2019,158
Total,12092 Puebla de Arenoso,2018,144
Total,12092 Puebla de Arenoso,2017,133
Total,12092 Puebla de Arenoso,2016,143
Total,12095 Ribesalbes,2025,"1,191"
Total,12095 Ribesalbes,2024,"1,163"
Total,12095 Ribesalbes,2023,"1,135"
Total,12095 Ribesalbes,2022,"1,159"
Total,12095 Ribesalbes,2021,"1,156"
Total,12095 Ribesalbes,2020,"1,163"
Total,12095 Ribesalbes,2019,"1,174"
Total,12095 Ribesalbes,2018,"1,180"
Total,12095 Ribesalbes,2017,"1,210"
Total,12095 Ribesalbes,2016,"1,223"
Total,12096 Rossell,2025,910
Total,12096 Rossell,2024,892
Total,12096 Rossell,2023,891
Total,12096 Rossell,2022,886
Total,12096 Rossell,2021,904
Total,12096 Rossell,2020,912
Total,12096 Rossell,2019,937
Total,12096 Rossell,2018,952
Total,12096 Rossell,2017,987
Total,12096 Rossell,2016,"1,002"
Total,12097 Sacañet,2025,67
Total,12097 Sacañet,2024,77
Total,12097 Sacañet,2023,86
Total,12097 Sacañet,2022,52
Total,12097 Sacañet,2021,57
Total,12097 Sacañet,2020,62
Total,12097 Sacañet,2019,67
Total,12097 Sacañet,2018,59
Total,12097 Sacañet,2017,62
Total,12097 Sacañet,2016,67
Total,"12098 Salzadella, la",2025,671
Total,"12098 Salzadella, la",2024,678
Total,"12098 Salzadella, la",2023,660
Total,"12098 Salzadella, la",2022,671
Total,"12098 Salzadella, la",2021,683
Total,"12098 Salzadella, la",2020,700
Total,"12098 Salzadella, la",2019,704
Total,"12098 Salzadella, la",2018,729
Total,"12098 Salzadella, la",2017,743
Total,"12098 Salzadella, la",2016,751
Total,12101 San Rafael del Río,2025,532
Total,12101 San Rafael del Río,2024,530
Total,12101 San Rafael del Río,2023,494
Total,12101 San Rafael del Río,2022,484
Total,12101 San Rafael del Río,2021,468
Total,12101 San Rafael del Río,2020,466
Total,12101 San Rafael del Río,2019,469
Total,12101 San Rafael del Río,2018,462
Total,12101 San Rafael del Río,2017,464
Total,12101 San Rafael del Río,2016,483
Total,12902 Sant Joan de Moró,2025,"3,695"
Total,12902 Sant Joan de Moró,2024,"3,644"
Total,12902 Sant Joan de Moró,2023,"3,516"
Total,12902 Sant Joan de Moró,2022,"3,387"
Total,12902 Sant Joan de Moró,2021,"3,307"
Total,12902 Sant Joan de Moró,2020,"3,232"
Total,12902 Sant Joan de Moró,2019,"3,159"
Total,12902 Sant Joan de Moró,2018,"3,099"
Total,12902 Sant Joan de Moró,2017,"3,084"
Total,12902 Sant Joan de Moró,2016,"3,043"
Total,12099 Sant Jordi/San Jorge,2025,"1,554"
Total,12099 Sant Jordi/San Jorge,2024,"1,381"
Total,12099 Sant Jordi/San Jorge,2023,"1,249"
Total,12099 Sant Jordi/San Jorge,2022,"1,171"
Total,12099 Sant Jordi/San Jorge,2021,"1,063"
Total,12099 Sant Jordi/San Jorge,2020,990
Total,12099 Sant Jordi/San Jorge,2019,972
Total,12099 Sant Jordi/San Jorge,2018,935
Total,12099 Sant Jordi/San Jorge,2017,937
Total,12099 Sant Jordi/San Jorge,2016,970
Total,12100 Sant Mateu,2025,"2,021"
Total,12100 Sant Mateu,2024,"2,004"
Total,12100 Sant Mateu,2023,"1,987"
Total,12100 Sant Mateu,2022,"1,954"
Total,12100 Sant Mateu,2021,"1,968"
Total,12100 Sant Mateu,2020,"1,952"
Total,12100 Sant Mateu,2019,"1,963"
Total,12100 Sant Mateu,2018,"1,974"
Total,12100 Sant Mateu,2017,"1,958"
Total,12100 Sant Mateu,2016,"1,979"
Total,12102 Santa Magdalena de Pulpis,2025,771
Total,12102 Santa Magdalena de Pulpis,2024,768
Total,12102 Santa Magdalena de Pulpis,2023,784
Total,12102 Santa Magdalena de Pulpis,2022,776
Total,12102 Santa Magdalena de Pulpis,2021,755
Total,12102 Santa Magdalena de Pulpis,2020,754
Total,12102 Santa Magdalena de Pulpis,2019,768
Total,12102 Santa Magdalena de Pulpis,2018,761
Total,12102 Santa Magdalena de Pulpis,2017,765
Total,12102 Santa Magdalena de Pulpis,2016,791
Total,12104 Segorbe,2025,"9,805"
Total,12104 Segorbe,2024,"9,640"
Total,12104 Segorbe,2023,"9,425"
Total,12104 Segorbe,2022,"9,146"
Total,12104 Segorbe,2021,"9,139"
Total,12104 Segorbe,2020,"9,097"
Total,12104 Segorbe,2019,"8,978"
Total,12104 Segorbe,2018,"8,878"
Total,12104 Segorbe,2017,"8,969"
Total,12104 Segorbe,2016,"9,005"
Total,"12103 Serratella, la",2025,113
Total,"12103 Serratella, la",2024,113
Total,"12103 Serratella, la",2023,110
Total,"12103 Serratella, la",2022,103
Total,"12103 Serratella, la",2021,92
Total,"12103 Serratella, la",2020,95
Total,"12103 Serratella, la",2019,101
Total,"12103 Serratella, la",2018,101
Total,"12103 Serratella, la",2017,101
Total,"12103 Serratella, la",2016,99
Total,12105 Sierra Engarcerán,2025,"1,039"
Total,12105 Sierra Engarcerán,2024,"1,043"
Total,12105 Sierra Engarcerán,2023,"1,045"
Total,12105 Sierra Engarcerán,2022,997
Total,12105 Sierra Engarcerán,2021,992
Total,12105 Sierra Engarcerán,2020,988
Total,12105 Sierra Engarcerán,2019,976
Total,12105 Sierra Engarcerán,2018,"1,023"
Total,12105 Sierra Engarcerán,2017,"1,012"
Total,12105 Sierra Engarcerán,2016,"1,019"
Total,12106 Soneja,2025,"1,521"
Total,12106 Soneja,2024,"1,513"
Total,12106 Soneja,2023,"1,508"
Total,12106 Soneja,2022,"1,520"
Total,12106 Soneja,2021,"1,479"
Total,12106 Soneja,2020,"1,456"
Total,12106 Soneja,2019,"1,447"
Total,12106 Soneja,2018,"1,439"
Total,12106 Soneja,2017,"1,468"
Total,12106 Soneja,2016,"1,463"
Total,12107 Sot de Ferrer,2025,492
Total,12107 Sot de Ferrer,2024,498
Total,12107 Sot de Ferrer,2023,474
Total,12107 Sot de Ferrer,2022,447
Total,12107 Sot de Ferrer,2021,428
Total,12107 Sot de Ferrer,2020,409
Total,12107 Sot de Ferrer,2019,415
Total,12107 Sot de Ferrer,2018,428
Total,12107 Sot de Ferrer,2017,429
Total,12107 Sot de Ferrer,2016,418
Total,12108 Suera/Sueras,2025,593
Total,12108 Suera/Sueras,2024,573
Total,12108 Suera/Sueras,2023,572
Total,12108 Suera/Sueras,2022,565
Total,12108 Suera/Sueras,2021,554
Total,12108 Suera/Sueras,2020,524
Total,12108 Suera/Sueras,2019,525
Total,12108 Suera/Sueras,2018,520
Total,12108 Suera/Sueras,2017,522
Total,12108 Suera/Sueras,2016,551
Total,12109 Tales,2025,827
Total,12109 Tales,2024,834
Total,12109 Tales,2023,852
Total,12109 Tales,2022,853
Total,12109 Tales,2021,843
Total,12109 Tales,2020,801
Total,12109 Tales,2019,825
Total,12109 Tales,2018,814
Total,12109 Tales,2017,808
Total,12109 Tales,2016,812
Total,12110 Teresa,2025,254
Total,12110 Teresa,2024,231
Total,12110 Teresa,2023,250
Total,12110 Teresa,2022,253
Total,12110 Teresa,2021,245
Total,12110 Teresa,2020,247
Total,12110 Teresa,2019,242
Total,12110 Teresa,2018,249
Total,12110 Teresa,2017,250
Total,12110 Teresa,2016,266
Total,12111 Tírig,2025,417
Total,12111 Tírig,2024,432
Total,12111 Tírig,2023,430
Total,12111 Tírig,2022,417
Total,12111 Tírig,2021,419
Total,12111 Tírig,2020,420
Total,12111 Tírig,2019,419
Total,12111 Tírig,2018,435
Total,12111 Tírig,2017,437
Total,12111 Tírig,2016,465
Total,12112 Todolella,2025,136
Total,12112 Todolella,2024,147
Total,12112 Todolella,2023,144
Total,12112 Todolella,2022,156
Total,12112 Todolella,2021,145
Total,12112 Todolella,2020,141
Total,12112 Todolella,2019,155
Total,12112 Todolella,2018,138
Total,12112 Todolella,2017,136
Total,12112 Todolella,2016,147
Total,12113 Toga,2025,106
Total,12113 Toga,2024,108
Total,12113 Toga,2023,112
Total,12113 Toga,2022,104
Total,12113 Toga,2021,101
Total,12113 Toga,2020,96
Total,12113 Toga,2019,100
Total,12113 Toga,2018,100
Total,12113 Toga,2017,89
Total,12113 Toga,2016,98
Total,12114 Torás,2025,271
Total,12114 Torás,2024,268
Total,12114 Torás,2023,256
Total,12114 Torás,2022,249
Total,12114 Torás,2021,247
Total,12114 Torás,2020,232
Total,12114 Torás,2019,223
Total,12114 Torás,2018,229
Total,12114 Torás,2017,225
Total,12114 Torás,2016,228
Total,"12115 Toro, El",2025,256
Total,"12115 Toro, El",2024,262
Total,"12115 Toro, El",2023,248
Total,"12115 Toro, El",2022,238
Total,"12115 Toro, El",2021,239
Total,"12115 Toro, El",2020,241
Total,"12115 Toro, El",2019,256
Total,"12115 Toro, El",2018,253
Total,"12115 Toro, El",2017,253
Total,"12115 Toro, El",2016,252
Total,12116 Torralba del Pinar,2025,57
Total,12116 Torralba del Pinar,2024,59
Total,12116 Torralba del Pinar,2023,69
Total,12116 Torralba del Pinar,2022,60
Total,12116 Torralba del Pinar,2021,63
Total,12116 Torralba del Pinar,2020,61
Total,12116 Torralba del Pinar,2019,69
Total,12116 Torralba del Pinar,2018,54
Total,12116 Torralba del Pinar,2017,57
Total,12116 Torralba del Pinar,2016,66
Total,"12119 Torre d'en Besora, la",2025,164
Total,"12119 Torre d'en Besora, la",2024,163
Total,"12119 Torre d'en Besora, la",2023,164
Total,"12119 Torre d'en Besora, la",2022,165
Total,"12119 Torre d'en Besora, la",2021,167
Total,"12119 Torre d'en Besora, la",2020,167
Total,"12119 Torre d'en Besora, la",2019,158
Total,"12119 Torre d'en Besora, la",2018,157
Total,"12119 Torre d'en Besora, la",2017,158
Total,"12119 Torre d'en Besora, la",2016,166
Total,"12120 Torre d'en Doménec, la",2025,177
Total,"12120 Torre d'en Doménec, la",2024,182
Total,"12120 Torre d'en Doménec, la",2023,175
Total,"12120 Torre d'en Doménec, la",2022,167
Total,"12120 Torre d'en Doménec, la",2021,157
Total,"12120 Torre d'en Doménec, la",2020,162
Total,"12120 Torre d'en Doménec, la",2019,180
Total,"12120 Torre d'en Doménec, la",2018,191
Total,"12120 Torre d'en Doménec, la",2017,198
Total,"12120 Torre d'en Doménec, la",2016,212
Total,12117 Torreblanca,2025,"5,744"
Total,12117 Torreblanca,2024,"5,674"
Total,12117 Torreblanca,2023,"5,630"
Total,12117 Torreblanca,2022,"5,682"
Total,12117 Torreblanca,2021,"5,606"
Total,12117 Torreblanca,2020,"5,574"
Total,12117 Torreblanca,2019,"5,528"
Total,12117 Torreblanca,2018,"5,461"
Total,12117 Torreblanca,2017,"5,419"
Total,12117 Torreblanca,2016,"5,398"
Total,12118 Torrechiva,2025,106
Total,12118 Torrechiva,2024,127
Total,12118 Torrechiva,2023,114
Total,12118 Torrechiva,2022,89
Total,12118 Torrechiva,2021,93
Total,12118 Torrechiva,2020,89
Total,12118 Torrechiva,2019,81
Total,12118 Torrechiva,2018,74
Total,12118 Torrechiva,2017,77
Total,12118 Torrechiva,2016,75
Total,12121 Traiguera,2025,"1,302"
Total,12121 Traiguera,2024,"1,300"
Total,12121 Traiguera,2023,"1,336"
Total,12121 Traiguera,2022,"1,323"
Total,12121 Traiguera,2021,"1,358"
Total,12121 Traiguera,2020,"1,367"
Total,12121 Traiguera,2019,"1,378"
Total,12121 Traiguera,2018,"1,375"
Total,12121 Traiguera,2017,"1,434"
Total,12121 Traiguera,2016,"1,502"
Total,"12122 Useres, les/Useras",2025,954
Total,"12122 Useres, les/Useras",2024,961
Total,"12122 Useres, les/Useras",2023,985
Total,"12122 Useres, les/Useras",2022,949
Total,"12122 Useres, les/Useras",2021,968
Total,"12122 Useres, les/Useras",2020,959
Total,"12122 Useres, les/Useras",2019,962
Total,"12122 Useres, les/Useras",2018,966
Total,"12122 Useres, les/Useras",2017,970
Total,"12122 Useres, les/Useras",2016,994
Total,12124 Vall d'Alba,2025,"3,218"
Total,12124 Vall d'Alba,2024,"3,103"
Total,12124 Vall d'Alba,2023,"3,054"
Total,12124 Vall d'Alba,2022,"2,959"
Total,12124 Vall d'Alba,2021,"2,943"
Total,12124 Vall d'Alba,2020,"2,856"
Total,12124 Vall d'Alba,2019,"2,807"
Total,12124 Vall d'Alba,2018,"2,817"
Total,12124 Vall d'Alba,2017,"2,781"
Total,12124 Vall d'Alba,2016,"2,809"
Total,12125 Vall de Almonacid,2025,284
Total,12125 Vall de Almonacid,2024,281
Total,12125 Vall de Almonacid,2023,286
Total,12125 Vall de Almonacid,2022,287
Total,12125 Vall de Almonacid,2021,286
Total,12125 Vall de Almonacid,2020,263
Total,12125 Vall de Almonacid,2019,269
Total,12125 Vall de Almonacid,2018,281
Total,12125 Vall de Almonacid,2017,272
Total,12125 Vall de Almonacid,2016,261
Total,"12126 Vall d'Uixó, la",2025,"32,242"
Total,"12126 Vall d'Uixó, la",2024,"31,884"
Total,"12126 Vall d'Uixó, la",2023,"31,611"
Total,"12126 Vall d'Uixó, la",2022,"31,388"
Total,"12126 Vall d'Uixó, la",2021,"31,549"
Total,"12126 Vall d'Uixó, la",2020,"31,681"
Total,"12126 Vall d'Uixó, la",2019,"31,660"
Total,"12126 Vall d'Uixó, la",2018,"31,552"
Total,"12126 Vall d'Uixó, la",2017,"31,733"
Total,"12126 Vall d'Uixó, la",2016,"31,819"
Total,12123 Vallat,2025,66
Total,12123 Vallat,2024,71
Total,12123 Vallat,2023,66
Total,12123 Vallat,2022,54
Total,12123 Vallat,2021,57
Total,12123 Vallat,2020,51
Total,12123 Vallat,2019,49
Total,12123 Vallat,2018,49
Total,12123 Vallat,2017,50
Total,12123 Vallat,2016,54
Total,12127 Vallibona,2025,63
Total,12127 Vallibona,2024,64
Total,12127 Vallibona,2023,62
Total,12127 Vallibona,2022,61
Total,12127 Vallibona,2021,67
Total,12127 Vallibona,2020,66
Total,12127 Vallibona,2019,69
Total,12127 Vallibona,2018,75
Total,12127 Vallibona,2017,77
Total,12127 Vallibona,2016,81
Total,12128 Vilafamés,2025,"1,962"
Total,12128 Vilafamés,2024,"1,938"
Total,12128 Vilafamés,2023,"1,915"
Total,12128 Vilafamés,2022,"1,864"
Total,12128 Vilafamés,2021,"1,840"
Total,12128 Vilafamés,2020,"1,829"
Total,12128 Vilafamés,2019,"1,842"
Total,12128 Vilafamés,2018,"1,833"
Total,12128 Vilafamés,2017,"1,822"
Total,12128 Vilafamés,2016,"1,851"
Total,12129 Vilafranca/Villafranca del Cid,2025,"2,115"
Total,12129 Vilafranca/Villafranca del Cid,2024,"2,139"
Total,12129 Vilafranca/Villafranca del Cid,2023,"2,148"
Total,12129 Vilafranca/Villafranca del Cid,2022,"2,154"
Total,12129 Vilafranca/Villafranca del Cid,2021,"2,201"
Total,12129 Vilafranca/Villafranca del Cid,2020,"2,197"
Total,12129 Vilafranca/Villafranca del Cid,2019,"2,200"
Total,12129 Vilafranca/Villafranca del Cid,2018,"2,227"
Total,12129 Vilafranca/Villafranca del Cid,2017,"2,267"
Total,12129 Vilafranca/Villafranca del Cid,2016,"2,289"
Total,12132 Vilanova d'Alcolea,2025,584
Total,12132 Vilanova d'Alcolea,2024,585
Total,12132 Vilanova d'Alcolea,2023,575
Total,12132 Vilanova d'Alcolea,2022,571
Total,12132 Vilanova d'Alcolea,2021,578
Total,12132 Vilanova d'Alcolea,2020,569
Total,12132 Vilanova d'Alcolea,2019,584
Total,12132 Vilanova d'Alcolea,2018,575
Total,12132 Vilanova d'Alcolea,2017,586
Total,12132 Vilanova d'Alcolea,2016,595
Total,12134 Vilar de Canes,2025,156
Total,12134 Vilar de Canes,2024,156
Total,12134 Vilar de Canes,2023,159
Total,12134 Vilar de Canes,2022,170
Total,12134 Vilar de Canes,2021,174
Total,12134 Vilar de Canes,2020,169
Total,12134 Vilar de Canes,2019,169
Total,12134 Vilar de Canes,2018,172
Total,12134 Vilar de Canes,2017,177
Total,12134 Vilar de Canes,2016,179
Total,12135 Vila-real,2025,"53,623"
Total,12135 Vila-real,2024,"52,505"
Total,12135 Vila-real,2023,"51,852"
Total,12135 Vila-real,2022,"51,369"
Total,12135 Vila-real,2021,"51,130"
Total,12135 Vila-real,2020,"51,293"
Total,12135 Vila-real,2019,"50,893"
Total,12135 Vila-real,2018,"50,577"
Total,12135 Vila-real,2017,"50,334"
Total,12135 Vila-real,2016,"50,252"
Total,"12136 Vilavella, la",2025,"3,054"
Total,"12136 Vilavella, la",2024,"3,073"
Total,"12136 Vilavella, la",2023,"3,074"
Total,"12136 Vilavella, la",2022,"3,084"
Total,"12136 Vilavella, la",2021,"3,111"
Total,"12136 Vilavella, la",2020,"3,125"
Total,"12136 Vilavella, la",2019,"3,157"
Total,"12136 Vilavella, la",2018,"3,226"
Total,"12136 Vilavella, la",2017,"3,215"
Total,"12136 Vilavella, la",2016,"3,243"
Total,12130 Villahermosa del Río,2025,473
Total,12130 Villahermosa del Río,2024,490
Total,12130 Villahermosa del Río,2023,488
Total,12130 Villahermosa del Río,2022,463
Total,12130 Villahermosa del Río,2021,476
Total,12130 Villahermosa del Río,2020,484
Total,12130 Villahermosa del Río,2019,489
Total,12130 Villahermosa del Río,2018,462
Total,12130 Villahermosa del Río,2017,477
Total,12130 Villahermosa del Río,2016,487
Total,12131 Villamalur,2025,99
Total,12131 Villamalur,2024,97
Total,12131 Villamalur,2023,95
Total,12131 Villamalur,2022,85
Total,12131 Villamalur,2021,92
Total,12131 Villamalur,2020,102
Total,12131 Villamalur,2019,62
Total,12131 Villamalur,2018,63
Total,12131 Villamalur,2017,62
Total,12131 Villamalur,2016,68
Total,12133 Villanueva de Viver,2025,94
Total,12133 Villanueva de Viver,2024,98
Total,12133 Villanueva de Viver,2023,110
Total,12133 Villanueva de Viver,2022,89
Total,12133 Villanueva de Viver,2021,82
Total,12133 Villanueva de Viver,2020,60
Total,12133 Villanueva de Viver,2019,61
Total,12133 Villanueva de Viver,2018,66
Total,12133 Villanueva de Viver,2017,61
Total,12133 Villanueva de Viver,2016,60
Total,12137 Villores,2025,51
Total,12137 Villores,2024,53
Total,12137 Villores,2023,54
Total,12137 Villores,2022,53
Total,12137 Villores,2021,46
Total,12137 Villores,2020,42
Total,12137 Villores,2019,39
Total,12137 Villores,2018,42
Total,12137 Villores,2017,42
Total,12137 Villores,2016,38
Total,12138 Vinaròs,2025,"30,529"
Total,12138 Vinaròs,2024,"30,278"
Total,12138 Vinaròs,2023,"29,686"
Total,12138 Vinaròs,2022,"29,120"
Total,12138 Vinaròs,2021,"28,862"
Total,12138 Vinaròs,2020,"28,833"
Total,12138 Vinaròs,2019,"28,682"
Total,12138 Vinaròs,2018,"28,438"
Total,12138 Vinaròs,2017,"28,292"
Total,12138 Vinaròs,2016,"28,290"
Total,12139 Vistabella del Maestrat,2025,354
Total,12139 Vistabella del Maestrat,2024,361
Total,12139 Vistabella del Maestrat,2023,369
Total,12139 Vistabella del Maestrat,2022,334
Total,12139 Vistabella del Maestrat,2021,337
Total,12139 Vistabella del Maestrat,2020,333
Total,12139 Vistabella del Maestrat,2019,339
Total,12139 Vistabella del Maestrat,2018,342
Total,12139 Vistabella del Maestrat,2017,352
Total,12139 Vistabella del Maestrat,2016,364
Total,12140 Viver,2025,"1,729"
Total,12140 Viver,2024,"1,680"
Total,12140 Viver,2023,"1,683"
Total,12140 Viver,2022,"1,691"
Total,12140 Viver,2021,"1,661"
Total,12140 Viver,2020,"1,572"
Total,12140 Viver,2019,"1,536"
Total,12140 Viver,2018,"1,538"
Total,12140 Viver,2017,"1,509"
Total,12140 Viver,2016,"1,536"
Total,12052 Xert,2025,702
Total,12052 Xert,2024,686
Total,12052 Xert,2023,686
Total,12052 Xert,2022,679
Total,12052 Xert,2021,686
Total,12052 Xert,2020,688
Total,12052 Xert,2019,701
Total,12052 Xert,2018,725
Total,12052 Xert,2017,733
Total,12052 Xert,2016,754
Total,12055 Xodos/Chodos,2025,107
Total,12055 Xodos/Chodos,2024,116
Total,12055 Xodos/Chodos,2023,117
Total,12055 Xodos/Chodos,2022,120
Total,12055 Xodos/Chodos,2021,109
Total,12055 Xodos/Chodos,2020,106
Total,12055 Xodos/Chodos,2019,112
Total,12055 Xodos/Chodos,2018,113
Total,12055 Xodos/Chodos,2017,115
Total,12055 Xodos/Chodos,2016,117
Total,12141 Zorita del Maestrazgo,2025,118
Total,12141 Zorita del Maestrazgo,2024,111
Total,12141 Zorita del Maestrazgo,2023,117
Total,12141 Zorita del Maestrazgo,2022,107
Total,12141 Zorita del Maestrazgo,2021,116
Total,12141 Zorita del Maestrazgo,2020,111
Total,12141 Zorita del Maestrazgo,2019,114
Total,12141 Zorita del Maestrazgo,2018,112
Total,12141 Zorita del Maestrazgo,2017,118
Total,12141 Zorita del Maestrazgo,2016,124
Total,12142 Zucaina,2025,171
Total,12142 Zucaina,2024,174
Total,12142 Zucaina,2023,176
Total,12142 Zucaina,2022,174
Total,12142 Zucaina,2021,175
Total,12142 Zucaina,2020,162
Total,12142 Zucaina,2019,171
Total,12142 Zucaina,2018,172
Total,12142 Zucaina,2017,189
Total,12142 Zucaina,2016,190
Total,03002 Agost,2025,"5,225"
Total,03002 Agost,2024,"5,107"
Total,03002 Agost,2023,"5,067"
Total,03002 Agost,2022,"4,948"
Total,03002 Agost,2021,"4,906"
Total,03002 Agost,2020,"4,794"
Total,03002 Agost,2019,"4,758"
Total,03002 Agost,2018,"4,713"
Total,03002 Agost,2017,"4,703"
Total,03002 Agost,2016,"4,729"
Total,03003 Agres,2025,623
Total,03003 Agres,2024,610
Total,03003 Agres,2023,619
Total,03003 Agres,2022,589
Total,03003 Agres,2021,580
Total,03003 Agres,2020,564
Total,03003 Agres,2019,565
Total,03003 Agres,2018,551
Total,03003 Agres,2017,549
Total,03003 Agres,2016,565
Total,03004 Aigües,2025,"1,199"
Total,03004 Aigües,2024,"1,189"
Total,03004 Aigües,2023,"1,146"
Total,03004 Aigües,2022,"1,085"
Total,03004 Aigües,2021,"1,049"
Total,03004 Aigües,2020,986
Total,03004 Aigües,2019,963
Total,03004 Aigües,2018,936
Total,03004 Aigües,2017,913
Total,03004 Aigües,2016,921
Total,03014 Alacant/Alicante,2025,"366,221"
Total,03014 Alacant/Alicante,2024,"358,720"
Total,03014 Alacant/Alicante,2023,"349,282"
Total,03014 Alacant/Alicante,2022,"338,577"
Total,03014 Alacant/Alicante,2021,"337,304"
Total,03014 Alacant/Alicante,2020,"337,482"
Total,03014 Alacant/Alicante,2019,"334,887"
Total,03014 Alacant/Alicante,2018,"331,577"
Total,03014 Alacant/Alicante,2017,"329,988"
Total,03014 Alacant/Alicante,2016,"330,525"
Total,03005 Albatera,2025,"13,566"
Total,03005 Albatera,2024,"13,296"
Total,03005 Albatera,2023,"13,092"
Total,03005 Albatera,2022,"12,864"
Total,03005 Albatera,2021,"12,714"
Total,03005 Albatera,2020,"12,474"
Total,03005 Albatera,2019,"12,279"
Total,03005 Albatera,2018,"12,042"
Total,03005 Albatera,2017,"11,850"
Total,03005 Albatera,2016,"11,756"
Total,03006 Alcalalí,2025,"1,428"
Total,03006 Alcalalí,2024,"1,406"
Total,03006 Alcalalí,2023,"1,397"
Total,03006 Alcalalí,2022,"1,349"
Total,03006 Alcalalí,2021,"1,336"
Total,03006 Alcalalí,2020,"1,302"
Total,03006 Alcalalí,2019,"1,278"
Total,03006 Alcalalí,2018,"1,298"
Total,03006 Alcalalí,2017,"1,276"
Total,03006 Alcalalí,2016,"1,291"
Total,03009 Alcoi/Alcoy,2025,"61,468"
Total,03009 Alcoi/Alcoy,2024,"60,372"
Total,03009 Alcoi/Alcoy,2023,"59,493"
Total,03009 Alcoi/Alcoy,2022,"58,960"
Total,03009 Alcoi/Alcoy,2021,"59,128"
Total,03009 Alcoi/Alcoy,2020,"59,354"
Total,03009 Alcoi/Alcoy,2019,"58,994"
Total,03009 Alcoi/Alcoy,2018,"58,977"
Total,03009 Alcoi/Alcoy,2017,"59,106"
Total,03009 Alcoi/Alcoy,2016,"59,198"
Total,03008 Alcoleja,2025,184
Total,03008 Alcoleja,2024,186
Total,03008 Alcoleja,2023,188
Total,03008 Alcoleja,2022,196
Total,03008 Alcoleja,2021,181
Total,03008 Alcoleja,2020,177
Total,03008 Alcoleja,2019,173
Total,03008 Alcoleja,2018,180
Total,03008 Alcoleja,2017,185
Total,03008 Alcoleja,2016,194
Total,03007 Alcosser,2025,263
Total,03007 Alcosser,2024,259
Total,03007 Alcosser,2023,259
Total,03007 Alcosser,2022,254
Total,03007 Alcosser,2021,243
Total,03007 Alcosser,2020,226
Total,03007 Alcosser,2019,230
Total,03007 Alcosser,2018,229
Total,03007 Alcosser,2017,230
Total,03007 Alcosser,2016,221
Total,03010 Alfafara,2025,419
Total,03010 Alfafara,2024,413
Total,03010 Alfafara,2023,419
Total,03010 Alfafara,2022,417
Total,03010 Alfafara,2021,408
Total,03010 Alfafara,2020,406
Total,03010 Alfafara,2019,410
Total,03010 Alfafara,2018,407
Total,03010 Alfafara,2017,405
Total,03010 Alfafara,2016,399
Total,"03011 Alfàs del Pi, l'",2025,"21,080"
Total,"03011 Alfàs del Pi, l'",2024,"20,160"
Total,"03011 Alfàs del Pi, l'",2023,"20,518"
Total,"03011 Alfàs del Pi, l'",2022,"20,668"
Total,"03011 Alfàs del Pi, l'",2021,"20,495"
Total,"03011 Alfàs del Pi, l'",2020,"20,042"
Total,"03011 Alfàs del Pi, l'",2019,"20,482"
Total,"03011 Alfàs del Pi, l'",2018,"20,053"
Total,"03011 Alfàs del Pi, l'",2017,"18,394"
Total,"03011 Alfàs del Pi, l'",2016,"21,494"
Total,03012 Algorfa,2025,"3,788"
Total,03012 Algorfa,2024,"3,684"
Total,03012 Algorfa,2023,"3,635"
Total,03012 Algorfa,2022,"3,513"
Total,03012 Algorfa,2021,"3,396"
Total,03012 Algorfa,2020,"3,125"
Total,03012 Algorfa,2019,"2,935"
Total,03012 Algorfa,2018,"2,838"
Total,03012 Algorfa,2017,"2,761"
Total,03012 Algorfa,2016,"3,222"
Total,03013 Algueña,2025,"1,328"
Total,03013 Algueña,2024,"1,342"
Total,03013 Algueña,2023,"1,395"
Total,03013 Algueña,2022,"1,351"
Total,03013 Algueña,2021,"1,334"
Total,03013 Algueña,2020,"1,326"
Total,03013 Algueña,2019,"1,336"
Total,03013 Algueña,2018,"1,341"
Total,03013 Algueña,2017,"1,372"
Total,03013 Algueña,2016,"1,391"
Total,03 Alicante/Alacant,2025,"2,030,037"
Total,03 Alicante/Alacant,2024,"1,991,259"
Total,03 Alicante/Alacant,2023,"1,950,357"
Total,03 Alicante/Alacant,2022,"1,901,594"
Total,03 Alicante/Alacant,2021,"1,881,762"
Total,03 Alicante/Alacant,2020,"1,879,888"
Total,03 Alicante/Alacant,2019,"1,858,683"
Total,03 Alicante/Alacant,2018,"1,838,819"
Total,03 Alicante/Alacant,2017,"1,825,332"
Total,03 Alicante/Alacant,2016,"1,836,459"
Total,03015 Almoradí,2025,"22,965"
Total,03015 Almoradí,2024,"22,464"
Total,03015 Almoradí,2023,"21,874"
Total,03015 Almoradí,2022,"21,401"
Total,03015 Almoradí,2021,"21,404"
Total,03015 Almoradí,2020,"21,208"
Total,03015 Almoradí,2019,"20,803"
Total,03015 Almoradí,2018,"20,542"
Total,03015 Almoradí,2017,"20,332"
Total,03015 Almoradí,2016,"20,138"
Total,03016 Almudaina,2025,128
Total,03016 Almudaina,2024,118
Total,03016 Almudaina,2023,110
Total,03016 Almudaina,2022,112
Total,03016 Almudaina,2021,117
Total,03016 Almudaina,2020,109
Total,03016 Almudaina,2019,113
Total,03016 Almudaina,2018,104
Total,03016 Almudaina,2017,113
Total,03016 Almudaina,2016,119
Total,"03017 Alqueria d'Asnar, l'",2025,519
Total,"03017 Alqueria d'Asnar, l'",2024,519
Total,"03017 Alqueria d'Asnar, l'",2023,511
Total,"03017 Alqueria d'Asnar, l'",2022,489
Total,"03017 Alqueria d'Asnar, l'",2021,498
Total,"03017 Alqueria d'Asnar, l'",2020,493
Total,"03017 Alqueria d'Asnar, l'",2019,493
Total,"03017 Alqueria d'Asnar, l'",2018,491
Total,"03017 Alqueria d'Asnar, l'",2017,496
Total,"03017 Alqueria d'Asnar, l'",2016,517
Total,03018 Altea,2025,"24,592"
Total,03018 Altea,2024,"23,963"
Total,03018 Altea,2023,"23,820"
Total,03018 Altea,2022,"23,010"
Total,03018 Altea,2021,"22,657"
Total,03018 Altea,2020,"22,558"
Total,03018 Altea,2019,"22,290"
Total,03018 Altea,2018,"21,995"
Total,03018 Altea,2017,"21,813"
Total,03018 Altea,2016,"21,739"
Total,03019 Aspe,2025,"22,397"
Total,03019 Aspe,2024,"21,969"
Total,03019 Aspe,2023,"21,473"
Total,03019 Aspe,2022,"21,191"
Total,03019 Aspe,2021,"21,088"
Total,03019 Aspe,2020,"20,804"
Total,03019 Aspe,2019,"20,714"
Total,03019 Aspe,2018,"20,537"
Total,03019 Aspe,2017,"20,425"
Total,03019 Aspe,2016,"20,482"
Total,"03001 Atzúbia, l'",2025,589
Total,"03001 Atzúbia, l'",2024,594
Total,"03001 Atzúbia, l'",2023,608
Total,"03001 Atzúbia, l'",2022,616
Total,"03001 Atzúbia, l'",2021,609
Total,"03001 Atzúbia, l'",2020,611
Total,"03001 Atzúbia, l'",2019,632
Total,"03001 Atzúbia, l'",2018,661
Total,"03001 Atzúbia, l'",2017,664
Total,"03001 Atzúbia, l'",2016,689
Total,03020 Balones,2025,132
Total,03020 Balones,2024,131
Total,03020 Balones,2023,119
Total,03020 Balones,2022,126
Total,03020 Balones,2021,134
Total,03020 Balones,2020,128
Total,03020 Balones,2019,131
Total,03020 Balones,2018,122
Total,03020 Balones,2017,128
Total,03020 Balones,2016,129
Total,03021 Banyeres de Mariola,2025,"7,347"
Total,03021 Banyeres de Mariola,2024,"7,307"
Total,03021 Banyeres de Mariola,2023,"7,255"
Total,03021 Banyeres de Mariola,2022,"7,201"
Total,03021 Banyeres de Mariola,2021,"7,113"
Total,03021 Banyeres de Mariola,2020,"7,090"
Total,03021 Banyeres de Mariola,2019,"7,068"
Total,03021 Banyeres de Mariola,2018,"7,113"
Total,03021 Banyeres de Mariola,2017,"7,102"
Total,03021 Banyeres de Mariola,2016,"7,108"
Total,03022 Benasau,2025,174
Total,03022 Benasau,2024,171
Total,03022 Benasau,2023,173
Total,03022 Benasau,2022,171
Total,03022 Benasau,2021,170
Total,03022 Benasau,2020,156
Total,03022 Benasau,2019,151
Total,03022 Benasau,2018,156
Total,03022 Benasau,2017,157
Total,03022 Benasau,2016,158
Total,03023 Beneixama,2025,"1,696"
Total,03023 Beneixama,2024,"1,679"
Total,03023 Beneixama,2023,"1,697"
Total,03023 Beneixama,2022,"1,705"
Total,03023 Beneixama,2021,"1,707"
Total,03023 Beneixama,2020,"1,690"
Total,03023 Beneixama,2019,"1,685"
Total,03023 Beneixama,2018,"1,703"
Total,03023 Beneixama,2017,"1,710"
Total,03023 Beneixama,2016,"1,712"
Total,03024 Benejúzar,2025,"5,811"
Total,03024 Benejúzar,2024,"5,697"
Total,03024 Benejúzar,2023,"5,625"
Total,03024 Benejúzar,2022,"5,480"
Total,03024 Benejúzar,2021,"5,453"
Total,03024 Benejúzar,2020,"5,435"
Total,03024 Benejúzar,2019,"5,402"
Total,03024 Benejúzar,2018,"5,361"
Total,03024 Benejúzar,2017,"5,372"
Total,03024 Benejúzar,2016,"5,364"
Total,03025 Benferri,2025,"2,099"
Total,03025 Benferri,2024,"2,053"
Total,03025 Benferri,2023,"2,023"
Total,03025 Benferri,2022,"1,955"
Total,03025 Benferri,2021,"1,958"
Total,03025 Benferri,2020,"1,965"
Total,03025 Benferri,2019,"1,942"
Total,03025 Benferri,2018,"1,940"
Total,03025 Benferri,2017,"1,923"
Total,03025 Benferri,2016,"1,920"
Total,03026 Beniarbeig,2025,"2,499"
Total,03026 Beniarbeig,2024,"2,384"
Total,03026 Beniarbeig,2023,"2,353"
Total,03026 Beniarbeig,2022,"2,267"
Total,03026 Beniarbeig,2021,"2,227"
Total,03026 Beniarbeig,2020,"2,159"
Total,03026 Beniarbeig,2019,"2,092"
Total,03026 Beniarbeig,2018,"1,983"
Total,03026 Beniarbeig,2017,"1,919"
Total,03026 Beniarbeig,2016,"1,917"
Total,03027 Beniardà,2025,226
Total,03027 Beniardà,2024,235
Total,03027 Beniardà,2023,252
Total,03027 Beniardà,2022,218
Total,03027 Beniardà,2021,192
Total,03027 Beniardà,2020,200
Total,03027 Beniardà,2019,232
Total,03027 Beniardà,2018,178
Total,03027 Beniardà,2017,183
Total,03027 Beniardà,2016,202
Total,03028 Beniarrés,2025,"1,117"
Total,03028 Beniarrés,2024,"1,096"
Total,03028 Beniarrés,2023,"1,089"
Total,03028 Beniarrés,2022,"1,078"
Total,03028 Beniarrés,2021,"1,083"
Total,03028 Beniarrés,2020,"1,099"
Total,03028 Beniarrés,2019,"1,118"
Total,03028 Beniarrés,2018,"1,118"
Total,03028 Beniarrés,2017,"1,137"
Total,03028 Beniarrés,2016,"1,164"
Total,03030 Benidoleig,2025,"1,245"
Total,03030 Benidoleig,2024,"1,219"
Total,03030 Benidoleig,2023,"1,218"
Total,03030 Benidoleig,2022,"1,232"
Total,03030 Benidoleig,2021,"1,166"
Total,03030 Benidoleig,2020,"1,078"
Total,03030 Benidoleig,2019,"1,095"
Total,03030 Benidoleig,2018,"1,110"
Total,03030 Benidoleig,2017,"1,080"
Total,03030 Benidoleig,2016,"1,117"
Total,03031 Benidorm,2025,"77,327"
Total,03031 Benidorm,2024,"74,663"
Total,03031 Benidorm,2023,"72,342"
Total,03031 Benidorm,2022,"69,738"
Total,03031 Benidorm,2021,"69,118"
Total,03031 Benidorm,2020,"70,450"
Total,03031 Benidorm,2019,"68,721"
Total,03031 Benidorm,2018,"67,558"
Total,03031 Benidorm,2017,"66,831"
Total,03031 Benidorm,2016,"66,642"
Total,03032 Benifallim,2025,130
Total,03032 Benifallim,2024,116
Total,03032 Benifallim,2023,111
Total,03032 Benifallim,2022,106
Total,03032 Benifallim,2021,103
Total,03032 Benifallim,2020,104
Total,03032 Benifallim,2019,105
Total,03032 Benifallim,2018,108
Total,03032 Benifallim,2017,111
Total,03032 Benifallim,2016,114
Total,03033 Benifato,2025,162
Total,03033 Benifato,2024,144
Total,03033 Benifato,2023,140
Total,03033 Benifato,2022,139
Total,03033 Benifato,2021,135
Total,03033 Benifato,2020,136
Total,03033 Benifato,2019,140
Total,03033 Benifato,2018,149
Total,03033 Benifato,2017,148
Total,03033 Benifato,2016,158
Total,03029 Benigembla,2025,590
Total,03029 Benigembla,2024,559
Total,03029 Benigembla,2023,537
Total,03029 Benigembla,2022,512
Total,03029 Benigembla,2021,483
Total,03029 Benigembla,2020,443
Total,03029 Benigembla,2019,490
Total,03029 Benigembla,2018,444
Total,03029 Benigembla,2017,433
Total,03029 Benigembla,2016,419
Total,03034 Benijófar,2025,"3,679"
Total,03034 Benijófar,2024,"3,471"
Total,03034 Benijófar,2023,"3,473"
Total,03034 Benijófar,2022,"3,427"
Total,03034 Benijófar,2021,"3,323"
Total,03034 Benijófar,2020,"3,293"
Total,03034 Benijófar,2019,"3,322"
Total,03034 Benijófar,2018,"3,357"
Total,03034 Benijófar,2017,"3,290"
Total,03034 Benijófar,2016,"3,163"
Total,03035 Benilloba,2025,744
Total,03035 Benilloba,2024,747
Total,03035 Benilloba,2023,737
Total,03035 Benilloba,2022,740
Total,03035 Benilloba,2021,737
Total,03035 Benilloba,2020,726
Total,03035 Benilloba,2019,724
Total,03035 Benilloba,2018,742
Total,03035 Benilloba,2017,755
Total,03035 Benilloba,2016,769
Total,03036 Benillup,2025,110
Total,03036 Benillup,2024,109
Total,03036 Benillup,2023,105
Total,03036 Benillup,2022,108
Total,03036 Benillup,2021,101
Total,03036 Benillup,2020,100
Total,03036 Benillup,2019,97
Total,03036 Benillup,2018,94
Total,03036 Benillup,2017,102
Total,03036 Benillup,2016,100
Total,03037 Benimantell,2025,548
Total,03037 Benimantell,2024,548
Total,03037 Benimantell,2023,534
Total,03037 Benimantell,2022,499
Total,03037 Benimantell,2021,501
Total,03037 Benimantell,2020,497
Total,03037 Benimantell,2019,483
Total,03037 Benimantell,2018,490
Total,03037 Benimantell,2017,495
Total,03037 Benimantell,2016,494
Total,03038 Benimarfull,2025,465
Total,03038 Benimarfull,2024,447
Total,03038 Benimarfull,2023,422
Total,03038 Benimarfull,2022,410
Total,03038 Benimarfull,2021,397
Total,03038 Benimarfull,2020,396
Total,03038 Benimarfull,2019,409
Total,03038 Benimarfull,2018,413
Total,03038 Benimarfull,2017,418
Total,03038 Benimarfull,2016,427
Total,03039 Benimassot,2025,85
Total,03039 Benimassot,2024,96
Total,03039 Benimassot,2023,105
Total,03039 Benimassot,2022,93
Total,03039 Benimassot,2021,97
Total,03039 Benimassot,2020,103
Total,03039 Benimassot,2019,106
Total,03039 Benimassot,2018,96
Total,03039 Benimassot,2017,99
Total,03039 Benimassot,2016,99
Total,03040 Benimeli,2025,474
Total,03040 Benimeli,2024,453
Total,03040 Benimeli,2023,455
Total,03040 Benimeli,2022,419
Total,03040 Benimeli,2021,415
Total,03040 Benimeli,2020,429
Total,03040 Benimeli,2019,418
Total,03040 Benimeli,2018,410
Total,03040 Benimeli,2017,391
Total,03040 Benimeli,2016,384
Total,03041 Benissa,2025,"12,471"
Total,03041 Benissa,2024,"12,317"
Total,03041 Benissa,2023,"12,279"
Total,03041 Benissa,2022,"11,871"
Total,03041 Benissa,2021,"11,462"
Total,03041 Benissa,2020,"11,288"
Total,03041 Benissa,2019,"11,005"
Total,03041 Benissa,2018,"10,768"
Total,03041 Benissa,2017,"10,879"
Total,03041 Benissa,2016,"11,000"
Total,03043 Biar,2025,"3,677"
Total,03043 Biar,2024,"3,634"
Total,03043 Biar,2023,"3,607"
Total,03043 Biar,2022,"3,612"
Total,03043 Biar,2021,"3,628"
Total,03043 Biar,2020,"3,655"
Total,03043 Biar,2019,"3,671"
Total,03043 Biar,2018,"3,651"
Total,03043 Biar,2017,"3,650"
Total,03043 Biar,2016,"3,647"
Total,03044 Bigastro,2025,"7,537"
Total,03044 Bigastro,2024,"7,431"
Total,03044 Bigastro,2023,"7,361"
Total,03044 Bigastro,2022,"7,130"
Total,03044 Bigastro,2021,"6,994"
Total,03044 Bigastro,2020,"6,909"
Total,03044 Bigastro,2019,"6,733"
Total,03044 Bigastro,2018,"6,702"
Total,03044 Bigastro,2017,"6,656"
Total,03044 Bigastro,2016,"6,724"
Total,03045 Bolulla,2025,490
Total,03045 Bolulla,2024,486
Total,03045 Bolulla,2023,440
Total,03045 Bolulla,2022,413
Total,03045 Bolulla,2021,426
Total,03045 Bolulla,2020,417
Total,03045 Bolulla,2019,420
Total,03045 Bolulla,2018,418
Total,03045 Bolulla,2017,414
Total,03045 Bolulla,2016,412
Total,03046 Busot,2025,"3,782"
Total,03046 Busot,2024,"3,629"
Total,03046 Busot,2023,"3,534"
Total,03046 Busot,2022,"3,343"
Total,03046 Busot,2021,"3,207"
Total,03046 Busot,2020,"3,075"
Total,03046 Busot,2019,"2,978"
Total,03046 Busot,2018,"2,925"
Total,03046 Busot,2017,"2,904"
Total,03046 Busot,2016,"2,975"
Total,03049 Callosa de Segura,2025,"19,988"
Total,03049 Callosa de Segura,2024,"19,658"
Total,03049 Callosa de Segura,2023,"19,484"
Total,03049 Callosa de Segura,2022,"19,315"
Total,03049 Callosa de Segura,2021,"19,273"
Total,03049 Callosa de Segura,2020,"19,127"
Total,03049 Callosa de Segura,2019,"19,038"
Total,03049 Callosa de Segura,2018,"18,864"
Total,03049 Callosa de Segura,2017,"18,625"
Total,03049 Callosa de Segura,2016,"18,497"
Total,03048 Callosa d'en Sarrià,2025,"8,182"
Total,03048 Callosa d'en Sarrià,2024,"7,959"
Total,03048 Callosa d'en Sarrià,2023,"7,708"
Total,03048 Callosa d'en Sarrià,2022,"7,653"
Total,03048 Callosa d'en Sarrià,2021,"7,589"
Total,03048 Callosa d'en Sarrià,2020,"7,522"
Total,03048 Callosa d'en Sarrià,2019,"7,373"
Total,03048 Callosa d'en Sarrià,2018,"7,257"
Total,03048 Callosa d'en Sarrià,2017,"7,223"
Total,03048 Callosa d'en Sarrià,2016,"7,146"
Total,03047 Calp,2025,"27,616"
Total,03047 Calp,2024,"26,821"
Total,03047 Calp,2023,"25,854"
Total,03047 Calp,2022,"24,096"
Total,03047 Calp,2021,"23,530"
Total,03047 Calp,2020,"23,326"
Total,03047 Calp,2019,"22,725"
Total,03047 Calp,2018,"21,633"
Total,03047 Calp,2017,"20,804"
Total,03047 Calp,2016,"19,591"
Total,"03051 Camp de Mirra, el/Campo de Mirra",2025,447
Total,"03051 Camp de Mirra, el/Campo de Mirra",2024,445
Total,"03051 Camp de Mirra, el/Campo de Mirra",2023,442
Total,"03051 Camp de Mirra, el/Campo de Mirra",2022,433
Total,"03051 Camp de Mirra, el/Campo de Mirra",2021,429
Total,"03051 Camp de Mirra, el/Campo de Mirra",2020,417
Total,"03051 Camp de Mirra, el/Campo de Mirra",2019,415
Total,"03051 Camp de Mirra, el/Campo de Mirra",2018,428
Total,"03051 Camp de Mirra, el/Campo de Mirra",2017,436
Total,"03051 Camp de Mirra, el/Campo de Mirra",2016,440
Total,"03050 Campello, el",2025,"31,419"
Total,"03050 Campello, el",2024,"30,600"
Total,"03050 Campello, el",2023,"29,993"
Total,"03050 Campello, el",2022,"29,409"
Total,"03050 Campello, el",2021,"29,013"
Total,"03050 Campello, el",2020,"28,930"
Total,"03050 Campello, el",2019,"28,349"
Total,"03050 Campello, el",2018,"27,893"
Total,"03050 Campello, el",2017,"27,604"
Total,"03050 Campello, el",2016,"27,384"
Total,03052 Cañada,2025,"1,213"
Total,03052 Cañada,2024,"1,225"
Total,03052 Cañada,2023,"1,210"
Total,03052 Cañada,2022,"1,191"
Total,03052 Cañada,2021,"1,191"
Total,03052 Cañada,2020,"1,208"
Total,03052 Cañada,2019,"1,220"
Total,03052 Cañada,2018,"1,214"
Total,03052 Cañada,2017,"1,242"
Total,03052 Cañada,2016,"1,245"
Total,03053 Castalla,2025,"11,908"
Total,03053 Castalla,2024,"11,622"
Total,03053 Castalla,2023,"11,365"
Total,03053 Castalla,2022,"11,097"
Total,03053 Castalla,2021,"10,752"
Total,03053 Castalla,2020,"10,461"
Total,03053 Castalla,2019,"10,124"
Total,03053 Castalla,2018,"9,880"
Total,03053 Castalla,2017,"9,876"
Total,03053 Castalla,2016,"9,859"
Total,03054 Castell de Castells,2025,443
Total,03054 Castell de Castells,2024,444
Total,03054 Castell de Castells,2023,445
Total,03054 Castell de Castells,2022,426
Total,03054 Castell de Castells,2021,425
Total,03054 Castell de Castells,2020,437
Total,03054 Castell de Castells,2019,449
Total,03054 Castell de Castells,2018,435
Total,03054 Castell de Castells,2017,436
Total,03054 Castell de Castells,2016,449
Total,"03075 Castell de Guadalest, el",2025,284
Total,"03075 Castell de Guadalest, el",2024,282
Total,"03075 Castell de Guadalest, el",2023,274
Total,"03075 Castell de Guadalest, el",2022,258
Total,"03075 Castell de Guadalest, el",2021,243
Total,"03075 Castell de Guadalest, el",2020,224
Total,"03075 Castell de Guadalest, el",2019,217
Total,"03075 Castell de Guadalest, el",2018,209
Total,"03075 Castell de Guadalest, el",2017,205
Total,"03075 Castell de Guadalest, el",2016,220
Total,03055 Catral,2025,"9,600"
Total,03055 Catral,2024,"9,423"
Total,03055 Catral,2023,"9,275"
Total,03055 Catral,2022,"8,976"
Total,03055 Catral,2021,"8,880"
Total,03055 Catral,2020,"8,898"
Total,03055 Catral,2019,"8,639"
Total,03055 Catral,2018,"8,631"
Total,03055 Catral,2017,"8,620"
Total,03055 Catral,2016,"8,551"
Total,03056 Cocentaina,2025,"11,498"
Total,03056 Cocentaina,2024,"11,411"
Total,03056 Cocentaina,2023,"11,309"
Total,03056 Cocentaina,2022,"11,298"
Total,03056 Cocentaina,2021,"11,451"
Total,03056 Cocentaina,2020,"11,520"
Total,03056 Cocentaina,2019,"11,511"
Total,03056 Cocentaina,2018,"11,456"
Total,03056 Cocentaina,2017,"11,461"
Total,03056 Cocentaina,2016,"11,432"
Total,03057 Confrides,2025,293
Total,03057 Confrides,2024,296
Total,03057 Confrides,2023,297
Total,03057 Confrides,2022,282
Total,03057 Confrides,2021,271
Total,03057 Confrides,2020,261
Total,03057 Confrides,2019,187
Total,03057 Confrides,2018,208
Total,03057 Confrides,2017,221
Total,03057 Confrides,2016,207
Total,03058 Cox,2025,"7,722"
Total,03058 Cox,2024,"7,622"
Total,03058 Cox,2023,"7,513"
Total,03058 Cox,2022,"7,431"
Total,03058 Cox,2021,"7,427"
Total,03058 Cox,2020,"7,386"
Total,03058 Cox,2019,"7,297"
Total,03058 Cox,2018,"7,226"
Total,03058 Cox,2017,"7,192"
Total,03058 Cox,2016,"7,193"
Total,03059 Crevillent,2025,"30,921"
Total,03059 Crevillent,2024,"30,585"
Total,03059 Crevillent,2023,"30,191"
Total,03059 Crevillent,2022,"29,881"
Total,03059 Crevillent,2021,"29,717"
Total,03059 Crevillent,2020,"29,536"
Total,03059 Crevillent,2019,"28,952"
Total,03059 Crevillent,2018,"28,957"
Total,03059 Crevillent,2017,"28,836"
Total,03059 Crevillent,2016,"28,691"
Total,03061 Daya Nueva,2025,"1,885"
Total,03061 Daya Nueva,2024,"1,832"
Total,03061 Daya Nueva,2023,"1,767"
Total,03061 Daya Nueva,2022,"1,758"
Total,03061 Daya Nueva,2021,"1,757"
Total,03061 Daya Nueva,2020,"1,733"
Total,03061 Daya Nueva,2019,"1,737"
Total,03061 Daya Nueva,2018,"1,718"
Total,03061 Daya Nueva,2017,"1,684"
Total,03061 Daya Nueva,2016,"1,750"
Total,03062 Daya Vieja,2025,698
Total,03062 Daya Vieja,2024,657
Total,03062 Daya Vieja,2023,667
Total,03062 Daya Vieja,2022,683
Total,03062 Daya Vieja,2021,707
Total,03062 Daya Vieja,2020,731
Total,03062 Daya Vieja,2019,690
Total,03062 Daya Vieja,2018,685
Total,03062 Daya Vieja,2017,713
Total,03062 Daya Vieja,2016,672
Total,03063 Dénia,2025,"47,261"
Total,03063 Dénia,2024,"46,942"
Total,03063 Dénia,2023,"45,622"
Total,03063 Dénia,2022,"43,899"
Total,03063 Dénia,2021,"42,953"
Total,03063 Dénia,2020,"42,827"
Total,03063 Dénia,2019,"42,166"
Total,03063 Dénia,2018,"41,733"
Total,03063 Dénia,2017,"41,568"
Total,03063 Dénia,2016,"41,465"
Total,03064 Dolores,2025,"8,326"
Total,03064 Dolores,2024,"8,102"
Total,03064 Dolores,2023,"7,919"
Total,03064 Dolores,2022,"7,799"
Total,03064 Dolores,2021,"7,620"
Total,03064 Dolores,2020,"7,531"
Total,03064 Dolores,2019,"7,470"
Total,03064 Dolores,2018,"7,383"
Total,03064 Dolores,2017,"7,302"
Total,03064 Dolores,2016,"7,264"
Total,03066 Elda,2025,"55,222"
Total,03066 Elda,2024,"53,818"
Total,03066 Elda,2023,"53,034"
Total,03066 Elda,2022,"52,297"
Total,03066 Elda,2021,"52,551"
Total,03066 Elda,2020,"52,813"
Total,03066 Elda,2019,"52,618"
Total,03066 Elda,2018,"52,404"
Total,03066 Elda,2017,"52,620"
Total,03066 Elda,2016,"52,745"
Total,03065 Elx/Elche,2025,"245,557"
Total,03065 Elx/Elche,2024,"243,128"
Total,03065 Elx/Elche,2023,"238,293"
Total,03065 Elx/Elche,2022,"235,580"
Total,03065 Elx/Elche,2021,"234,205"
Total,03065 Elx/Elche,2020,"234,765"
Total,03065 Elx/Elche,2019,"232,517"
Total,03065 Elx/Elche,2018,"230,625"
Total,03065 Elx/Elche,2017,"228,675"
Total,03065 Elx/Elche,2016,"227,659"
Total,03067 Fageca,2025,100
Total,03067 Fageca,2024,100
Total,03067 Fageca,2023,101
Total,03067 Fageca,2022,104
Total,03067 Fageca,2021,105
Total,03067 Fageca,2020,107
Total,03067 Fageca,2019,106
Total,03067 Fageca,2018,101
Total,03067 Fageca,2017,101
Total,03067 Fageca,2016,107
Total,03068 Famorca,2025,44
Total,03068 Famorca,2024,44
Total,03068 Famorca,2023,45
Total,03068 Famorca,2022,48
Total,03068 Famorca,2021,45
Total,03068 Famorca,2020,45
Total,03068 Famorca,2019,47
Total,03068 Famorca,2018,53
Total,03068 Famorca,2017,57
Total,03068 Famorca,2016,58
Total,03069 Finestrat,2025,"9,919"
Total,03069 Finestrat,2024,"9,352"
Total,03069 Finestrat,2023,"8,836"
Total,03069 Finestrat,2022,"7,909"
Total,03069 Finestrat,2021,"7,402"
Total,03069 Finestrat,2020,"7,103"
Total,03069 Finestrat,2019,"6,715"
Total,03069 Finestrat,2018,"6,381"
Total,03069 Finestrat,2017,"6,292"
Total,03069 Finestrat,2016,"6,090"
Total,"03077 Fondó de les Neus, el/Hondón de las Nieves",2025,"2,738"
Total,"03077 Fondó de les Neus, el/Hondón de las Nieves",2024,"2,696"
Total,"03077 Fondó de les Neus, el/Hondón de las Nieves",2023,"2,698"
Total,"03077 Fondó de les Neus, el/Hondón de las Nieves",2022,"2,684"
Total,"03077 Fondó de les Neus, el/Hondón de las Nieves",2021,"2,634"
Total,"03077 Fondó de les Neus, el/Hondón de las Nieves",2020,"2,606"
Total,"03077 Fondó de les Neus, el/Hondón de las Nieves",2019,"2,544"
Total,"03077 Fondó de les Neus, el/Hondón de las Nieves",2018,"2,474"
Total,"03077 Fondó de les Neus, el/Hondón de las Nieves",2017,"2,436"
Total,"03077 Fondó de les Neus, el/Hondón de las Nieves",2016,"2,493"
Total,03070 Formentera del Segura,2025,"4,868"
Total,03070 Formentera del Segura,2024,"4,749"
Total,03070 Formentera del Segura,2023,"4,618"
Total,03070 Formentera del Segura,2022,"4,446"
Total,03070 Formentera del Segura,2021,"4,337"
Total,03070 Formentera del Segura,2020,"4,268"
Total,03070 Formentera del Segura,2019,"4,191"
Total,03070 Formentera del Segura,2018,"4,131"
Total,03070 Formentera del Segura,2017,"4,064"
Total,03070 Formentera del Segura,2016,"3,995"
Total,03072 Gaianes,2025,577
Total,03072 Gaianes,2024,553
Total,03072 Gaianes,2023,555
Total,03072 Gaianes,2022,548
Total,03072 Gaianes,2021,505
Total,03072 Gaianes,2020,479
Total,03072 Gaianes,2019,452
Total,03072 Gaianes,2018,471
Total,03072 Gaianes,2017,448
Total,03072 Gaianes,2016,452
Total,03071 Gata de Gorgos,2025,"6,773"
Total,03071 Gata de Gorgos,2024,"6,659"
Total,03071 Gata de Gorgos,2023,"6,515"
Total,03071 Gata de Gorgos,2022,"6,364"
Total,03071 Gata de Gorgos,2021,"6,223"
Total,03071 Gata de Gorgos,2020,"6,243"
Total,03071 Gata de Gorgos,2019,"6,049"
Total,03071 Gata de Gorgos,2018,"5,893"
Total,03071 Gata de Gorgos,2017,"5,804"
Total,03071 Gata de Gorgos,2016,"5,825"
Total,03073 Gorga,2025,286
Total,03073 Gorga,2024,284
Total,03073 Gorga,2023,284
Total,03073 Gorga,2022,270
Total,03073 Gorga,2021,261
Total,03073 Gorga,2020,241
Total,03073 Gorga,2019,249
Total,03073 Gorga,2018,258
Total,03073 Gorga,2017,273
Total,03073 Gorga,2016,267
Total,03074 Granja de Rocamora,2025,"2,728"
Total,03074 Granja de Rocamora,2024,"2,739"
Total,03074 Granja de Rocamora,2023,"2,686"
Total,03074 Granja de Rocamora,2022,"2,626"
Total,03074 Granja de Rocamora,2021,"2,609"
Total,03074 Granja de Rocamora,2020,"2,591"
Total,03074 Granja de Rocamora,2019,"2,580"
Total,03074 Granja de Rocamora,2018,"2,489"
Total,03074 Granja de Rocamora,2017,"2,469"
Total,03074 Granja de Rocamora,2016,"2,461"
Total,03076 Guardamar del Segura,2025,"18,564"
Total,03076 Guardamar del Segura,2024,"18,111"
Total,03076 Guardamar del Segura,2023,"17,328"
Total,03076 Guardamar del Segura,2022,"16,138"
Total,03076 Guardamar del Segura,2021,"15,983"
Total,03076 Guardamar del Segura,2020,"15,849"
Total,03076 Guardamar del Segura,2019,"15,348"
Total,03076 Guardamar del Segura,2018,"15,058"
Total,03076 Guardamar del Segura,2017,"14,716"
Total,03076 Guardamar del Segura,2016,"15,386"
Total,03078 Hondón de los Frailes,2025,"1,334"
Total,03078 Hondón de los Frailes,2024,"1,310"
Total,03078 Hondón de los Frailes,2023,"1,311"
Total,03078 Hondón de los Frailes,2022,"1,261"
Total,03078 Hondón de los Frailes,2021,"1,299"
Total,03078 Hondón de los Frailes,2020,"1,242"
Total,03078 Hondón de los Frailes,2019,"1,198"
Total,03078 Hondón de los Frailes,2018,"1,132"
Total,03078 Hondón de los Frailes,2017,"1,102"
Total,03078 Hondón de los Frailes,2016,"1,165"
Total,03079 Ibi,2025,"24,500"
Total,03079 Ibi,2024,"24,210"
Total,03079 Ibi,2023,"23,920"
Total,03079 Ibi,2022,"23,677"
Total,03079 Ibi,2021,"23,652"
Total,03079 Ibi,2020,"23,564"
Total,03079 Ibi,2019,"23,489"
Total,03079 Ibi,2018,"23,403"
Total,03079 Ibi,2017,"23,423"
Total,03079 Ibi,2016,"23,365"
Total,03080 Jacarilla,2025,"2,176"
Total,03080 Jacarilla,2024,"2,122"
Total,03080 Jacarilla,2023,"2,108"
Total,03080 Jacarilla,2022,"2,039"
Total,03080 Jacarilla,2021,"2,030"
Total,03080 Jacarilla,2020,"1,998"
Total,03080 Jacarilla,2019,"2,022"
Total,03080 Jacarilla,2018,"1,986"
Total,03080 Jacarilla,2017,"1,953"
Total,03080 Jacarilla,2016,"1,939"
Total,03085 Llíber,2025,882
Total,03085 Llíber,2024,905
Total,03085 Llíber,2023,946
Total,03085 Llíber,2022,967
Total,03085 Llíber,2021,883
Total,03085 Llíber,2020,830
Total,03085 Llíber,2019,935
Total,03085 Llíber,2018,"1,051"
Total,03085 Llíber,2017,951
Total,03085 Llíber,2016,"1,110"
Total,03086 Millena,2025,265
Total,03086 Millena,2024,249
Total,03086 Millena,2023,254
Total,03086 Millena,2022,243
Total,03086 Millena,2021,242
Total,03086 Millena,2020,240
Total,03086 Millena,2019,237
Total,03086 Millena,2018,229
Total,03086 Millena,2017,230
Total,03086 Millena,2016,221
Total,03088 Monforte del Cid,2025,"9,283"
Total,03088 Monforte del Cid,2024,"8,967"
Total,03088 Monforte del Cid,2023,"8,777"
Total,03088 Monforte del Cid,2022,"8,619"
Total,03088 Monforte del Cid,2021,"8,500"
Total,03088 Monforte del Cid,2020,"8,346"
Total,03088 Monforte del Cid,2019,"8,165"
Total,03088 Monforte del Cid,2018,"7,944"
Total,03088 Monforte del Cid,2017,"7,592"
Total,03088 Monforte del Cid,2016,"7,500"
Total,03089 Monòver/Monóvar,2025,"13,116"
Total,03089 Monòver/Monóvar,2024,"12,764"
Total,03089 Monòver/Monóvar,2023,"12,542"
Total,03089 Monòver/Monóvar,2022,"12,387"
Total,03089 Monòver/Monóvar,2021,"12,188"
Total,03089 Monòver/Monóvar,2020,"12,212"
Total,03089 Monòver/Monóvar,2019,"12,167"
Total,03089 Monòver/Monóvar,2018,"12,175"
Total,03089 Monòver/Monóvar,2017,"12,177"
Total,03089 Monòver/Monóvar,2016,"12,272"
Total,"03903 Montesinos, Los",2025,"5,786"
Total,"03903 Montesinos, Los",2024,"5,682"
Total,"03903 Montesinos, Los",2023,"5,477"
Total,"03903 Montesinos, Los",2022,"5,217"
Total,"03903 Montesinos, Los",2021,"5,123"
Total,"03903 Montesinos, Los",2020,"5,061"
Total,"03903 Montesinos, Los",2019,"4,968"
Total,"03903 Montesinos, Los",2018,"4,844"
Total,"03903 Montesinos, Los",2017,"4,862"
Total,"03903 Montesinos, Los",2016,"4,912"
Total,03091 Murla,2025,574
Total,03091 Murla,2024,585
Total,03091 Murla,2023,575
Total,03091 Murla,2022,540
Total,03091 Murla,2021,549
Total,03091 Murla,2020,507
Total,03091 Murla,2019,470
Total,03091 Murla,2018,493
Total,03091 Murla,2017,477
Total,03091 Murla,2016,486
Total,03092 Muro de Alcoy,2025,"9,372"
Total,03092 Muro de Alcoy,2024,"9,345"
Total,03092 Muro de Alcoy,2023,"9,253"
Total,03092 Muro de Alcoy,2022,"9,303"
Total,03092 Muro de Alcoy,2021,"9,326"
Total,03092 Muro de Alcoy,2020,"9,315"
Total,03092 Muro de Alcoy,2019,"9,324"
Total,03092 Muro de Alcoy,2018,"9,328"
Total,03092 Muro de Alcoy,2017,"9,319"
Total,03092 Muro de Alcoy,2016,"9,307"
Total,03090 Mutxamel,2025,"28,621"
Total,03090 Mutxamel,2024,"27,761"
Total,03090 Mutxamel,2023,"27,078"
Total,03090 Mutxamel,2022,"26,192"
Total,03090 Mutxamel,2021,"25,679"
Total,03090 Mutxamel,2020,"25,645"
Total,03090 Mutxamel,2019,"25,352"
Total,03090 Mutxamel,2018,"25,009"
Total,03090 Mutxamel,2017,"24,778"
Total,03090 Mutxamel,2016,"24,487"
Total,03093 Novelda,2025,"26,606"
Total,03093 Novelda,2024,"26,213"
Total,03093 Novelda,2023,"25,771"
Total,03093 Novelda,2022,"25,592"
Total,03093 Novelda,2021,"25,611"
Total,03093 Novelda,2020,"25,741"
Total,03093 Novelda,2019,"25,651"
Total,03093 Novelda,2018,"25,725"
Total,03093 Novelda,2017,"25,868"
Total,03093 Novelda,2016,"26,054"
Total,"03094 Nucia, la",2025,"19,121"
Total,"03094 Nucia, la",2024,"18,783"
Total,"03094 Nucia, la",2023,"18,970"
Total,"03094 Nucia, la",2022,"18,624"
Total,"03094 Nucia, la",2021,"18,108"
Total,"03094 Nucia, la",2020,"18,163"
Total,"03094 Nucia, la",2019,"18,603"
Total,"03094 Nucia, la",2018,"18,242"
Total,"03094 Nucia, la",2017,"18,548"
Total,"03094 Nucia, la",2016,"19,967"
Total,03095 Ondara,2025,"7,717"
Total,03095 Ondara,2024,"7,522"
Total,03095 Ondara,2023,"7,308"
Total,03095 Ondara,2022,"7,085"
Total,03095 Ondara,2021,"7,080"
Total,03095 Ondara,2020,"7,076"
Total,03095 Ondara,2019,"6,894"
Total,03095 Ondara,2018,"6,815"
Total,03095 Ondara,2017,"6,739"
Total,03095 Ondara,2016,"6,647"
Total,03096 Onil,2025,"8,114"
Total,03096 Onil,2024,"7,959"
Total,03096 Onil,2023,"7,763"
Total,03096 Onil,2022,"7,580"
Total,03096 Onil,2021,"7,569"
Total,03096 Onil,2020,"7,600"
Total,03096 Onil,2019,"7,507"
Total,03096 Onil,2018,"7,475"
Total,03096 Onil,2017,"7,493"
Total,03096 Onil,2016,"7,494"
Total,03097 Orba,2025,"2,399"
Total,03097 Orba,2024,"2,387"
Total,03097 Orba,2023,"2,379"
Total,03097 Orba,2022,"2,348"
Total,03097 Orba,2021,"2,233"
Total,03097 Orba,2020,"2,232"
Total,03097 Orba,2019,"2,174"
Total,03097 Orba,2018,"2,111"
Total,03097 Orba,2017,"2,035"
Total,03097 Orba,2016,"2,085"
Total,03099 Orihuela,2025,"84,560"
Total,03099 Orihuela,2024,"83,720"
Total,03099 Orihuela,2023,"82,449"
Total,03099 Orihuela,2022,"80,784"
Total,03099 Orihuela,2021,"78,940"
Total,03099 Orihuela,2020,"78,505"
Total,03099 Orihuela,2019,"77,414"
Total,03099 Orihuela,2018,"76,778"
Total,03099 Orihuela,2017,"76,097"
Total,03099 Orihuela,2016,"80,359"
Total,"03084 Orxa, l'/Lorcha",2025,589
Total,"03084 Orxa, l'/Lorcha",2024,581
Total,"03084 Orxa, l'/Lorcha",2023,587
Total,"03084 Orxa, l'/Lorcha",2022,565
Total,"03084 Orxa, l'/Lorcha",2021,584
Total,"03084 Orxa, l'/Lorcha",2020,582
Total,"03084 Orxa, l'/Lorcha",2019,578
Total,"03084 Orxa, l'/Lorcha",2018,596
Total,"03084 Orxa, l'/Lorcha",2017,606
Total,"03084 Orxa, l'/Lorcha",2016,627
Total,03098 Orxeta,2025,906
Total,03098 Orxeta,2024,879
Total,03098 Orxeta,2023,840
Total,03098 Orxeta,2022,812
Total,03098 Orxeta,2021,787
Total,03098 Orxeta,2020,784
Total,03098 Orxeta,2019,736
Total,03098 Orxeta,2018,738
Total,03098 Orxeta,2017,760
Total,03098 Orxeta,2016,778
Total,03100 Parcent,2025,"1,037"
Total,03100 Parcent,2024,"1,021"
Total,03100 Parcent,2023,"1,003"
Total,03100 Parcent,2022,997
Total,03100 Parcent,2021,983
Total,03100 Parcent,2020,967
Total,03100 Parcent,2019,929
Total,03100 Parcent,2018,908
Total,03100 Parcent,2017,965
Total,03100 Parcent,2016,985
Total,03101 Pedreguer,2025,"8,849"
Total,03101 Pedreguer,2024,"8,687"
Total,03101 Pedreguer,2023,"8,558"
Total,03101 Pedreguer,2022,"8,280"
Total,03101 Pedreguer,2021,"8,006"
Total,03101 Pedreguer,2020,"7,881"
Total,03101 Pedreguer,2019,"7,699"
Total,03101 Pedreguer,2018,"7,490"
Total,03101 Pedreguer,2017,"7,435"
Total,03101 Pedreguer,2016,"7,431"
Total,03102 Pego,2025,"10,791"
Total,03102 Pego,2024,"10,632"
Total,03102 Pego,2023,"10,485"
Total,03102 Pego,2022,"10,295"
Total,03102 Pego,2021,"10,240"
Total,03102 Pego,2020,"10,133"
Total,03102 Pego,2019,"10,128"
Total,03102 Pego,2018,"10,052"
Total,03102 Pego,2017,"9,923"
Total,03102 Pego,2016,"10,158"
Total,03103 Penàguila,2025,305
Total,03103 Penàguila,2024,293
Total,03103 Penàguila,2023,313
Total,03103 Penàguila,2022,287
Total,03103 Penàguila,2021,275
Total,03103 Penàguila,2020,269
Total,03103 Penàguila,2019,292
Total,03103 Penàguila,2018,301
Total,03103 Penàguila,2017,308
Total,03103 Penàguila,2016,328
Total,03104 Petrer,2025,"34,022"
Total,03104 Petrer,2024,"34,076"
Total,03104 Petrer,2023,"33,914"
Total,03104 Petrer,2022,"33,978"
Total,03104 Petrer,2021,"34,009"
Total,03104 Petrer,2020,"34,241"
Total,03104 Petrer,2019,"34,276"
Total,03104 Petrer,2018,"34,479"
Total,03104 Petrer,2017,"34,533"
Total,03104 Petrer,2016,"34,533"
Total,03902 Pilar de la Horadada,2025,"24,316"
Total,03902 Pilar de la Horadada,2024,"23,844"
Total,03902 Pilar de la Horadada,2023,"23,428"
Total,03902 Pilar de la Horadada,2022,"22,949"
Total,03902 Pilar de la Horadada,2021,"22,597"
Total,03902 Pilar de la Horadada,2020,"22,347"
Total,03902 Pilar de la Horadada,2019,"21,905"
Total,03902 Pilar de la Horadada,2018,"21,418"
Total,03902 Pilar de la Horadada,2017,"21,202"
Total,03902 Pilar de la Horadada,2016,"21,348"
Total,"03105 Pinós, el/Pinoso",2025,"8,523"
Total,"03105 Pinós, el/Pinoso",2024,"8,407"
Total,"03105 Pinós, el/Pinoso",2023,"8,281"
Total,"03105 Pinós, el/Pinoso",2022,"8,084"
Total,"03105 Pinós, el/Pinoso",2021,"8,142"
Total,"03105 Pinós, el/Pinoso",2020,"8,025"
Total,"03105 Pinós, el/Pinoso",2019,"7,966"
Total,"03105 Pinós, el/Pinoso",2018,"7,845"
Total,"03105 Pinós, el/Pinoso",2017,"7,718"
Total,"03105 Pinós, el/Pinoso",2016,"7,627"
Total,03106 Planes,2025,697
Total,03106 Planes,2024,696
Total,03106 Planes,2023,699
Total,03106 Planes,2022,695
Total,03106 Planes,2021,693
Total,03106 Planes,2020,682
Total,03106 Planes,2019,693
Total,03106 Planes,2018,713
Total,03106 Planes,2017,733
Total,03106 Planes,2016,725
Total,"03042 Poble Nou de Benitatxell, el/Benitachell",2025,"4,911"
Total,"03042 Poble Nou de Benitatxell, el/Benitachell",2024,"4,851"
Total,"03042 Poble Nou de Benitatxell, el/Benitachell",2023,"4,858"
Total,"03042 Poble Nou de Benitatxell, el/Benitachell",2022,"4,687"
Total,"03042 Poble Nou de Benitatxell, el/Benitachell",2021,"4,447"
Total,"03042 Poble Nou de Benitatxell, el/Benitachell",2020,"4,452"
Total,"03042 Poble Nou de Benitatxell, el/Benitachell",2019,"4,276"
Total,"03042 Poble Nou de Benitatxell, el/Benitachell",2018,"4,130"
Total,"03042 Poble Nou de Benitatxell, el/Benitachell",2017,"4,020"
Total,"03042 Poble Nou de Benitatxell, el/Benitachell",2016,"4,104"
Total,"03901 Poblets, els",2025,"2,757"
Total,"03901 Poblets, els",2024,"2,684"
Total,"03901 Poblets, els",2023,"2,763"
Total,"03901 Poblets, els",2022,"2,735"
Total,"03901 Poblets, els",2021,"2,721"
Total,"03901 Poblets, els",2020,"2,714"
Total,"03901 Poblets, els",2019,"2,705"
Total,"03901 Poblets, els",2018,"2,864"
Total,"03901 Poblets, els",2017,"2,926"
Total,"03901 Poblets, els",2016,"3,246"
Total,03107 Polop,2025,"5,828"
Total,03107 Polop,2024,"5,650"
Total,03107 Polop,2023,"5,339"
Total,03107 Polop,2022,"5,186"
Total,03107 Polop,2021,"5,069"
Total,03107 Polop,2020,"5,064"
Total,03107 Polop,2019,"4,965"
Total,03107 Polop,2018,"4,850"
Total,03107 Polop,2017,"4,725"
Total,03107 Polop,2016,"4,549"
Total,03060 Quatretondeta,2025,130
Total,03060 Quatretondeta,2024,134
Total,03060 Quatretondeta,2023,136
Total,03060 Quatretondeta,2022,133
Total,03060 Quatretondeta,2021,117
Total,03060 Quatretondeta,2020,118
Total,03060 Quatretondeta,2019,122
Total,03060 Quatretondeta,2018,121
Total,03060 Quatretondeta,2017,109
Total,03060 Quatretondeta,2016,113
Total,03109 Rafal,2025,"4,849"
Total,03109 Rafal,2024,"4,900"
Total,03109 Rafal,2023,"4,800"
Total,03109 Rafal,2022,"4,634"
Total,03109 Rafal,2021,"4,597"
Total,03109 Rafal,2020,"4,553"
Total,03109 Rafal,2019,"4,498"
Total,03109 Rafal,2018,"4,418"
Total,03109 Rafal,2017,"4,322"
Total,03109 Rafal,2016,"4,218"
Total,"03110 Ràfol d'Almúnia, el",2025,734
Total,"03110 Ràfol d'Almúnia, el",2024,703
Total,"03110 Ràfol d'Almúnia, el",2023,721
Total,"03110 Ràfol d'Almúnia, el",2022,731
Total,"03110 Ràfol d'Almúnia, el",2021,670
Total,"03110 Ràfol d'Almúnia, el",2020,648
Total,"03110 Ràfol d'Almúnia, el",2019,653
Total,"03110 Ràfol d'Almúnia, el",2018,644
Total,"03110 Ràfol d'Almúnia, el",2017,631
Total,"03110 Ràfol d'Almúnia, el",2016,630
Total,03111 Redován,2025,"8,283"
Total,03111 Redován,2024,"8,285"
Total,03111 Redován,2023,"8,183"
Total,03111 Redován,2022,"8,123"
Total,03111 Redován,2021,"8,058"
Total,03111 Redován,2020,"7,926"
Total,03111 Redován,2019,"7,869"
Total,03111 Redován,2018,"7,797"
Total,03111 Redován,2017,"7,811"
Total,03111 Redován,2016,"7,765"
Total,03112 Relleu,2025,"1,375"
Total,03112 Relleu,2024,"1,288"
Total,03112 Relleu,2023,"1,248"
Total,03112 Relleu,2022,"1,171"
Total,03112 Relleu,2021,"1,173"
Total,03112 Relleu,2020,"1,148"
Total,03112 Relleu,2019,"1,160"
Total,03112 Relleu,2018,"1,147"
Total,03112 Relleu,2017,"1,118"
Total,03112 Relleu,2016,"1,258"
Total,03113 Rojales,2025,"17,652"
Total,03113 Rojales,2024,"17,162"
Total,03113 Rojales,2023,"17,451"
Total,03113 Rojales,2022,"16,943"
Total,03113 Rojales,2021,"15,978"
Total,03113 Rojales,2020,"16,671"
Total,03113 Rojales,2019,"16,963"
Total,03113 Rojales,2018,"16,560"
Total,03113 Rojales,2017,"16,231"
Total,03113 Rojales,2016,"17,622"
Total,"03114 Romana, la",2025,"2,729"
Total,"03114 Romana, la",2024,"2,672"
Total,"03114 Romana, la",2023,"2,632"
Total,"03114 Romana, la",2022,"2,605"
Total,"03114 Romana, la",2021,"2,542"
Total,"03114 Romana, la",2020,"2,492"
Total,"03114 Romana, la",2019,"2,434"
Total,"03114 Romana, la",2018,"2,376"
Total,"03114 Romana, la",2017,"2,377"
Total,"03114 Romana, la",2016,"2,411"
Total,03115 Sagra,2025,441
Total,03115 Sagra,2024,441
Total,03115 Sagra,2023,442
Total,03115 Sagra,2022,435
Total,03115 Sagra,2021,427
Total,03115 Sagra,2020,426
Total,03115 Sagra,2019,408
Total,03115 Sagra,2018,389
Total,03115 Sagra,2017,393
Total,03115 Sagra,2016,414
Total,03116 Salinas,2025,"1,828"
Total,03116 Salinas,2024,"1,775"
Total,03116 Salinas,2023,"1,733"
Total,03116 Salinas,2022,"1,678"
Total,03116 Salinas,2021,"1,642"
Total,03116 Salinas,2020,"1,620"
Total,03116 Salinas,2019,"1,601"
Total,03116 Salinas,2018,"1,585"
Total,03116 Salinas,2017,"1,562"
Total,03116 Salinas,2016,"1,569"
Total,03118 San Fulgencio,2025,"9,769"
Total,03118 San Fulgencio,2024,"9,433"
Total,03118 San Fulgencio,2023,"9,443"
Total,03118 San Fulgencio,2022,"9,091"
Total,03118 San Fulgencio,2021,"8,447"
Total,03118 San Fulgencio,2020,"8,071"
Total,03118 San Fulgencio,2019,"7,855"
Total,03118 San Fulgencio,2018,"7,943"
Total,03118 San Fulgencio,2017,"7,646"
Total,03118 San Fulgencio,2016,"7,384"
Total,03904 San Isidro,2025,"2,337"
Total,03904 San Isidro,2024,"2,312"
Total,03904 San Isidro,2023,"2,208"
Total,03904 San Isidro,2022,"2,154"
Total,03904 San Isidro,2021,"2,146"
Total,03904 San Isidro,2020,"2,103"
Total,03904 San Isidro,2019,"1,986"
Total,03904 San Isidro,2018,"1,933"
Total,03904 San Isidro,2017,"1,920"
Total,03904 San Isidro,2016,"1,915"
Total,03120 San Miguel de Salinas,2025,"7,177"
Total,03120 San Miguel de Salinas,2024,"6,976"
Total,03120 San Miguel de Salinas,2023,"6,798"
Total,03120 San Miguel de Salinas,2022,"6,659"
Total,03120 San Miguel de Salinas,2021,"6,553"
Total,03120 San Miguel de Salinas,2020,"6,313"
Total,03120 San Miguel de Salinas,2019,"6,034"
Total,03120 San Miguel de Salinas,2018,"5,811"
Total,03120 San Miguel de Salinas,2017,"5,797"
Total,03120 San Miguel de Salinas,2016,"6,193"
Total,03117 Sanet y Negrals,2025,712
Total,03117 Sanet y Negrals,2024,722
Total,03117 Sanet y Negrals,2023,737
Total,03117 Sanet y Negrals,2022,734
Total,03117 Sanet y Negrals,2021,702
Total,03117 Sanet y Negrals,2020,690
Total,03117 Sanet y Negrals,2019,667
Total,03117 Sanet y Negrals,2018,648
Total,03117 Sanet y Negrals,2017,634
Total,03117 Sanet y Negrals,2016,649
Total,03119 Sant Joan d'Alacant,2025,"26,834"
Total,03119 Sant Joan d'Alacant,2024,"25,918"
Total,03119 Sant Joan d'Alacant,2023,"25,275"
Total,03119 Sant Joan d'Alacant,2022,"24,450"
Total,03119 Sant Joan d'Alacant,2021,"24,363"
Total,03119 Sant Joan d'Alacant,2020,"24,367"
Total,03119 Sant Joan d'Alacant,2019,"23,915"
Total,03119 Sant Joan d'Alacant,2018,"23,518"
Total,03119 Sant Joan d'Alacant,2017,"23,149"
Total,03119 Sant Joan d'Alacant,2016,"22,897"
Total,03122 Sant Vicent del Raspeig/San Vicente del Raspeig,2025,"60,247"
Total,03122 Sant Vicent del Raspeig/San Vicente del Raspeig,2024,"60,269"
Total,03122 Sant Vicent del Raspeig/San Vicente del Raspeig,2023,"59,928"
Total,03122 Sant Vicent del Raspeig/San Vicente del Raspeig,2022,"59,138"
Total,03122 Sant Vicent del Raspeig/San Vicente del Raspeig,2021,"58,912"
Total,03122 Sant Vicent del Raspeig/San Vicente del Raspeig,2020,"58,978"
Total,03122 Sant Vicent del Raspeig/San Vicente del Raspeig,2019,"58,385"
Total,03122 Sant Vicent del Raspeig/San Vicente del Raspeig,2018,"57,785"
Total,03122 Sant Vicent del Raspeig/San Vicente del Raspeig,2017,"57,175"
Total,03122 Sant Vicent del Raspeig/San Vicente del Raspeig,2016,"56,715"
Total,03121 Santa Pola,2025,"39,709"
Total,03121 Santa Pola,2024,"38,556"
Total,03121 Santa Pola,2023,"37,816"
Total,03121 Santa Pola,2022,"36,174"
Total,03121 Santa Pola,2021,"34,148"
Total,03121 Santa Pola,2020,"33,303"
Total,03121 Santa Pola,2019,"32,306"
Total,03121 Santa Pola,2018,"31,745"
Total,03121 Santa Pola,2017,"31,137"
Total,03121 Santa Pola,2016,"31,309"
Total,03123 Sax,2025,"10,346"
Total,03123 Sax,2024,"10,172"
Total,03123 Sax,2023,"10,072"
Total,03123 Sax,2022,"9,988"
Total,03123 Sax,2021,"9,935"
Total,03123 Sax,2020,"9,859"
Total,03123 Sax,2019,"9,845"
Total,03123 Sax,2018,"9,771"
Total,03123 Sax,2017,"9,737"
Total,03123 Sax,2016,"9,700"
Total,03124 Sella,2025,621
Total,03124 Sella,2024,604
Total,03124 Sella,2023,607
Total,03124 Sella,2022,592
Total,03124 Sella,2021,578
Total,03124 Sella,2020,577
Total,03124 Sella,2019,580
Total,03124 Sella,2018,585
Total,03124 Sella,2017,579
Total,03124 Sella,2016,584
Total,03125 Senija,2025,698
Total,03125 Senija,2024,696
Total,03125 Senija,2023,670
Total,03125 Senija,2022,623
Total,03125 Senija,2021,605
Total,03125 Senija,2020,583
Total,03125 Senija,2019,584
Total,03125 Senija,2018,581
Total,03125 Senija,2017,578
Total,03125 Senija,2016,577
Total,03127 Tàrbena,2025,662
Total,03127 Tàrbena,2024,634
Total,03127 Tàrbena,2023,630
Total,03127 Tàrbena,2022,624
Total,03127 Tàrbena,2021,642
Total,03127 Tàrbena,2020,623
Total,03127 Tàrbena,2019,646
Total,03127 Tàrbena,2018,627
Total,03127 Tàrbena,2017,640
Total,03127 Tàrbena,2016,636
Total,03128 Teulada,2025,"12,912"
Total,03128 Teulada,2024,"12,834"
Total,03128 Teulada,2023,"12,515"
Total,03128 Teulada,2022,"11,944"
Total,03128 Teulada,2021,"11,466"
Total,03128 Teulada,2020,"11,278"
Total,03128 Teulada,2019,"11,112"
Total,03128 Teulada,2018,"10,722"
Total,03128 Teulada,2017,"10,097"
Total,03128 Teulada,2016,"10,654"
Total,03129 Tibi,2025,"1,757"
Total,03129 Tibi,2024,"1,803"
Total,03129 Tibi,2023,"1,808"
Total,03129 Tibi,2022,"1,731"
Total,03129 Tibi,2021,"1,691"
Total,03129 Tibi,2020,"1,662"
Total,03129 Tibi,2019,"1,614"
Total,03129 Tibi,2018,"1,564"
Total,03129 Tibi,2017,"1,603"
Total,03129 Tibi,2016,"1,634"
Total,03130 Tollos,2025,32
Total,03130 Tollos,2024,38
Total,03130 Tollos,2023,40
Total,03130 Tollos,2022,30
Total,03130 Tollos,2021,37
Total,03130 Tollos,2020,35
Total,03130 Tollos,2019,57
Total,03130 Tollos,2018,56
Total,03130 Tollos,2017,50
Total,03130 Tollos,2016,53
Total,03131 Tormos,2025,323
Total,03131 Tormos,2024,328
Total,03131 Tormos,2023,339
Total,03131 Tormos,2022,332
Total,03131 Tormos,2021,327
Total,03131 Tormos,2020,318
Total,03131 Tormos,2019,340
Total,03131 Tormos,2018,336
Total,03131 Tormos,2017,333
Total,03131 Tormos,2016,323
Total,"03132 Torre de les Maçanes, la/Torremanzanas",2025,749
Total,"03132 Torre de les Maçanes, la/Torremanzanas",2024,744
Total,"03132 Torre de les Maçanes, la/Torremanzanas",2023,714
Total,"03132 Torre de les Maçanes, la/Torremanzanas",2022,683
Total,"03132 Torre de les Maçanes, la/Torremanzanas",2021,681
Total,"03132 Torre de les Maçanes, la/Torremanzanas",2020,636
Total,"03132 Torre de les Maçanes, la/Torremanzanas",2019,661
Total,"03132 Torre de les Maçanes, la/Torremanzanas",2018,654
Total,"03132 Torre de les Maçanes, la/Torremanzanas",2017,682
Total,"03132 Torre de les Maçanes, la/Torremanzanas",2016,727
Total,03133 Torrevieja,2025,"98,533"
Total,03133 Torrevieja,2024,"94,803"
Total,03133 Torrevieja,2023,"89,290"
Total,03133 Torrevieja,2022,"83,547"
Total,03133 Torrevieja,2021,"82,842"
Total,03133 Torrevieja,2020,"84,667"
Total,03133 Torrevieja,2019,"83,337"
Total,03133 Torrevieja,2018,"82,599"
Total,03133 Torrevieja,2017,"83,252"
Total,03133 Torrevieja,2016,"84,213"
Total,"03134 Vall d'Alcalà, la",2025,159
Total,"03134 Vall d'Alcalà, la",2024,175
Total,"03134 Vall d'Alcalà, la",2023,174
Total,"03134 Vall d'Alcalà, la",2022,164
Total,"03134 Vall d'Alcalà, la",2021,163
Total,"03134 Vall d'Alcalà, la",2020,160
Total,"03134 Vall d'Alcalà, la",2019,167
Total,"03134 Vall d'Alcalà, la",2018,164
Total,"03134 Vall d'Alcalà, la",2017,168
Total,"03134 Vall d'Alcalà, la",2016,171
Total,"03136 Vall de Gallinera, la",2025,583
Total,"03136 Vall de Gallinera, la",2024,584
Total,"03136 Vall de Gallinera, la",2023,581
Total,"03136 Vall de Gallinera, la",2022,579
Total,"03136 Vall de Gallinera, la",2021,557
Total,"03136 Vall de Gallinera, la",2020,527
Total,"03136 Vall de Gallinera, la",2019,571
Total,"03136 Vall de Gallinera, la",2018,589
Total,"03136 Vall de Gallinera, la",2017,594
Total,"03136 Vall de Gallinera, la",2016,582
Total,"03137 Vall de Laguar, la",2025,905
Total,"03137 Vall de Laguar, la",2024,903
Total,"03137 Vall de Laguar, la",2023,873
Total,"03137 Vall de Laguar, la",2022,890
Total,"03137 Vall de Laguar, la",2021,843
Total,"03137 Vall de Laguar, la",2020,827
Total,"03137 Vall de Laguar, la",2019,846
Total,"03137 Vall de Laguar, la",2018,820
Total,"03137 Vall de Laguar, la",2017,825
Total,"03137 Vall de Laguar, la",2016,801
Total,"03135 Vall d'Ebo, la",2025,231
Total,"03135 Vall d'Ebo, la",2024,230
Total,"03135 Vall d'Ebo, la",2023,230
Total,"03135 Vall d'Ebo, la",2022,219
Total,"03135 Vall d'Ebo, la",2021,204
Total,"03135 Vall d'Ebo, la",2020,218
Total,"03135 Vall d'Ebo, la",2019,216
Total,"03135 Vall d'Ebo, la",2018,224
Total,"03135 Vall d'Ebo, la",2017,232
Total,"03135 Vall d'Ebo, la",2016,243
Total,"03138 Verger, el",2025,"5,508"
Total,"03138 Verger, el",2024,"5,272"
Total,"03138 Verger, el",2023,"5,101"
Total,"03138 Verger, el",2022,"4,986"
Total,"03138 Verger, el",2021,"4,841"
Total,"03138 Verger, el",2020,"4,709"
Total,"03138 Verger, el",2019,"4,640"
Total,"03138 Verger, el",2018,"4,520"
Total,"03138 Verger, el",2017,"4,421"
Total,"03138 Verger, el",2016,"4,515"
Total,"03139 Vila Joiosa, la/Villajoyosa",2025,"37,449"
Total,"03139 Vila Joiosa, la/Villajoyosa",2024,"36,891"
Total,"03139 Vila Joiosa, la/Villajoyosa",2023,"36,093"
Total,"03139 Vila Joiosa, la/Villajoyosa",2022,"34,828"
Total,"03139 Vila Joiosa, la/Villajoyosa",2021,"34,684"
Total,"03139 Vila Joiosa, la/Villajoyosa",2020,"35,199"
Total,"03139 Vila Joiosa, la/Villajoyosa",2019,"34,673"
Total,"03139 Vila Joiosa, la/Villajoyosa",2018,"33,969"
Total,"03139 Vila Joiosa, la/Villajoyosa",2017,"33,607"
Total,"03139 Vila Joiosa, la/Villajoyosa",2016,"33,580"
Total,03140 Villena,2025,"34,712"
Total,03140 Villena,2024,"34,385"
Total,03140 Villena,2023,"34,144"
Total,03140 Villena,2022,"33,969"
Total,03140 Villena,2021,"34,025"
Total,03140 Villena,2020,"34,155"
Total,03140 Villena,2019,"33,964"
Total,03140 Villena,2018,"33,983"
Total,03140 Villena,2017,"33,968"
Total,03140 Villena,2016,"34,163"
Total,03082 Xàbia/Jávea,2025,"30,642"
Total,03082 Xàbia/Jávea,2024,"30,131"
Total,03082 Xàbia/Jávea,2023,"29,760"
Total,03082 Xàbia/Jávea,2022,"28,731"
Total,03082 Xàbia/Jávea,2021,"27,983"
Total,03082 Xàbia/Jávea,2020,"28,016"
Total,03082 Xàbia/Jávea,2019,"27,604"
Total,03082 Xàbia/Jávea,2018,"27,224"
Total,03082 Xàbia/Jávea,2017,"27,060"
Total,03082 Xàbia/Jávea,2016,"27,225"
Total,03081 Xaló,2025,"3,104"
Total,03081 Xaló,2024,"3,042"
Total,03081 Xaló,2023,"2,964"
Total,03081 Xaló,2022,"2,931"
Total,03081 Xaló,2021,"2,892"
Total,03081 Xaló,2020,"2,868"
Total,03081 Xaló,2019,"2,739"
Total,03081 Xaló,2018,"2,683"
Total,03081 Xaló,2017,"2,636"
Total,03081 Xaló,2016,"2,648"
Total,03083 Xixona/Jijona,2025,"7,669"
Total,03083 Xixona/Jijona,2024,"7,307"
Total,03083 Xixona/Jijona,2023,"7,032"
Total,03083 Xixona/Jijona,2022,"6,860"
Total,03083 Xixona/Jijona,2021,"6,861"
Total,03083 Xixona/Jijona,2020,"6,879"
Total,03083 Xixona/Jijona,2019,"6,865"
Total,03083 Xixona/Jijona,2018,"6,875"
Total,03083 Xixona/Jijona,2017,"6,895"
Total,03083 Xixona/Jijona,2016,"7,057"
