Municipios;Sexo;Periodo;Total
08001 Abrera;Total;2025;13.227
08001 Abrera;Total;2024;13.014
08001 Abrera;Total;2023;12.848
08001 Abrera;Total;2022;12.697
08001 Abrera;Total;2021;12.620
08001 Abrera;Total;2020;12.538
08001 Abrera;Total;2019;12.489
08001 Abrera;Total;2018;12.334
08001 Abrera;Total;2017;12.363
08001 Abrera;Total;2016;12.216
08002 Aguilar de Segarra;Total;2025;292
08002 Aguilar de Segarra;Total;2024;291
08002 Aguilar de Segarra;Total;2023;294
08002 Aguilar de Segarra;Total;2022;287
08002 Aguilar de Segarra;Total;2021;286
08002 Aguilar de Segarra;Total;2020;282
08002 Aguilar de Segarra;Total;2019;288
08002 Aguilar de Segarra;Total;2018;277
08002 Aguilar de Segarra;Total;2017;263
08002 Aguilar de Segarra;Total;2016;253
08014 Aiguafreda;Total;2025;2.569
08014 Aiguafreda;Total;2024;2.576
08014 Aiguafreda;Total;2023;2.567
08014 Aiguafreda;Total;2022;2.552
08014 Aiguafreda;Total;2021;2.556
08014 Aiguafreda;Total;2020;2.512
08014 Aiguafreda;Total;2019;2.504
08014 Aiguafreda;Total;2018;2.501
08014 Aiguafreda;Total;2017;2.514
08014 Aiguafreda;Total;2016;2.467
08003 Alella;Total;2025;10.262
08003 Alella;Total;2024;10.217
08003 Alella;Total;2023;10.139
08003 Alella;Total;2022;10.079
08003 Alella;Total;2021;9.954
08003 Alella;Total;2020;9.904
08003 Alella;Total;2019;9.801
08003 Alella;Total;2018;9.764
08003 Alella;Total;2017;9.625
08003 Alella;Total;2016;9.632
08004 Alpens;Total;2025;267
08004 Alpens;Total;2024;270
08004 Alpens;Total;2023;273
08004 Alpens;Total;2022;281
08004 Alpens;Total;2021;269
08004 Alpens;Total;2020;261
08004 Alpens;Total;2019;266
08004 Alpens;Total;2018;273
08004 Alpens;Total;2017;277
08004 Alpens;Total;2016;294
08005 Ametlla del Vallès, L';Total;2025;9.474
08005 Ametlla del Vallès, L';Total;2024;9.462
08005 Ametlla del Vallès, L';Total;2023;9.296
08005 Ametlla del Vallès, L';Total;2022;9.020
08005 Ametlla del Vallès, L';Total;2021;8.787
08005 Ametlla del Vallès, L';Total;2020;8.646
08005 Ametlla del Vallès, L';Total;2019;8.462
08005 Ametlla del Vallès, L';Total;2018;8.496
08005 Ametlla del Vallès, L';Total;2017;8.368
08005 Ametlla del Vallès, L';Total;2016;8.337
08006 Arenys de Mar;Total;2025;17.042
08006 Arenys de Mar;Total;2024;16.642
08006 Arenys de Mar;Total;2023;16.342
08006 Arenys de Mar;Total;2022;16.155
08006 Arenys de Mar;Total;2021;15.942
08006 Arenys de Mar;Total;2020;15.941
08006 Arenys de Mar;Total;2019;15.776
08006 Arenys de Mar;Total;2018;15.533
08006 Arenys de Mar;Total;2017;15.368
08006 Arenys de Mar;Total;2016;15.253
08007 Arenys de Munt;Total;2025;9.558
08007 Arenys de Munt;Total;2024;9.458
08007 Arenys de Munt;Total;2023;9.413
08007 Arenys de Munt;Total;2022;9.278
08007 Arenys de Munt;Total;2021;9.191
08007 Arenys de Munt;Total;2020;9.121
08007 Arenys de Munt;Total;2019;8.931
08007 Arenys de Munt;Total;2018;8.838
08007 Arenys de Munt;Total;2017;8.728
08007 Arenys de Munt;Total;2016;8.638
08008 Argençola;Total;2025;245
08008 Argençola;Total;2024;237
08008 Argençola;Total;2023;222
08008 Argençola;Total;2022;216
08008 Argençola;Total;2021;220
08008 Argençola;Total;2020;219
08008 Argençola;Total;2019;217
08008 Argençola;Total;2018;219
08008 Argençola;Total;2017;220
08008 Argençola;Total;2016;227
08009 Argentona;Total;2025;12.891
08009 Argentona;Total;2024;12.844
08009 Argentona;Total;2023;12.846
08009 Argentona;Total;2022;12.745
08009 Argentona;Total;2021;12.629
08009 Argentona;Total;2020;12.536
08009 Argentona;Total;2019;12.452
08009 Argentona;Total;2018;12.295
08009 Argentona;Total;2017;12.133
08009 Argentona;Total;2016;12.051
08010 Artés;Total;2025;6.225
08010 Artés;Total;2024;6.084
08010 Artés;Total;2023;5.994
08010 Artés;Total;2022;5.902
08010 Artés;Total;2021;5.782
08010 Artés;Total;2020;5.762
08010 Artés;Total;2019;5.698
08010 Artés;Total;2018;5.648
08010 Artés;Total;2017;5.585
08010 Artés;Total;2016;5.596
08011 Avià;Total;2025;2.267
08011 Avià;Total;2024;2.243
08011 Avià;Total;2023;2.249
08011 Avià;Total;2022;2.237
08011 Avià;Total;2021;2.199
08011 Avià;Total;2020;2.220
08011 Avià;Total;2019;2.226
08011 Avià;Total;2018;2.250
08011 Avià;Total;2017;2.249
08011 Avià;Total;2016;2.257
08012 Avinyó;Total;2025;2.322
08012 Avinyó;Total;2024;2.313
08012 Avinyó;Total;2023;2.289
08012 Avinyó;Total;2022;2.270
08012 Avinyó;Total;2021;2.286
08012 Avinyó;Total;2020;2.289
08012 Avinyó;Total;2019;2.275
08012 Avinyó;Total;2018;2.250
08012 Avinyó;Total;2017;2.240
08012 Avinyó;Total;2016;2.212
08013 Avinyonet del Penedès;Total;2025;1.782
08013 Avinyonet del Penedès;Total;2024;1.744
08013 Avinyonet del Penedès;Total;2023;1.732
08013 Avinyonet del Penedès;Total;2022;1.706
08013 Avinyonet del Penedès;Total;2021;1.701
08013 Avinyonet del Penedès;Total;2020;1.697
08013 Avinyonet del Penedès;Total;2019;1.701
08013 Avinyonet del Penedès;Total;2018;1.669
08013 Avinyonet del Penedès;Total;2017;1.653
08013 Avinyonet del Penedès;Total;2016;1.665
08015 Badalona;Total;2025;231.542
08015 Badalona;Total;2024;227.083
08015 Badalona;Total;2023;225.957
08015 Badalona;Total;2022;223.506
08015 Badalona;Total;2021;223.006
08015 Badalona;Total;2020;223.166
08015 Badalona;Total;2019;220.440
08015 Badalona;Total;2018;217.741
08015 Badalona;Total;2017;215.848
08015 Badalona;Total;2016;215.634
08904 Badia del Vallès;Total;2025;13.060
08904 Badia del Vallès;Total;2024;13.118
08904 Badia del Vallès;Total;2023;13.074
08904 Badia del Vallès;Total;2022;13.163
08904 Badia del Vallès;Total;2021;13.228
08904 Badia del Vallès;Total;2020;13.415
08904 Badia del Vallès;Total;2019;13.380
08904 Badia del Vallès;Total;2018;13.417
08904 Badia del Vallès;Total;2017;13.466
08904 Badia del Vallès;Total;2016;13.482
08016 Bagà;Total;2025;2.161
08016 Bagà;Total;2024;2.182
08016 Bagà;Total;2023;2.149
08016 Bagà;Total;2022;2.167
08016 Bagà;Total;2021;2.145
08016 Bagà;Total;2020;2.140
08016 Bagà;Total;2019;2.138
08016 Bagà;Total;2018;2.152
08016 Bagà;Total;2017;2.149
08016 Bagà;Total;2016;2.162
08017 Balenyà;Total;2025;4.021
08017 Balenyà;Total;2024;4.036
08017 Balenyà;Total;2023;3.969
08017 Balenyà;Total;2022;3.948
08017 Balenyà;Total;2021;3.900
08017 Balenyà;Total;2020;3.840
08017 Balenyà;Total;2019;3.821
08017 Balenyà;Total;2018;3.783
08017 Balenyà;Total;2017;3.665
08017 Balenyà;Total;2016;3.705
08018 Balsareny;Total;2025;3.380
08018 Balsareny;Total;2024;3.328
08018 Balsareny;Total;2023;3.307
08018 Balsareny;Total;2022;3.249
08018 Balsareny;Total;2021;3.278
08018 Balsareny;Total;2020;3.192
08018 Balsareny;Total;2019;3.159
08018 Balsareny;Total;2018;3.205
08018 Balsareny;Total;2017;3.240
08018 Balsareny;Total;2016;3.285
08252 Barberà del Vallès;Total;2025;33.987
08252 Barberà del Vallès;Total;2024;33.575
08252 Barberà del Vallès;Total;2023;33.322
08252 Barberà del Vallès;Total;2022;33.082
08252 Barberà del Vallès;Total;2021;33.016
08252 Barberà del Vallès;Total;2020;33.334
08252 Barberà del Vallès;Total;2019;33.091
08252 Barberà del Vallès;Total;2018;32.839
08252 Barberà del Vallès;Total;2017;32.860
08252 Barberà del Vallès;Total;2016;32.832
08019 Barcelona;Total;2025;1.731.649
08019 Barcelona;Total;2024;1.702.547
08019 Barcelona;Total;2023;1.660.122
08019 Barcelona;Total;2022;1.636.193
08019 Barcelona;Total;2021;1.636.732
08019 Barcelona;Total;2020;1.664.182
08019 Barcelona;Total;2019;1.636.762
08019 Barcelona;Total;2018;1.620.343
08019 Barcelona;Total;2017;1.620.809
08019 Barcelona;Total;2016;1.608.746
08 Barcelona;Total;2025;5.983.325
08 Barcelona;Total;2024;5.899.063
08 Barcelona;Total;2023;5.805.500
08 Barcelona;Total;2022;5.727.615
08 Barcelona;Total;2021;5.714.730
08 Barcelona;Total;2020;5.743.402
08 Barcelona;Total;2019;5.664.579
08 Barcelona;Total;2018;5.609.350
08 Barcelona;Total;2017;5.576.037
08 Barcelona;Total;2016;5.542.680
08020 Begues;Total;2025;7.561
08020 Begues;Total;2024;7.462
08020 Begues;Total;2023;7.432
08020 Begues;Total;2022;7.450
08020 Begues;Total;2021;7.356
08020 Begues;Total;2020;7.300
08020 Begues;Total;2019;7.098
08020 Begues;Total;2018;6.961
08020 Begues;Total;2017;6.830
08020 Begues;Total;2016;6.736
08021 Bellprat;Total;2025;69
08021 Bellprat;Total;2024;69
08021 Bellprat;Total;2023;72
08021 Bellprat;Total;2022;74
08021 Bellprat;Total;2021;73
08021 Bellprat;Total;2020;64
08021 Bellprat;Total;2019;64
08021 Bellprat;Total;2018;74
08021 Bellprat;Total;2017;74
08021 Bellprat;Total;2016;75
08022 Berga;Total;2025;17.473
08022 Berga;Total;2024;17.160
08022 Berga;Total;2023;16.959
08022 Berga;Total;2022;16.762
08022 Berga;Total;2021;16.682
08022 Berga;Total;2020;16.760
08022 Berga;Total;2019;16.494
08022 Berga;Total;2018;16.199
08022 Berga;Total;2017;16.115
08022 Berga;Total;2016;16.175
08023 Bigues i Riells del Fai;Total;2025;10.139
08023 Bigues i Riells del Fai;Total;2024;10.036
08023 Bigues i Riells del Fai;Total;2023;9.949
08023 Bigues i Riells del Fai;Total;2022;9.757
08023 Bigues i Riells del Fai;Total;2021;9.542
08023 Bigues i Riells del Fai;Total;2020;9.358
08023 Bigues i Riells del Fai;Total;2019;9.092
08023 Bigues i Riells del Fai;Total;2018;9.003
08023 Bigues i Riells del Fai;Total;2017;8.957
08023 Bigues i Riells del Fai;Total;2016;8.915
08024 Borredà;Total;2025;433
08024 Borredà;Total;2024;419
08024 Borredà;Total;2023;430
08024 Borredà;Total;2022;448
08024 Borredà;Total;2021;455
08024 Borredà;Total;2020;464
08024 Borredà;Total;2019;445
08024 Borredà;Total;2018;456
08024 Borredà;Total;2017;480
08024 Borredà;Total;2016;495
08025 Bruc, El;Total;2025;2.290
08025 Bruc, El;Total;2024;2.288
08025 Bruc, El;Total;2023;2.268
08025 Bruc, El;Total;2022;2.218
08025 Bruc, El;Total;2021;2.177
08025 Bruc, El;Total;2020;2.110
08025 Bruc, El;Total;2019;2.050
08025 Bruc, El;Total;2018;2.027
08025 Bruc, El;Total;2017;1.988
08025 Bruc, El;Total;2016;2.014
08026 Brull, El;Total;2025;296
08026 Brull, El;Total;2024;293
08026 Brull, El;Total;2023;287
08026 Brull, El;Total;2022;278
08026 Brull, El;Total;2021;275
08026 Brull, El;Total;2020;258
08026 Brull, El;Total;2019;263
08026 Brull, El;Total;2018;257
08026 Brull, El;Total;2017;258
08026 Brull, El;Total;2016;263
08027 Cabanyes, Les;Total;2025;1.060
08027 Cabanyes, Les;Total;2024;1.012
08027 Cabanyes, Les;Total;2023;998
08027 Cabanyes, Les;Total;2022;999
08027 Cabanyes, Les;Total;2021;1.005
08027 Cabanyes, Les;Total;2020;979
08027 Cabanyes, Les;Total;2019;964
08027 Cabanyes, Les;Total;2018;965
08027 Cabanyes, Les;Total;2017;947
08027 Cabanyes, Les;Total;2016;943
08028 Cabrera d'Anoia;Total;2025;1.772
08028 Cabrera d'Anoia;Total;2024;1.709
08028 Cabrera d'Anoia;Total;2023;1.665
08028 Cabrera d'Anoia;Total;2022;1.606
08028 Cabrera d'Anoia;Total;2021;1.521
08028 Cabrera d'Anoia;Total;2020;1.482
08028 Cabrera d'Anoia;Total;2019;1.410
08028 Cabrera d'Anoia;Total;2018;1.376
08028 Cabrera d'Anoia;Total;2017;1.364
08028 Cabrera d'Anoia;Total;2016;1.351
08029 Cabrera de Mar;Total;2025;5.045
08029 Cabrera de Mar;Total;2024;5.018
08029 Cabrera de Mar;Total;2023;4.945
08029 Cabrera de Mar;Total;2022;4.848
08029 Cabrera de Mar;Total;2021;4.787
08029 Cabrera de Mar;Total;2020;4.747
08029 Cabrera de Mar;Total;2019;4.680
08029 Cabrera de Mar;Total;2018;4.664
08029 Cabrera de Mar;Total;2017;4.594
08029 Cabrera de Mar;Total;2016;4.553
08030 Cabrils;Total;2025;7.765
08030 Cabrils;Total;2024;7.767
08030 Cabrils;Total;2023;7.799
08030 Cabrils;Total;2022;7.729
08030 Cabrils;Total;2021;7.567
08030 Cabrils;Total;2020;7.432
08030 Cabrils;Total;2019;7.439
08030 Cabrils;Total;2018;7.348
08030 Cabrils;Total;2017;7.296
08030 Cabrils;Total;2016;7.287
08031 Calaf;Total;2025;3.644
08031 Calaf;Total;2024;3.618
08031 Calaf;Total;2023;3.566
08031 Calaf;Total;2022;3.590
08031 Calaf;Total;2021;3.597
08031 Calaf;Total;2020;3.656
08031 Calaf;Total;2019;3.535
08031 Calaf;Total;2018;3.547
08031 Calaf;Total;2017;3.477
08031 Calaf;Total;2016;3.424
08034 Calders;Total;2025;1.122
08034 Calders;Total;2024;1.114
08034 Calders;Total;2023;1.097
08034 Calders;Total;2022;1.101
08034 Calders;Total;2021;1.063
08034 Calders;Total;2020;1.045
08034 Calders;Total;2019;970
08034 Calders;Total;2018;946
08034 Calders;Total;2017;962
08034 Calders;Total;2016;953
08033 Caldes de Montbui;Total;2025;18.567
08033 Caldes de Montbui;Total;2024;18.336
08033 Caldes de Montbui;Total;2023;18.109
08033 Caldes de Montbui;Total;2022;17.932
08033 Caldes de Montbui;Total;2021;17.797
08033 Caldes de Montbui;Total;2020;17.812
08033 Caldes de Montbui;Total;2019;17.554
08033 Caldes de Montbui;Total;2018;17.449
08033 Caldes de Montbui;Total;2017;17.187
08033 Caldes de Montbui;Total;2016;17.137
08032 Caldes d'Estrac;Total;2025;3.356
08032 Caldes d'Estrac;Total;2024;3.259
08032 Caldes d'Estrac;Total;2023;3.223
08032 Caldes d'Estrac;Total;2022;3.148
08032 Caldes d'Estrac;Total;2021;3.097
08032 Caldes d'Estrac;Total;2020;3.021
08032 Caldes d'Estrac;Total;2019;2.982
08032 Caldes d'Estrac;Total;2018;2.859
08032 Caldes d'Estrac;Total;2017;2.823
08032 Caldes d'Estrac;Total;2016;2.766
08035 Calella;Total;2025;20.864
08035 Calella;Total;2024;20.369
08035 Calella;Total;2023;19.862
08035 Calella;Total;2022;19.363
08035 Calella;Total;2021;19.236
08035 Calella;Total;2020;19.277
08035 Calella;Total;2019;19.069
08035 Calella;Total;2018;18.728
08035 Calella;Total;2017;18.481
08035 Calella;Total;2016;18.317
08037 Calldetenes;Total;2025;2.733
08037 Calldetenes;Total;2024;2.690
08037 Calldetenes;Total;2023;2.601
08037 Calldetenes;Total;2022;2.532
08037 Calldetenes;Total;2021;2.504
08037 Calldetenes;Total;2020;2.513
08037 Calldetenes;Total;2019;2.489
08037 Calldetenes;Total;2018;2.497
08037 Calldetenes;Total;2017;2.446
08037 Calldetenes;Total;2016;2.418
08038 Callús;Total;2025;2.180
08038 Callús;Total;2024;2.145
08038 Callús;Total;2023;2.099
08038 Callús;Total;2022;2.122
08038 Callús;Total;2021;2.098
08038 Callús;Total;2020;2.129
08038 Callús;Total;2019;2.140
08038 Callús;Total;2018;2.095
08038 Callús;Total;2017;2.067
08038 Callús;Total;2016;2.057
08036 Calonge de Segarra;Total;2025;179
08036 Calonge de Segarra;Total;2024;174
08036 Calonge de Segarra;Total;2023;188
08036 Calonge de Segarra;Total;2022;195
08036 Calonge de Segarra;Total;2021;194
08036 Calonge de Segarra;Total;2020;188
08036 Calonge de Segarra;Total;2019;188
08036 Calonge de Segarra;Total;2018;191
08036 Calonge de Segarra;Total;2017;198
08036 Calonge de Segarra;Total;2016;191
08039 Campins;Total;2025;586
08039 Campins;Total;2024;606
08039 Campins;Total;2023;589
08039 Campins;Total;2022;557
08039 Campins;Total;2021;540
08039 Campins;Total;2020;541
08039 Campins;Total;2019;529
08039 Campins;Total;2018;515
08039 Campins;Total;2017;498
08039 Campins;Total;2016;470
08040 Canet de Mar;Total;2025;15.198
08040 Canet de Mar;Total;2024;15.140
08040 Canet de Mar;Total;2023;15.010
08040 Canet de Mar;Total;2022;14.845
08040 Canet de Mar;Total;2021;14.810
08040 Canet de Mar;Total;2020;14.865
08040 Canet de Mar;Total;2019;14.526
08040 Canet de Mar;Total;2018;14.583
08040 Canet de Mar;Total;2017;14.423
08040 Canet de Mar;Total;2016;14.284
08041 Canovelles;Total;2025;17.473
08041 Canovelles;Total;2024;17.312
08041 Canovelles;Total;2023;17.051
08041 Canovelles;Total;2022;16.761
08041 Canovelles;Total;2021;16.872
08041 Canovelles;Total;2020;16.829
08041 Canovelles;Total;2019;16.629
08041 Canovelles;Total;2018;16.317
08041 Canovelles;Total;2017;16.145
08041 Canovelles;Total;2016;15.937
08042 Cànoves i Samalús;Total;2025;3.399
08042 Cànoves i Samalús;Total;2024;3.315
08042 Cànoves i Samalús;Total;2023;3.322
08042 Cànoves i Samalús;Total;2022;3.289
08042 Cànoves i Samalús;Total;2021;3.219
08042 Cànoves i Samalús;Total;2020;3.156
08042 Cànoves i Samalús;Total;2019;3.117
08042 Cànoves i Samalús;Total;2018;2.995
08042 Cànoves i Samalús;Total;2017;2.906
08042 Cànoves i Samalús;Total;2016;2.873
08043 Canyelles;Total;2025;5.505
08043 Canyelles;Total;2024;5.367
08043 Canyelles;Total;2023;5.218
08043 Canyelles;Total;2022;5.007
08043 Canyelles;Total;2021;4.886
08043 Canyelles;Total;2020;4.699
08043 Canyelles;Total;2019;4.647
08043 Canyelles;Total;2018;4.481
08043 Canyelles;Total;2017;4.388
08043 Canyelles;Total;2016;4.407
08044 Capellades;Total;2025;5.608
08044 Capellades;Total;2024;5.567
08044 Capellades;Total;2023;5.417
08044 Capellades;Total;2022;5.344
08044 Capellades;Total;2021;5.314
08044 Capellades;Total;2020;5.342
08044 Capellades;Total;2019;5.293
08044 Capellades;Total;2018;5.211
08044 Capellades;Total;2017;5.225
08044 Capellades;Total;2016;5.227
08045 Capolat;Total;2025;93
08045 Capolat;Total;2024;92
08045 Capolat;Total;2023;88
08045 Capolat;Total;2022;89
08045 Capolat;Total;2021;84
08045 Capolat;Total;2020;84
08045 Capolat;Total;2019;94
08045 Capolat;Total;2018;96
08045 Capolat;Total;2017;99
08045 Capolat;Total;2016;93
08046 Cardedeu;Total;2025;19.046
08046 Cardedeu;Total;2024;19.064
08046 Cardedeu;Total;2023;19.023
08046 Cardedeu;Total;2022;18.785
08046 Cardedeu;Total;2021;18.609
08046 Cardedeu;Total;2020;18.424
08046 Cardedeu;Total;2019;18.357
08046 Cardedeu;Total;2018;18.165
08046 Cardedeu;Total;2017;18.210
08046 Cardedeu;Total;2016;18.158
08047 Cardona;Total;2025;4.553
08047 Cardona;Total;2024;4.574
08047 Cardona;Total;2023;4.569
08047 Cardona;Total;2022;4.575
08047 Cardona;Total;2021;4.593
08047 Cardona;Total;2020;4.639
08047 Cardona;Total;2019;4.636
08047 Cardona;Total;2018;4.652
08047 Cardona;Total;2017;4.728
08047 Cardona;Total;2016;4.775
08048 Carme;Total;2025;847
08048 Carme;Total;2024;814
08048 Carme;Total;2023;783
08048 Carme;Total;2022;754
08048 Carme;Total;2021;768
08048 Carme;Total;2020;785
08048 Carme;Total;2019;765
08048 Carme;Total;2018;783
08048 Carme;Total;2017;791
08048 Carme;Total;2016;791
08049 Casserres;Total;2025;1.660
08049 Casserres;Total;2024;1.676
08049 Casserres;Total;2023;1.630
08049 Casserres;Total;2022;1.646
08049 Casserres;Total;2021;1.636
08049 Casserres;Total;2020;1.588
08049 Casserres;Total;2019;1.608
08049 Casserres;Total;2018;1.572
08049 Casserres;Total;2017;1.557
08049 Casserres;Total;2016;1.528
08057 Castell de l'Areny;Total;2025;68
08057 Castell de l'Areny;Total;2024;69
08057 Castell de l'Areny;Total;2023;69
08057 Castell de l'Areny;Total;2022;69
08057 Castell de l'Areny;Total;2021;72
08057 Castell de l'Areny;Total;2020;67
08057 Castell de l'Areny;Total;2019;68
08057 Castell de l'Areny;Total;2018;72
08057 Castell de l'Areny;Total;2017;69
08057 Castell de l'Areny;Total;2016;69
08052 Castellar de n'Hug;Total;2025;166
08052 Castellar de n'Hug;Total;2024;164
08052 Castellar de n'Hug;Total;2023;171
08052 Castellar de n'Hug;Total;2022;176
08052 Castellar de n'Hug;Total;2021;167
08052 Castellar de n'Hug;Total;2020;156
08052 Castellar de n'Hug;Total;2019;159
08052 Castellar de n'Hug;Total;2018;165
08052 Castellar de n'Hug;Total;2017;159
08052 Castellar de n'Hug;Total;2016;157
08050 Castellar del Riu;Total;2025;151
08050 Castellar del Riu;Total;2024;163
08050 Castellar del Riu;Total;2023;169
08050 Castellar del Riu;Total;2022;175
08050 Castellar del Riu;Total;2021;171
08050 Castellar del Riu;Total;2020;176
08050 Castellar del Riu;Total;2019;169
08050 Castellar del Riu;Total;2018;165
08050 Castellar del Riu;Total;2017;166
08050 Castellar del Riu;Total;2016;176
08051 Castellar del Vallès;Total;2025;25.422
08051 Castellar del Vallès;Total;2024;25.322
08051 Castellar del Vallès;Total;2023;25.150
08051 Castellar del Vallès;Total;2022;24.933
08051 Castellar del Vallès;Total;2021;24.659
08051 Castellar del Vallès;Total;2020;24.488
08051 Castellar del Vallès;Total;2019;24.187
08051 Castellar del Vallès;Total;2018;24.036
08051 Castellar del Vallès;Total;2017;23.776
08051 Castellar del Vallès;Total;2016;23.633
08053 Castellbell i el Vilar;Total;2025;4.159
08053 Castellbell i el Vilar;Total;2024;4.138
08053 Castellbell i el Vilar;Total;2023;4.054
08053 Castellbell i el Vilar;Total;2022;3.889
08053 Castellbell i el Vilar;Total;2021;3.853
08053 Castellbell i el Vilar;Total;2020;3.719
08053 Castellbell i el Vilar;Total;2019;3.647
08053 Castellbell i el Vilar;Total;2018;3.599
08053 Castellbell i el Vilar;Total;2017;3.618
08053 Castellbell i el Vilar;Total;2016;3.584
08054 Castellbisbal;Total;2025;13.061
08054 Castellbisbal;Total;2024;12.972
08054 Castellbisbal;Total;2023;12.813
08054 Castellbisbal;Total;2022;12.735
08054 Castellbisbal;Total;2021;12.610
08054 Castellbisbal;Total;2020;12.539
08054 Castellbisbal;Total;2019;12.390
08054 Castellbisbal;Total;2018;12.332
08054 Castellbisbal;Total;2017;12.297
08054 Castellbisbal;Total;2016;12.277
08055 Castellcir;Total;2025;804
08055 Castellcir;Total;2024;784
08055 Castellcir;Total;2023;778
08055 Castellcir;Total;2022;778
08055 Castellcir;Total;2021;753
08055 Castellcir;Total;2020;742
08055 Castellcir;Total;2019;752
08055 Castellcir;Total;2018;728
08055 Castellcir;Total;2017;723
08055 Castellcir;Total;2016;726
08056 Castelldefels;Total;2025;70.057
08056 Castelldefels;Total;2024;69.450
08056 Castelldefels;Total;2023;68.427
08056 Castelldefels;Total;2022;67.307
08056 Castelldefels;Total;2021;67.226
08056 Castelldefels;Total;2020;67.460
08056 Castelldefels;Total;2019;67.004
08056 Castelldefels;Total;2018;66.375
08056 Castelldefels;Total;2017;65.954
08056 Castelldefels;Total;2016;64.892
08058 Castellet i la Gornal;Total;2025;2.776
08058 Castellet i la Gornal;Total;2024;2.674
08058 Castellet i la Gornal;Total;2023;2.572
08058 Castellet i la Gornal;Total;2022;2.474
08058 Castellet i la Gornal;Total;2021;2.452
08058 Castellet i la Gornal;Total;2020;2.382
08058 Castellet i la Gornal;Total;2019;2.292
08058 Castellet i la Gornal;Total;2018;2.247
08058 Castellet i la Gornal;Total;2017;2.233
08058 Castellet i la Gornal;Total;2016;2.193
08060 Castellfollit de Riubregós;Total;2025;153
08060 Castellfollit de Riubregós;Total;2024;151
08060 Castellfollit de Riubregós;Total;2023;162
08060 Castellfollit de Riubregós;Total;2022;159
08060 Castellfollit de Riubregós;Total;2021;163
08060 Castellfollit de Riubregós;Total;2020;162
08060 Castellfollit de Riubregós;Total;2019;151
08060 Castellfollit de Riubregós;Total;2018;156
08060 Castellfollit de Riubregós;Total;2017;160
08060 Castellfollit de Riubregós;Total;2016;165
08059 Castellfollit del Boix;Total;2025;467
08059 Castellfollit del Boix;Total;2024;459
08059 Castellfollit del Boix;Total;2023;461
08059 Castellfollit del Boix;Total;2022;460
08059 Castellfollit del Boix;Total;2021;448
08059 Castellfollit del Boix;Total;2020;447
08059 Castellfollit del Boix;Total;2019;436
08059 Castellfollit del Boix;Total;2018;446
08059 Castellfollit del Boix;Total;2017;440
08059 Castellfollit del Boix;Total;2016;448
08061 Castellgalí;Total;2025;2.413
08061 Castellgalí;Total;2024;2.347
08061 Castellgalí;Total;2023;2.311
08061 Castellgalí;Total;2022;2.236
08061 Castellgalí;Total;2021;2.179
08061 Castellgalí;Total;2020;2.119
08061 Castellgalí;Total;2019;2.062
08061 Castellgalí;Total;2018;2.053
08061 Castellgalí;Total;2017;2.017
08061 Castellgalí;Total;2016;1.995
08062 Castellnou de Bages;Total;2025;1.473
08062 Castellnou de Bages;Total;2024;1.430
08062 Castellnou de Bages;Total;2023;1.427
08062 Castellnou de Bages;Total;2022;1.431
08062 Castellnou de Bages;Total;2021;1.420
08062 Castellnou de Bages;Total;2020;1.437
08062 Castellnou de Bages;Total;2019;1.397
08062 Castellnou de Bages;Total;2018;1.319
08062 Castellnou de Bages;Total;2017;1.303
08062 Castellnou de Bages;Total;2016;1.287
08063 Castellolí;Total;2025;669
08063 Castellolí;Total;2024;658
08063 Castellolí;Total;2023;651
08063 Castellolí;Total;2022;636
08063 Castellolí;Total;2021;653
08063 Castellolí;Total;2020;626
08063 Castellolí;Total;2019;619
08063 Castellolí;Total;2018;610
08063 Castellolí;Total;2017;599
08063 Castellolí;Total;2016;573
08064 Castellterçol;Total;2025;2.754
08064 Castellterçol;Total;2024;2.773
08064 Castellterçol;Total;2023;2.735
08064 Castellterçol;Total;2022;2.655
08064 Castellterçol;Total;2021;2.632
08064 Castellterçol;Total;2020;2.548
08064 Castellterçol;Total;2019;2.463
08064 Castellterçol;Total;2018;2.418
08064 Castellterçol;Total;2017;2.374
08064 Castellterçol;Total;2016;2.351
08065 Castellví de la Marca;Total;2025;1.721
08065 Castellví de la Marca;Total;2024;1.716
08065 Castellví de la Marca;Total;2023;1.674
08065 Castellví de la Marca;Total;2022;1.614
08065 Castellví de la Marca;Total;2021;1.597
08065 Castellví de la Marca;Total;2020;1.575
08065 Castellví de la Marca;Total;2019;1.535
08065 Castellví de la Marca;Total;2018;1.534
08065 Castellví de la Marca;Total;2017;1.554
08065 Castellví de la Marca;Total;2016;1.545
08066 Castellví de Rosanes;Total;2025;2.171
08066 Castellví de Rosanes;Total;2024;2.106
08066 Castellví de Rosanes;Total;2023;2.089
08066 Castellví de Rosanes;Total;2022;2.096
08066 Castellví de Rosanes;Total;2021;1.996
08066 Castellví de Rosanes;Total;2020;1.933
08066 Castellví de Rosanes;Total;2019;1.884
08066 Castellví de Rosanes;Total;2018;1.865
08066 Castellví de Rosanes;Total;2017;1.826
08066 Castellví de Rosanes;Total;2016;1.807
08067 Centelles;Total;2025;7.864
08067 Centelles;Total;2024;7.775
08067 Centelles;Total;2023;7.726
08067 Centelles;Total;2022;7.641
08067 Centelles;Total;2021;7.595
08067 Centelles;Total;2020;7.513
08067 Centelles;Total;2019;7.404
08067 Centelles;Total;2018;7.423
08067 Centelles;Total;2017;7.417
08067 Centelles;Total;2016;7.410
08268 Cercs;Total;2025;1.236
08268 Cercs;Total;2024;1.193
08268 Cercs;Total;2023;1.196
08268 Cercs;Total;2022;1.169
08268 Cercs;Total;2021;1.190
08268 Cercs;Total;2020;1.150
08268 Cercs;Total;2019;1.145
08268 Cercs;Total;2018;1.152
08268 Cercs;Total;2017;1.166
08268 Cercs;Total;2016;1.183
08266 Cerdanyola del Vallès;Total;2025;58.528
08266 Cerdanyola del Vallès;Total;2024;58.100
08266 Cerdanyola del Vallès;Total;2023;57.879
08266 Cerdanyola del Vallès;Total;2022;57.291
08266 Cerdanyola del Vallès;Total;2021;57.217
08266 Cerdanyola del Vallès;Total;2020;57.855
08266 Cerdanyola del Vallès;Total;2019;57.403
08266 Cerdanyola del Vallès;Total;2018;57.740
08266 Cerdanyola del Vallès;Total;2017;57.723
08266 Cerdanyola del Vallès;Total;2016;57.543
08068 Cervelló;Total;2025;9.743
08068 Cervelló;Total;2024;9.647
08068 Cervelló;Total;2023;9.469
08068 Cervelló;Total;2022;9.307
08068 Cervelló;Total;2021;9.233
08068 Cervelló;Total;2020;9.077
08068 Cervelló;Total;2019;9.054
08068 Cervelló;Total;2018;8.970
08068 Cervelló;Total;2017;8.909
08068 Cervelló;Total;2016;8.861
08069 Collbató;Total;2025;4.828
08069 Collbató;Total;2024;4.849
08069 Collbató;Total;2023;4.828
08069 Collbató;Total;2022;4.726
08069 Collbató;Total;2021;4.655
08069 Collbató;Total;2020;4.544
08069 Collbató;Total;2019;4.466
08069 Collbató;Total;2018;4.458
08069 Collbató;Total;2017;4.394
08069 Collbató;Total;2016;4.396
08070 Collsuspina;Total;2025;391
08070 Collsuspina;Total;2024;389
08070 Collsuspina;Total;2023;387
08070 Collsuspina;Total;2022;398
08070 Collsuspina;Total;2021;387
08070 Collsuspina;Total;2020;359
08070 Collsuspina;Total;2019;342
08070 Collsuspina;Total;2018;339
08070 Collsuspina;Total;2017;338
08070 Collsuspina;Total;2016;349
08071 Copons;Total;2025;352
08071 Copons;Total;2024;351
08071 Copons;Total;2023;340
08071 Copons;Total;2022;333
08071 Copons;Total;2021;322
08071 Copons;Total;2020;321
08071 Copons;Total;2019;310
08071 Copons;Total;2018;306
08071 Copons;Total;2017;316
08071 Copons;Total;2016;300
08072 Corbera de Llobregat;Total;2025;16.010
08072 Corbera de Llobregat;Total;2024;15.726
08072 Corbera de Llobregat;Total;2023;15.466
08072 Corbera de Llobregat;Total;2022;15.210
08072 Corbera de Llobregat;Total;2021;15.017
08072 Corbera de Llobregat;Total;2020;14.882
08072 Corbera de Llobregat;Total;2019;14.822
08072 Corbera de Llobregat;Total;2018;14.643
08072 Corbera de Llobregat;Total;2017;14.439
08072 Corbera de Llobregat;Total;2016;14.168
08073 Cornellà de Llobregat;Total;2025;92.237
08073 Cornellà de Llobregat;Total;2024;91.589
08073 Cornellà de Llobregat;Total;2023;90.303
08073 Cornellà de Llobregat;Total;2022;89.039
08073 Cornellà de Llobregat;Total;2021;89.300
08073 Cornellà de Llobregat;Total;2020;89.936
08073 Cornellà de Llobregat;Total;2019;88.592
08073 Cornellà de Llobregat;Total;2018;87.173
08073 Cornellà de Llobregat;Total;2017;86.610
08073 Cornellà de Llobregat;Total;2016;86.072
08074 Cubelles;Total;2025;17.673
08074 Cubelles;Total;2024;17.243
08074 Cubelles;Total;2023;16.914
08074 Cubelles;Total;2022;16.386
08074 Cubelles;Total;2021;16.051
08074 Cubelles;Total;2020;15.770
08074 Cubelles;Total;2019;15.329
08074 Cubelles;Total;2018;14.992
08074 Cubelles;Total;2017;14.715
08074 Cubelles;Total;2016;14.608
08075 Dosrius;Total;2025;6.287
08075 Dosrius;Total;2024;6.142
08075 Dosrius;Total;2023;5.910
08075 Dosrius;Total;2022;5.710
08075 Dosrius;Total;2021;5.685
08075 Dosrius;Total;2020;5.652
08075 Dosrius;Total;2019;5.481
08075 Dosrius;Total;2018;5.281
08075 Dosrius;Total;2017;5.198
08075 Dosrius;Total;2016;5.154
08076 Esparreguera;Total;2025;22.665
08076 Esparreguera;Total;2024;22.550
08076 Esparreguera;Total;2023;22.442
08076 Esparreguera;Total;2022;22.365
08076 Esparreguera;Total;2021;22.358
08076 Esparreguera;Total;2020;22.302
08076 Esparreguera;Total;2019;22.251
08076 Esparreguera;Total;2018;22.045
08076 Esparreguera;Total;2017;21.889
08076 Esparreguera;Total;2016;21.766
08077 Esplugues de Llobregat;Total;2025;48.221
08077 Esplugues de Llobregat;Total;2024;47.613
08077 Esplugues de Llobregat;Total;2023;46.921
08077 Esplugues de Llobregat;Total;2022;46.414
08077 Esplugues de Llobregat;Total;2021;46.777
08077 Esplugues de Llobregat;Total;2020;47.150
08077 Esplugues de Llobregat;Total;2019;46.680
08077 Esplugues de Llobregat;Total;2018;46.355
08077 Esplugues de Llobregat;Total;2017;45.890
08077 Esplugues de Llobregat;Total;2016;45.733
08078 Espunyola, L';Total;2025;260
08078 Espunyola, L';Total;2024;262
08078 Espunyola, L';Total;2023;266
08078 Espunyola, L';Total;2022;265
08078 Espunyola, L';Total;2021;258
08078 Espunyola, L';Total;2020;242
08078 Espunyola, L';Total;2019;254
08078 Espunyola, L';Total;2018;258
08078 Espunyola, L';Total;2017;240
08078 Espunyola, L';Total;2016;247
08254 Esquirol, L';Total;2025;2.301
08254 Esquirol, L';Total;2024;2.277
08254 Esquirol, L';Total;2023;2.263
08254 Esquirol, L';Total;2022;2.245
08254 Esquirol, L';Total;2021;2.198
08254 Esquirol, L';Total;2020;2.186
08254 Esquirol, L';Total;2019;2.181
08254 Esquirol, L';Total;2018;2.141
08254 Esquirol, L';Total;2017;2.161
08254 Esquirol, L';Total;2016;2.168
08079 Estany, L';Total;2025;390
08079 Estany, L';Total;2024;401
08079 Estany, L';Total;2023;405
08079 Estany, L';Total;2022;391
08079 Estany, L';Total;2021;408
08079 Estany, L';Total;2020;408
08079 Estany, L';Total;2019;406
08079 Estany, L';Total;2018;393
08079 Estany, L';Total;2017;405
08079 Estany, L';Total;2016;404
08134 Figaró-Montmany;Total;2025;1.195
08134 Figaró-Montmany;Total;2024;1.188
08134 Figaró-Montmany;Total;2023;1.158
08134 Figaró-Montmany;Total;2022;1.108
08134 Figaró-Montmany;Total;2021;1.127
08134 Figaró-Montmany;Total;2020;1.142
08134 Figaró-Montmany;Total;2019;1.114
08134 Figaró-Montmany;Total;2018;1.109
08134 Figaró-Montmany;Total;2017;1.077
08134 Figaró-Montmany;Total;2016;1.092
08080 Fígols;Total;2025;40
08080 Fígols;Total;2024;41
08080 Fígols;Total;2023;47
08080 Fígols;Total;2022;45
08080 Fígols;Total;2021;46
08080 Fígols;Total;2020;43
08080 Fígols;Total;2019;42
08080 Fígols;Total;2018;42
08080 Fígols;Total;2017;42
08080 Fígols;Total;2016;40
08082 Fogars de la Selva;Total;2025;1.704
08082 Fogars de la Selva;Total;2024;1.680
08082 Fogars de la Selva;Total;2023;1.632
08082 Fogars de la Selva;Total;2022;1.564
08082 Fogars de la Selva;Total;2021;1.540
08082 Fogars de la Selva;Total;2020;1.469
08082 Fogars de la Selva;Total;2019;1.451
08082 Fogars de la Selva;Total;2018;1.467
08082 Fogars de la Selva;Total;2017;1.448
08082 Fogars de la Selva;Total;2016;1.452
08081 Fogars de Montclús;Total;2025;494
08081 Fogars de Montclús;Total;2024;502
08081 Fogars de Montclús;Total;2023;482
08081 Fogars de Montclús;Total;2022;493
08081 Fogars de Montclús;Total;2021;467
08081 Fogars de Montclús;Total;2020;475
08081 Fogars de Montclús;Total;2019;470
08081 Fogars de Montclús;Total;2018;466
08081 Fogars de Montclús;Total;2017;458
08081 Fogars de Montclús;Total;2016;462
08083 Folgueroles;Total;2025;2.262
08083 Folgueroles;Total;2024;2.263
08083 Folgueroles;Total;2023;2.268
08083 Folgueroles;Total;2022;2.254
08083 Folgueroles;Total;2021;2.269
08083 Folgueroles;Total;2020;2.265
08083 Folgueroles;Total;2019;2.267
08083 Folgueroles;Total;2018;2.276
08083 Folgueroles;Total;2017;2.298
08083 Folgueroles;Total;2016;2.298
08084 Fonollosa;Total;2025;1.570
08084 Fonollosa;Total;2024;1.585
08084 Fonollosa;Total;2023;1.558
08084 Fonollosa;Total;2022;1.546
08084 Fonollosa;Total;2021;1.495
08084 Fonollosa;Total;2020;1.459
08084 Fonollosa;Total;2019;1.453
08084 Fonollosa;Total;2018;1.439
08084 Fonollosa;Total;2017;1.412
08084 Fonollosa;Total;2016;1.401
08085 Font-rubí;Total;2025;1.441
08085 Font-rubí;Total;2024;1.446
08085 Font-rubí;Total;2023;1.456
08085 Font-rubí;Total;2022;1.446
08085 Font-rubí;Total;2021;1.440
08085 Font-rubí;Total;2020;1.414
08085 Font-rubí;Total;2019;1.327
08085 Font-rubí;Total;2018;1.354
08085 Font-rubí;Total;2017;1.358
08085 Font-rubí;Total;2016;1.363
08086 Franqueses del Vallès, Les;Total;2025;20.881
08086 Franqueses del Vallès, Les;Total;2024;20.715
08086 Franqueses del Vallès, Les;Total;2023;20.522
08086 Franqueses del Vallès, Les;Total;2022;20.322
08086 Franqueses del Vallès, Les;Total;2021;20.351
08086 Franqueses del Vallès, Les;Total;2020;20.364
08086 Franqueses del Vallès, Les;Total;2019;20.092
08086 Franqueses del Vallès, Les;Total;2018;19.768
08086 Franqueses del Vallès, Les;Total;2017;19.584
08086 Franqueses del Vallès, Les;Total;2016;19.417
08090 Gaià;Total;2025;172
08090 Gaià;Total;2024;178
08090 Gaià;Total;2023;177
08090 Gaià;Total;2022;179
08090 Gaià;Total;2021;189
08090 Gaià;Total;2020;183
08090 Gaià;Total;2019;175
08090 Gaià;Total;2018;167
08090 Gaià;Total;2017;162
08090 Gaià;Total;2016;160
08087 Gallifa;Total;2025;171
08087 Gallifa;Total;2024;172
08087 Gallifa;Total;2023;183
08087 Gallifa;Total;2022;186
08087 Gallifa;Total;2021;183
08087 Gallifa;Total;2020;167
08087 Gallifa;Total;2019;172
08087 Gallifa;Total;2018;169
08087 Gallifa;Total;2017;180
08087 Gallifa;Total;2016;187
08088 Garriga, La;Total;2025;17.426
08088 Garriga, La;Total;2024;17.305
08088 Garriga, La;Total;2023;17.052
08088 Garriga, La;Total;2022;16.788
08088 Garriga, La;Total;2021;16.733
08088 Garriga, La;Total;2020;16.668
08088 Garriga, La;Total;2019;16.514
08088 Garriga, La;Total;2018;16.227
08088 Garriga, La;Total;2017;15.984
08088 Garriga, La;Total;2016;15.912
08089 Gavà;Total;2025;48.243
08089 Gavà;Total;2024;48.007
08089 Gavà;Total;2023;47.593
08089 Gavà;Total;2022;46.974
08089 Gavà;Total;2021;46.931
08089 Gavà;Total;2020;47.057
08089 Gavà;Total;2019;46.771
08089 Gavà;Total;2018;46.705
08089 Gavà;Total;2017;46.538
08089 Gavà;Total;2016;46.266
08091 Gelida;Total;2025;8.198
08091 Gelida;Total;2024;8.098
08091 Gelida;Total;2023;7.953
08091 Gelida;Total;2022;7.814
08091 Gelida;Total;2021;7.723
08091 Gelida;Total;2020;7.670
08091 Gelida;Total;2019;7.533
08091 Gelida;Total;2018;7.371
08091 Gelida;Total;2017;7.299
08091 Gelida;Total;2016;7.238
08092 Gironella;Total;2025;5.083
08092 Gironella;Total;2024;5.055
08092 Gironella;Total;2023;4.980
08092 Gironella;Total;2022;4.940
08092 Gironella;Total;2021;4.916
08092 Gironella;Total;2020;4.946
08092 Gironella;Total;2019;4.826
08092 Gironella;Total;2018;4.834
08092 Gironella;Total;2017;4.808
08092 Gironella;Total;2016;4.829
08093 Gisclareny;Total;2025;28
08093 Gisclareny;Total;2024;30
08093 Gisclareny;Total;2023;27
08093 Gisclareny;Total;2022;28
08093 Gisclareny;Total;2021;27
08093 Gisclareny;Total;2020;26
08093 Gisclareny;Total;2019;25
08093 Gisclareny;Total;2018;26
08093 Gisclareny;Total;2017;27
08093 Gisclareny;Total;2016;29
08094 Granada, La;Total;2025;2.287
08094 Granada, La;Total;2024;2.263
08094 Granada, La;Total;2023;2.218
08094 Granada, La;Total;2022;2.207
08094 Granada, La;Total;2021;2.207
08094 Granada, La;Total;2020;2.208
08094 Granada, La;Total;2019;2.157
08094 Granada, La;Total;2018;2.130
08094 Granada, La;Total;2017;2.112
08094 Granada, La;Total;2016;2.091
08095 Granera;Total;2025;84
08095 Granera;Total;2024;84
08095 Granera;Total;2023;93
08095 Granera;Total;2022;80
08095 Granera;Total;2021;85
08095 Granera;Total;2020;77
08095 Granera;Total;2019;69
08095 Granera;Total;2018;80
08095 Granera;Total;2017;78
08095 Granera;Total;2016;79
08096 Granollers;Total;2025;65.341
08096 Granollers;Total;2024;64.181
08096 Granollers;Total;2023;63.092
08096 Granollers;Total;2022;61.983
08096 Granollers;Total;2021;62.475
08096 Granollers;Total;2020;62.419
08096 Granollers;Total;2019;61.275
08096 Granollers;Total;2018;60.981
08096 Granollers;Total;2017;60.695
08096 Granollers;Total;2016;60.174
08097 Gualba;Total;2025;1.766
08097 Gualba;Total;2024;1.738
08097 Gualba;Total;2023;1.661
08097 Gualba;Total;2022;1.610
08097 Gualba;Total;2021;1.585
08097 Gualba;Total;2020;1.548
08097 Gualba;Total;2019;1.500
08097 Gualba;Total;2018;1.481
08097 Gualba;Total;2017;1.423
08097 Gualba;Total;2016;1.426
08099 Guardiola de Berguedà;Total;2025;964
08099 Guardiola de Berguedà;Total;2024;953
08099 Guardiola de Berguedà;Total;2023;939
08099 Guardiola de Berguedà;Total;2022;918
08099 Guardiola de Berguedà;Total;2021;929
08099 Guardiola de Berguedà;Total;2020;941
08099 Guardiola de Berguedà;Total;2019;908
08099 Guardiola de Berguedà;Total;2018;887
08099 Guardiola de Berguedà;Total;2017;904
08099 Guardiola de Berguedà;Total;2016;897
08100 Gurb;Total;2025;2.741
08100 Gurb;Total;2024;2.712
08100 Gurb;Total;2023;2.697
08100 Gurb;Total;2022;2.702
08100 Gurb;Total;2021;2.705
08100 Gurb;Total;2020;2.713
08100 Gurb;Total;2019;2.681
08100 Gurb;Total;2018;2.654
08100 Gurb;Total;2017;2.616
08100 Gurb;Total;2016;2.559
08101 Hospitalet de Llobregat, L';Total;2025;289.510
08101 Hospitalet de Llobregat, L';Total;2024;279.993
08101 Hospitalet de Llobregat, L';Total;2023;274.455
08101 Hospitalet de Llobregat, L';Total;2022;265.444
08101 Hospitalet de Llobregat, L';Total;2021;264.657
08101 Hospitalet de Llobregat, L';Total;2020;269.382
08101 Hospitalet de Llobregat, L';Total;2019;264.923
08101 Hospitalet de Llobregat, L';Total;2018;261.068
08101 Hospitalet de Llobregat, L';Total;2017;257.349
08101 Hospitalet de Llobregat, L';Total;2016;254.804
08162 Hostalets de Pierola, Els;Total;2025;3.258
08162 Hostalets de Pierola, Els;Total;2024;3.231
08162 Hostalets de Pierola, Els;Total;2023;3.188
08162 Hostalets de Pierola, Els;Total;2022;3.127
08162 Hostalets de Pierola, Els;Total;2021;3.064
08162 Hostalets de Pierola, Els;Total;2020;2.980
08162 Hostalets de Pierola, Els;Total;2019;2.973
08162 Hostalets de Pierola, Els;Total;2018;2.930
08162 Hostalets de Pierola, Els;Total;2017;2.901
08162 Hostalets de Pierola, Els;Total;2016;2.891
08102 Igualada;Total;2025;42.085
08102 Igualada;Total;2024;41.466
08102 Igualada;Total;2023;41.164
08102 Igualada;Total;2022;40.767
08102 Igualada;Total;2021;40.875
08102 Igualada;Total;2020;40.742
08102 Igualada;Total;2019;39.967
08102 Igualada;Total;2018;39.540
08102 Igualada;Total;2017;39.316
08102 Igualada;Total;2016;38.987
08103 Jorba;Total;2025;850
08103 Jorba;Total;2024;827
08103 Jorba;Total;2023;828
08103 Jorba;Total;2022;806
08103 Jorba;Total;2021;825
08103 Jorba;Total;2020;833
08103 Jorba;Total;2019;835
08103 Jorba;Total;2018;841
08103 Jorba;Total;2017;823
08103 Jorba;Total;2016;831
08104 Llacuna, La;Total;2025;959
08104 Llacuna, La;Total;2024;982
08104 Llacuna, La;Total;2023;952
08104 Llacuna, La;Total;2022;942
08104 Llacuna, La;Total;2021;917
08104 Llacuna, La;Total;2020;903
08104 Llacuna, La;Total;2019;870
08104 Llacuna, La;Total;2018;863
08104 Llacuna, La;Total;2017;863
08104 Llacuna, La;Total;2016;872
08105 Llagosta, La;Total;2025;13.280
08105 Llagosta, La;Total;2024;13.085
08105 Llagosta, La;Total;2023;13.169
08105 Llagosta, La;Total;2022;13.155
08105 Llagosta, La;Total;2021;13.259
08105 Llagosta, La;Total;2020;13.587
08105 Llagosta, La;Total;2019;13.480
08105 Llagosta, La;Total;2018;13.367
08105 Llagosta, La;Total;2017;13.343
08105 Llagosta, La;Total;2016;13.247
08107 Lliçà d'Amunt;Total;2025;16.540
08107 Lliçà d'Amunt;Total;2024;16.253
08107 Lliçà d'Amunt;Total;2023;16.092
08107 Lliçà d'Amunt;Total;2022;15.801
08107 Lliçà d'Amunt;Total;2021;15.673
08107 Lliçà d'Amunt;Total;2020;15.469
08107 Lliçà d'Amunt;Total;2019;15.256
08107 Lliçà d'Amunt;Total;2018;15.111
08107 Lliçà d'Amunt;Total;2017;14.933
08107 Lliçà d'Amunt;Total;2016;14.759
08108 Lliçà de Vall;Total;2025;6.903
08108 Lliçà de Vall;Total;2024;6.861
08108 Lliçà de Vall;Total;2023;6.714
08108 Lliçà de Vall;Total;2022;6.760
08108 Lliçà de Vall;Total;2021;6.580
08108 Lliçà de Vall;Total;2020;6.497
08108 Lliçà de Vall;Total;2019;6.542
08108 Lliçà de Vall;Total;2018;6.480
08108 Lliçà de Vall;Total;2017;6.386
08108 Lliçà de Vall;Total;2016;6.370
08106 Llinars del Vallès;Total;2025;10.956
08106 Llinars del Vallès;Total;2024;10.740
08106 Llinars del Vallès;Total;2023;10.499
08106 Llinars del Vallès;Total;2022;10.205
08106 Llinars del Vallès;Total;2021;10.116
08106 Llinars del Vallès;Total;2020;10.018
08106 Llinars del Vallès;Total;2019;9.938
08106 Llinars del Vallès;Total;2018;9.838
08106 Llinars del Vallès;Total;2017;9.749
08106 Llinars del Vallès;Total;2016;9.717
08109 Lluçà;Total;2025;281
08109 Lluçà;Total;2024;288
08109 Lluçà;Total;2023;292
08109 Lluçà;Total;2022;279
08109 Lluçà;Total;2021;271
08109 Lluçà;Total;2020;276
08109 Lluçà;Total;2019;273
08109 Lluçà;Total;2018;276
08109 Lluçà;Total;2017;279
08109 Lluçà;Total;2016;280
08110 Malgrat de Mar;Total;2025;19.714
08110 Malgrat de Mar;Total;2024;19.377
08110 Malgrat de Mar;Total;2023;19.213
08110 Malgrat de Mar;Total;2022;19.093
08110 Malgrat de Mar;Total;2021;18.950
08110 Malgrat de Mar;Total;2020;18.772
08110 Malgrat de Mar;Total;2019;18.579
08110 Malgrat de Mar;Total;2018;18.439
08110 Malgrat de Mar;Total;2017;18.345
08110 Malgrat de Mar;Total;2016;18.295
08111 Malla;Total;2025;285
08111 Malla;Total;2024;272
08111 Malla;Total;2023;266
08111 Malla;Total;2022;272
08111 Malla;Total;2021;276
08111 Malla;Total;2020;272
08111 Malla;Total;2019;273
08111 Malla;Total;2018;271
08111 Malla;Total;2017;264
08111 Malla;Total;2016;267
08112 Manlleu;Total;2025;21.425
08112 Manlleu;Total;2024;21.348
08112 Manlleu;Total;2023;21.172
08112 Manlleu;Total;2022;20.883
08112 Manlleu;Total;2021;20.804
08112 Manlleu;Total;2020;20.912
08112 Manlleu;Total;2019;20.573
08112 Manlleu;Total;2018;20.194
08112 Manlleu;Total;2017;20.007
08112 Manlleu;Total;2016;20.104
08113 Manresa;Total;2025;80.974
08113 Manresa;Total;2024;80.201
08113 Manresa;Total;2023;78.877
08113 Manresa;Total;2022;77.452
08113 Manresa;Total;2021;78.192
08113 Manresa;Total;2020;78.245
08113 Manresa;Total;2019;77.714
08113 Manresa;Total;2018;76.250
08113 Manresa;Total;2017;75.152
08113 Manresa;Total;2016;74.752
08242 Marganell;Total;2025;309
08242 Marganell;Total;2024;308
08242 Marganell;Total;2023;293
08242 Marganell;Total;2022;282
08242 Marganell;Total;2021;271
08242 Marganell;Total;2020;266
08242 Marganell;Total;2019;266
08242 Marganell;Total;2018;258
08242 Marganell;Total;2017;254
08242 Marganell;Total;2016;277
08114 Martorell;Total;2025;29.175
08114 Martorell;Total;2024;28.507
08114 Martorell;Total;2023;28.760
08114 Martorell;Total;2022;28.684
08114 Martorell;Total;2021;28.667
08114 Martorell;Total;2020;28.772
08114 Martorell;Total;2019;28.189
08114 Martorell;Total;2018;27.850
08114 Martorell;Total;2017;27.681
08114 Martorell;Total;2016;27.645
08115 Martorelles;Total;2025;4.992
08115 Martorelles;Total;2024;4.987
08115 Martorelles;Total;2023;4.904
08115 Martorelles;Total;2022;4.859
08115 Martorelles;Total;2021;4.823
08115 Martorelles;Total;2020;4.820
08115 Martorelles;Total;2019;4.801
08115 Martorelles;Total;2018;4.794
08115 Martorelles;Total;2017;4.742
08115 Martorelles;Total;2016;4.725
08116 Masies de Roda, Les;Total;2025;758
08116 Masies de Roda, Les;Total;2024;750
08116 Masies de Roda, Les;Total;2023;751
08116 Masies de Roda, Les;Total;2022;733
08116 Masies de Roda, Les;Total;2021;704
08116 Masies de Roda, Les;Total;2020;719
08116 Masies de Roda, Les;Total;2019;700
08116 Masies de Roda, Les;Total;2018;704
08116 Masies de Roda, Les;Total;2017;714
08116 Masies de Roda, Les;Total;2016;714
08117 Masies de Voltregà, Les;Total;2025;3.345
08117 Masies de Voltregà, Les;Total;2024;3.292
08117 Masies de Voltregà, Les;Total;2023;3.222
08117 Masies de Voltregà, Les;Total;2022;3.133
08117 Masies de Voltregà, Les;Total;2021;3.178
08117 Masies de Voltregà, Les;Total;2020;3.132
08117 Masies de Voltregà, Les;Total;2019;3.141
08117 Masies de Voltregà, Les;Total;2018;3.124
08117 Masies de Voltregà, Les;Total;2017;3.140
08117 Masies de Voltregà, Les;Total;2016;3.170
08118 Masnou, El;Total;2025;24.761
08118 Masnou, El;Total;2024;24.479
08118 Masnou, El;Total;2023;24.181
08118 Masnou, El;Total;2022;23.829
08118 Masnou, El;Total;2021;23.848
08118 Masnou, El;Total;2020;23.831
08118 Masnou, El;Total;2019;23.515
08118 Masnou, El;Total;2018;23.340
08118 Masnou, El;Total;2017;23.288
08118 Masnou, El;Total;2016;23.119
08119 Masquefa;Total;2025;10.120
08119 Masquefa;Total;2024;10.038
08119 Masquefa;Total;2023;9.839
08119 Masquefa;Total;2022;9.744
08119 Masquefa;Total;2021;9.623
08119 Masquefa;Total;2020;9.402
08119 Masquefa;Total;2019;9.211
08119 Masquefa;Total;2018;8.641
08119 Masquefa;Total;2017;8.514
08119 Masquefa;Total;2016;8.386
08120 Matadepera;Total;2025;9.776
08120 Matadepera;Total;2024;9.815
08120 Matadepera;Total;2023;9.899
08120 Matadepera;Total;2022;9.752
08120 Matadepera;Total;2021;9.672
08120 Matadepera;Total;2020;9.496
08120 Matadepera;Total;2019;9.326
08120 Matadepera;Total;2018;9.291
08120 Matadepera;Total;2017;9.186
08120 Matadepera;Total;2016;8.984
08121 Mataró;Total;2025;131.683
08121 Mataró;Total;2024;131.798
08121 Mataró;Total;2023;129.870
08121 Mataró;Total;2022;128.956
08121 Mataró;Total;2021;129.120
08121 Mataró;Total;2020;129.661
08121 Mataró;Total;2019;128.265
08121 Mataró;Total;2018;126.988
08121 Mataró;Total;2017;126.127
08121 Mataró;Total;2016;125.517
08122 Mediona;Total;2025;2.658
08122 Mediona;Total;2024;2.637
08122 Mediona;Total;2023;2.628
08122 Mediona;Total;2022;2.517
08122 Mediona;Total;2021;2.419
08122 Mediona;Total;2020;2.369
08122 Mediona;Total;2019;2.322
08122 Mediona;Total;2018;2.331
08122 Mediona;Total;2017;2.251
08122 Mediona;Total;2016;2.282
08138 Moià;Total;2025;6.828
08138 Moià;Total;2024;6.738
08138 Moià;Total;2023;6.690
08138 Moià;Total;2022;6.548
08138 Moià;Total;2021;6.474
08138 Moià;Total;2020;6.383
08138 Moià;Total;2019;6.267
08138 Moià;Total;2018;6.190
08138 Moià;Total;2017;6.065
08138 Moià;Total;2016;5.957
08123 Molins de Rei;Total;2025;27.300
08123 Molins de Rei;Total;2024;26.948
08123 Molins de Rei;Total;2023;26.555
08123 Molins de Rei;Total;2022;26.242
08123 Molins de Rei;Total;2021;26.104
08123 Molins de Rei;Total;2020;25.940
08123 Molins de Rei;Total;2019;25.868
08123 Molins de Rei;Total;2018;25.687
08123 Molins de Rei;Total;2017;25.492
08123 Molins de Rei;Total;2016;25.359
08124 Mollet del Vallès;Total;2025;52.990
08124 Mollet del Vallès;Total;2024;52.283
08124 Mollet del Vallès;Total;2023;51.824
08124 Mollet del Vallès;Total;2022;51.294
08124 Mollet del Vallès;Total;2021;51.151
08124 Mollet del Vallès;Total;2020;51.600
08124 Mollet del Vallès;Total;2019;51.318
08124 Mollet del Vallès;Total;2018;51.133
08124 Mollet del Vallès;Total;2017;51.128
08124 Mollet del Vallès;Total;2016;51.491
08128 Monistrol de Calders;Total;2025;764
08128 Monistrol de Calders;Total;2024;761
08128 Monistrol de Calders;Total;2023;751
08128 Monistrol de Calders;Total;2022;742
08128 Monistrol de Calders;Total;2021;716
08128 Monistrol de Calders;Total;2020;702
08128 Monistrol de Calders;Total;2019;682
08128 Monistrol de Calders;Total;2018;677
08128 Monistrol de Calders;Total;2017;677
08128 Monistrol de Calders;Total;2016;699
08127 Monistrol de Montserrat;Total;2025;3.250
08127 Monistrol de Montserrat;Total;2024;3.198
08127 Monistrol de Montserrat;Total;2023;3.179
08127 Monistrol de Montserrat;Total;2022;3.166
08127 Monistrol de Montserrat;Total;2021;3.178
08127 Monistrol de Montserrat;Total;2020;3.139
08127 Monistrol de Montserrat;Total;2019;3.034
08127 Monistrol de Montserrat;Total;2018;2.955
08127 Monistrol de Montserrat;Total;2017;2.935
08127 Monistrol de Montserrat;Total;2016;2.867
08125 Montcada i Reixac;Total;2025;37.460
08125 Montcada i Reixac;Total;2024;37.153
08125 Montcada i Reixac;Total;2023;36.891
08125 Montcada i Reixac;Total;2022;36.666
08125 Montcada i Reixac;Total;2021;36.794
08125 Montcada i Reixac;Total;2020;36.803
08125 Montcada i Reixac;Total;2019;36.239
08125 Montcada i Reixac;Total;2018;35.599
08125 Montcada i Reixac;Total;2017;35.063
08125 Montcada i Reixac;Total;2016;34.802
08130 Montclar;Total;2025;132
08130 Montclar;Total;2024;132
08130 Montclar;Total;2023;129
08130 Montclar;Total;2022;136
08130 Montclar;Total;2021;136
08130 Montclar;Total;2020;139
08130 Montclar;Total;2019;136
08130 Montclar;Total;2018;129
08130 Montclar;Total;2017;121
08130 Montclar;Total;2016;119
08131 Montesquiu;Total;2025;1.131
08131 Montesquiu;Total;2024;1.099
08131 Montesquiu;Total;2023;1.110
08131 Montesquiu;Total;2022;1.059
08131 Montesquiu;Total;2021;1.048
08131 Montesquiu;Total;2020;1.030
08131 Montesquiu;Total;2019;998
08131 Montesquiu;Total;2018;968
08131 Montesquiu;Total;2017;960
08131 Montesquiu;Total;2016;931
08126 Montgat;Total;2025;12.879
08126 Montgat;Total;2024;12.625
08126 Montgat;Total;2023;12.462
08126 Montgat;Total;2022;12.277
08126 Montgat;Total;2021;12.260
08126 Montgat;Total;2020;12.200
08126 Montgat;Total;2019;12.041
08126 Montgat;Total;2018;11.819
08126 Montgat;Total;2017;11.748
08126 Montgat;Total;2016;11.621
08132 Montmajor;Total;2025;473
08132 Montmajor;Total;2024;472
08132 Montmajor;Total;2023;482
08132 Montmajor;Total;2022;484
08132 Montmajor;Total;2021;472
08132 Montmajor;Total;2020;469
08132 Montmajor;Total;2019;464
08132 Montmajor;Total;2018;465
08132 Montmajor;Total;2017;459
08132 Montmajor;Total;2016;471
08133 Montmaneu;Total;2025;181
08133 Montmaneu;Total;2024;200
08133 Montmaneu;Total;2023;198
08133 Montmaneu;Total;2022;166
08133 Montmaneu;Total;2021;158
08133 Montmaneu;Total;2020;151
08133 Montmaneu;Total;2019;150
08133 Montmaneu;Total;2018;154
08133 Montmaneu;Total;2017;153
08133 Montmaneu;Total;2016;151
08135 Montmeló;Total;2025;8.886
08135 Montmeló;Total;2024;8.906
08135 Montmeló;Total;2023;8.825
08135 Montmeló;Total;2022;8.793
08135 Montmeló;Total;2021;8.798
08135 Montmeló;Total;2020;8.831
08135 Montmeló;Total;2019;8.755
08135 Montmeló;Total;2018;8.784
08135 Montmeló;Total;2017;8.748
08135 Montmeló;Total;2016;8.784
08136 Montornès del Vallès;Total;2025;17.102
08136 Montornès del Vallès;Total;2024;17.089
08136 Montornès del Vallès;Total;2023;16.800
08136 Montornès del Vallès;Total;2022;16.707
08136 Montornès del Vallès;Total;2021;16.804
08136 Montornès del Vallès;Total;2020;16.644
08136 Montornès del Vallès;Total;2019;16.393
08136 Montornès del Vallès;Total;2018;16.263
08136 Montornès del Vallès;Total;2017;16.240
08136 Montornès del Vallès;Total;2016;16.218
08137 Montseny;Total;2025;388
08137 Montseny;Total;2024;380
08137 Montseny;Total;2023;379
08137 Montseny;Total;2022;370
08137 Montseny;Total;2021;362
08137 Montseny;Total;2020;351
08137 Montseny;Total;2019;342
08137 Montseny;Total;2018;321
08137 Montseny;Total;2017;343
08137 Montseny;Total;2016;320
08129 Muntanyola;Total;2025;697
08129 Muntanyola;Total;2024;712
08129 Muntanyola;Total;2023;721
08129 Muntanyola;Total;2022;700
08129 Muntanyola;Total;2021;655
08129 Muntanyola;Total;2020;632
08129 Muntanyola;Total;2019;634
08129 Muntanyola;Total;2018;620
08129 Muntanyola;Total;2017;613
08129 Muntanyola;Total;2016;604
08139 Mura;Total;2025;235
08139 Mura;Total;2024;232
08139 Mura;Total;2023;228
08139 Mura;Total;2022;232
08139 Mura;Total;2021;231
08139 Mura;Total;2020;220
08139 Mura;Total;2019;224
08139 Mura;Total;2018;223
08139 Mura;Total;2017;227
08139 Mura;Total;2016;219
08140 Navarcles;Total;2025;6.276
08140 Navarcles;Total;2024;6.160
08140 Navarcles;Total;2023;6.109
08140 Navarcles;Total;2022;6.067
08140 Navarcles;Total;2021;6.068
08140 Navarcles;Total;2020;6.057
08140 Navarcles;Total;2019;5.977
08140 Navarcles;Total;2018;5.966
08140 Navarcles;Total;2017;5.950
08140 Navarcles;Total;2016;5.988
08141 Navàs;Total;2025;6.238
08141 Navàs;Total;2024;6.185
08141 Navàs;Total;2023;6.150
08141 Navàs;Total;2022;6.018
08141 Navàs;Total;2021;5.973
08141 Navàs;Total;2020;6.018
08141 Navàs;Total;2019;6.020
08141 Navàs;Total;2018;6.023
08141 Navàs;Total;2017;6.020
08141 Navàs;Total;2016;6.045
08142 Nou de Berguedà, La;Total;2025;163
08142 Nou de Berguedà, La;Total;2024;163
08142 Nou de Berguedà, La;Total;2023;170
08142 Nou de Berguedà, La;Total;2022;179
08142 Nou de Berguedà, La;Total;2021;176
08142 Nou de Berguedà, La;Total;2020;162
08142 Nou de Berguedà, La;Total;2019;161
08142 Nou de Berguedà, La;Total;2018;160
08142 Nou de Berguedà, La;Total;2017;157
08142 Nou de Berguedà, La;Total;2016;151
08143 Òdena;Total;2025;3.760
08143 Òdena;Total;2024;3.710
08143 Òdena;Total;2023;3.720
08143 Òdena;Total;2022;3.728
08143 Òdena;Total;2021;3.681
08143 Òdena;Total;2020;3.668
08143 Òdena;Total;2019;3.643
08143 Òdena;Total;2018;3.608
08143 Òdena;Total;2017;3.614
08143 Òdena;Total;2016;3.607
08145 Olèrdola;Total;2025;3.945
08145 Olèrdola;Total;2024;3.946
08145 Olèrdola;Total;2023;3.968
08145 Olèrdola;Total;2022;3.884
08145 Olèrdola;Total;2021;3.847
08145 Olèrdola;Total;2020;3.768
08145 Olèrdola;Total;2019;3.692
08145 Olèrdola;Total;2018;3.611
08145 Olèrdola;Total;2017;3.565
08145 Olèrdola;Total;2016;3.529
08146 Olesa de Bonesvalls;Total;2025;2.135
08146 Olesa de Bonesvalls;Total;2024;2.093
08146 Olesa de Bonesvalls;Total;2023;2.110
08146 Olesa de Bonesvalls;Total;2022;2.016
08146 Olesa de Bonesvalls;Total;2021;1.923
08146 Olesa de Bonesvalls;Total;2020;1.840
08146 Olesa de Bonesvalls;Total;2019;1.810
08146 Olesa de Bonesvalls;Total;2018;1.787
08146 Olesa de Bonesvalls;Total;2017;1.734
08146 Olesa de Bonesvalls;Total;2016;1.723
08147 Olesa de Montserrat;Total;2025;24.966
08147 Olesa de Montserrat;Total;2024;24.677
08147 Olesa de Montserrat;Total;2023;24.446
08147 Olesa de Montserrat;Total;2022;24.272
08147 Olesa de Montserrat;Total;2021;24.132
08147 Olesa de Montserrat;Total;2020;24.144
08147 Olesa de Montserrat;Total;2019;23.904
08147 Olesa de Montserrat;Total;2018;23.779
08147 Olesa de Montserrat;Total;2017;23.552
08147 Olesa de Montserrat;Total;2016;23.645
08148 Olivella;Total;2025;4.435
08148 Olivella;Total;2024;4.419
08148 Olivella;Total;2023;4.414
08148 Olivella;Total;2022;4.339
08148 Olivella;Total;2021;4.127
08148 Olivella;Total;2020;3.935
08148 Olivella;Total;2019;3.799
08148 Olivella;Total;2018;3.729
08148 Olivella;Total;2017;3.655
08148 Olivella;Total;2016;3.569
08149 Olost;Total;2025;1.209
08149 Olost;Total;2024;1.216
08149 Olost;Total;2023;1.218
08149 Olost;Total;2022;1.206
08149 Olost;Total;2021;1.190
08149 Olost;Total;2020;1.202
08149 Olost;Total;2019;1.198
08149 Olost;Total;2018;1.188
08149 Olost;Total;2017;1.197
08149 Olost;Total;2016;1.185
08144 Olvan;Total;2025;924
08144 Olvan;Total;2024;913
08144 Olvan;Total;2023;890
08144 Olvan;Total;2022;876
08144 Olvan;Total;2021;874
08144 Olvan;Total;2020;858
08144 Olvan;Total;2019;854
08144 Olvan;Total;2018;837
08144 Olvan;Total;2017;844
08144 Olvan;Total;2016;855
08150 Orís;Total;2025;355
08150 Orís;Total;2024;350
08150 Orís;Total;2023;355
08150 Orís;Total;2022;347
08150 Orís;Total;2021;339
08150 Orís;Total;2020;322
08150 Orís;Total;2019;315
08150 Orís;Total;2018;310
08150 Orís;Total;2017;316
08150 Orís;Total;2016;310
08151 Oristà;Total;2025;555
08151 Oristà;Total;2024;569
08151 Oristà;Total;2023;587
08151 Oristà;Total;2022;573
08151 Oristà;Total;2021;547
08151 Oristà;Total;2020;549
08151 Oristà;Total;2019;541
08151 Oristà;Total;2018;537
08151 Oristà;Total;2017;547
08151 Oristà;Total;2016;547
08152 Orpí;Total;2025;175
08152 Orpí;Total;2024;178
08152 Orpí;Total;2023;163
08152 Orpí;Total;2022;159
08152 Orpí;Total;2021;154
08152 Orpí;Total;2020;151
08152 Orpí;Total;2019;147
08152 Orpí;Total;2018;136
08152 Orpí;Total;2017;134
08152 Orpí;Total;2016;139
08153 Òrrius;Total;2025;812
08153 Òrrius;Total;2024;805
08153 Òrrius;Total;2023;799
08153 Òrrius;Total;2022;793
08153 Òrrius;Total;2021;779
08153 Òrrius;Total;2020;758
08153 Òrrius;Total;2019;739
08153 Òrrius;Total;2018;730
08153 Òrrius;Total;2017;694
08153 Òrrius;Total;2016;702
08154 Pacs del Penedès;Total;2025;932
08154 Pacs del Penedès;Total;2024;935
08154 Pacs del Penedès;Total;2023;909
08154 Pacs del Penedès;Total;2022;935
08154 Pacs del Penedès;Total;2021;915
08154 Pacs del Penedès;Total;2020;918
08154 Pacs del Penedès;Total;2019;922
08154 Pacs del Penedès;Total;2018;908
08154 Pacs del Penedès;Total;2017;902
08154 Pacs del Penedès;Total;2016;894
08155 Palafolls;Total;2025;10.038
08155 Palafolls;Total;2024;9.938
08155 Palafolls;Total;2023;9.819
08155 Palafolls;Total;2022;9.661
08155 Palafolls;Total;2021;9.646
08155 Palafolls;Total;2020;9.613
08155 Palafolls;Total;2019;9.405
08155 Palafolls;Total;2018;9.256
08155 Palafolls;Total;2017;9.171
08155 Palafolls;Total;2016;9.133
08156 Palau-solità i Plegamans;Total;2025;15.614
08156 Palau-solità i Plegamans;Total;2024;15.456
08156 Palau-solità i Plegamans;Total;2023;15.130
08156 Palau-solità i Plegamans;Total;2022;14.911
08156 Palau-solità i Plegamans;Total;2021;14.917
08156 Palau-solità i Plegamans;Total;2020;14.892
08156 Palau-solità i Plegamans;Total;2019;14.771
08156 Palau-solità i Plegamans;Total;2018;14.636
08156 Palau-solità i Plegamans;Total;2017;14.626
08156 Palau-solità i Plegamans;Total;2016;14.494
08157 Pallejà;Total;2025;12.006
08157 Pallejà;Total;2024;11.825
08157 Pallejà;Total;2023;11.736
08157 Pallejà;Total;2022;11.593
08157 Pallejà;Total;2021;11.636
08157 Pallejà;Total;2020;11.622
08157 Pallejà;Total;2019;11.508
08157 Pallejà;Total;2018;11.486
08157 Pallejà;Total;2017;11.416
08157 Pallejà;Total;2016;11.348
08905 Palma de Cervelló, La;Total;2025;3.056
08905 Palma de Cervelló, La;Total;2024;3.044
08905 Palma de Cervelló, La;Total;2023;3.040
08905 Palma de Cervelló, La;Total;2022;3.026
08905 Palma de Cervelló, La;Total;2021;3.015
08905 Palma de Cervelló, La;Total;2020;2.992
08905 Palma de Cervelló, La;Total;2019;2.954
08905 Palma de Cervelló, La;Total;2018;2.982
08905 Palma de Cervelló, La;Total;2017;2.998
08905 Palma de Cervelló, La;Total;2016;3.000
08158 Papiol, El;Total;2025;4.404
08158 Papiol, El;Total;2024;4.363
08158 Papiol, El;Total;2023;4.325
08158 Papiol, El;Total;2022;4.274
08158 Papiol, El;Total;2021;4.232
08158 Papiol, El;Total;2020;4.172
08158 Papiol, El;Total;2019;4.145
08158 Papiol, El;Total;2018;4.103
08158 Papiol, El;Total;2017;4.102
08158 Papiol, El;Total;2016;4.075
08159 Parets del Vallès;Total;2025;18.885
08159 Parets del Vallès;Total;2024;18.881
08159 Parets del Vallès;Total;2023;18.893
08159 Parets del Vallès;Total;2022;18.889
08159 Parets del Vallès;Total;2021;18.907
08159 Parets del Vallès;Total;2020;19.071
08159 Parets del Vallès;Total;2019;19.082
08159 Parets del Vallès;Total;2018;19.041
08159 Parets del Vallès;Total;2017;18.970
08159 Parets del Vallès;Total;2016;18.837
08160 Perafita;Total;2025;433
08160 Perafita;Total;2024;438
08160 Perafita;Total;2023;423
08160 Perafita;Total;2022;418
08160 Perafita;Total;2021;412
08160 Perafita;Total;2020;405
08160 Perafita;Total;2019;395
08160 Perafita;Total;2018;412
08160 Perafita;Total;2017;411
08160 Perafita;Total;2016;411
08161 Piera;Total;2025;17.880
08161 Piera;Total;2024;17.555
08161 Piera;Total;2023;17.203
08161 Piera;Total;2022;16.787
08161 Piera;Total;2021;16.411
08161 Piera;Total;2020;16.134
08161 Piera;Total;2019;15.603
08161 Piera;Total;2018;15.362
08161 Piera;Total;2017;15.194
08161 Piera;Total;2016;15.001
08163 Pineda de Mar;Total;2025;30.108
08163 Pineda de Mar;Total;2024;29.455
08163 Pineda de Mar;Total;2023;28.751
08163 Pineda de Mar;Total;2022;28.083
08163 Pineda de Mar;Total;2021;27.974
08163 Pineda de Mar;Total;2020;27.984
08163 Pineda de Mar;Total;2019;27.272
08163 Pineda de Mar;Total;2018;26.659
08163 Pineda de Mar;Total;2017;26.349
08163 Pineda de Mar;Total;2016;26.240
08164 Pla del Penedès, El;Total;2025;1.393
08164 Pla del Penedès, El;Total;2024;1.352
08164 Pla del Penedès, El;Total;2023;1.317
08164 Pla del Penedès, El;Total;2022;1.335
08164 Pla del Penedès, El;Total;2021;1.306
08164 Pla del Penedès, El;Total;2020;1.275
08164 Pla del Penedès, El;Total;2019;1.256
08164 Pla del Penedès, El;Total;2018;1.259
08164 Pla del Penedès, El;Total;2017;1.232
08164 Pla del Penedès, El;Total;2016;1.253
08165 Pobla de Claramunt, La;Total;2025;2.350
08165 Pobla de Claramunt, La;Total;2024;2.353
08165 Pobla de Claramunt, La;Total;2023;2.309
08165 Pobla de Claramunt, La;Total;2022;2.275
08165 Pobla de Claramunt, La;Total;2021;2.207
08165 Pobla de Claramunt, La;Total;2020;2.185
08165 Pobla de Claramunt, La;Total;2019;2.193
08165 Pobla de Claramunt, La;Total;2018;2.177
08165 Pobla de Claramunt, La;Total;2017;2.190
08165 Pobla de Claramunt, La;Total;2016;2.159
08166 Pobla de Lillet, La;Total;2025;1.105
08166 Pobla de Lillet, La;Total;2024;1.109
08166 Pobla de Lillet, La;Total;2023;1.089
08166 Pobla de Lillet, La;Total;2022;1.079
08166 Pobla de Lillet, La;Total;2021;1.063
08166 Pobla de Lillet, La;Total;2020;1.093
08166 Pobla de Lillet, La;Total;2019;1.095
08166 Pobla de Lillet, La;Total;2018;1.101
08166 Pobla de Lillet, La;Total;2017;1.097
08166 Pobla de Lillet, La;Total;2016;1.110
08167 Polinyà;Total;2025;8.581
08167 Polinyà;Total;2024;8.555
08167 Polinyà;Total;2023;8.482
08167 Polinyà;Total;2022;8.451
08167 Polinyà;Total;2021;8.494
08167 Polinyà;Total;2020;8.504
08167 Polinyà;Total;2019;8.479
08167 Polinyà;Total;2018;8.389
08167 Polinyà;Total;2017;8.383
08167 Polinyà;Total;2016;8.300
08182 Pont de Vilomara i Rocafort, El;Total;2025;4.193
08182 Pont de Vilomara i Rocafort, El;Total;2024;4.140
08182 Pont de Vilomara i Rocafort, El;Total;2023;4.101
08182 Pont de Vilomara i Rocafort, El;Total;2022;4.024
08182 Pont de Vilomara i Rocafort, El;Total;2021;4.016
08182 Pont de Vilomara i Rocafort, El;Total;2020;3.907
08182 Pont de Vilomara i Rocafort, El;Total;2019;3.830
08182 Pont de Vilomara i Rocafort, El;Total;2018;3.801
08182 Pont de Vilomara i Rocafort, El;Total;2017;3.794
08182 Pont de Vilomara i Rocafort, El;Total;2016;3.724
08168 Pontons;Total;2025;516
08168 Pontons;Total;2024;518
08168 Pontons;Total;2023;523
08168 Pontons;Total;2022;507
08168 Pontons;Total;2021;523
08168 Pontons;Total;2020;528
08168 Pontons;Total;2019;532
08168 Pontons;Total;2018;458
08168 Pontons;Total;2017;456
08168 Pontons;Total;2016;453
08169 Prat de Llobregat, El;Total;2025;66.338
08169 Prat de Llobregat, El;Total;2024;66.184
08169 Prat de Llobregat, El;Total;2023;65.516
08169 Prat de Llobregat, El;Total;2022;65.030
08169 Prat de Llobregat, El;Total;2021;65.532
08169 Prat de Llobregat, El;Total;2020;65.385
08169 Prat de Llobregat, El;Total;2019;64.599
08169 Prat de Llobregat, El;Total;2018;64.132
08169 Prat de Llobregat, El;Total;2017;63.897
08169 Prat de Llobregat, El;Total;2016;63.457
08171 Prats de Lluçanès;Total;2025;2.761
08171 Prats de Lluçanès;Total;2024;2.688
08171 Prats de Lluçanès;Total;2023;2.681
08171 Prats de Lluçanès;Total;2022;2.627
08171 Prats de Lluçanès;Total;2021;2.634
08171 Prats de Lluçanès;Total;2020;2.604
08171 Prats de Lluçanès;Total;2019;2.569
08171 Prats de Lluçanès;Total;2018;2.537
08171 Prats de Lluçanès;Total;2017;2.533
08171 Prats de Lluçanès;Total;2016;2.565
08170 Prats de Rei, Els;Total;2025;554
08170 Prats de Rei, Els;Total;2024;553
08170 Prats de Rei, Els;Total;2023;558
08170 Prats de Rei, Els;Total;2022;554
08170 Prats de Rei, Els;Total;2021;551
08170 Prats de Rei, Els;Total;2020;537
08170 Prats de Rei, Els;Total;2019;532
08170 Prats de Rei, Els;Total;2018;545
08170 Prats de Rei, Els;Total;2017;535
08170 Prats de Rei, Els;Total;2016;535
08230 Premià de Dalt;Total;2025;10.632
08230 Premià de Dalt;Total;2024;10.594
08230 Premià de Dalt;Total;2023;10.532
08230 Premià de Dalt;Total;2022;10.400
08230 Premià de Dalt;Total;2021;10.419
08230 Premià de Dalt;Total;2020;10.441
08230 Premià de Dalt;Total;2019;10.448
08230 Premià de Dalt;Total;2018;10.429
08230 Premià de Dalt;Total;2017;10.345
08230 Premià de Dalt;Total;2016;10.446
08172 Premià de Mar;Total;2025;29.431
08172 Premià de Mar;Total;2024;28.951
08172 Premià de Mar;Total;2023;28.767
08172 Premià de Mar;Total;2022;28.518
08172 Premià de Mar;Total;2021;28.523
08172 Premià de Mar;Total;2020;28.531
08172 Premià de Mar;Total;2019;28.119
08172 Premià de Mar;Total;2018;28.071
08172 Premià de Mar;Total;2017;28.049
08172 Premià de Mar;Total;2016;27.866
08174 Puigdàlber;Total;2025;621
08174 Puigdàlber;Total;2024;629
08174 Puigdàlber;Total;2023;571
08174 Puigdàlber;Total;2022;555
08174 Puigdàlber;Total;2021;551
08174 Puigdàlber;Total;2020;524
08174 Puigdàlber;Total;2019;526
08174 Puigdàlber;Total;2018;518
08174 Puigdàlber;Total;2017;506
08174 Puigdàlber;Total;2016;512
08175 Puig-reig;Total;2025;4.565
08175 Puig-reig;Total;2024;4.489
08175 Puig-reig;Total;2023;4.399
08175 Puig-reig;Total;2022;4.327
08175 Puig-reig;Total;2021;4.289
08175 Puig-reig;Total;2020;4.295
08175 Puig-reig;Total;2019;4.178
08175 Puig-reig;Total;2018;4.094
08175 Puig-reig;Total;2017;4.086
08175 Puig-reig;Total;2016;4.123
08176 Pujalt;Total;2025;204
08176 Pujalt;Total;2024;210
08176 Pujalt;Total;2023;219
08176 Pujalt;Total;2022;204
08176 Pujalt;Total;2021;206
08176 Pujalt;Total;2020;210
08176 Pujalt;Total;2019;210
08176 Pujalt;Total;2018;207
08176 Pujalt;Total;2017;203
08176 Pujalt;Total;2016;198
08177 Quar, La;Total;2025;41
08177 Quar, La;Total;2024;42
08177 Quar, La;Total;2023;40
08177 Quar, La;Total;2022;47
08177 Quar, La;Total;2021;51
08177 Quar, La;Total;2020;49
08177 Quar, La;Total;2019;53
08177 Quar, La;Total;2018;60
08177 Quar, La;Total;2017;57
08177 Quar, La;Total;2016;54
08178 Rajadell;Total;2025;597
08178 Rajadell;Total;2024;594
08178 Rajadell;Total;2023;571
08178 Rajadell;Total;2022;545
08178 Rajadell;Total;2021;549
08178 Rajadell;Total;2020;534
08178 Rajadell;Total;2019;548
08178 Rajadell;Total;2018;539
08178 Rajadell;Total;2017;536
08178 Rajadell;Total;2016;533
08179 Rellinars;Total;2025;926
08179 Rellinars;Total;2024;920
08179 Rellinars;Total;2023;923
08179 Rellinars;Total;2022;915
08179 Rellinars;Total;2021;868
08179 Rellinars;Total;2020;809
08179 Rellinars;Total;2019;780
08179 Rellinars;Total;2018;747
08179 Rellinars;Total;2017;735
08179 Rellinars;Total;2016;723
08180 Ripollet;Total;2025;39.897
08180 Ripollet;Total;2024;39.462
08180 Ripollet;Total;2023;39.269
08180 Ripollet;Total;2022;39.031
08180 Ripollet;Total;2021;39.139
08180 Ripollet;Total;2020;39.179
08180 Ripollet;Total;2019;38.665
08180 Ripollet;Total;2018;38.347
08180 Ripollet;Total;2017;37.899
08180 Ripollet;Total;2016;37.648
08181 Roca del Vallès, La;Total;2025;11.014
08181 Roca del Vallès, La;Total;2024;10.962
08181 Roca del Vallès, La;Total;2023;10.913
08181 Roca del Vallès, La;Total;2022;10.776
08181 Roca del Vallès, La;Total;2021;10.676
08181 Roca del Vallès, La;Total;2020;10.754
08181 Roca del Vallès, La;Total;2019;10.650
08181 Roca del Vallès, La;Total;2018;10.666
08181 Roca del Vallès, La;Total;2017;10.536
08181 Roca del Vallès, La;Total;2016;10.599
08183 Roda de Ter;Total;2025;6.937
08183 Roda de Ter;Total;2024;6.900
08183 Roda de Ter;Total;2023;6.680
08183 Roda de Ter;Total;2022;6.555
08183 Roda de Ter;Total;2021;6.449
08183 Roda de Ter;Total;2020;6.490
08183 Roda de Ter;Total;2019;6.301
08183 Roda de Ter;Total;2018;6.197
08183 Roda de Ter;Total;2017;6.125
08183 Roda de Ter;Total;2016;6.116
08184 Rubí;Total;2025;82.823
08184 Rubí;Total;2024;81.532
08184 Rubí;Total;2023;80.044
08184 Rubí;Total;2022;79.007
08184 Rubí;Total;2021;78.549
08184 Rubí;Total;2020;78.591
08184 Rubí;Total;2019;77.464
08184 Rubí;Total;2018;76.423
08184 Rubí;Total;2017;75.568
08184 Rubí;Total;2016;75.167
08185 Rubió;Total;2025;225
08185 Rubió;Total;2024;237
08185 Rubió;Total;2023;254
08185 Rubió;Total;2022;244
08185 Rubió;Total;2021;236
08185 Rubió;Total;2020;239
08185 Rubió;Total;2019;239
08185 Rubió;Total;2018;232
08185 Rubió;Total;2017;230
08185 Rubió;Total;2016;231
08901 Rupit i Pruit;Total;2025;280
08901 Rupit i Pruit;Total;2024;281
08901 Rupit i Pruit;Total;2023;277
08901 Rupit i Pruit;Total;2022;279
08901 Rupit i Pruit;Total;2021;296
08901 Rupit i Pruit;Total;2020;271
08901 Rupit i Pruit;Total;2019;279
08901 Rupit i Pruit;Total;2018;279
08901 Rupit i Pruit;Total;2017;281
08901 Rupit i Pruit;Total;2016;277
08187 Sabadell;Total;2025;225.368
08187 Sabadell;Total;2024;222.177
08187 Sabadell;Total;2023;218.300
08187 Sabadell;Total;2022;215.760
08187 Sabadell;Total;2021;216.204
08187 Sabadell;Total;2020;216.520
08187 Sabadell;Total;2019;213.644
08187 Sabadell;Total;2018;211.734
08187 Sabadell;Total;2017;209.931
08187 Sabadell;Total;2016;208.246
08188 Sagàs;Total;2025;154
08188 Sagàs;Total;2024;153
08188 Sagàs;Total;2023;151
08188 Sagàs;Total;2022;157
08188 Sagàs;Total;2021;151
08188 Sagàs;Total;2020;145
08188 Sagàs;Total;2019;148
08188 Sagàs;Total;2018;161
08188 Sagàs;Total;2017;155
08188 Sagàs;Total;2016;152
08190 Saldes;Total;2025;302
08190 Saldes;Total;2024;301
08190 Saldes;Total;2023;303
08190 Saldes;Total;2022;298
08190 Saldes;Total;2021;283
08190 Saldes;Total;2020;278
08190 Saldes;Total;2019;274
08190 Saldes;Total;2018;265
08190 Saldes;Total;2017;275
08190 Saldes;Total;2016;276
08191 Sallent;Total;2025;7.030
08191 Sallent;Total;2024;6.927
08191 Sallent;Total;2023;6.835
08191 Sallent;Total;2022;6.805
08191 Sallent;Total;2021;6.717
08191 Sallent;Total;2020;6.735
08191 Sallent;Total;2019;6.658
08191 Sallent;Total;2018;6.636
08191 Sallent;Total;2017;6.594
08191 Sallent;Total;2016;6.592
08194 Sant Adrià de Besòs;Total;2025;39.323
08194 Sant Adrià de Besòs;Total;2024;38.490
08194 Sant Adrià de Besòs;Total;2023;37.925
08194 Sant Adrià de Besòs;Total;2022;36.918
08194 Sant Adrià de Besòs;Total;2021;37.283
08194 Sant Adrià de Besòs;Total;2020;37.447
08194 Sant Adrià de Besòs;Total;2019;37.097
08194 Sant Adrià de Besòs;Total;2018;36.669
08194 Sant Adrià de Besòs;Total;2017;36.624
08194 Sant Adrià de Besòs;Total;2016;36.496
08195 Sant Agustí de Lluçanès;Total;2025;106
08195 Sant Agustí de Lluçanès;Total;2024;108
08195 Sant Agustí de Lluçanès;Total;2023;109
08195 Sant Agustí de Lluçanès;Total;2022;100
08195 Sant Agustí de Lluçanès;Total;2021;92
08195 Sant Agustí de Lluçanès;Total;2020;89
08195 Sant Agustí de Lluçanès;Total;2019;85
08195 Sant Agustí de Lluçanès;Total;2018;87
08195 Sant Agustí de Lluçanès;Total;2017;86
08195 Sant Agustí de Lluçanès;Total;2016;92
08196 Sant Andreu de la Barca;Total;2025;27.094
08196 Sant Andreu de la Barca;Total;2024;27.062
08196 Sant Andreu de la Barca;Total;2023;26.910
08196 Sant Andreu de la Barca;Total;2022;26.965
08196 Sant Andreu de la Barca;Total;2021;27.175
08196 Sant Andreu de la Barca;Total;2020;27.569
08196 Sant Andreu de la Barca;Total;2019;27.558
08196 Sant Andreu de la Barca;Total;2018;27.332
08196 Sant Andreu de la Barca;Total;2017;27.303
08196 Sant Andreu de la Barca;Total;2016;27.434
08197 Sant Andreu de Llavaneres;Total;2025;11.938
08197 Sant Andreu de Llavaneres;Total;2024;11.933
08197 Sant Andreu de Llavaneres;Total;2023;11.831
08197 Sant Andreu de Llavaneres;Total;2022;11.593
08197 Sant Andreu de Llavaneres;Total;2021;11.150
08197 Sant Andreu de Llavaneres;Total;2020;11.133
08197 Sant Andreu de Llavaneres;Total;2019;10.968
08197 Sant Andreu de Llavaneres;Total;2018;10.877
08197 Sant Andreu de Llavaneres;Total;2017;10.758
08197 Sant Andreu de Llavaneres;Total;2016;10.663
08198 Sant Antoni de Vilamajor;Total;2025;6.724
08198 Sant Antoni de Vilamajor;Total;2024;6.668
08198 Sant Antoni de Vilamajor;Total;2023;6.577
08198 Sant Antoni de Vilamajor;Total;2022;6.483
08198 Sant Antoni de Vilamajor;Total;2021;6.383
08198 Sant Antoni de Vilamajor;Total;2020;6.208
08198 Sant Antoni de Vilamajor;Total;2019;6.135
08198 Sant Antoni de Vilamajor;Total;2018;6.095
08198 Sant Antoni de Vilamajor;Total;2017;6.005
08198 Sant Antoni de Vilamajor;Total;2016;5.862
08199 Sant Bartomeu del Grau;Total;2025;933
08199 Sant Bartomeu del Grau;Total;2024;943
08199 Sant Bartomeu del Grau;Total;2023;945
08199 Sant Bartomeu del Grau;Total;2022;924
08199 Sant Bartomeu del Grau;Total;2021;913
08199 Sant Bartomeu del Grau;Total;2020;884
08199 Sant Bartomeu del Grau;Total;2019;858
08199 Sant Bartomeu del Grau;Total;2018;840
08199 Sant Bartomeu del Grau;Total;2017;858
08199 Sant Bartomeu del Grau;Total;2016;850
08200 Sant Boi de Llobregat;Total;2025;85.610
08200 Sant Boi de Llobregat;Total;2024;84.831
08200 Sant Boi de Llobregat;Total;2023;83.919
08200 Sant Boi de Llobregat;Total;2022;83.371
08200 Sant Boi de Llobregat;Total;2021;83.755
08200 Sant Boi de Llobregat;Total;2020;84.500
08200 Sant Boi de Llobregat;Total;2019;83.605
08200 Sant Boi de Llobregat;Total;2018;82.904
08200 Sant Boi de Llobregat;Total;2017;82.142
08200 Sant Boi de Llobregat;Total;2016;82.402
08201 Sant Boi de Lluçanès;Total;2025;602
08201 Sant Boi de Lluçanès;Total;2024;575
08201 Sant Boi de Lluçanès;Total;2023;572
08201 Sant Boi de Lluçanès;Total;2022;575
08201 Sant Boi de Lluçanès;Total;2021;573
08201 Sant Boi de Lluçanès;Total;2020;580
08201 Sant Boi de Lluçanès;Total;2019;541
08201 Sant Boi de Lluçanès;Total;2018;532
08201 Sant Boi de Lluçanès;Total;2017;515
08201 Sant Boi de Lluçanès;Total;2016;527
08203 Sant Cebrià de Vallalta;Total;2025;3.872
08203 Sant Cebrià de Vallalta;Total;2024;3.828
08203 Sant Cebrià de Vallalta;Total;2023;3.792
08203 Sant Cebrià de Vallalta;Total;2022;3.619
08203 Sant Cebrià de Vallalta;Total;2021;3.570
08203 Sant Cebrià de Vallalta;Total;2020;3.438
08203 Sant Cebrià de Vallalta;Total;2019;3.385
08203 Sant Cebrià de Vallalta;Total;2018;3.344
08203 Sant Cebrià de Vallalta;Total;2017;3.310
08203 Sant Cebrià de Vallalta;Total;2016;3.329
08202 Sant Celoni;Total;2025;18.977
08202 Sant Celoni;Total;2024;18.761
08202 Sant Celoni;Total;2023;18.479
08202 Sant Celoni;Total;2022;18.285
08202 Sant Celoni;Total;2021;18.176
08202 Sant Celoni;Total;2020;18.136
08202 Sant Celoni;Total;2019;17.904
08202 Sant Celoni;Total;2018;17.754
08202 Sant Celoni;Total;2017;17.588
08202 Sant Celoni;Total;2016;17.540
08204 Sant Climent de Llobregat;Total;2025;4.187
08204 Sant Climent de Llobregat;Total;2024;4.182
08204 Sant Climent de Llobregat;Total;2023;4.190
08204 Sant Climent de Llobregat;Total;2022;4.170
08204 Sant Climent de Llobregat;Total;2021;4.193
08204 Sant Climent de Llobregat;Total;2020;4.160
08204 Sant Climent de Llobregat;Total;2019;4.129
08204 Sant Climent de Llobregat;Total;2018;4.107
08204 Sant Climent de Llobregat;Total;2017;4.038
08204 Sant Climent de Llobregat;Total;2016;4.024
08205 Sant Cugat del Vallès;Total;2025;97.983
08205 Sant Cugat del Vallès;Total;2024;98.621
08205 Sant Cugat del Vallès;Total;2023;97.530
08205 Sant Cugat del Vallès;Total;2022;95.725
08205 Sant Cugat del Vallès;Total;2021;94.012
08205 Sant Cugat del Vallès;Total;2020;92.977
08205 Sant Cugat del Vallès;Total;2019;91.006
08205 Sant Cugat del Vallès;Total;2018;90.664
08205 Sant Cugat del Vallès;Total;2017;89.516
08205 Sant Cugat del Vallès;Total;2016;88.921
08206 Sant Cugat Sesgarrigues;Total;2025;1.038
08206 Sant Cugat Sesgarrigues;Total;2024;1.031
08206 Sant Cugat Sesgarrigues;Total;2023;1.026
08206 Sant Cugat Sesgarrigues;Total;2022;1.009
08206 Sant Cugat Sesgarrigues;Total;2021;1.004
08206 Sant Cugat Sesgarrigues;Total;2020;1.009
08206 Sant Cugat Sesgarrigues;Total;2019;1.007
08206 Sant Cugat Sesgarrigues;Total;2018;989
08206 Sant Cugat Sesgarrigues;Total;2017;980
08206 Sant Cugat Sesgarrigues;Total;2016;973
08207 Sant Esteve de Palautordera;Total;2025;3.099
08207 Sant Esteve de Palautordera;Total;2024;3.080
08207 Sant Esteve de Palautordera;Total;2023;3.045
08207 Sant Esteve de Palautordera;Total;2022;3.043
08207 Sant Esteve de Palautordera;Total;2021;2.997
08207 Sant Esteve de Palautordera;Total;2020;2.864
08207 Sant Esteve de Palautordera;Total;2019;2.820
08207 Sant Esteve de Palautordera;Total;2018;2.749
08207 Sant Esteve de Palautordera;Total;2017;2.648
08207 Sant Esteve de Palautordera;Total;2016;2.599
08208 Sant Esteve Sesrovires;Total;2025;8.121
08208 Sant Esteve Sesrovires;Total;2024;8.060
08208 Sant Esteve Sesrovires;Total;2023;7.906
08208 Sant Esteve Sesrovires;Total;2022;7.889
08208 Sant Esteve Sesrovires;Total;2021;7.771
08208 Sant Esteve Sesrovires;Total;2020;7.696
08208 Sant Esteve Sesrovires;Total;2019;7.612
08208 Sant Esteve Sesrovires;Total;2018;7.800
08208 Sant Esteve Sesrovires;Total;2017;7.670
08208 Sant Esteve Sesrovires;Total;2016;7.644
08210 Sant Feliu de Codines;Total;2025;6.827
08210 Sant Feliu de Codines;Total;2024;6.661
08210 Sant Feliu de Codines;Total;2023;6.527
08210 Sant Feliu de Codines;Total;2022;6.460
08210 Sant Feliu de Codines;Total;2021;6.406
08210 Sant Feliu de Codines;Total;2020;6.363
08210 Sant Feliu de Codines;Total;2019;6.259
08210 Sant Feliu de Codines;Total;2018;6.184
08210 Sant Feliu de Codines;Total;2017;6.045
08210 Sant Feliu de Codines;Total;2016;5.968
08211 Sant Feliu de Llobregat;Total;2025;46.781
08211 Sant Feliu de Llobregat;Total;2024;46.554
08211 Sant Feliu de Llobregat;Total;2023;46.056
08211 Sant Feliu de Llobregat;Total;2022;45.642
08211 Sant Feliu de Llobregat;Total;2021;45.463
08211 Sant Feliu de Llobregat;Total;2020;45.467
08211 Sant Feliu de Llobregat;Total;2019;44.860
08211 Sant Feliu de Llobregat;Total;2018;44.474
08211 Sant Feliu de Llobregat;Total;2017;44.198
08211 Sant Feliu de Llobregat;Total;2016;44.086
08212 Sant Feliu Sasserra;Total;2025;633
08212 Sant Feliu Sasserra;Total;2024;629
08212 Sant Feliu Sasserra;Total;2023;620
08212 Sant Feliu Sasserra;Total;2022;611
08212 Sant Feliu Sasserra;Total;2021;617
08212 Sant Feliu Sasserra;Total;2020;605
08212 Sant Feliu Sasserra;Total;2019;602
08212 Sant Feliu Sasserra;Total;2018;600
08212 Sant Feliu Sasserra;Total;2017;606
08212 Sant Feliu Sasserra;Total;2016;612
08209 Sant Fost de Campsentelles;Total;2025;9.419
08209 Sant Fost de Campsentelles;Total;2024;9.227
08209 Sant Fost de Campsentelles;Total;2023;9.197
08209 Sant Fost de Campsentelles;Total;2022;9.064
08209 Sant Fost de Campsentelles;Total;2021;8.997
08209 Sant Fost de Campsentelles;Total;2020;8.853
08209 Sant Fost de Campsentelles;Total;2019;8.737
08209 Sant Fost de Campsentelles;Total;2018;8.722
08209 Sant Fost de Campsentelles;Total;2017;8.664
08209 Sant Fost de Campsentelles;Total;2016;8.650
08213 Sant Fruitós de Bages;Total;2025;9.333
08213 Sant Fruitós de Bages;Total;2024;9.248
08213 Sant Fruitós de Bages;Total;2023;9.156
08213 Sant Fruitós de Bages;Total;2022;9.025
08213 Sant Fruitós de Bages;Total;2021;8.936
08213 Sant Fruitós de Bages;Total;2020;8.837
08213 Sant Fruitós de Bages;Total;2019;8.703
08213 Sant Fruitós de Bages;Total;2018;8.593
08213 Sant Fruitós de Bages;Total;2017;8.512
08213 Sant Fruitós de Bages;Total;2016;8.387
08215 Sant Hipòlit de Voltregà;Total;2025;3.666
08215 Sant Hipòlit de Voltregà;Total;2024;3.687
08215 Sant Hipòlit de Voltregà;Total;2023;3.711
08215 Sant Hipòlit de Voltregà;Total;2022;3.644
08215 Sant Hipòlit de Voltregà;Total;2021;3.547
08215 Sant Hipòlit de Voltregà;Total;2020;3.540
08215 Sant Hipòlit de Voltregà;Total;2019;3.484
08215 Sant Hipòlit de Voltregà;Total;2018;3.475
08215 Sant Hipòlit de Voltregà;Total;2017;3.453
08215 Sant Hipòlit de Voltregà;Total;2016;3.462
08193 Sant Iscle de Vallalta;Total;2025;1.477
08193 Sant Iscle de Vallalta;Total;2024;1.458
08193 Sant Iscle de Vallalta;Total;2023;1.441
08193 Sant Iscle de Vallalta;Total;2022;1.433
08193 Sant Iscle de Vallalta;Total;2021;1.438
08193 Sant Iscle de Vallalta;Total;2020;1.342
08193 Sant Iscle de Vallalta;Total;2019;1.332
08193 Sant Iscle de Vallalta;Total;2018;1.313
08193 Sant Iscle de Vallalta;Total;2017;1.295
08193 Sant Iscle de Vallalta;Total;2016;1.292
08216 Sant Jaume de Frontanyà;Total;2025;25
08216 Sant Jaume de Frontanyà;Total;2024;26
08216 Sant Jaume de Frontanyà;Total;2023;29
08216 Sant Jaume de Frontanyà;Total;2022;31
08216 Sant Jaume de Frontanyà;Total;2021;28
08216 Sant Jaume de Frontanyà;Total;2020;30
08216 Sant Jaume de Frontanyà;Total;2019;30
08216 Sant Jaume de Frontanyà;Total;2018;30
08216 Sant Jaume de Frontanyà;Total;2017;30
08216 Sant Jaume de Frontanyà;Total;2016;27
08218 Sant Joan de Vilatorrada;Total;2025;11.133
08218 Sant Joan de Vilatorrada;Total;2024;11.017
08218 Sant Joan de Vilatorrada;Total;2023;10.959
08218 Sant Joan de Vilatorrada;Total;2022;10.820
08218 Sant Joan de Vilatorrada;Total;2021;10.871
08218 Sant Joan de Vilatorrada;Total;2020;10.998
08218 Sant Joan de Vilatorrada;Total;2019;10.936
08218 Sant Joan de Vilatorrada;Total;2018;10.820
08218 Sant Joan de Vilatorrada;Total;2017;10.802
08218 Sant Joan de Vilatorrada;Total;2016;10.759
08217 Sant Joan Despí;Total;2025;35.926
08217 Sant Joan Despí;Total;2024;35.083
08217 Sant Joan Despí;Total;2023;34.568
08217 Sant Joan Despí;Total;2022;34.039
08217 Sant Joan Despí;Total;2021;34.130
08217 Sant Joan Despí;Total;2020;34.267
08217 Sant Joan Despí;Total;2019;34.123
08217 Sant Joan Despí;Total;2018;34.084
08217 Sant Joan Despí;Total;2017;33.873
08217 Sant Joan Despí;Total;2016;33.502
08903 Sant Julià de Cerdanyola;Total;2025;234
08903 Sant Julià de Cerdanyola;Total;2024;232
08903 Sant Julià de Cerdanyola;Total;2023;242
08903 Sant Julià de Cerdanyola;Total;2022;241
08903 Sant Julià de Cerdanyola;Total;2021;235
08903 Sant Julià de Cerdanyola;Total;2020;229
08903 Sant Julià de Cerdanyola;Total;2019;228
08903 Sant Julià de Cerdanyola;Total;2018;244
08903 Sant Julià de Cerdanyola;Total;2017;242
08903 Sant Julià de Cerdanyola;Total;2016;251
08220 Sant Julià de Vilatorta;Total;2025;3.323
08220 Sant Julià de Vilatorta;Total;2024;3.297
08220 Sant Julià de Vilatorta;Total;2023;3.230
08220 Sant Julià de Vilatorta;Total;2022;3.193
08220 Sant Julià de Vilatorta;Total;2021;3.152
08220 Sant Julià de Vilatorta;Total;2020;3.140
08220 Sant Julià de Vilatorta;Total;2019;3.114
08220 Sant Julià de Vilatorta;Total;2018;3.096
08220 Sant Julià de Vilatorta;Total;2017;3.101
08220 Sant Julià de Vilatorta;Total;2016;3.113
08221 Sant Just Desvern;Total;2025;21.037
08221 Sant Just Desvern;Total;2024;20.881
08221 Sant Just Desvern;Total;2023;20.462
08221 Sant Just Desvern;Total;2022;19.806
08221 Sant Just Desvern;Total;2021;19.379
08221 Sant Just Desvern;Total;2020;18.670
08221 Sant Just Desvern;Total;2019;17.805
08221 Sant Just Desvern;Total;2018;17.494
08221 Sant Just Desvern;Total;2017;17.201
08221 Sant Just Desvern;Total;2016;16.927
08222 Sant Llorenç d'Hortons;Total;2025;2.627
08222 Sant Llorenç d'Hortons;Total;2024;2.617
08222 Sant Llorenç d'Hortons;Total;2023;2.572
08222 Sant Llorenç d'Hortons;Total;2022;2.503
08222 Sant Llorenç d'Hortons;Total;2021;2.459
08222 Sant Llorenç d'Hortons;Total;2020;2.428
08222 Sant Llorenç d'Hortons;Total;2019;2.413
08222 Sant Llorenç d'Hortons;Total;2018;2.598
08222 Sant Llorenç d'Hortons;Total;2017;2.547
08222 Sant Llorenç d'Hortons;Total;2016;2.562
08223 Sant Llorenç Savall;Total;2025;2.587
08223 Sant Llorenç Savall;Total;2024;2.586
08223 Sant Llorenç Savall;Total;2023;2.545
08223 Sant Llorenç Savall;Total;2022;2.524
08223 Sant Llorenç Savall;Total;2021;2.514
08223 Sant Llorenç Savall;Total;2020;2.417
08223 Sant Llorenç Savall;Total;2019;2.373
08223 Sant Llorenç Savall;Total;2018;2.371
08223 Sant Llorenç Savall;Total;2017;2.361
08223 Sant Llorenç Savall;Total;2016;2.375
08225 Sant Martí d'Albars;Total;2025;135
08225 Sant Martí d'Albars;Total;2024;140
08225 Sant Martí d'Albars;Total;2023;121
08225 Sant Martí d'Albars;Total;2022;119
08225 Sant Martí d'Albars;Total;2021;107
08225 Sant Martí d'Albars;Total;2020;114
08225 Sant Martí d'Albars;Total;2019;112
08225 Sant Martí d'Albars;Total;2018;113
08225 Sant Martí d'Albars;Total;2017;110
08225 Sant Martí d'Albars;Total;2016;108
08224 Sant Martí de Centelles;Total;2025;1.263
08224 Sant Martí de Centelles;Total;2024;1.259
08224 Sant Martí de Centelles;Total;2023;1.247
08224 Sant Martí de Centelles;Total;2022;1.232
08224 Sant Martí de Centelles;Total;2021;1.186
08224 Sant Martí de Centelles;Total;2020;1.184
08224 Sant Martí de Centelles;Total;2019;1.167
08224 Sant Martí de Centelles;Total;2018;1.131
08224 Sant Martí de Centelles;Total;2017;1.125
08224 Sant Martí de Centelles;Total;2016;1.122
08226 Sant Martí de Tous;Total;2025;1.269
08226 Sant Martí de Tous;Total;2024;1.275
08226 Sant Martí de Tous;Total;2023;1.268
08226 Sant Martí de Tous;Total;2022;1.243
08226 Sant Martí de Tous;Total;2021;1.236
08226 Sant Martí de Tous;Total;2020;1.228
08226 Sant Martí de Tous;Total;2019;1.235
08226 Sant Martí de Tous;Total;2018;1.206
08226 Sant Martí de Tous;Total;2017;1.196
08226 Sant Martí de Tous;Total;2016;1.190
08227 Sant Martí Sarroca;Total;2025;3.485
08227 Sant Martí Sarroca;Total;2024;3.391
08227 Sant Martí Sarroca;Total;2023;3.380
08227 Sant Martí Sarroca;Total;2022;3.313
08227 Sant Martí Sarroca;Total;2021;3.286
08227 Sant Martí Sarroca;Total;2020;3.261
08227 Sant Martí Sarroca;Total;2019;3.264
08227 Sant Martí Sarroca;Total;2018;3.231
08227 Sant Martí Sarroca;Total;2017;3.197
08227 Sant Martí Sarroca;Total;2016;3.099
08228 Sant Martí Sesgueioles;Total;2025;353
08228 Sant Martí Sesgueioles;Total;2024;360
08228 Sant Martí Sesgueioles;Total;2023;359
08228 Sant Martí Sesgueioles;Total;2022;361
08228 Sant Martí Sesgueioles;Total;2021;344
08228 Sant Martí Sesgueioles;Total;2020;342
08228 Sant Martí Sesgueioles;Total;2019;343
08228 Sant Martí Sesgueioles;Total;2018;344
08228 Sant Martí Sesgueioles;Total;2017;354
08228 Sant Martí Sesgueioles;Total;2016;371
08229 Sant Mateu de Bages;Total;2025;641
08229 Sant Mateu de Bages;Total;2024;637
08229 Sant Mateu de Bages;Total;2023;633
08229 Sant Mateu de Bages;Total;2022;628
08229 Sant Mateu de Bages;Total;2021;614
08229 Sant Mateu de Bages;Total;2020;608
08229 Sant Mateu de Bages;Total;2019;603
08229 Sant Mateu de Bages;Total;2018;600
08229 Sant Mateu de Bages;Total;2017;611
08229 Sant Mateu de Bages;Total;2016;618
08231 Sant Pere de Ribes;Total;2025;32.705
08231 Sant Pere de Ribes;Total;2024;32.121
08231 Sant Pere de Ribes;Total;2023;31.786
08231 Sant Pere de Ribes;Total;2022;31.688
08231 Sant Pere de Ribes;Total;2021;31.525
08231 Sant Pere de Ribes;Total;2020;31.111
08231 Sant Pere de Ribes;Total;2019;30.719
08231 Sant Pere de Ribes;Total;2018;30.658
08231 Sant Pere de Ribes;Total;2017;30.142
08231 Sant Pere de Ribes;Total;2016;29.842
08232 Sant Pere de Riudebitlles;Total;2025;2.516
08232 Sant Pere de Riudebitlles;Total;2024;2.497
08232 Sant Pere de Riudebitlles;Total;2023;2.462
08232 Sant Pere de Riudebitlles;Total;2022;2.404
08232 Sant Pere de Riudebitlles;Total;2021;2.411
08232 Sant Pere de Riudebitlles;Total;2020;2.380
08232 Sant Pere de Riudebitlles;Total;2019;2.368
08232 Sant Pere de Riudebitlles;Total;2018;2.338
08232 Sant Pere de Riudebitlles;Total;2017;2.343
08232 Sant Pere de Riudebitlles;Total;2016;2.369
08233 Sant Pere de Torelló;Total;2025;2.596
08233 Sant Pere de Torelló;Total;2024;2.592
08233 Sant Pere de Torelló;Total;2023;2.568
08233 Sant Pere de Torelló;Total;2022;2.514
08233 Sant Pere de Torelló;Total;2021;2.488
08233 Sant Pere de Torelló;Total;2020;2.470
08233 Sant Pere de Torelló;Total;2019;2.419
08233 Sant Pere de Torelló;Total;2018;2.419
08233 Sant Pere de Torelló;Total;2017;2.437
08233 Sant Pere de Torelló;Total;2016;2.427
08234 Sant Pere de Vilamajor;Total;2025;5.074
08234 Sant Pere de Vilamajor;Total;2024;4.941
08234 Sant Pere de Vilamajor;Total;2023;4.862
08234 Sant Pere de Vilamajor;Total;2022;4.815
08234 Sant Pere de Vilamajor;Total;2021;4.671
08234 Sant Pere de Vilamajor;Total;2020;4.544
08234 Sant Pere de Vilamajor;Total;2019;4.472
08234 Sant Pere de Vilamajor;Total;2018;4.371
08234 Sant Pere de Vilamajor;Total;2017;4.313
08234 Sant Pere de Vilamajor;Total;2016;4.257
08189 Sant Pere Sallavinera;Total;2025;177
08189 Sant Pere Sallavinera;Total;2024;158
08189 Sant Pere Sallavinera;Total;2023;162
08189 Sant Pere Sallavinera;Total;2022;167
08189 Sant Pere Sallavinera;Total;2021;159
08189 Sant Pere Sallavinera;Total;2020;151
08189 Sant Pere Sallavinera;Total;2019;152
08189 Sant Pere Sallavinera;Total;2018;155
08189 Sant Pere Sallavinera;Total;2017;156
08189 Sant Pere Sallavinera;Total;2016;158
08235 Sant Pol de Mar;Total;2025;5.793
08235 Sant Pol de Mar;Total;2024;5.834
08235 Sant Pol de Mar;Total;2023;5.791
08235 Sant Pol de Mar;Total;2022;5.680
08235 Sant Pol de Mar;Total;2021;5.538
08235 Sant Pol de Mar;Total;2020;5.428
08235 Sant Pol de Mar;Total;2019;5.299
08235 Sant Pol de Mar;Total;2018;5.178
08235 Sant Pol de Mar;Total;2017;5.062
08235 Sant Pol de Mar;Total;2016;4.951
08236 Sant Quintí de Mediona;Total;2025;2.580
08236 Sant Quintí de Mediona;Total;2024;2.504
08236 Sant Quintí de Mediona;Total;2023;2.407
08236 Sant Quintí de Mediona;Total;2022;2.393
08236 Sant Quintí de Mediona;Total;2021;2.367
08236 Sant Quintí de Mediona;Total;2020;2.317
08236 Sant Quintí de Mediona;Total;2019;2.254
08236 Sant Quintí de Mediona;Total;2018;2.179
08236 Sant Quintí de Mediona;Total;2017;2.170
08236 Sant Quintí de Mediona;Total;2016;2.121
08237 Sant Quirze de Besora;Total;2025;2.164
08237 Sant Quirze de Besora;Total;2024;2.127
08237 Sant Quirze de Besora;Total;2023;2.115
08237 Sant Quirze de Besora;Total;2022;2.142
08237 Sant Quirze de Besora;Total;2021;2.145
08237 Sant Quirze de Besora;Total;2020;2.154
08237 Sant Quirze de Besora;Total;2019;2.167
08237 Sant Quirze de Besora;Total;2018;2.107
08237 Sant Quirze de Besora;Total;2017;2.092
08237 Sant Quirze de Besora;Total;2016;2.125
08238 Sant Quirze del Vallès;Total;2025;20.209
08238 Sant Quirze del Vallès;Total;2024;20.161
08238 Sant Quirze del Vallès;Total;2023;20.241
08238 Sant Quirze del Vallès;Total;2022;20.180
08238 Sant Quirze del Vallès;Total;2021;20.156
08238 Sant Quirze del Vallès;Total;2020;20.195
08238 Sant Quirze del Vallès;Total;2019;20.141
08238 Sant Quirze del Vallès;Total;2018;19.939
08238 Sant Quirze del Vallès;Total;2017;19.867
08238 Sant Quirze del Vallès;Total;2016;19.664
08239 Sant Quirze Safaja;Total;2025;663
08239 Sant Quirze Safaja;Total;2024;669
08239 Sant Quirze Safaja;Total;2023;677
08239 Sant Quirze Safaja;Total;2022;672
08239 Sant Quirze Safaja;Total;2021;660
08239 Sant Quirze Safaja;Total;2020;631
08239 Sant Quirze Safaja;Total;2019;627
08239 Sant Quirze Safaja;Total;2018;637
08239 Sant Quirze Safaja;Total;2017;627
08239 Sant Quirze Safaja;Total;2016;637
08240 Sant Sadurní d'Anoia;Total;2025;12.911
08240 Sant Sadurní d'Anoia;Total;2024;12.915
08240 Sant Sadurní d'Anoia;Total;2023;12.945
08240 Sant Sadurní d'Anoia;Total;2022;12.863
08240 Sant Sadurní d'Anoia;Total;2021;12.840
08240 Sant Sadurní d'Anoia;Total;2020;12.841
08240 Sant Sadurní d'Anoia;Total;2019;12.887
08240 Sant Sadurní d'Anoia;Total;2018;12.866
08240 Sant Sadurní d'Anoia;Total;2017;12.749
08240 Sant Sadurní d'Anoia;Total;2016;12.654
08241 Sant Sadurní d'Osormort;Total;2025;89
08241 Sant Sadurní d'Osormort;Total;2024;84
08241 Sant Sadurní d'Osormort;Total;2023;89
08241 Sant Sadurní d'Osormort;Total;2022;90
08241 Sant Sadurní d'Osormort;Total;2021;76
08241 Sant Sadurní d'Osormort;Total;2020;76
08241 Sant Sadurní d'Osormort;Total;2019;78
08241 Sant Sadurní d'Osormort;Total;2018;79
08241 Sant Sadurní d'Osormort;Total;2017;79
08241 Sant Sadurní d'Osormort;Total;2016;80
08098 Sant Salvador de Guardiola;Total;2025;3.612
08098 Sant Salvador de Guardiola;Total;2024;3.476
08098 Sant Salvador de Guardiola;Total;2023;3.430
08098 Sant Salvador de Guardiola;Total;2022;3.351
08098 Sant Salvador de Guardiola;Total;2021;3.243
08098 Sant Salvador de Guardiola;Total;2020;3.221
08098 Sant Salvador de Guardiola;Total;2019;3.179
08098 Sant Salvador de Guardiola;Total;2018;3.168
08098 Sant Salvador de Guardiola;Total;2017;3.127
08098 Sant Salvador de Guardiola;Total;2016;3.141
08262 Sant Vicenç de Castellet;Total;2025;10.164
08262 Sant Vicenç de Castellet;Total;2024;10.131
08262 Sant Vicenç de Castellet;Total;2023;10.068
08262 Sant Vicenç de Castellet;Total;2022;9.949
08262 Sant Vicenç de Castellet;Total;2021;9.868
08262 Sant Vicenç de Castellet;Total;2020;9.767
08262 Sant Vicenç de Castellet;Total;2019;9.523
08262 Sant Vicenç de Castellet;Total;2018;9.274
08262 Sant Vicenç de Castellet;Total;2017;9.300
08262 Sant Vicenç de Castellet;Total;2016;9.235
08264 Sant Vicenç de Montalt;Total;2025;6.802
08264 Sant Vicenç de Montalt;Total;2024;6.712
08264 Sant Vicenç de Montalt;Total;2023;6.701
08264 Sant Vicenç de Montalt;Total;2022;6.661
08264 Sant Vicenç de Montalt;Total;2021;6.523
08264 Sant Vicenç de Montalt;Total;2020;6.452
08264 Sant Vicenç de Montalt;Total;2019;6.407
08264 Sant Vicenç de Montalt;Total;2018;6.372
08264 Sant Vicenç de Montalt;Total;2017;6.272
08264 Sant Vicenç de Montalt;Total;2016;6.182
08265 Sant Vicenç de Torelló;Total;2025;2.117
08265 Sant Vicenç de Torelló;Total;2024;2.092
08265 Sant Vicenç de Torelló;Total;2023;2.083
08265 Sant Vicenç de Torelló;Total;2022;2.077
08265 Sant Vicenç de Torelló;Total;2021;2.077
08265 Sant Vicenç de Torelló;Total;2020;2.058
08265 Sant Vicenç de Torelló;Total;2019;2.058
08265 Sant Vicenç de Torelló;Total;2018;2.014
08265 Sant Vicenç de Torelló;Total;2017;1.998
08265 Sant Vicenç de Torelló;Total;2016;1.996
08263 Sant Vicenç dels Horts;Total;2025;28.746
08263 Sant Vicenç dels Horts;Total;2024;28.568
08263 Sant Vicenç dels Horts;Total;2023;28.406
08263 Sant Vicenç dels Horts;Total;2022;28.079
08263 Sant Vicenç dels Horts;Total;2021;28.115
08263 Sant Vicenç dels Horts;Total;2020;28.268
08263 Sant Vicenç dels Horts;Total;2019;28.117
08263 Sant Vicenç dels Horts;Total;2018;27.901
08263 Sant Vicenç dels Horts;Total;2017;27.982
08263 Sant Vicenç dels Horts;Total;2016;27.961
08243 Santa Cecília de Voltregà;Total;2025;197
08243 Santa Cecília de Voltregà;Total;2024;192
08243 Santa Cecília de Voltregà;Total;2023;184
08243 Santa Cecília de Voltregà;Total;2022;185
08243 Santa Cecília de Voltregà;Total;2021;179
08243 Santa Cecília de Voltregà;Total;2020;182
08243 Santa Cecília de Voltregà;Total;2019;187
08243 Santa Cecília de Voltregà;Total;2018;187
08243 Santa Cecília de Voltregà;Total;2017;189
08243 Santa Cecília de Voltregà;Total;2016;183
08244 Santa Coloma de Cervelló;Total;2025;8.273
08244 Santa Coloma de Cervelló;Total;2024;8.335
08244 Santa Coloma de Cervelló;Total;2023;8.393
08244 Santa Coloma de Cervelló;Total;2022;8.309
08244 Santa Coloma de Cervelló;Total;2021;8.273
08244 Santa Coloma de Cervelló;Total;2020;8.268
08244 Santa Coloma de Cervelló;Total;2019;8.218
08244 Santa Coloma de Cervelló;Total;2018;8.179
08244 Santa Coloma de Cervelló;Total;2017;8.082
08244 Santa Coloma de Cervelló;Total;2016;8.073
08245 Santa Coloma de Gramenet;Total;2025;123.981
08245 Santa Coloma de Gramenet;Total;2024;121.203
08245 Santa Coloma de Gramenet;Total;2023;119.862
08245 Santa Coloma de Gramenet;Total;2022;117.981
08245 Santa Coloma de Gramenet;Total;2021;119.289
08245 Santa Coloma de Gramenet;Total;2020;120.443
08245 Santa Coloma de Gramenet;Total;2019;119.215
08245 Santa Coloma de Gramenet;Total;2018;118.821
08245 Santa Coloma de Gramenet;Total;2017;117.597
08245 Santa Coloma de Gramenet;Total;2016;117.153
08246 Santa Eugènia de Berga;Total;2025;2.348
08246 Santa Eugènia de Berga;Total;2024;2.308
08246 Santa Eugènia de Berga;Total;2023;2.303
08246 Santa Eugènia de Berga;Total;2022;2.256
08246 Santa Eugènia de Berga;Total;2021;2.259
08246 Santa Eugènia de Berga;Total;2020;2.278
08246 Santa Eugènia de Berga;Total;2019;2.248
08246 Santa Eugènia de Berga;Total;2018;2.226
08246 Santa Eugènia de Berga;Total;2017;2.259
08246 Santa Eugènia de Berga;Total;2016;2.246
08247 Santa Eulàlia de Riuprimer;Total;2025;1.516
08247 Santa Eulàlia de Riuprimer;Total;2024;1.487
08247 Santa Eulàlia de Riuprimer;Total;2023;1.450
08247 Santa Eulàlia de Riuprimer;Total;2022;1.401
08247 Santa Eulàlia de Riuprimer;Total;2021;1.409
08247 Santa Eulàlia de Riuprimer;Total;2020;1.383
08247 Santa Eulàlia de Riuprimer;Total;2019;1.345
08247 Santa Eulàlia de Riuprimer;Total;2018;1.309
08247 Santa Eulàlia de Riuprimer;Total;2017;1.289
08247 Santa Eulàlia de Riuprimer;Total;2016;1.266
08248 Santa Eulàlia de Ronçana;Total;2025;7.953
08248 Santa Eulàlia de Ronçana;Total;2024;7.911
08248 Santa Eulàlia de Ronçana;Total;2023;7.846
08248 Santa Eulàlia de Ronçana;Total;2022;7.740
08248 Santa Eulàlia de Ronçana;Total;2021;7.538
08248 Santa Eulàlia de Ronçana;Total;2020;7.426
08248 Santa Eulàlia de Ronçana;Total;2019;7.288
08248 Santa Eulàlia de Ronçana;Total;2018;7.192
08248 Santa Eulàlia de Ronçana;Total;2017;7.124
08248 Santa Eulàlia de Ronçana;Total;2016;7.049
08249 Santa Fe del Penedès;Total;2025;365
08249 Santa Fe del Penedès;Total;2024;360
08249 Santa Fe del Penedès;Total;2023;362
08249 Santa Fe del Penedès;Total;2022;370
08249 Santa Fe del Penedès;Total;2021;378
08249 Santa Fe del Penedès;Total;2020;367
08249 Santa Fe del Penedès;Total;2019;374
08249 Santa Fe del Penedès;Total;2018;379
08249 Santa Fe del Penedès;Total;2017;380
08249 Santa Fe del Penedès;Total;2016;374
08250 Santa Margarida de Montbui;Total;2025;10.631
08250 Santa Margarida de Montbui;Total;2024;10.549
08250 Santa Margarida de Montbui;Total;2023;10.456
08250 Santa Margarida de Montbui;Total;2022;10.294
08250 Santa Margarida de Montbui;Total;2021;10.192
08250 Santa Margarida de Montbui;Total;2020;10.225
08250 Santa Margarida de Montbui;Total;2019;9.980
08250 Santa Margarida de Montbui;Total;2018;9.874
08250 Santa Margarida de Montbui;Total;2017;9.748
08250 Santa Margarida de Montbui;Total;2016;9.611
08251 Santa Margarida i els Monjos;Total;2025;7.806
08251 Santa Margarida i els Monjos;Total;2024;7.736
08251 Santa Margarida i els Monjos;Total;2023;7.650
08251 Santa Margarida i els Monjos;Total;2022;7.624
08251 Santa Margarida i els Monjos;Total;2021;7.664
08251 Santa Margarida i els Monjos;Total;2020;7.676
08251 Santa Margarida i els Monjos;Total;2019;7.611
08251 Santa Margarida i els Monjos;Total;2018;7.503
08251 Santa Margarida i els Monjos;Total;2017;7.480
08251 Santa Margarida i els Monjos;Total;2016;7.360
08253 Santa Maria de Besora;Total;2025;164
08253 Santa Maria de Besora;Total;2024;164
08253 Santa Maria de Besora;Total;2023;165
08253 Santa Maria de Besora;Total;2022;159
08253 Santa Maria de Besora;Total;2021;161
08253 Santa Maria de Besora;Total;2020;161
08253 Santa Maria de Besora;Total;2019;150
08253 Santa Maria de Besora;Total;2018;143
08253 Santa Maria de Besora;Total;2017;147
08253 Santa Maria de Besora;Total;2016;148
08256 Santa Maria de Martorelles;Total;2025;868
08256 Santa Maria de Martorelles;Total;2024;873
08256 Santa Maria de Martorelles;Total;2023;881
08256 Santa Maria de Martorelles;Total;2022;889
08256 Santa Maria de Martorelles;Total;2021;882
08256 Santa Maria de Martorelles;Total;2020;890
08256 Santa Maria de Martorelles;Total;2019;893
08256 Santa Maria de Martorelles;Total;2018;882
08256 Santa Maria de Martorelles;Total;2017;858
08256 Santa Maria de Martorelles;Total;2016;861
08255 Santa Maria de Merlès;Total;2025;179
08255 Santa Maria de Merlès;Total;2024;175
08255 Santa Maria de Merlès;Total;2023;174
08255 Santa Maria de Merlès;Total;2022;184
08255 Santa Maria de Merlès;Total;2021;180
08255 Santa Maria de Merlès;Total;2020;184
08255 Santa Maria de Merlès;Total;2019;184
08255 Santa Maria de Merlès;Total;2018;183
08255 Santa Maria de Merlès;Total;2017;190
08255 Santa Maria de Merlès;Total;2016;178
08257 Santa Maria de Miralles;Total;2025;144
08257 Santa Maria de Miralles;Total;2024;137
08257 Santa Maria de Miralles;Total;2023;138
08257 Santa Maria de Miralles;Total;2022;138
08257 Santa Maria de Miralles;Total;2021;129
08257 Santa Maria de Miralles;Total;2020;119
08257 Santa Maria de Miralles;Total;2019;126
08257 Santa Maria de Miralles;Total;2018;128
08257 Santa Maria de Miralles;Total;2017;123
08257 Santa Maria de Miralles;Total;2016;132
08259 Santa Maria de Palautordera;Total;2025;10.080
08259 Santa Maria de Palautordera;Total;2024;10.008
08259 Santa Maria de Palautordera;Total;2023;9.872
08259 Santa Maria de Palautordera;Total;2022;9.777
08259 Santa Maria de Palautordera;Total;2021;9.666
08259 Santa Maria de Palautordera;Total;2020;9.630
08259 Santa Maria de Palautordera;Total;2019;9.423
08259 Santa Maria de Palautordera;Total;2018;9.325
08259 Santa Maria de Palautordera;Total;2017;9.286
08259 Santa Maria de Palautordera;Total;2016;9.194
08258 Santa Maria d'Oló;Total;2025;1.099
08258 Santa Maria d'Oló;Total;2024;1.077
08258 Santa Maria d'Oló;Total;2023;1.086
08258 Santa Maria d'Oló;Total;2022;1.063
08258 Santa Maria d'Oló;Total;2021;1.065
08258 Santa Maria d'Oló;Total;2020;1.024
08258 Santa Maria d'Oló;Total;2019;1.025
08258 Santa Maria d'Oló;Total;2018;1.024
08258 Santa Maria d'Oló;Total;2017;1.030
08258 Santa Maria d'Oló;Total;2016;1.054
08260 Santa Perpètua de Mogoda;Total;2025;26.130
08260 Santa Perpètua de Mogoda;Total;2024;25.960
08260 Santa Perpètua de Mogoda;Total;2023;25.928
08260 Santa Perpètua de Mogoda;Total;2022;25.930
08260 Santa Perpètua de Mogoda;Total;2021;26.033
08260 Santa Perpètua de Mogoda;Total;2020;25.999
08260 Santa Perpètua de Mogoda;Total;2019;25.799
08260 Santa Perpètua de Mogoda;Total;2018;25.705
08260 Santa Perpètua de Mogoda;Total;2017;25.574
08260 Santa Perpètua de Mogoda;Total;2016;25.556
08261 Santa Susanna;Total;2025;4.099
08261 Santa Susanna;Total;2024;4.023
08261 Santa Susanna;Total;2023;3.887
08261 Santa Susanna;Total;2022;3.755
08261 Santa Susanna;Total;2021;3.650
08261 Santa Susanna;Total;2020;3.548
08261 Santa Susanna;Total;2019;3.446
08261 Santa Susanna;Total;2018;3.381
08261 Santa Susanna;Total;2017;3.352
08261 Santa Susanna;Total;2016;3.323
08192 Santpedor;Total;2025;7.744
08192 Santpedor;Total;2024;7.716
08192 Santpedor;Total;2023;7.693
08192 Santpedor;Total;2022;7.612
08192 Santpedor;Total;2021;7.566
08192 Santpedor;Total;2020;7.604
08192 Santpedor;Total;2019;7.554
08192 Santpedor;Total;2018;7.532
08192 Santpedor;Total;2017;7.496
08192 Santpedor;Total;2016;7.520
08267 Sentmenat;Total;2025;9.548
08267 Sentmenat;Total;2024;9.553
08267 Sentmenat;Total;2023;9.474
08267 Sentmenat;Total;2022;9.417
08267 Sentmenat;Total;2021;9.347
08267 Sentmenat;Total;2020;9.235
08267 Sentmenat;Total;2019;9.078
08267 Sentmenat;Total;2018;8.957
08267 Sentmenat;Total;2017;8.818
08267 Sentmenat;Total;2016;8.700
08269 Seva;Total;2025;3.808
08269 Seva;Total;2024;3.798
08269 Seva;Total;2023;3.770
08269 Seva;Total;2022;3.736
08269 Seva;Total;2021;3.696
08269 Seva;Total;2020;3.544
08269 Seva;Total;2019;3.519
08269 Seva;Total;2018;3.472
08269 Seva;Total;2017;3.451
08269 Seva;Total;2016;3.446
08270 Sitges;Total;2025;32.609
08270 Sitges;Total;2024;32.405
08270 Sitges;Total;2023;31.954
08270 Sitges;Total;2022;31.222
08270 Sitges;Total;2021;30.217
08270 Sitges;Total;2020;29.553
08270 Sitges;Total;2019;29.307
08270 Sitges;Total;2018;28.969
08270 Sitges;Total;2017;28.527
08270 Sitges;Total;2016;28.478
08271 Sobremunt;Total;2025;90
08271 Sobremunt;Total;2024;101
08271 Sobremunt;Total;2023;86
08271 Sobremunt;Total;2022;83
08271 Sobremunt;Total;2021;78
08271 Sobremunt;Total;2020;78
08271 Sobremunt;Total;2019;79
08271 Sobremunt;Total;2018;79
08271 Sobremunt;Total;2017;84
08271 Sobremunt;Total;2016;83
08272 Sora;Total;2025;225
08272 Sora;Total;2024;219
08272 Sora;Total;2023;217
08272 Sora;Total;2022;219
08272 Sora;Total;2021;211
08272 Sora;Total;2020;212
08272 Sora;Total;2019;209
08272 Sora;Total;2018;205
08272 Sora;Total;2017;193
08272 Sora;Total;2016;189
08273 Subirats;Total;2025;3.288
08273 Subirats;Total;2024;3.281
08273 Subirats;Total;2023;3.243
08273 Subirats;Total;2022;3.241
08273 Subirats;Total;2021;3.149
08273 Subirats;Total;2020;3.104
08273 Subirats;Total;2019;3.044
08273 Subirats;Total;2018;3.025
08273 Subirats;Total;2017;3.013
08273 Subirats;Total;2016;2.997
08274 Súria;Total;2025;6.200
08274 Súria;Total;2024;6.090
08274 Súria;Total;2023;6.046
08274 Súria;Total;2022;5.921
08274 Súria;Total;2021;5.923
08274 Súria;Total;2020;5.948
08274 Súria;Total;2019;5.942
08274 Súria;Total;2018;5.895
08274 Súria;Total;2017;5.911
08274 Súria;Total;2016;5.873
08276 Tagamanent;Total;2025;328
08276 Tagamanent;Total;2024;339
08276 Tagamanent;Total;2023;344
08276 Tagamanent;Total;2022;340
08276 Tagamanent;Total;2021;325
08276 Tagamanent;Total;2020;318
08276 Tagamanent;Total;2019;323
08276 Tagamanent;Total;2018;333
08276 Tagamanent;Total;2017;326
08276 Tagamanent;Total;2016;316
08277 Talamanca;Total;2025;209
08277 Talamanca;Total;2024;212
08277 Talamanca;Total;2023;223
08277 Talamanca;Total;2022;219
08277 Talamanca;Total;2021;222
08277 Talamanca;Total;2020;209
08277 Talamanca;Total;2019;206
08277 Talamanca;Total;2018;202
08277 Talamanca;Total;2017;193
08277 Talamanca;Total;2016;186
08278 Taradell;Total;2025;6.854
08278 Taradell;Total;2024;6.844
08278 Taradell;Total;2023;6.809
08278 Taradell;Total;2022;6.699
08278 Taradell;Total;2021;6.687
08278 Taradell;Total;2020;6.640
08278 Taradell;Total;2019;6.489
08278 Taradell;Total;2018;6.412
08278 Taradell;Total;2017;6.344
08278 Taradell;Total;2016;6.321
08275 Tavèrnoles;Total;2025;354
08275 Tavèrnoles;Total;2024;341
08275 Tavèrnoles;Total;2023;340
08275 Tavèrnoles;Total;2022;329
08275 Tavèrnoles;Total;2021;329
08275 Tavèrnoles;Total;2020;322
08275 Tavèrnoles;Total;2019;316
08275 Tavèrnoles;Total;2018;320
08275 Tavèrnoles;Total;2017;317
08275 Tavèrnoles;Total;2016;318
08280 Tavertet;Total;2025;128
08280 Tavertet;Total;2024;131
08280 Tavertet;Total;2023;126
08280 Tavertet;Total;2022;116
08280 Tavertet;Total;2021;113
08280 Tavertet;Total;2020;105
08280 Tavertet;Total;2019;111
08280 Tavertet;Total;2018;111
08280 Tavertet;Total;2017;116
08280 Tavertet;Total;2016;112
08281 Teià;Total;2025;6.898
08281 Teià;Total;2024;6.818
08281 Teià;Total;2023;6.696
08281 Teià;Total;2022;6.635
08281 Teià;Total;2021;6.532
08281 Teià;Total;2020;6.427
08281 Teià;Total;2019;6.397
08281 Teià;Total;2018;6.312
08281 Teià;Total;2017;6.333
08281 Teià;Total;2016;6.254
08279 Terrassa;Total;2025;233.270
08279 Terrassa;Total;2024;228.708
08279 Terrassa;Total;2023;225.277
08279 Terrassa;Total;2022;224.114
08279 Terrassa;Total;2021;223.011
08279 Terrassa;Total;2020;223.627
08279 Terrassa;Total;2019;220.556
08279 Terrassa;Total;2018;218.535
08279 Terrassa;Total;2017;216.428
08279 Terrassa;Total;2016;215.121
08282 Tiana;Total;2025;9.331
08282 Tiana;Total;2024;9.305
08282 Tiana;Total;2023;9.198
08282 Tiana;Total;2022;9.110
08282 Tiana;Total;2021;9.009
08282 Tiana;Total;2020;8.945
08282 Tiana;Total;2019;8.840
08282 Tiana;Total;2018;8.709
08282 Tiana;Total;2017;8.645
08282 Tiana;Total;2016;8.553
08283 Tona;Total;2025;8.527
08283 Tona;Total;2024;8.511
08283 Tona;Total;2023;8.455
08283 Tona;Total;2022;8.368
08283 Tona;Total;2021;8.368
08283 Tona;Total;2020;8.356
08283 Tona;Total;2019;8.241
08283 Tona;Total;2018;8.131
08283 Tona;Total;2017;8.114
08283 Tona;Total;2016;7.951
08284 Tordera;Total;2025;19.039
08284 Tordera;Total;2024;18.780
08284 Tordera;Total;2023;18.409
08284 Tordera;Total;2022;18.022
08284 Tordera;Total;2021;17.788
08284 Tordera;Total;2020;17.519
08284 Tordera;Total;2019;17.216
08284 Tordera;Total;2018;16.937
08284 Tordera;Total;2017;16.637
08284 Tordera;Total;2016;16.453
08285 Torelló;Total;2025;15.334
08285 Torelló;Total;2024;15.093
08285 Torelló;Total;2023;14.902
08285 Torelló;Total;2022;14.726
08285 Torelló;Total;2021;14.553
08285 Torelló;Total;2020;14.400
08285 Torelló;Total;2019;14.347
08285 Torelló;Total;2018;14.172
08285 Torelló;Total;2017;13.995
08285 Torelló;Total;2016;13.877
08286 Torre de Claramunt, La;Total;2025;4.158
08286 Torre de Claramunt, La;Total;2024;4.122
08286 Torre de Claramunt, La;Total;2023;4.018
08286 Torre de Claramunt, La;Total;2022;3.966
08286 Torre de Claramunt, La;Total;2021;3.852
08286 Torre de Claramunt, La;Total;2020;3.741
08286 Torre de Claramunt, La;Total;2019;3.714
08286 Torre de Claramunt, La;Total;2018;3.716
08286 Torre de Claramunt, La;Total;2017;3.707
08286 Torre de Claramunt, La;Total;2016;3.722
08287 Torrelavit;Total;2025;1.572
08287 Torrelavit;Total;2024;1.509
08287 Torrelavit;Total;2023;1.499
08287 Torrelavit;Total;2022;1.457
08287 Torrelavit;Total;2021;1.429
08287 Torrelavit;Total;2020;1.422
08287 Torrelavit;Total;2019;1.419
08287 Torrelavit;Total;2018;1.430
08287 Torrelavit;Total;2017;1.400
08287 Torrelavit;Total;2016;1.413
08288 Torrelles de Foix;Total;2025;2.746
08288 Torrelles de Foix;Total;2024;2.657
08288 Torrelles de Foix;Total;2023;2.608
08288 Torrelles de Foix;Total;2022;2.557
08288 Torrelles de Foix;Total;2021;2.479
08288 Torrelles de Foix;Total;2020;2.398
08288 Torrelles de Foix;Total;2019;2.348
08288 Torrelles de Foix;Total;2018;2.281
08288 Torrelles de Foix;Total;2017;2.243
08288 Torrelles de Foix;Total;2016;2.201
08289 Torrelles de Llobregat;Total;2025;6.170
08289 Torrelles de Llobregat;Total;2024;6.155
08289 Torrelles de Llobregat;Total;2023;6.225
08289 Torrelles de Llobregat;Total;2022;6.186
08289 Torrelles de Llobregat;Total;2021;6.126
08289 Torrelles de Llobregat;Total;2020;6.073
08289 Torrelles de Llobregat;Total;2019;6.041
08289 Torrelles de Llobregat;Total;2018;5.945
08289 Torrelles de Llobregat;Total;2017;5.950
08289 Torrelles de Llobregat;Total;2016;5.933
08290 Ullastrell;Total;2025;2.171
08290 Ullastrell;Total;2024;2.176
08290 Ullastrell;Total;2023;2.162
08290 Ullastrell;Total;2022;2.139
08290 Ullastrell;Total;2021;2.096
08290 Ullastrell;Total;2020;2.089
08290 Ullastrell;Total;2019;2.093
08290 Ullastrell;Total;2018;2.069
08290 Ullastrell;Total;2017;2.054
08290 Ullastrell;Total;2016;2.039
08291 Vacarisses;Total;2025;7.729
08291 Vacarisses;Total;2024;7.563
08291 Vacarisses;Total;2023;7.460
08291 Vacarisses;Total;2022;7.325
08291 Vacarisses;Total;2021;7.082
08291 Vacarisses;Total;2020;6.832
08291 Vacarisses;Total;2019;6.688
08291 Vacarisses;Total;2018;6.486
08291 Vacarisses;Total;2017;6.328
08291 Vacarisses;Total;2016;6.192
08292 Vallbona d'Anoia;Total;2025;1.424
08292 Vallbona d'Anoia;Total;2024;1.406
08292 Vallbona d'Anoia;Total;2023;1.428
08292 Vallbona d'Anoia;Total;2022;1.387
08292 Vallbona d'Anoia;Total;2021;1.375
08292 Vallbona d'Anoia;Total;2020;1.357
08292 Vallbona d'Anoia;Total;2019;1.373
08292 Vallbona d'Anoia;Total;2018;1.399
08292 Vallbona d'Anoia;Total;2017;1.412
08292 Vallbona d'Anoia;Total;2016;1.412
08293 Vallcebre;Total;2025;260
08293 Vallcebre;Total;2024;271
08293 Vallcebre;Total;2023;273
08293 Vallcebre;Total;2022;268
08293 Vallcebre;Total;2021;258
08293 Vallcebre;Total;2020;249
08293 Vallcebre;Total;2019;250
08293 Vallcebre;Total;2018;246
08293 Vallcebre;Total;2017;251
08293 Vallcebre;Total;2016;254
08294 Vallgorguina;Total;2025;3.261
08294 Vallgorguina;Total;2024;3.198
08294 Vallgorguina;Total;2023;3.204
08294 Vallgorguina;Total;2022;3.144
08294 Vallgorguina;Total;2021;3.052
08294 Vallgorguina;Total;2020;2.988
08294 Vallgorguina;Total;2019;2.891
08294 Vallgorguina;Total;2018;2.854
08294 Vallgorguina;Total;2017;2.789
08294 Vallgorguina;Total;2016;2.772
08295 Vallirana;Total;2025;16.245
08295 Vallirana;Total;2024;15.985
08295 Vallirana;Total;2023;15.823
08295 Vallirana;Total;2022;15.658
08295 Vallirana;Total;2021;15.438
08295 Vallirana;Total;2020;15.312
08295 Vallirana;Total;2019;15.006
08295 Vallirana;Total;2018;14.877
08295 Vallirana;Total;2017;14.784
08295 Vallirana;Total;2016;14.676
08296 Vallromanes;Total;2025;2.778
08296 Vallromanes;Total;2024;2.742
08296 Vallromanes;Total;2023;2.705
08296 Vallromanes;Total;2022;2.632
08296 Vallromanes;Total;2021;2.594
08296 Vallromanes;Total;2020;2.558
08296 Vallromanes;Total;2019;2.579
08296 Vallromanes;Total;2018;2.530
08296 Vallromanes;Total;2017;2.514
08296 Vallromanes;Total;2016;2.525
08297 Veciana;Total;2025;168
08297 Veciana;Total;2024;172
08297 Veciana;Total;2023;179
08297 Veciana;Total;2022;182
08297 Veciana;Total;2021;179
08297 Veciana;Total;2020;175
08297 Veciana;Total;2019;182
08297 Veciana;Total;2018;170
08297 Veciana;Total;2017;167
08297 Veciana;Total;2016;173
08298 Vic;Total;2025;50.796
08298 Vic;Total;2024;49.530
08298 Vic;Total;2023;48.364
08298 Vic;Total;2022;47.545
08298 Vic;Total;2021;47.319
08298 Vic;Total;2020;47.630
08298 Vic;Total;2019;46.214
08298 Vic;Total;2018;45.040
08298 Vic;Total;2017;43.964
08298 Vic;Total;2016;43.287
08299 Vilada;Total;2025;432
08299 Vilada;Total;2024;443
08299 Vilada;Total;2023;434
08299 Vilada;Total;2022;439
08299 Vilada;Total;2021;424
08299 Vilada;Total;2020;419
08299 Vilada;Total;2019;416
08299 Vilada;Total;2018;430
08299 Vilada;Total;2017;424
08299 Vilada;Total;2016;430
08301 Viladecans;Total;2025;67.587
08301 Viladecans;Total;2024;67.348
08301 Viladecans;Total;2023;66.677
08301 Viladecans;Total;2022;66.720
08301 Viladecans;Total;2021;66.707
08301 Viladecans;Total;2020;67.197
08301 Viladecans;Total;2019;66.611
08301 Viladecans;Total;2018;66.168
08301 Viladecans;Total;2017;65.993
08301 Viladecans;Total;2016;65.779
08300 Viladecavalls;Total;2025;7.817
08300 Viladecavalls;Total;2024;7.802
08300 Viladecavalls;Total;2023;7.809
08300 Viladecavalls;Total;2022;7.644
08300 Viladecavalls;Total;2021;7.621
08300 Viladecavalls;Total;2020;7.545
08300 Viladecavalls;Total;2019;7.512
08300 Viladecavalls;Total;2018;7.480
08300 Viladecavalls;Total;2017;7.392
08300 Viladecavalls;Total;2016;7.354
08305 Vilafranca del Penedès;Total;2025;42.607
08305 Vilafranca del Penedès;Total;2024;41.504
08305 Vilafranca del Penedès;Total;2023;40.714
08305 Vilafranca del Penedès;Total;2022;40.056
08305 Vilafranca del Penedès;Total;2021;39.969
08305 Vilafranca del Penedès;Total;2020;40.154
08305 Vilafranca del Penedès;Total;2019;39.746
08305 Vilafranca del Penedès;Total;2018;40.055
08305 Vilafranca del Penedès;Total;2017;39.532
08305 Vilafranca del Penedès;Total;2016;39.365
08306 Vilalba Sasserra;Total;2025;794
08306 Vilalba Sasserra;Total;2024;780
08306 Vilalba Sasserra;Total;2023;753
08306 Vilalba Sasserra;Total;2022;748
08306 Vilalba Sasserra;Total;2021;758
08306 Vilalba Sasserra;Total;2020;753
08306 Vilalba Sasserra;Total;2019;716
08306 Vilalba Sasserra;Total;2018;688
08306 Vilalba Sasserra;Total;2017;690
08306 Vilalba Sasserra;Total;2016;684
08303 Vilanova de Sau;Total;2025;325
08303 Vilanova de Sau;Total;2024;317
08303 Vilanova de Sau;Total;2023;310
08303 Vilanova de Sau;Total;2022;320
08303 Vilanova de Sau;Total;2021;314
08303 Vilanova de Sau;Total;2020;312
08303 Vilanova de Sau;Total;2019;299
08303 Vilanova de Sau;Total;2018;308
08303 Vilanova de Sau;Total;2017;313
08303 Vilanova de Sau;Total;2016;309
08302 Vilanova del Camí;Total;2025;12.936
08302 Vilanova del Camí;Total;2024;12.844
08302 Vilanova del Camí;Total;2023;12.758
08302 Vilanova del Camí;Total;2022;12.699
08302 Vilanova del Camí;Total;2021;12.736
08302 Vilanova del Camí;Total;2020;12.596
08302 Vilanova del Camí;Total;2019;12.458
08302 Vilanova del Camí;Total;2018;12.361
08302 Vilanova del Camí;Total;2017;12.332
08302 Vilanova del Camí;Total;2016;12.409
08902 Vilanova del Vallès;Total;2025;5.693
08902 Vilanova del Vallès;Total;2024;5.632
08902 Vilanova del Vallès;Total;2023;5.600
08902 Vilanova del Vallès;Total;2022;5.557
08902 Vilanova del Vallès;Total;2021;5.535
08902 Vilanova del Vallès;Total;2020;5.503
08902 Vilanova del Vallès;Total;2019;5.432
08902 Vilanova del Vallès;Total;2018;5.339
08902 Vilanova del Vallès;Total;2017;5.285
08902 Vilanova del Vallès;Total;2016;5.217
08307 Vilanova i la Geltrú;Total;2025;71.641
08307 Vilanova i la Geltrú;Total;2024;70.418
08307 Vilanova i la Geltrú;Total;2023;68.854
08307 Vilanova i la Geltrú;Total;2022;68.152
08307 Vilanova i la Geltrú;Total;2021;67.458
08307 Vilanova i la Geltrú;Total;2020;67.733
08307 Vilanova i la Geltrú;Total;2019;67.086
08307 Vilanova i la Geltrú;Total;2018;66.274
08307 Vilanova i la Geltrú;Total;2017;66.077
08307 Vilanova i la Geltrú;Total;2016;65.972
08214 Vilassar de Dalt;Total;2025;9.404
08214 Vilassar de Dalt;Total;2024;9.281
08214 Vilassar de Dalt;Total;2023;9.230
08214 Vilassar de Dalt;Total;2022;9.128
08214 Vilassar de Dalt;Total;2021;9.074
08214 Vilassar de Dalt;Total;2020;9.072
08214 Vilassar de Dalt;Total;2019;9.043
08214 Vilassar de Dalt;Total;2018;9.013
08214 Vilassar de Dalt;Total;2017;8.961
08214 Vilassar de Dalt;Total;2016;8.953
08219 Vilassar de Mar;Total;2025;21.227
08219 Vilassar de Mar;Total;2024;21.162
08219 Vilassar de Mar;Total;2023;21.055
08219 Vilassar de Mar;Total;2022;21.067
08219 Vilassar de Mar;Total;2021;20.936
08219 Vilassar de Mar;Total;2020;21.035
08219 Vilassar de Mar;Total;2019;20.837
08219 Vilassar de Mar;Total;2018;20.764
08219 Vilassar de Mar;Total;2017;20.636
08219 Vilassar de Mar;Total;2016;20.678
08304 Vilobí del Penedès;Total;2025;1.154
08304 Vilobí del Penedès;Total;2024;1.150
08304 Vilobí del Penedès;Total;2023;1.141
08304 Vilobí del Penedès;Total;2022;1.130
08304 Vilobí del Penedès;Total;2021;1.128
08304 Vilobí del Penedès;Total;2020;1.102
08304 Vilobí del Penedès;Total;2019;1.107
08304 Vilobí del Penedès;Total;2018;1.106
08304 Vilobí del Penedès;Total;2017;1.094
08304 Vilobí del Penedès;Total;2016;1.103
08308 Viver i Serrateix;Total;2025;178
08308 Viver i Serrateix;Total;2024;175
08308 Viver i Serrateix;Total;2023;173
08308 Viver i Serrateix;Total;2022;166
08308 Viver i Serrateix;Total;2021;175
08308 Viver i Serrateix;Total;2020;172
08308 Viver i Serrateix;Total;2019;168
08308 Viver i Serrateix;Total;2018;164
08308 Viver i Serrateix;Total;2017;173
08308 Viver i Serrateix;Total;2016;162
