Geografía;Tipología penal;Periodos:;Total
Provincia de ALICANTE/ALACANT;I. CRIMINALIDAD CONVENCIONAL;enero-marzo 2025;20.089
Provincia de ALICANTE/ALACANT;1. Homicidios dolosos y asesinatos consumados;enero-marzo 2025;2
Provincia de ALICANTE/ALACANT;2. Homicidios dolosos y asesinatos en grado tentativa;enero-marzo 2025;20
Provincia de ALICANTE/ALACANT;3. Delitos graves y menos graves de lesiones y riña tumultuaria;enero-marzo 2025;291
Provincia de ALICANTE/ALACANT;4. Secuestro;enero-marzo 2025;1
Provincia de ALICANTE/ALACANT;5. Delitos contra la libertad sexual;enero-marzo 2025;224
Provincia de ALICANTE/ALACANT;5.1.-Agresión sexual con penetración;enero-marzo 2025;46
Provincia de ALICANTE/ALACANT;5.2.-Resto de delitos contra la libertad sexual;enero-marzo 2025;178
Provincia de ALICANTE/ALACANT;6. Robos con violencia e intimidación;enero-marzo 2025;421
Provincia de ALICANTE/ALACANT;7. Robos con fuerza en domicilios, establecimientos y otras instalaciones;enero-marzo 2025;1.841
Provincia de ALICANTE/ALACANT;7.1.-Robos con fuerza en domicilios;enero-marzo 2025;1.537
Provincia de ALICANTE/ALACANT;8. Hurtos;enero-marzo 2025;5.840
Provincia de ALICANTE/ALACANT;9. Sustracciones de vehículos;enero-marzo 2025;339
Provincia de ALICANTE/ALACANT;10. Tráfico de drogas;enero-marzo 2025;282
Provincia de ALICANTE/ALACANT;11. Resto de criminalidad convencional;enero-marzo 2025;10.828
Provincia de ALICANTE/ALACANT;II. CIBERCRIMINALIDAD (infracciones penales cometidas en/por medio ciber);enero-marzo 2025;4.587
Provincia de ALICANTE/ALACANT;12.-Estafas informáticas;enero-marzo 2025;3.961
Provincia de ALICANTE/ALACANT;13.-Otros ciberdelitos;enero-marzo 2025;626
Provincia de ALICANTE/ALACANT;III. TOTAL INFRACCIONES PENALES;enero-marzo 2025;24.676
03009 Alcoy/Alcoi;I. CRIMINALIDAD CONVENCIONAL;enero-marzo 2025;376
03009 Alcoy/Alcoi;1. Homicidios dolosos y asesinatos consumados;enero-marzo 2025;0
03009 Alcoy/Alcoi;2. Homicidios dolosos y asesinatos en grado tentativa;enero-marzo 2025;0
03009 Alcoy/Alcoi;3. Delitos graves y menos graves de lesiones y riña tumultuaria;enero-marzo 2025;3
03009 Alcoy/Alcoi;4. Secuestro;enero-marzo 2025;0
03009 Alcoy/Alcoi;5. Delitos contra la libertad sexual;enero-marzo 2025;6
03009 Alcoy/Alcoi;5.1.-Agresión sexual con penetración;enero-marzo 2025;4
03009 Alcoy/Alcoi;5.2.-Resto de delitos contra la libertad sexual;enero-marzo 2025;2
03009 Alcoy/Alcoi;6. Robos con violencia e intimidación;enero-marzo 2025;11
03009 Alcoy/Alcoi;7. Robos con fuerza en domicilios, establecimientos y otras instalaciones;enero-marzo 2025;28
03009 Alcoy/Alcoi;7.1.-Robos con fuerza en domicilios;enero-marzo 2025;24
03009 Alcoy/Alcoi;8. Hurtos;enero-marzo 2025;91
03009 Alcoy/Alcoi;9. Sustracciones de vehículos;enero-marzo 2025;7
03009 Alcoy/Alcoi;10. Tráfico de drogas;enero-marzo 2025;4
03009 Alcoy/Alcoi;11. Resto de criminalidad convencional;enero-marzo 2025;226
03009 Alcoy/Alcoi;II. CIBERCRIMINALIDAD (infracciones penales cometidas en/por medio ciber);enero-marzo 2025;165
03009 Alcoy/Alcoi;12.-Estafas informáticas;enero-marzo 2025;144
03009 Alcoy/Alcoi;13.-Otros ciberdelitos;enero-marzo 2025;21
03009 Alcoy/Alcoi;III. TOTAL INFRACCIONES PENALES;enero-marzo 2025;541
03011 L'Alfàs del Pi;I. CRIMINALIDAD CONVENCIONAL;enero-marzo 2025;245
03011 L'Alfàs del Pi;1. Homicidios dolosos y asesinatos consumados;enero-marzo 2025;0
03011 L'Alfàs del Pi;2. Homicidios dolosos y asesinatos en grado tentativa;enero-marzo 2025;0
03011 L'Alfàs del Pi;3. Delitos graves y menos graves de lesiones y riña tumultuaria;enero-marzo 2025;3
03011 L'Alfàs del Pi;4. Secuestro;enero-marzo 2025;0
03011 L'Alfàs del Pi;5. Delitos contra la libertad sexual;enero-marzo 2025;1
03011 L'Alfàs del Pi;5.1.-Agresión sexual con penetración;enero-marzo 2025;0
03011 L'Alfàs del Pi;5.2.-Resto de delitos contra la libertad sexual;enero-marzo 2025;1
03011 L'Alfàs del Pi;6. Robos con violencia e intimidación;enero-marzo 2025;3
03011 L'Alfàs del Pi;7. Robos con fuerza en domicilios, establecimientos y otras instalaciones;enero-marzo 2025;41
03011 L'Alfàs del Pi;7.1.-Robos con fuerza en domicilios;enero-marzo 2025;34
03011 L'Alfàs del Pi;8. Hurtos;enero-marzo 2025;64
03011 L'Alfàs del Pi;9. Sustracciones de vehículos;enero-marzo 2025;0
03011 L'Alfàs del Pi;10. Tráfico de drogas;enero-marzo 2025;1
03011 L'Alfàs del Pi;11. Resto de criminalidad convencional;enero-marzo 2025;132
03011 L'Alfàs del Pi;II. CIBERCRIMINALIDAD (infracciones penales cometidas en/por medio ciber);enero-marzo 2025;47
03011 L'Alfàs del Pi;12.-Estafas informáticas;enero-marzo 2025;46
03011 L'Alfàs del Pi;13.-Otros ciberdelitos;enero-marzo 2025;1
03011 L'Alfàs del Pi;III. TOTAL INFRACCIONES PENALES;enero-marzo 2025;292
03014 Alicante/Alacant;I. CRIMINALIDAD CONVENCIONAL;enero-marzo 2025;5.059
03014 Alicante/Alacant;1. Homicidios dolosos y asesinatos consumados;enero-marzo 2025;0
03014 Alicante/Alacant;2. Homicidios dolosos y asesinatos en grado tentativa;enero-marzo 2025;4
03014 Alicante/Alacant;3. Delitos graves y menos graves de lesiones y riña tumultuaria;enero-marzo 2025;70
03014 Alicante/Alacant;4. Secuestro;enero-marzo 2025;1
03014 Alicante/Alacant;5. Delitos contra la libertad sexual;enero-marzo 2025;69
03014 Alicante/Alacant;5.1.-Agresión sexual con penetración;enero-marzo 2025;17
03014 Alicante/Alacant;5.2.-Resto de delitos contra la libertad sexual;enero-marzo 2025;52
03014 Alicante/Alacant;6. Robos con violencia e intimidación;enero-marzo 2025;164
03014 Alicante/Alacant;7. Robos con fuerza en domicilios, establecimientos y otras instalaciones;enero-marzo 2025;232
03014 Alicante/Alacant;7.1.-Robos con fuerza en domicilios;enero-marzo 2025;167
03014 Alicante/Alacant;8. Hurtos;enero-marzo 2025;1.813
03014 Alicante/Alacant;9. Sustracciones de vehículos;enero-marzo 2025;103
03014 Alicante/Alacant;10. Tráfico de drogas;enero-marzo 2025;91
03014 Alicante/Alacant;11. Resto de criminalidad convencional;enero-marzo 2025;2.512
03014 Alicante/Alacant;II. CIBERCRIMINALIDAD (infracciones penales cometidas en/por medio ciber);enero-marzo 2025;1.053
03014 Alicante/Alacant;12.-Estafas informáticas;enero-marzo 2025;856
03014 Alicante/Alacant;13.-Otros ciberdelitos;enero-marzo 2025;197
03014 Alicante/Alacant;III. TOTAL INFRACCIONES PENALES;enero-marzo 2025;6.112
03015 Almoradí;I. CRIMINALIDAD CONVENCIONAL;enero-marzo 2025;231
03015 Almoradí;1. Homicidios dolosos y asesinatos consumados;enero-marzo 2025;0
03015 Almoradí;2. Homicidios dolosos y asesinatos en grado tentativa;enero-marzo 2025;0
03015 Almoradí;3. Delitos graves y menos graves de lesiones y riña tumultuaria;enero-marzo 2025;4
03015 Almoradí;4. Secuestro;enero-marzo 2025;0
03015 Almoradí;5. Delitos contra la libertad sexual;enero-marzo 2025;0
03015 Almoradí;5.1.-Agresión sexual con penetración;enero-marzo 2025;0
03015 Almoradí;5.2.-Resto de delitos contra la libertad sexual;enero-marzo 2025;0
03015 Almoradí;6. Robos con violencia e intimidación;enero-marzo 2025;4
03015 Almoradí;7. Robos con fuerza en domicilios, establecimientos y otras instalaciones;enero-marzo 2025;24
03015 Almoradí;7.1.-Robos con fuerza en domicilios;enero-marzo 2025;21
03015 Almoradí;8. Hurtos;enero-marzo 2025;54
03015 Almoradí;9. Sustracciones de vehículos;enero-marzo 2025;2
03015 Almoradí;10. Tráfico de drogas;enero-marzo 2025;5
03015 Almoradí;11. Resto de criminalidad convencional;enero-marzo 2025;138
03015 Almoradí;II. CIBERCRIMINALIDAD (infracciones penales cometidas en/por medio ciber);enero-marzo 2025;34
03015 Almoradí;12.-Estafas informáticas;enero-marzo 2025;30
03015 Almoradí;13.-Otros ciberdelitos;enero-marzo 2025;4
03015 Almoradí;III. TOTAL INFRACCIONES PENALES;enero-marzo 2025;265
03018 Altea;I. CRIMINALIDAD CONVENCIONAL;enero-marzo 2025;283
03018 Altea;1. Homicidios dolosos y asesinatos consumados;enero-marzo 2025;0
03018 Altea;2. Homicidios dolosos y asesinatos en grado tentativa;enero-marzo 2025;1
03018 Altea;3. Delitos graves y menos graves de lesiones y riña tumultuaria;enero-marzo 2025;5
03018 Altea;4. Secuestro;enero-marzo 2025;0
03018 Altea;5. Delitos contra la libertad sexual;enero-marzo 2025;6
03018 Altea;5.1.-Agresión sexual con penetración;enero-marzo 2025;0
03018 Altea;5.2.-Resto de delitos contra la libertad sexual;enero-marzo 2025;6
03018 Altea;6. Robos con violencia e intimidación;enero-marzo 2025;6
03018 Altea;7. Robos con fuerza en domicilios, establecimientos y otras instalaciones;enero-marzo 2025;25
03018 Altea;7.1.-Robos con fuerza en domicilios;enero-marzo 2025;22
03018 Altea;8. Hurtos;enero-marzo 2025;69
03018 Altea;9. Sustracciones de vehículos;enero-marzo 2025;4
03018 Altea;10. Tráfico de drogas;enero-marzo 2025;3
03018 Altea;11. Resto de criminalidad convencional;enero-marzo 2025;164
03018 Altea;II. CIBERCRIMINALIDAD (infracciones penales cometidas en/por medio ciber);enero-marzo 2025;59
03018 Altea;12.-Estafas informáticas;enero-marzo 2025;51
03018 Altea;13.-Otros ciberdelitos;enero-marzo 2025;8
03018 Altea;III. TOTAL INFRACCIONES PENALES;enero-marzo 2025;342
03019 Aspe;I. CRIMINALIDAD CONVENCIONAL;enero-marzo 2025;171
03019 Aspe;1. Homicidios dolosos y asesinatos consumados;enero-marzo 2025;0
03019 Aspe;2. Homicidios dolosos y asesinatos en grado tentativa;enero-marzo 2025;0
03019 Aspe;3. Delitos graves y menos graves de lesiones y riña tumultuaria;enero-marzo 2025;3
03019 Aspe;4. Secuestro;enero-marzo 2025;0
03019 Aspe;5. Delitos contra la libertad sexual;enero-marzo 2025;2
03019 Aspe;5.1.-Agresión sexual con penetración;enero-marzo 2025;0
03019 Aspe;5.2.-Resto de delitos contra la libertad sexual;enero-marzo 2025;2
03019 Aspe;6. Robos con violencia e intimidación;enero-marzo 2025;0
03019 Aspe;7. Robos con fuerza en domicilios, establecimientos y otras instalaciones;enero-marzo 2025;4
03019 Aspe;7.1.-Robos con fuerza en domicilios;enero-marzo 2025;4
03019 Aspe;8. Hurtos;enero-marzo 2025;43
03019 Aspe;9. Sustracciones de vehículos;enero-marzo 2025;1
03019 Aspe;10. Tráfico de drogas;enero-marzo 2025;1
03019 Aspe;11. Resto de criminalidad convencional;enero-marzo 2025;117
03019 Aspe;II. CIBERCRIMINALIDAD (infracciones penales cometidas en/por medio ciber);enero-marzo 2025;46
03019 Aspe;12.-Estafas informáticas;enero-marzo 2025;31
03019 Aspe;13.-Otros ciberdelitos;enero-marzo 2025;15
03019 Aspe;III. TOTAL INFRACCIONES PENALES;enero-marzo 2025;217
03031 Benidorm;I. CRIMINALIDAD CONVENCIONAL;enero-marzo 2025;828
03031 Benidorm;1. Homicidios dolosos y asesinatos consumados;enero-marzo 2025;0
03031 Benidorm;2. Homicidios dolosos y asesinatos en grado tentativa;enero-marzo 2025;0
03031 Benidorm;3. Delitos graves y menos graves de lesiones y riña tumultuaria;enero-marzo 2025;20
03031 Benidorm;4. Secuestro;enero-marzo 2025;0
03031 Benidorm;5. Delitos contra la libertad sexual;enero-marzo 2025;10
03031 Benidorm;5.1.-Agresión sexual con penetración;enero-marzo 2025;1
03031 Benidorm;5.2.-Resto de delitos contra la libertad sexual;enero-marzo 2025;9
03031 Benidorm;6. Robos con violencia e intimidación;enero-marzo 2025;16
03031 Benidorm;7. Robos con fuerza en domicilios, establecimientos y otras instalaciones;enero-marzo 2025;30
03031 Benidorm;7.1.-Robos con fuerza en domicilios;enero-marzo 2025;9
03031 Benidorm;8. Hurtos;enero-marzo 2025;294
03031 Benidorm;9. Sustracciones de vehículos;enero-marzo 2025;13
03031 Benidorm;10. Tráfico de drogas;enero-marzo 2025;29
03031 Benidorm;11. Resto de criminalidad convencional;enero-marzo 2025;416
03031 Benidorm;II. CIBERCRIMINALIDAD (infracciones penales cometidas en/por medio ciber);enero-marzo 2025;173
03031 Benidorm;12.-Estafas informáticas;enero-marzo 2025;158
03031 Benidorm;13.-Otros ciberdelitos;enero-marzo 2025;15
03031 Benidorm;III. TOTAL INFRACCIONES PENALES;enero-marzo 2025;1.001
03047 Calp;I. CRIMINALIDAD CONVENCIONAL;enero-marzo 2025;355
03047 Calp;1. Homicidios dolosos y asesinatos consumados;enero-marzo 2025;0
03047 Calp;2. Homicidios dolosos y asesinatos en grado tentativa;enero-marzo 2025;0
03047 Calp;3. Delitos graves y menos graves de lesiones y riña tumultuaria;enero-marzo 2025;4
03047 Calp;4. Secuestro;enero-marzo 2025;0
03047 Calp;5. Delitos contra la libertad sexual;enero-marzo 2025;2
03047 Calp;5.1.-Agresión sexual con penetración;enero-marzo 2025;1
03047 Calp;5.2.-Resto de delitos contra la libertad sexual;enero-marzo 2025;1
03047 Calp;6. Robos con violencia e intimidación;enero-marzo 2025;2
03047 Calp;7. Robos con fuerza en domicilios, establecimientos y otras instalaciones;enero-marzo 2025;51
03047 Calp;7.1.-Robos con fuerza en domicilios;enero-marzo 2025;44
03047 Calp;8. Hurtos;enero-marzo 2025;88
03047 Calp;9. Sustracciones de vehículos;enero-marzo 2025;2
03047 Calp;10. Tráfico de drogas;enero-marzo 2025;1
03047 Calp;11. Resto de criminalidad convencional;enero-marzo 2025;205
03047 Calp;II. CIBERCRIMINALIDAD (infracciones penales cometidas en/por medio ciber);enero-marzo 2025;77
03047 Calp;12.-Estafas informáticas;enero-marzo 2025;68
03047 Calp;13.-Otros ciberdelitos;enero-marzo 2025;9
03047 Calp;III. TOTAL INFRACCIONES PENALES;enero-marzo 2025;432
03050 Campello (el);I. CRIMINALIDAD CONVENCIONAL;enero-marzo 2025;227
03050 Campello (el);1. Homicidios dolosos y asesinatos consumados;enero-marzo 2025;0
03050 Campello (el);2. Homicidios dolosos y asesinatos en grado tentativa;enero-marzo 2025;0
03050 Campello (el);3. Delitos graves y menos graves de lesiones y riña tumultuaria;enero-marzo 2025;1
03050 Campello (el);4. Secuestro;enero-marzo 2025;0
03050 Campello (el);5. Delitos contra la libertad sexual;enero-marzo 2025;2
03050 Campello (el);5.1.-Agresión sexual con penetración;enero-marzo 2025;1
03050 Campello (el);5.2.-Resto de delitos contra la libertad sexual;enero-marzo 2025;1
03050 Campello (el);6. Robos con violencia e intimidación;enero-marzo 2025;2
03050 Campello (el);7. Robos con fuerza en domicilios, establecimientos y otras instalaciones;enero-marzo 2025;33
03050 Campello (el);7.1.-Robos con fuerza en domicilios;enero-marzo 2025;30
03050 Campello (el);8. Hurtos;enero-marzo 2025;61
03050 Campello (el);9. Sustracciones de vehículos;enero-marzo 2025;0
03050 Campello (el);10. Tráfico de drogas;enero-marzo 2025;1
03050 Campello (el);11. Resto de criminalidad convencional;enero-marzo 2025;127
03050 Campello (el);II. CIBERCRIMINALIDAD (infracciones penales cometidas en/por medio ciber);enero-marzo 2025;72
03050 Campello (el);12.-Estafas informáticas;enero-marzo 2025;65
03050 Campello (el);13.-Otros ciberdelitos;enero-marzo 2025;7
03050 Campello (el);III. TOTAL INFRACCIONES PENALES;enero-marzo 2025;299
03059 Crevillent;I. CRIMINALIDAD CONVENCIONAL;enero-marzo 2025;254
03059 Crevillent;1. Homicidios dolosos y asesinatos consumados;enero-marzo 2025;0
03059 Crevillent;2. Homicidios dolosos y asesinatos en grado tentativa;enero-marzo 2025;0
03059 Crevillent;3. Delitos graves y menos graves de lesiones y riña tumultuaria;enero-marzo 2025;6
03059 Crevillent;4. Secuestro;enero-marzo 2025;0
03059 Crevillent;5. Delitos contra la libertad sexual;enero-marzo 2025;0
03059 Crevillent;5.1.-Agresión sexual con penetración;enero-marzo 2025;0
03059 Crevillent;5.2.-Resto de delitos contra la libertad sexual;enero-marzo 2025;0
03059 Crevillent;6. Robos con violencia e intimidación;enero-marzo 2025;3
03059 Crevillent;7. Robos con fuerza en domicilios, establecimientos y otras instalaciones;enero-marzo 2025;30
03059 Crevillent;7.1.-Robos con fuerza en domicilios;enero-marzo 2025;27
03059 Crevillent;8. Hurtos;enero-marzo 2025;53
03059 Crevillent;9. Sustracciones de vehículos;enero-marzo 2025;5
03059 Crevillent;10. Tráfico de drogas;enero-marzo 2025;1
03059 Crevillent;11. Resto de criminalidad convencional;enero-marzo 2025;156
03059 Crevillent;II. CIBERCRIMINALIDAD (infracciones penales cometidas en/por medio ciber);enero-marzo 2025;56
03059 Crevillent;12.-Estafas informáticas;enero-marzo 2025;50
03059 Crevillent;13.-Otros ciberdelitos;enero-marzo 2025;6
03059 Crevillent;III. TOTAL INFRACCIONES PENALES;enero-marzo 2025;310
03063 Dénia;I. CRIMINALIDAD CONVENCIONAL;enero-marzo 2025;438
03063 Dénia;1. Homicidios dolosos y asesinatos consumados;enero-marzo 2025;0
03063 Dénia;2. Homicidios dolosos y asesinatos en grado tentativa;enero-marzo 2025;0
03063 Dénia;3. Delitos graves y menos graves de lesiones y riña tumultuaria;enero-marzo 2025;9
03063 Dénia;4. Secuestro;enero-marzo 2025;0
03063 Dénia;5. Delitos contra la libertad sexual;enero-marzo 2025;8
03063 Dénia;5.1.-Agresión sexual con penetración;enero-marzo 2025;0
03063 Dénia;5.2.-Resto de delitos contra la libertad sexual;enero-marzo 2025;8
03063 Dénia;6. Robos con violencia e intimidación;enero-marzo 2025;7
03063 Dénia;7. Robos con fuerza en domicilios, establecimientos y otras instalaciones;enero-marzo 2025;60
03063 Dénia;7.1.-Robos con fuerza en domicilios;enero-marzo 2025;49
03063 Dénia;8. Hurtos;enero-marzo 2025;126
03063 Dénia;9. Sustracciones de vehículos;enero-marzo 2025;8
03063 Dénia;10. Tráfico de drogas;enero-marzo 2025;10
03063 Dénia;11. Resto de criminalidad convencional;enero-marzo 2025;210
03063 Dénia;II. CIBERCRIMINALIDAD (infracciones penales cometidas en/por medio ciber);enero-marzo 2025;100
03063 Dénia;12.-Estafas informáticas;enero-marzo 2025;91
03063 Dénia;13.-Otros ciberdelitos;enero-marzo 2025;9
03063 Dénia;III. TOTAL INFRACCIONES PENALES;enero-marzo 2025;538
03065 Elche/Elx;I. CRIMINALIDAD CONVENCIONAL;enero-marzo 2025;1.915
03065 Elche/Elx;1. Homicidios dolosos y asesinatos consumados;enero-marzo 2025;0
03065 Elche/Elx;2. Homicidios dolosos y asesinatos en grado tentativa;enero-marzo 2025;2
03065 Elche/Elx;3. Delitos graves y menos graves de lesiones y riña tumultuaria;enero-marzo 2025;15
03065 Elche/Elx;4. Secuestro;enero-marzo 2025;0
03065 Elche/Elx;5. Delitos contra la libertad sexual;enero-marzo 2025;22
03065 Elche/Elx;5.1.-Agresión sexual con penetración;enero-marzo 2025;7
03065 Elche/Elx;5.2.-Resto de delitos contra la libertad sexual;enero-marzo 2025;15
03065 Elche/Elx;6. Robos con violencia e intimidación;enero-marzo 2025;27
03065 Elche/Elx;7. Robos con fuerza en domicilios, establecimientos y otras instalaciones;enero-marzo 2025;119
03065 Elche/Elx;7.1.-Robos con fuerza en domicilios;enero-marzo 2025;80
03065 Elche/Elx;8. Hurtos;enero-marzo 2025;632
03065 Elche/Elx;9. Sustracciones de vehículos;enero-marzo 2025;54
03065 Elche/Elx;10. Tráfico de drogas;enero-marzo 2025;41
03065 Elche/Elx;11. Resto de criminalidad convencional;enero-marzo 2025;1.003
03065 Elche/Elx;II. CIBERCRIMINALIDAD (infracciones penales cometidas en/por medio ciber);enero-marzo 2025;430
03065 Elche/Elx;12.-Estafas informáticas;enero-marzo 2025;368
03065 Elche/Elx;13.-Otros ciberdelitos;enero-marzo 2025;62
03065 Elche/Elx;III. TOTAL INFRACCIONES PENALES;enero-marzo 2025;2.345
03066 Elda;I. CRIMINALIDAD CONVENCIONAL;enero-marzo 2025;399
03066 Elda;1. Homicidios dolosos y asesinatos consumados;enero-marzo 2025;0
03066 Elda;2. Homicidios dolosos y asesinatos en grado tentativa;enero-marzo 2025;0
03066 Elda;3. Delitos graves y menos graves de lesiones y riña tumultuaria;enero-marzo 2025;4
03066 Elda;4. Secuestro;enero-marzo 2025;0
03066 Elda;5. Delitos contra la libertad sexual;enero-marzo 2025;2
03066 Elda;5.1.-Agresión sexual con penetración;enero-marzo 2025;0
03066 Elda;5.2.-Resto de delitos contra la libertad sexual;enero-marzo 2025;2
03066 Elda;6. Robos con violencia e intimidación;enero-marzo 2025;12
03066 Elda;7. Robos con fuerza en domicilios, establecimientos y otras instalaciones;enero-marzo 2025;36
03066 Elda;7.1.-Robos con fuerza en domicilios;enero-marzo 2025;28
03066 Elda;8. Hurtos;enero-marzo 2025;100
03066 Elda;9. Sustracciones de vehículos;enero-marzo 2025;7
03066 Elda;10. Tráfico de drogas;enero-marzo 2025;9
03066 Elda;11. Resto de criminalidad convencional;enero-marzo 2025;229
03066 Elda;II. CIBERCRIMINALIDAD (infracciones penales cometidas en/por medio ciber);enero-marzo 2025;142
03066 Elda;12.-Estafas informáticas;enero-marzo 2025;118
03066 Elda;13.-Otros ciberdelitos;enero-marzo 2025;24
03066 Elda;III. TOTAL INFRACCIONES PENALES;enero-marzo 2025;541
03079 Ibi;I. CRIMINALIDAD CONVENCIONAL;enero-marzo 2025;132
03079 Ibi;1. Homicidios dolosos y asesinatos consumados;enero-marzo 2025;0
03079 Ibi;2. Homicidios dolosos y asesinatos en grado tentativa;enero-marzo 2025;0
03079 Ibi;3. Delitos graves y menos graves de lesiones y riña tumultuaria;enero-marzo 2025;1
03079 Ibi;4. Secuestro;enero-marzo 2025;0
03079 Ibi;5. Delitos contra la libertad sexual;enero-marzo 2025;2
03079 Ibi;5.1.-Agresión sexual con penetración;enero-marzo 2025;0
03079 Ibi;5.2.-Resto de delitos contra la libertad sexual;enero-marzo 2025;2
03079 Ibi;6. Robos con violencia e intimidación;enero-marzo 2025;4
03079 Ibi;7. Robos con fuerza en domicilios, establecimientos y otras instalaciones;enero-marzo 2025;18
03079 Ibi;7.1.-Robos con fuerza en domicilios;enero-marzo 2025;17
03079 Ibi;8. Hurtos;enero-marzo 2025;33
03079 Ibi;9. Sustracciones de vehículos;enero-marzo 2025;1
03079 Ibi;10. Tráfico de drogas;enero-marzo 2025;1
03079 Ibi;11. Resto de criminalidad convencional;enero-marzo 2025;72
03079 Ibi;II. CIBERCRIMINALIDAD (infracciones penales cometidas en/por medio ciber);enero-marzo 2025;78
03079 Ibi;12.-Estafas informáticas;enero-marzo 2025;70
03079 Ibi;13.-Otros ciberdelitos;enero-marzo 2025;8
03079 Ibi;III. TOTAL INFRACCIONES PENALES;enero-marzo 2025;210
03082 Jávea/Xàbia;I. CRIMINALIDAD CONVENCIONAL;enero-marzo 2025;307
03082 Jávea/Xàbia;1. Homicidios dolosos y asesinatos consumados;enero-marzo 2025;0
03082 Jávea/Xàbia;2. Homicidios dolosos y asesinatos en grado tentativa;enero-marzo 2025;0
03082 Jávea/Xàbia;3. Delitos graves y menos graves de lesiones y riña tumultuaria;enero-marzo 2025;5
03082 Jávea/Xàbia;4. Secuestro;enero-marzo 2025;0
03082 Jávea/Xàbia;5. Delitos contra la libertad sexual;enero-marzo 2025;1
03082 Jávea/Xàbia;5.1.-Agresión sexual con penetración;enero-marzo 2025;0
03082 Jávea/Xàbia;5.2.-Resto de delitos contra la libertad sexual;enero-marzo 2025;1
03082 Jávea/Xàbia;6. Robos con violencia e intimidación;enero-marzo 2025;2
03082 Jávea/Xàbia;7. Robos con fuerza en domicilios, establecimientos y otras instalaciones;enero-marzo 2025;55
03082 Jávea/Xàbia;7.1.-Robos con fuerza en domicilios;enero-marzo 2025;53
03082 Jávea/Xàbia;8. Hurtos;enero-marzo 2025;75
03082 Jávea/Xàbia;9. Sustracciones de vehículos;enero-marzo 2025;6
03082 Jávea/Xàbia;10. Tráfico de drogas;enero-marzo 2025;2
03082 Jávea/Xàbia;11. Resto de criminalidad convencional;enero-marzo 2025;161
03082 Jávea/Xàbia;II. CIBERCRIMINALIDAD (infracciones penales cometidas en/por medio ciber);enero-marzo 2025;58
03082 Jávea/Xàbia;12.-Estafas informáticas;enero-marzo 2025;52
03082 Jávea/Xàbia;13.-Otros ciberdelitos;enero-marzo 2025;6
03082 Jávea/Xàbia;III. TOTAL INFRACCIONES PENALES;enero-marzo 2025;365
03090 Mutxamel;I. CRIMINALIDAD CONVENCIONAL;enero-marzo 2025;165
03090 Mutxamel;1. Homicidios dolosos y asesinatos consumados;enero-marzo 2025;0
03090 Mutxamel;2. Homicidios dolosos y asesinatos en grado tentativa;enero-marzo 2025;0
03090 Mutxamel;3. Delitos graves y menos graves de lesiones y riña tumultuaria;enero-marzo 2025;4
03090 Mutxamel;4. Secuestro;enero-marzo 2025;0
03090 Mutxamel;5. Delitos contra la libertad sexual;enero-marzo 2025;2
03090 Mutxamel;5.1.-Agresión sexual con penetración;enero-marzo 2025;0
03090 Mutxamel;5.2.-Resto de delitos contra la libertad sexual;enero-marzo 2025;2
03090 Mutxamel;6. Robos con violencia e intimidación;enero-marzo 2025;2
03090 Mutxamel;7. Robos con fuerza en domicilios, establecimientos y otras instalaciones;enero-marzo 2025;14
03090 Mutxamel;7.1.-Robos con fuerza en domicilios;enero-marzo 2025;13
03090 Mutxamel;8. Hurtos;enero-marzo 2025;30
03090 Mutxamel;9. Sustracciones de vehículos;enero-marzo 2025;0
03090 Mutxamel;10. Tráfico de drogas;enero-marzo 2025;3
03090 Mutxamel;11. Resto de criminalidad convencional;enero-marzo 2025;110
03090 Mutxamel;II. CIBERCRIMINALIDAD (infracciones penales cometidas en/por medio ciber);enero-marzo 2025;73
03090 Mutxamel;12.-Estafas informáticas;enero-marzo 2025;63
03090 Mutxamel;13.-Otros ciberdelitos;enero-marzo 2025;10
03090 Mutxamel;III. TOTAL INFRACCIONES PENALES;enero-marzo 2025;238
03093 Novelda;I. CRIMINALIDAD CONVENCIONAL;enero-marzo 2025;174
03093 Novelda;1. Homicidios dolosos y asesinatos consumados;enero-marzo 2025;0
03093 Novelda;2. Homicidios dolosos y asesinatos en grado tentativa;enero-marzo 2025;0
03093 Novelda;3. Delitos graves y menos graves de lesiones y riña tumultuaria;enero-marzo 2025;5
03093 Novelda;4. Secuestro;enero-marzo 2025;0
03093 Novelda;5. Delitos contra la libertad sexual;enero-marzo 2025;2
03093 Novelda;5.1.-Agresión sexual con penetración;enero-marzo 2025;0
03093 Novelda;5.2.-Resto de delitos contra la libertad sexual;enero-marzo 2025;2
03093 Novelda;6. Robos con violencia e intimidación;enero-marzo 2025;3
03093 Novelda;7. Robos con fuerza en domicilios, establecimientos y otras instalaciones;enero-marzo 2025;17
03093 Novelda;7.1.-Robos con fuerza en domicilios;enero-marzo 2025;14
03093 Novelda;8. Hurtos;enero-marzo 2025;46
03093 Novelda;9. Sustracciones de vehículos;enero-marzo 2025;1
03093 Novelda;10. Tráfico de drogas;enero-marzo 2025;1
03093 Novelda;11. Resto de criminalidad convencional;enero-marzo 2025;99
03093 Novelda;II. CIBERCRIMINALIDAD (infracciones penales cometidas en/por medio ciber);enero-marzo 2025;52
03093 Novelda;12.-Estafas informáticas;enero-marzo 2025;43
03093 Novelda;13.-Otros ciberdelitos;enero-marzo 2025;9
03093 Novelda;III. TOTAL INFRACCIONES PENALES;enero-marzo 2025;226
03099 Orihuela;I. CRIMINALIDAD CONVENCIONAL;enero-marzo 2025;1.003
03099 Orihuela;1. Homicidios dolosos y asesinatos consumados;enero-marzo 2025;0
03099 Orihuela;2. Homicidios dolosos y asesinatos en grado tentativa;enero-marzo 2025;2
03099 Orihuela;3. Delitos graves y menos graves de lesiones y riña tumultuaria;enero-marzo 2025;11
03099 Orihuela;4. Secuestro;enero-marzo 2025;0
03099 Orihuela;5. Delitos contra la libertad sexual;enero-marzo 2025;8
03099 Orihuela;5.1.-Agresión sexual con penetración;enero-marzo 2025;0
03099 Orihuela;5.2.-Resto de delitos contra la libertad sexual;enero-marzo 2025;8
03099 Orihuela;6. Robos con violencia e intimidación;enero-marzo 2025;20
03099 Orihuela;7. Robos con fuerza en domicilios, establecimientos y otras instalaciones;enero-marzo 2025;189
03099 Orihuela;7.1.-Robos con fuerza en domicilios;enero-marzo 2025;172
03099 Orihuela;8. Hurtos;enero-marzo 2025;286
03099 Orihuela;9. Sustracciones de vehículos;enero-marzo 2025;32
03099 Orihuela;10. Tráfico de drogas;enero-marzo 2025;11
03099 Orihuela;11. Resto de criminalidad convencional;enero-marzo 2025;444
03099 Orihuela;II. CIBERCRIMINALIDAD (infracciones penales cometidas en/por medio ciber);enero-marzo 2025;164
03099 Orihuela;12.-Estafas informáticas;enero-marzo 2025;150
03099 Orihuela;13.-Otros ciberdelitos;enero-marzo 2025;14
03099 Orihuela;III. TOTAL INFRACCIONES PENALES;enero-marzo 2025;1.167
03104 Petrer;I. CRIMINALIDAD CONVENCIONAL;enero-marzo 2025;117
03104 Petrer;1. Homicidios dolosos y asesinatos consumados;enero-marzo 2025;0
03104 Petrer;2. Homicidios dolosos y asesinatos en grado tentativa;enero-marzo 2025;0
03104 Petrer;3. Delitos graves y menos graves de lesiones y riña tumultuaria;enero-marzo 2025;4
03104 Petrer;4. Secuestro;enero-marzo 2025;0
03104 Petrer;5. Delitos contra la libertad sexual;enero-marzo 2025;1
03104 Petrer;5.1.-Agresión sexual con penetración;enero-marzo 2025;0
03104 Petrer;5.2.-Resto de delitos contra la libertad sexual;enero-marzo 2025;1
03104 Petrer;6. Robos con violencia e intimidación;enero-marzo 2025;1
03104 Petrer;7. Robos con fuerza en domicilios, establecimientos y otras instalaciones;enero-marzo 2025;9
03104 Petrer;7.1.-Robos con fuerza en domicilios;enero-marzo 2025;9
03104 Petrer;8. Hurtos;enero-marzo 2025;26
03104 Petrer;9. Sustracciones de vehículos;enero-marzo 2025;3
03104 Petrer;10. Tráfico de drogas;enero-marzo 2025;0
03104 Petrer;11. Resto de criminalidad convencional;enero-marzo 2025;73
03104 Petrer;II. CIBERCRIMINALIDAD (infracciones penales cometidas en/por medio ciber);enero-marzo 2025;54
03104 Petrer;12.-Estafas informáticas;enero-marzo 2025;42
03104 Petrer;13.-Otros ciberdelitos;enero-marzo 2025;12
03104 Petrer;III. TOTAL INFRACCIONES PENALES;enero-marzo 2025;171
03902 Pilar de la Horadada;I. CRIMINALIDAD CONVENCIONAL;enero-marzo 2025;260
03902 Pilar de la Horadada;1. Homicidios dolosos y asesinatos consumados;enero-marzo 2025;1
03902 Pilar de la Horadada;2. Homicidios dolosos y asesinatos en grado tentativa;enero-marzo 2025;0
03902 Pilar de la Horadada;3. Delitos graves y menos graves de lesiones y riña tumultuaria;enero-marzo 2025;2
03902 Pilar de la Horadada;4. Secuestro;enero-marzo 2025;0
03902 Pilar de la Horadada;5. Delitos contra la libertad sexual;enero-marzo 2025;6
03902 Pilar de la Horadada;5.1.-Agresión sexual con penetración;enero-marzo 2025;1
03902 Pilar de la Horadada;5.2.-Resto de delitos contra la libertad sexual;enero-marzo 2025;5
03902 Pilar de la Horadada;6. Robos con violencia e intimidación;enero-marzo 2025;6
03902 Pilar de la Horadada;7. Robos con fuerza en domicilios, establecimientos y otras instalaciones;enero-marzo 2025;48
03902 Pilar de la Horadada;7.1.-Robos con fuerza en domicilios;enero-marzo 2025;41
03902 Pilar de la Horadada;8. Hurtos;enero-marzo 2025;56
03902 Pilar de la Horadada;9. Sustracciones de vehículos;enero-marzo 2025;5
03902 Pilar de la Horadada;10. Tráfico de drogas;enero-marzo 2025;9
03902 Pilar de la Horadada;11. Resto de criminalidad convencional;enero-marzo 2025;127
03902 Pilar de la Horadada;II. CIBERCRIMINALIDAD (infracciones penales cometidas en/por medio ciber);enero-marzo 2025;67
03902 Pilar de la Horadada;12.-Estafas informáticas;enero-marzo 2025;59
03902 Pilar de la Horadada;13.-Otros ciberdelitos;enero-marzo 2025;8
03902 Pilar de la Horadada;III. TOTAL INFRACCIONES PENALES;enero-marzo 2025;327
03122 San Vicente del Raspeig/Sant Vicent del Raspeig;I. CRIMINALIDAD CONVENCIONAL;enero-marzo 2025;497
03122 San Vicente del Raspeig/Sant Vicent del Raspeig;1. Homicidios dolosos y asesinatos consumados;enero-marzo 2025;0
03122 San Vicente del Raspeig/Sant Vicent del Raspeig;2. Homicidios dolosos y asesinatos en grado tentativa;enero-marzo 2025;1
03122 San Vicente del Raspeig/Sant Vicent del Raspeig;3. Delitos graves y menos graves de lesiones y riña tumultuaria;enero-marzo 2025;8
03122 San Vicente del Raspeig/Sant Vicent del Raspeig;4. Secuestro;enero-marzo 2025;0
03122 San Vicente del Raspeig/Sant Vicent del Raspeig;5. Delitos contra la libertad sexual;enero-marzo 2025;7
03122 San Vicente del Raspeig/Sant Vicent del Raspeig;5.1.-Agresión sexual con penetración;enero-marzo 2025;2
03122 San Vicente del Raspeig/Sant Vicent del Raspeig;5.2.-Resto de delitos contra la libertad sexual;enero-marzo 2025;5
03122 San Vicente del Raspeig/Sant Vicent del Raspeig;6. Robos con violencia e intimidación;enero-marzo 2025;3
03122 San Vicente del Raspeig/Sant Vicent del Raspeig;7. Robos con fuerza en domicilios, establecimientos y otras instalaciones;enero-marzo 2025;30
03122 San Vicente del Raspeig/Sant Vicent del Raspeig;7.1.-Robos con fuerza en domicilios;enero-marzo 2025;28
03122 San Vicente del Raspeig/Sant Vicent del Raspeig;8. Hurtos;enero-marzo 2025;152
03122 San Vicente del Raspeig/Sant Vicent del Raspeig;9. Sustracciones de vehículos;enero-marzo 2025;7
03122 San Vicente del Raspeig/Sant Vicent del Raspeig;10. Tráfico de drogas;enero-marzo 2025;3
03122 San Vicente del Raspeig/Sant Vicent del Raspeig;11. Resto de criminalidad convencional;enero-marzo 2025;286
03122 San Vicente del Raspeig/Sant Vicent del Raspeig;II. CIBERCRIMINALIDAD (infracciones penales cometidas en/por medio ciber);enero-marzo 2025;142
03122 San Vicente del Raspeig/Sant Vicent del Raspeig;12.-Estafas informáticas;enero-marzo 2025;120
03122 San Vicente del Raspeig/Sant Vicent del Raspeig;13.-Otros ciberdelitos;enero-marzo 2025;22
03122 San Vicente del Raspeig/Sant Vicent del Raspeig;III. TOTAL INFRACCIONES PENALES;enero-marzo 2025;639
03119 Sant Joan d'Alacant;I. CRIMINALIDAD CONVENCIONAL;enero-marzo 2025;188
03119 Sant Joan d'Alacant;1. Homicidios dolosos y asesinatos consumados;enero-marzo 2025;0
03119 Sant Joan d'Alacant;2. Homicidios dolosos y asesinatos en grado tentativa;enero-marzo 2025;0
03119 Sant Joan d'Alacant;3. Delitos graves y menos graves de lesiones y riña tumultuaria;enero-marzo 2025;5
03119 Sant Joan d'Alacant;4. Secuestro;enero-marzo 2025;0
03119 Sant Joan d'Alacant;5. Delitos contra la libertad sexual;enero-marzo 2025;1
03119 Sant Joan d'Alacant;5.1.-Agresión sexual con penetración;enero-marzo 2025;0
03119 Sant Joan d'Alacant;5.2.-Resto de delitos contra la libertad sexual;enero-marzo 2025;1
03119 Sant Joan d'Alacant;6. Robos con violencia e intimidación;enero-marzo 2025;1
03119 Sant Joan d'Alacant;7. Robos con fuerza en domicilios, establecimientos y otras instalaciones;enero-marzo 2025;16
03119 Sant Joan d'Alacant;7.1.-Robos con fuerza en domicilios;enero-marzo 2025;11
03119 Sant Joan d'Alacant;8. Hurtos;enero-marzo 2025;63
03119 Sant Joan d'Alacant;9. Sustracciones de vehículos;enero-marzo 2025;1
03119 Sant Joan d'Alacant;10. Tráfico de drogas;enero-marzo 2025;2
03119 Sant Joan d'Alacant;11. Resto de criminalidad convencional;enero-marzo 2025;99
03119 Sant Joan d'Alacant;II. CIBERCRIMINALIDAD (infracciones penales cometidas en/por medio ciber);enero-marzo 2025;88
03119 Sant Joan d'Alacant;12.-Estafas informáticas;enero-marzo 2025;80
03119 Sant Joan d'Alacant;13.-Otros ciberdelitos;enero-marzo 2025;8
03119 Sant Joan d'Alacant;III. TOTAL INFRACCIONES PENALES;enero-marzo 2025;276
03121 Santa Pola;I. CRIMINALIDAD CONVENCIONAL;enero-marzo 2025;432
03121 Santa Pola;1. Homicidios dolosos y asesinatos consumados;enero-marzo 2025;0
03121 Santa Pola;2. Homicidios dolosos y asesinatos en grado tentativa;enero-marzo 2025;0
03121 Santa Pola;3. Delitos graves y menos graves de lesiones y riña tumultuaria;enero-marzo 2025;6
03121 Santa Pola;4. Secuestro;enero-marzo 2025;0
03121 Santa Pola;5. Delitos contra la libertad sexual;enero-marzo 2025;3
03121 Santa Pola;5.1.-Agresión sexual con penetración;enero-marzo 2025;0
03121 Santa Pola;5.2.-Resto de delitos contra la libertad sexual;enero-marzo 2025;3
03121 Santa Pola;6. Robos con violencia e intimidación;enero-marzo 2025;8
03121 Santa Pola;7. Robos con fuerza en domicilios, establecimientos y otras instalaciones;enero-marzo 2025;35
03121 Santa Pola;7.1.-Robos con fuerza en domicilios;enero-marzo 2025;33
03121 Santa Pola;8. Hurtos;enero-marzo 2025;132
03121 Santa Pola;9. Sustracciones de vehículos;enero-marzo 2025;3
03121 Santa Pola;10. Tráfico de drogas;enero-marzo 2025;5
03121 Santa Pola;11. Resto de criminalidad convencional;enero-marzo 2025;240
03121 Santa Pola;II. CIBERCRIMINALIDAD (infracciones penales cometidas en/por medio ciber);enero-marzo 2025;123
03121 Santa Pola;12.-Estafas informáticas;enero-marzo 2025;106
03121 Santa Pola;13.-Otros ciberdelitos;enero-marzo 2025;17
03121 Santa Pola;III. TOTAL INFRACCIONES PENALES;enero-marzo 2025;555
03133 Torrevieja;I. CRIMINALIDAD CONVENCIONAL;enero-marzo 2025;1.893
03133 Torrevieja;1. Homicidios dolosos y asesinatos consumados;enero-marzo 2025;0
03133 Torrevieja;2. Homicidios dolosos y asesinatos en grado tentativa;enero-marzo 2025;1
03133 Torrevieja;3. Delitos graves y menos graves de lesiones y riña tumultuaria;enero-marzo 2025;32
03133 Torrevieja;4. Secuestro;enero-marzo 2025;0
03133 Torrevieja;5. Delitos contra la libertad sexual;enero-marzo 2025;22
03133 Torrevieja;5.1.-Agresión sexual con penetración;enero-marzo 2025;3
03133 Torrevieja;5.2.-Resto de delitos contra la libertad sexual;enero-marzo 2025;19
03133 Torrevieja;6. Robos con violencia e intimidación;enero-marzo 2025;55
03133 Torrevieja;7. Robos con fuerza en domicilios, establecimientos y otras instalaciones;enero-marzo 2025;142
03133 Torrevieja;7.1.-Robos con fuerza en domicilios;enero-marzo 2025;132
03133 Torrevieja;8. Hurtos;enero-marzo 2025;519
03133 Torrevieja;9. Sustracciones de vehículos;enero-marzo 2025;25
03133 Torrevieja;10. Tráfico de drogas;enero-marzo 2025;26
03133 Torrevieja;11. Resto de criminalidad convencional;enero-marzo 2025;1.071
03133 Torrevieja;II. CIBERCRIMINALIDAD (infracciones penales cometidas en/por medio ciber);enero-marzo 2025;208
03133 Torrevieja;12.-Estafas informáticas;enero-marzo 2025;176
03133 Torrevieja;13.-Otros ciberdelitos;enero-marzo 2025;32
03133 Torrevieja;III. TOTAL INFRACCIONES PENALES;enero-marzo 2025;2.101
03139 Villajoyosa/Vila Joiosa (la);I. CRIMINALIDAD CONVENCIONAL;enero-marzo 2025;344
03139 Villajoyosa/Vila Joiosa (la);1. Homicidios dolosos y asesinatos consumados;enero-marzo 2025;0
03139 Villajoyosa/Vila Joiosa (la);2. Homicidios dolosos y asesinatos en grado tentativa;enero-marzo 2025;5
03139 Villajoyosa/Vila Joiosa (la);3. Delitos graves y menos graves de lesiones y riña tumultuaria;enero-marzo 2025;6
03139 Villajoyosa/Vila Joiosa (la);4. Secuestro;enero-marzo 2025;0
03139 Villajoyosa/Vila Joiosa (la);5. Delitos contra la libertad sexual;enero-marzo 2025;6
03139 Villajoyosa/Vila Joiosa (la);5.1.-Agresión sexual con penetración;enero-marzo 2025;1
03139 Villajoyosa/Vila Joiosa (la);5.2.-Resto de delitos contra la libertad sexual;enero-marzo 2025;5
03139 Villajoyosa/Vila Joiosa (la);6. Robos con violencia e intimidación;enero-marzo 2025;2
03139 Villajoyosa/Vila Joiosa (la);7. Robos con fuerza en domicilios, establecimientos y otras instalaciones;enero-marzo 2025;24
03139 Villajoyosa/Vila Joiosa (la);7.1.-Robos con fuerza en domicilios;enero-marzo 2025;18
03139 Villajoyosa/Vila Joiosa (la);8. Hurtos;enero-marzo 2025;111
03139 Villajoyosa/Vila Joiosa (la);9. Sustracciones de vehículos;enero-marzo 2025;8
03139 Villajoyosa/Vila Joiosa (la);10. Tráfico de drogas;enero-marzo 2025;2
03139 Villajoyosa/Vila Joiosa (la);11. Resto de criminalidad convencional;enero-marzo 2025;180
03139 Villajoyosa/Vila Joiosa (la);II. CIBERCRIMINALIDAD (infracciones penales cometidas en/por medio ciber);enero-marzo 2025;85
03139 Villajoyosa/Vila Joiosa (la);12.-Estafas informáticas;enero-marzo 2025;82
03139 Villajoyosa/Vila Joiosa (la);13.-Otros ciberdelitos;enero-marzo 2025;3
03139 Villajoyosa/Vila Joiosa (la);III. TOTAL INFRACCIONES PENALES;enero-marzo 2025;429
03140 Villena;I. CRIMINALIDAD CONVENCIONAL;enero-marzo 2025;261
03140 Villena;1. Homicidios dolosos y asesinatos consumados;enero-marzo 2025;0
03140 Villena;2. Homicidios dolosos y asesinatos en grado tentativa;enero-marzo 2025;1
03140 Villena;3. Delitos graves y menos graves de lesiones y riña tumultuaria;enero-marzo 2025;5
03140 Villena;4. Secuestro;enero-marzo 2025;0
03140 Villena;5. Delitos contra la libertad sexual;enero-marzo 2025;3
03140 Villena;5.1.-Agresión sexual con penetración;enero-marzo 2025;0
03140 Villena;5.2.-Resto de delitos contra la libertad sexual;enero-marzo 2025;3
03140 Villena;6. Robos con violencia e intimidación;enero-marzo 2025;0
03140 Villena;7. Robos con fuerza en domicilios, establecimientos y otras instalaciones;enero-marzo 2025;43
03140 Villena;7.1.-Robos con fuerza en domicilios;enero-marzo 2025;38
03140 Villena;8. Hurtos;enero-marzo 2025;54
03140 Villena;9. Sustracciones de vehículos;enero-marzo 2025;1
03140 Villena;10. Tráfico de drogas;enero-marzo 2025;2
03140 Villena;11. Resto de criminalidad convencional;enero-marzo 2025;152
03140 Villena;II. CIBERCRIMINALIDAD (infracciones penales cometidas en/por medio ciber);enero-marzo 2025;63
03140 Villena;12.-Estafas informáticas;enero-marzo 2025;61
03140 Villena;13.-Otros ciberdelitos;enero-marzo 2025;2
03140 Villena;III. TOTAL INFRACCIONES PENALES;enero-marzo 2025;324
Provincia de CASTELLÓN/CASTELLÓ;I. CRIMINALIDAD CONVENCIONAL;enero-marzo 2025;5.364
Provincia de CASTELLÓN/CASTELLÓ;1. Homicidios dolosos y asesinatos consumados;enero-marzo 2025;3
Provincia de CASTELLÓN/CASTELLÓ;2. Homicidios dolosos y asesinatos en grado tentativa;enero-marzo 2025;4
Provincia de CASTELLÓN/CASTELLÓ;3. Delitos graves y menos graves de lesiones y riña tumultuaria;enero-marzo 2025;91
Provincia de CASTELLÓN/CASTELLÓ;4. Secuestro;enero-marzo 2025;1
Provincia de CASTELLÓN/CASTELLÓ;5. Delitos contra la libertad sexual;enero-marzo 2025;54
Provincia de CASTELLÓN/CASTELLÓ;5.1.-Agresión sexual con penetración;enero-marzo 2025;10
Provincia de CASTELLÓN/CASTELLÓ;5.2.-Resto de delitos contra la libertad sexual;enero-marzo 2025;44
Provincia de CASTELLÓN/CASTELLÓ;6. Robos con violencia e intimidación;enero-marzo 2025;85
Provincia de CASTELLÓN/CASTELLÓ;7. Robos con fuerza en domicilios, establecimientos y otras instalaciones;enero-marzo 2025;434
Provincia de CASTELLÓN/CASTELLÓ;7.1.-Robos con fuerza en domicilios;enero-marzo 2025;329
Provincia de CASTELLÓN/CASTELLÓ;8. Hurtos;enero-marzo 2025;1.406
Provincia de CASTELLÓN/CASTELLÓ;9. Sustracciones de vehículos;enero-marzo 2025;45
Provincia de CASTELLÓN/CASTELLÓ;10. Tráfico de drogas;enero-marzo 2025;33
Provincia de CASTELLÓN/CASTELLÓ;11. Resto de criminalidad convencional;enero-marzo 2025;3.208
Provincia de CASTELLÓN/CASTELLÓ;II. CIBERCRIMINALIDAD (infracciones penales cometidas en/por medio ciber);enero-marzo 2025;1.262
Provincia de CASTELLÓN/CASTELLÓ;12.-Estafas informáticas;enero-marzo 2025;1.093
Provincia de CASTELLÓN/CASTELLÓ;13.-Otros ciberdelitos;enero-marzo 2025;169
Provincia de CASTELLÓN/CASTELLÓ;III. TOTAL INFRACCIONES PENALES;enero-marzo 2025;6.626
12009 Almazora/Almassora;I. CRIMINALIDAD CONVENCIONAL;enero-marzo 2025;383
12009 Almazora/Almassora;1. Homicidios dolosos y asesinatos consumados;enero-marzo 2025;0
12009 Almazora/Almassora;2. Homicidios dolosos y asesinatos en grado tentativa;enero-marzo 2025;0
12009 Almazora/Almassora;3. Delitos graves y menos graves de lesiones y riña tumultuaria;enero-marzo 2025;6
12009 Almazora/Almassora;4. Secuestro;enero-marzo 2025;0
12009 Almazora/Almassora;5. Delitos contra la libertad sexual;enero-marzo 2025;0
12009 Almazora/Almassora;5.1.-Agresión sexual con penetración;enero-marzo 2025;0
12009 Almazora/Almassora;5.2.-Resto de delitos contra la libertad sexual;enero-marzo 2025;0
12009 Almazora/Almassora;6. Robos con violencia e intimidación;enero-marzo 2025;2
12009 Almazora/Almassora;7. Robos con fuerza en domicilios, establecimientos y otras instalaciones;enero-marzo 2025;29
12009 Almazora/Almassora;7.1.-Robos con fuerza en domicilios;enero-marzo 2025;24
12009 Almazora/Almassora;8. Hurtos;enero-marzo 2025;87
12009 Almazora/Almassora;9. Sustracciones de vehículos;enero-marzo 2025;3
12009 Almazora/Almassora;10. Tráfico de drogas;enero-marzo 2025;3
12009 Almazora/Almassora;11. Resto de criminalidad convencional;enero-marzo 2025;253
12009 Almazora/Almassora;II. CIBERCRIMINALIDAD (infracciones penales cometidas en/por medio ciber);enero-marzo 2025;42
12009 Almazora/Almassora;12.-Estafas informáticas;enero-marzo 2025;36
12009 Almazora/Almassora;13.-Otros ciberdelitos;enero-marzo 2025;6
12009 Almazora/Almassora;III. TOTAL INFRACCIONES PENALES;enero-marzo 2025;425
12027 Benicarló;I. CRIMINALIDAD CONVENCIONAL;enero-marzo 2025;352
12027 Benicarló;1. Homicidios dolosos y asesinatos consumados;enero-marzo 2025;0
12027 Benicarló;2. Homicidios dolosos y asesinatos en grado tentativa;enero-marzo 2025;0
12027 Benicarló;3. Delitos graves y menos graves de lesiones y riña tumultuaria;enero-marzo 2025;1
12027 Benicarló;4. Secuestro;enero-marzo 2025;0
12027 Benicarló;5. Delitos contra la libertad sexual;enero-marzo 2025;3
12027 Benicarló;5.1.-Agresión sexual con penetración;enero-marzo 2025;2
12027 Benicarló;5.2.-Resto de delitos contra la libertad sexual;enero-marzo 2025;1
12027 Benicarló;6. Robos con violencia e intimidación;enero-marzo 2025;14
12027 Benicarló;7. Robos con fuerza en domicilios, establecimientos y otras instalaciones;enero-marzo 2025;16
12027 Benicarló;7.1.-Robos con fuerza en domicilios;enero-marzo 2025;11
12027 Benicarló;8. Hurtos;enero-marzo 2025;114
12027 Benicarló;9. Sustracciones de vehículos;enero-marzo 2025;1
12027 Benicarló;10. Tráfico de drogas;enero-marzo 2025;1
12027 Benicarló;11. Resto de criminalidad convencional;enero-marzo 2025;202
12027 Benicarló;II. CIBERCRIMINALIDAD (infracciones penales cometidas en/por medio ciber);enero-marzo 2025;110
12027 Benicarló;12.-Estafas informáticas;enero-marzo 2025;96
12027 Benicarló;13.-Otros ciberdelitos;enero-marzo 2025;14
12027 Benicarló;III. TOTAL INFRACCIONES PENALES;enero-marzo 2025;462
12028 Benicasim/Benicàssim;I. CRIMINALIDAD CONVENCIONAL;enero-marzo 2025;165
12028 Benicasim/Benicàssim;1. Homicidios dolosos y asesinatos consumados;enero-marzo 2025;1
12028 Benicasim/Benicàssim;2. Homicidios dolosos y asesinatos en grado tentativa;enero-marzo 2025;0
12028 Benicasim/Benicàssim;3. Delitos graves y menos graves de lesiones y riña tumultuaria;enero-marzo 2025;3
12028 Benicasim/Benicàssim;4. Secuestro;enero-marzo 2025;0
12028 Benicasim/Benicàssim;5. Delitos contra la libertad sexual;enero-marzo 2025;1
12028 Benicasim/Benicàssim;5.1.-Agresión sexual con penetración;enero-marzo 2025;0
12028 Benicasim/Benicàssim;5.2.-Resto de delitos contra la libertad sexual;enero-marzo 2025;1
12028 Benicasim/Benicàssim;6. Robos con violencia e intimidación;enero-marzo 2025;3
12028 Benicasim/Benicàssim;7. Robos con fuerza en domicilios, establecimientos y otras instalaciones;enero-marzo 2025;17
12028 Benicasim/Benicàssim;7.1.-Robos con fuerza en domicilios;enero-marzo 2025;12
12028 Benicasim/Benicàssim;8. Hurtos;enero-marzo 2025;32
12028 Benicasim/Benicàssim;9. Sustracciones de vehículos;enero-marzo 2025;0
12028 Benicasim/Benicàssim;10. Tráfico de drogas;enero-marzo 2025;0
12028 Benicasim/Benicàssim;11. Resto de criminalidad convencional;enero-marzo 2025;108
12028 Benicasim/Benicàssim;II. CIBERCRIMINALIDAD (infracciones penales cometidas en/por medio ciber);enero-marzo 2025;58
12028 Benicasim/Benicàssim;12.-Estafas informáticas;enero-marzo 2025;53
12028 Benicasim/Benicàssim;13.-Otros ciberdelitos;enero-marzo 2025;5
12028 Benicasim/Benicàssim;III. TOTAL INFRACCIONES PENALES;enero-marzo 2025;223
12032 Borriana/Burriana;I. CRIMINALIDAD CONVENCIONAL;enero-marzo 2025;412
12032 Borriana/Burriana;1. Homicidios dolosos y asesinatos consumados;enero-marzo 2025;0
12032 Borriana/Burriana;2. Homicidios dolosos y asesinatos en grado tentativa;enero-marzo 2025;1
12032 Borriana/Burriana;3. Delitos graves y menos graves de lesiones y riña tumultuaria;enero-marzo 2025;3
12032 Borriana/Burriana;4. Secuestro;enero-marzo 2025;1
12032 Borriana/Burriana;5. Delitos contra la libertad sexual;enero-marzo 2025;3
12032 Borriana/Burriana;5.1.-Agresión sexual con penetración;enero-marzo 2025;0
12032 Borriana/Burriana;5.2.-Resto de delitos contra la libertad sexual;enero-marzo 2025;3
12032 Borriana/Burriana;6. Robos con violencia e intimidación;enero-marzo 2025;12
12032 Borriana/Burriana;7. Robos con fuerza en domicilios, establecimientos y otras instalaciones;enero-marzo 2025;37
12032 Borriana/Burriana;7.1.-Robos con fuerza en domicilios;enero-marzo 2025;32
12032 Borriana/Burriana;8. Hurtos;enero-marzo 2025;99
12032 Borriana/Burriana;9. Sustracciones de vehículos;enero-marzo 2025;1
12032 Borriana/Burriana;10. Tráfico de drogas;enero-marzo 2025;1
12032 Borriana/Burriana;11. Resto de criminalidad convencional;enero-marzo 2025;254
12032 Borriana/Burriana;II. CIBERCRIMINALIDAD (infracciones penales cometidas en/por medio ciber);enero-marzo 2025;127
12032 Borriana/Burriana;12.-Estafas informáticas;enero-marzo 2025;111
12032 Borriana/Burriana;13.-Otros ciberdelitos;enero-marzo 2025;16
12032 Borriana/Burriana;III. TOTAL INFRACCIONES PENALES;enero-marzo 2025;539
12040 Castellón de la Plana/Castelló de la Plana;I. CRIMINALIDAD CONVENCIONAL;enero-marzo 2025;1.607
12040 Castellón de la Plana/Castelló de la Plana;1. Homicidios dolosos y asesinatos consumados;enero-marzo 2025;0
12040 Castellón de la Plana/Castelló de la Plana;2. Homicidios dolosos y asesinatos en grado tentativa;enero-marzo 2025;1
12040 Castellón de la Plana/Castelló de la Plana;3. Delitos graves y menos graves de lesiones y riña tumultuaria;enero-marzo 2025;38
12040 Castellón de la Plana/Castelló de la Plana;4. Secuestro;enero-marzo 2025;0
12040 Castellón de la Plana/Castelló de la Plana;5. Delitos contra la libertad sexual;enero-marzo 2025;23
12040 Castellón de la Plana/Castelló de la Plana;5.1.-Agresión sexual con penetración;enero-marzo 2025;3
12040 Castellón de la Plana/Castelló de la Plana;5.2.-Resto de delitos contra la libertad sexual;enero-marzo 2025;20
12040 Castellón de la Plana/Castelló de la Plana;6. Robos con violencia e intimidación;enero-marzo 2025;35
12040 Castellón de la Plana/Castelló de la Plana;7. Robos con fuerza en domicilios, establecimientos y otras instalaciones;enero-marzo 2025;116
12040 Castellón de la Plana/Castelló de la Plana;7.1.-Robos con fuerza en domicilios;enero-marzo 2025;92
12040 Castellón de la Plana/Castelló de la Plana;8. Hurtos;enero-marzo 2025;573
12040 Castellón de la Plana/Castelló de la Plana;9. Sustracciones de vehículos;enero-marzo 2025;25
12040 Castellón de la Plana/Castelló de la Plana;10. Tráfico de drogas;enero-marzo 2025;9
12040 Castellón de la Plana/Castelló de la Plana;11. Resto de criminalidad convencional;enero-marzo 2025;787
12040 Castellón de la Plana/Castelló de la Plana;II. CIBERCRIMINALIDAD (infracciones penales cometidas en/por medio ciber);enero-marzo 2025;331
12040 Castellón de la Plana/Castelló de la Plana;12.-Estafas informáticas;enero-marzo 2025;297
12040 Castellón de la Plana/Castelló de la Plana;13.-Otros ciberdelitos;enero-marzo 2025;34
12040 Castellón de la Plana/Castelló de la Plana;III. TOTAL INFRACCIONES PENALES;enero-marzo 2025;1.938
12084 Onda;I. CRIMINALIDAD CONVENCIONAL;enero-marzo 2025;200
12084 Onda;1. Homicidios dolosos y asesinatos consumados;enero-marzo 2025;1
12084 Onda;2. Homicidios dolosos y asesinatos en grado tentativa;enero-marzo 2025;0
12084 Onda;3. Delitos graves y menos graves de lesiones y riña tumultuaria;enero-marzo 2025;1
12084 Onda;4. Secuestro;enero-marzo 2025;0
12084 Onda;5. Delitos contra la libertad sexual;enero-marzo 2025;0
12084 Onda;5.1.-Agresión sexual con penetración;enero-marzo 2025;0
12084 Onda;5.2.-Resto de delitos contra la libertad sexual;enero-marzo 2025;0
12084 Onda;6. Robos con violencia e intimidación;enero-marzo 2025;1
12084 Onda;7. Robos con fuerza en domicilios, establecimientos y otras instalaciones;enero-marzo 2025;14
12084 Onda;7.1.-Robos con fuerza en domicilios;enero-marzo 2025;11
12084 Onda;8. Hurtos;enero-marzo 2025;40
12084 Onda;9. Sustracciones de vehículos;enero-marzo 2025;1
12084 Onda;10. Tráfico de drogas;enero-marzo 2025;2
12084 Onda;11. Resto de criminalidad convencional;enero-marzo 2025;140
12084 Onda;II. CIBERCRIMINALIDAD (infracciones penales cometidas en/por medio ciber);enero-marzo 2025;33
12084 Onda;12.-Estafas informáticas;enero-marzo 2025;24
12084 Onda;13.-Otros ciberdelitos;enero-marzo 2025;9
12084 Onda;III. TOTAL INFRACCIONES PENALES;enero-marzo 2025;233
12126 Vall d'Uixó (la);I. CRIMINALIDAD CONVENCIONAL;enero-marzo 2025;257
12126 Vall d'Uixó (la);1. Homicidios dolosos y asesinatos consumados;enero-marzo 2025;0
12126 Vall d'Uixó (la);2. Homicidios dolosos y asesinatos en grado tentativa;enero-marzo 2025;0
12126 Vall d'Uixó (la);3. Delitos graves y menos graves de lesiones y riña tumultuaria;enero-marzo 2025;5
12126 Vall d'Uixó (la);4. Secuestro;enero-marzo 2025;0
12126 Vall d'Uixó (la);5. Delitos contra la libertad sexual;enero-marzo 2025;3
12126 Vall d'Uixó (la);5.1.-Agresión sexual con penetración;enero-marzo 2025;1
12126 Vall d'Uixó (la);5.2.-Resto de delitos contra la libertad sexual;enero-marzo 2025;2
12126 Vall d'Uixó (la);6. Robos con violencia e intimidación;enero-marzo 2025;1
12126 Vall d'Uixó (la);7. Robos con fuerza en domicilios, establecimientos y otras instalaciones;enero-marzo 2025;27
12126 Vall d'Uixó (la);7.1.-Robos con fuerza en domicilios;enero-marzo 2025;18
12126 Vall d'Uixó (la);8. Hurtos;enero-marzo 2025;69
12126 Vall d'Uixó (la);9. Sustracciones de vehículos;enero-marzo 2025;1
12126 Vall d'Uixó (la);10. Tráfico de drogas;enero-marzo 2025;0
12126 Vall d'Uixó (la);11. Resto de criminalidad convencional;enero-marzo 2025;151
12126 Vall d'Uixó (la);II. CIBERCRIMINALIDAD (infracciones penales cometidas en/por medio ciber);enero-marzo 2025;59
12126 Vall d'Uixó (la);12.-Estafas informáticas;enero-marzo 2025;47
12126 Vall d'Uixó (la);13.-Otros ciberdelitos;enero-marzo 2025;12
12126 Vall d'Uixó (la);III. TOTAL INFRACCIONES PENALES;enero-marzo 2025;316
12135 Vila-real;I. CRIMINALIDAD CONVENCIONAL;enero-marzo 2025;249
12135 Vila-real;1. Homicidios dolosos y asesinatos consumados;enero-marzo 2025;1
12135 Vila-real;2. Homicidios dolosos y asesinatos en grado tentativa;enero-marzo 2025;0
12135 Vila-real;3. Delitos graves y menos graves de lesiones y riña tumultuaria;enero-marzo 2025;4
12135 Vila-real;4. Secuestro;enero-marzo 2025;0
12135 Vila-real;5. Delitos contra la libertad sexual;enero-marzo 2025;2
12135 Vila-real;5.1.-Agresión sexual con penetración;enero-marzo 2025;1
12135 Vila-real;5.2.-Resto de delitos contra la libertad sexual;enero-marzo 2025;1
12135 Vila-real;6. Robos con violencia e intimidación;enero-marzo 2025;4
12135 Vila-real;7. Robos con fuerza en domicilios, establecimientos y otras instalaciones;enero-marzo 2025;22
12135 Vila-real;7.1.-Robos con fuerza en domicilios;enero-marzo 2025;15
12135 Vila-real;8. Hurtos;enero-marzo 2025;55
12135 Vila-real;9. Sustracciones de vehículos;enero-marzo 2025;6
12135 Vila-real;10. Tráfico de drogas;enero-marzo 2025;0
12135 Vila-real;11. Resto de criminalidad convencional;enero-marzo 2025;155
12135 Vila-real;II. CIBERCRIMINALIDAD (infracciones penales cometidas en/por medio ciber);enero-marzo 2025;73
12135 Vila-real;12.-Estafas informáticas;enero-marzo 2025;67
12135 Vila-real;13.-Otros ciberdelitos;enero-marzo 2025;6
12135 Vila-real;III. TOTAL INFRACCIONES PENALES;enero-marzo 2025;322
12138 Vinaròs;I. CRIMINALIDAD CONVENCIONAL;enero-marzo 2025;322
12138 Vinaròs;1. Homicidios dolosos y asesinatos consumados;enero-marzo 2025;0
12138 Vinaròs;2. Homicidios dolosos y asesinatos en grado tentativa;enero-marzo 2025;1
12138 Vinaròs;3. Delitos graves y menos graves de lesiones y riña tumultuaria;enero-marzo 2025;4
12138 Vinaròs;4. Secuestro;enero-marzo 2025;0
12138 Vinaròs;5. Delitos contra la libertad sexual;enero-marzo 2025;5
12138 Vinaròs;5.1.-Agresión sexual con penetración;enero-marzo 2025;2
12138 Vinaròs;5.2.-Resto de delitos contra la libertad sexual;enero-marzo 2025;3
12138 Vinaròs;6. Robos con violencia e intimidación;enero-marzo 2025;3
12138 Vinaròs;7. Robos con fuerza en domicilios, establecimientos y otras instalaciones;enero-marzo 2025;19
12138 Vinaròs;7.1.-Robos con fuerza en domicilios;enero-marzo 2025;16
12138 Vinaròs;8. Hurtos;enero-marzo 2025;89
12138 Vinaròs;9. Sustracciones de vehículos;enero-marzo 2025;0
12138 Vinaròs;10. Tráfico de drogas;enero-marzo 2025;5
12138 Vinaròs;11. Resto de criminalidad convencional;enero-marzo 2025;196
12138 Vinaròs;II. CIBERCRIMINALIDAD (infracciones penales cometidas en/por medio ciber);enero-marzo 2025;62
12138 Vinaròs;12.-Estafas informáticas;enero-marzo 2025;50
12138 Vinaròs;13.-Otros ciberdelitos;enero-marzo 2025;12
12138 Vinaròs;III. TOTAL INFRACCIONES PENALES;enero-marzo 2025;384
Provincia de VALENCIA/VALÈNCIA;I. CRIMINALIDAD CONVENCIONAL;enero-marzo 2025;28.375
Provincia de VALENCIA/VALÈNCIA;1. Homicidios dolosos y asesinatos consumados;enero-marzo 2025;4
Provincia de VALENCIA/VALÈNCIA;2. Homicidios dolosos y asesinatos en grado tentativa;enero-marzo 2025;15
Provincia de VALENCIA/VALÈNCIA;3. Delitos graves y menos graves de lesiones y riña tumultuaria;enero-marzo 2025;447
Provincia de VALENCIA/VALÈNCIA;4. Secuestro;enero-marzo 2025;1
Provincia de VALENCIA/VALÈNCIA;5. Delitos contra la libertad sexual;enero-marzo 2025;268
Provincia de VALENCIA/VALÈNCIA;5.1.-Agresión sexual con penetración;enero-marzo 2025;44
Provincia de VALENCIA/VALÈNCIA;5.2.-Resto de delitos contra la libertad sexual;enero-marzo 2025;224
Provincia de VALENCIA/VALÈNCIA;6. Robos con violencia e intimidación;enero-marzo 2025;763
Provincia de VALENCIA/VALÈNCIA;7. Robos con fuerza en domicilios, establecimientos y otras instalaciones;enero-marzo 2025;1.672
Provincia de VALENCIA/VALÈNCIA;7.1.-Robos con fuerza en domicilios;enero-marzo 2025;1.332
Provincia de VALENCIA/VALÈNCIA;8. Hurtos;enero-marzo 2025;9.330
Provincia de VALENCIA/VALÈNCIA;9. Sustracciones de vehículos;enero-marzo 2025;458
Provincia de VALENCIA/VALÈNCIA;10. Tráfico de drogas;enero-marzo 2025;347
Provincia de VALENCIA/VALÈNCIA;11. Resto de criminalidad convencional;enero-marzo 2025;15.070
Provincia de VALENCIA/VALÈNCIA;II. CIBERCRIMINALIDAD (infracciones penales cometidas en/por medio ciber);enero-marzo 2025;6.982
Provincia de VALENCIA/VALÈNCIA;12.-Estafas informáticas;enero-marzo 2025;6.118
Provincia de VALENCIA/VALÈNCIA;13.-Otros ciberdelitos;enero-marzo 2025;864
Provincia de VALENCIA/VALÈNCIA;III. TOTAL INFRACCIONES PENALES;enero-marzo 2025;35.357
46005 Alaquàs;I. CRIMINALIDAD CONVENCIONAL;enero-marzo 2025;169
46005 Alaquàs;1. Homicidios dolosos y asesinatos consumados;enero-marzo 2025;0
46005 Alaquàs;2. Homicidios dolosos y asesinatos en grado tentativa;enero-marzo 2025;0
46005 Alaquàs;3. Delitos graves y menos graves de lesiones y riña tumultuaria;enero-marzo 2025;1
46005 Alaquàs;4. Secuestro;enero-marzo 2025;0
46005 Alaquàs;5. Delitos contra la libertad sexual;enero-marzo 2025;1
46005 Alaquàs;5.1.-Agresión sexual con penetración;enero-marzo 2025;0
46005 Alaquàs;5.2.-Resto de delitos contra la libertad sexual;enero-marzo 2025;1
46005 Alaquàs;6. Robos con violencia e intimidación;enero-marzo 2025;9
46005 Alaquàs;7. Robos con fuerza en domicilios, establecimientos y otras instalaciones;enero-marzo 2025;7
46005 Alaquàs;7.1.-Robos con fuerza en domicilios;enero-marzo 2025;5
46005 Alaquàs;8. Hurtos;enero-marzo 2025;51
46005 Alaquàs;9. Sustracciones de vehículos;enero-marzo 2025;1
46005 Alaquàs;10. Tráfico de drogas;enero-marzo 2025;5
46005 Alaquàs;11. Resto de criminalidad convencional;enero-marzo 2025;94
46005 Alaquàs;II. CIBERCRIMINALIDAD (infracciones penales cometidas en/por medio ciber);enero-marzo 2025;50
46005 Alaquàs;12.-Estafas informáticas;enero-marzo 2025;50
46005 Alaquàs;13.-Otros ciberdelitos;enero-marzo 2025;0
46005 Alaquàs;III. TOTAL INFRACCIONES PENALES;enero-marzo 2025;219
46013 Alboraia/Alboraya;I. CRIMINALIDAD CONVENCIONAL;enero-marzo 2025;427
46013 Alboraia/Alboraya;1. Homicidios dolosos y asesinatos consumados;enero-marzo 2025;0
46013 Alboraia/Alboraya;2. Homicidios dolosos y asesinatos en grado tentativa;enero-marzo 2025;0
46013 Alboraia/Alboraya;3. Delitos graves y menos graves de lesiones y riña tumultuaria;enero-marzo 2025;1
46013 Alboraia/Alboraya;4. Secuestro;enero-marzo 2025;0
46013 Alboraia/Alboraya;5. Delitos contra la libertad sexual;enero-marzo 2025;5
46013 Alboraia/Alboraya;5.1.-Agresión sexual con penetración;enero-marzo 2025;0
46013 Alboraia/Alboraya;5.2.-Resto de delitos contra la libertad sexual;enero-marzo 2025;5
46013 Alboraia/Alboraya;6. Robos con violencia e intimidación;enero-marzo 2025;12
46013 Alboraia/Alboraya;7. Robos con fuerza en domicilios, establecimientos y otras instalaciones;enero-marzo 2025;11
46013 Alboraia/Alboraya;7.1.-Robos con fuerza en domicilios;enero-marzo 2025;10
46013 Alboraia/Alboraya;8. Hurtos;enero-marzo 2025;93
46013 Alboraia/Alboraya;9. Sustracciones de vehículos;enero-marzo 2025;4
46013 Alboraia/Alboraya;10. Tráfico de drogas;enero-marzo 2025;2
46013 Alboraia/Alboraya;11. Resto de criminalidad convencional;enero-marzo 2025;299
46013 Alboraia/Alboraya;II. CIBERCRIMINALIDAD (infracciones penales cometidas en/por medio ciber);enero-marzo 2025;71
46013 Alboraia/Alboraya;12.-Estafas informáticas;enero-marzo 2025;63
46013 Alboraia/Alboraya;13.-Otros ciberdelitos;enero-marzo 2025;8
46013 Alboraia/Alboraya;III. TOTAL INFRACCIONES PENALES;enero-marzo 2025;498
46021 Aldaia;I. CRIMINALIDAD CONVENCIONAL;enero-marzo 2025;236
46021 Aldaia;1. Homicidios dolosos y asesinatos consumados;enero-marzo 2025;0
46021 Aldaia;2. Homicidios dolosos y asesinatos en grado tentativa;enero-marzo 2025;0
46021 Aldaia;3. Delitos graves y menos graves de lesiones y riña tumultuaria;enero-marzo 2025;5
46021 Aldaia;4. Secuestro;enero-marzo 2025;0
46021 Aldaia;5. Delitos contra la libertad sexual;enero-marzo 2025;3
46021 Aldaia;5.1.-Agresión sexual con penetración;enero-marzo 2025;0
46021 Aldaia;5.2.-Resto de delitos contra la libertad sexual;enero-marzo 2025;3
46021 Aldaia;6. Robos con violencia e intimidación;enero-marzo 2025;5
46021 Aldaia;7. Robos con fuerza en domicilios, establecimientos y otras instalaciones;enero-marzo 2025;14
46021 Aldaia;7.1.-Robos con fuerza en domicilios;enero-marzo 2025;11
46021 Aldaia;8. Hurtos;enero-marzo 2025;86
46021 Aldaia;9. Sustracciones de vehículos;enero-marzo 2025;9
46021 Aldaia;10. Tráfico de drogas;enero-marzo 2025;0
46021 Aldaia;11. Resto de criminalidad convencional;enero-marzo 2025;114
46021 Aldaia;II. CIBERCRIMINALIDAD (infracciones penales cometidas en/por medio ciber);enero-marzo 2025;55
46021 Aldaia;12.-Estafas informáticas;enero-marzo 2025;52
46021 Aldaia;13.-Otros ciberdelitos;enero-marzo 2025;3
46021 Aldaia;III. TOTAL INFRACCIONES PENALES;enero-marzo 2025;291
46022 Alfafar;I. CRIMINALIDAD CONVENCIONAL;enero-marzo 2025;272
46022 Alfafar;1. Homicidios dolosos y asesinatos consumados;enero-marzo 2025;0
46022 Alfafar;2. Homicidios dolosos y asesinatos en grado tentativa;enero-marzo 2025;0
46022 Alfafar;3. Delitos graves y menos graves de lesiones y riña tumultuaria;enero-marzo 2025;6
46022 Alfafar;4. Secuestro;enero-marzo 2025;0
46022 Alfafar;5. Delitos contra la libertad sexual;enero-marzo 2025;1
46022 Alfafar;5.1.-Agresión sexual con penetración;enero-marzo 2025;0
46022 Alfafar;5.2.-Resto de delitos contra la libertad sexual;enero-marzo 2025;1
46022 Alfafar;6. Robos con violencia e intimidación;enero-marzo 2025;7
46022 Alfafar;7. Robos con fuerza en domicilios, establecimientos y otras instalaciones;enero-marzo 2025;7
46022 Alfafar;7.1.-Robos con fuerza en domicilios;enero-marzo 2025;2
46022 Alfafar;8. Hurtos;enero-marzo 2025;80
46022 Alfafar;9. Sustracciones de vehículos;enero-marzo 2025;4
46022 Alfafar;10. Tráfico de drogas;enero-marzo 2025;0
46022 Alfafar;11. Resto de criminalidad convencional;enero-marzo 2025;167
46022 Alfafar;II. CIBERCRIMINALIDAD (infracciones penales cometidas en/por medio ciber);enero-marzo 2025;87
46022 Alfafar;12.-Estafas informáticas;enero-marzo 2025;79
46022 Alfafar;13.-Otros ciberdelitos;enero-marzo 2025;8
46022 Alfafar;III. TOTAL INFRACCIONES PENALES;enero-marzo 2025;359
46029 Algemesí;I. CRIMINALIDAD CONVENCIONAL;enero-marzo 2025;300
46029 Algemesí;1. Homicidios dolosos y asesinatos consumados;enero-marzo 2025;0
46029 Algemesí;2. Homicidios dolosos y asesinatos en grado tentativa;enero-marzo 2025;1
46029 Algemesí;3. Delitos graves y menos graves de lesiones y riña tumultuaria;enero-marzo 2025;3
46029 Algemesí;4. Secuestro;enero-marzo 2025;0
46029 Algemesí;5. Delitos contra la libertad sexual;enero-marzo 2025;2
46029 Algemesí;5.1.-Agresión sexual con penetración;enero-marzo 2025;0
46029 Algemesí;5.2.-Resto de delitos contra la libertad sexual;enero-marzo 2025;2
46029 Algemesí;6. Robos con violencia e intimidación;enero-marzo 2025;2
46029 Algemesí;7. Robos con fuerza en domicilios, establecimientos y otras instalaciones;enero-marzo 2025;18
46029 Algemesí;7.1.-Robos con fuerza en domicilios;enero-marzo 2025;15
46029 Algemesí;8. Hurtos;enero-marzo 2025;83
46029 Algemesí;9. Sustracciones de vehículos;enero-marzo 2025;30
46029 Algemesí;10. Tráfico de drogas;enero-marzo 2025;0
46029 Algemesí;11. Resto de criminalidad convencional;enero-marzo 2025;161
46029 Algemesí;II. CIBERCRIMINALIDAD (infracciones penales cometidas en/por medio ciber);enero-marzo 2025;59
46029 Algemesí;12.-Estafas informáticas;enero-marzo 2025;51
46029 Algemesí;13.-Otros ciberdelitos;enero-marzo 2025;8
46029 Algemesí;III. TOTAL INFRACCIONES PENALES;enero-marzo 2025;359
46017 Alzira;I. CRIMINALIDAD CONVENCIONAL;enero-marzo 2025;617
46017 Alzira;1. Homicidios dolosos y asesinatos consumados;enero-marzo 2025;0
46017 Alzira;2. Homicidios dolosos y asesinatos en grado tentativa;enero-marzo 2025;1
46017 Alzira;3. Delitos graves y menos graves de lesiones y riña tumultuaria;enero-marzo 2025;16
46017 Alzira;4. Secuestro;enero-marzo 2025;0
46017 Alzira;5. Delitos contra la libertad sexual;enero-marzo 2025;11
46017 Alzira;5.1.-Agresión sexual con penetración;enero-marzo 2025;0
46017 Alzira;5.2.-Resto de delitos contra la libertad sexual;enero-marzo 2025;11
46017 Alzira;6. Robos con violencia e intimidación;enero-marzo 2025;14
46017 Alzira;7. Robos con fuerza en domicilios, establecimientos y otras instalaciones;enero-marzo 2025;68
46017 Alzira;7.1.-Robos con fuerza en domicilios;enero-marzo 2025;57
46017 Alzira;8. Hurtos;enero-marzo 2025;164
46017 Alzira;9. Sustracciones de vehículos;enero-marzo 2025;7
46017 Alzira;10. Tráfico de drogas;enero-marzo 2025;4
46017 Alzira;11. Resto de criminalidad convencional;enero-marzo 2025;332
46017 Alzira;II. CIBERCRIMINALIDAD (infracciones penales cometidas en/por medio ciber);enero-marzo 2025;130
46017 Alzira;12.-Estafas informáticas;enero-marzo 2025;113
46017 Alzira;13.-Otros ciberdelitos;enero-marzo 2025;17
46017 Alzira;III. TOTAL INFRACCIONES PENALES;enero-marzo 2025;747
46070 Bétera;I. CRIMINALIDAD CONVENCIONAL;enero-marzo 2025;191
46070 Bétera;1. Homicidios dolosos y asesinatos consumados;enero-marzo 2025;0
46070 Bétera;2. Homicidios dolosos y asesinatos en grado tentativa;enero-marzo 2025;0
46070 Bétera;3. Delitos graves y menos graves de lesiones y riña tumultuaria;enero-marzo 2025;2
46070 Bétera;4. Secuestro;enero-marzo 2025;0
46070 Bétera;5. Delitos contra la libertad sexual;enero-marzo 2025;3
46070 Bétera;5.1.-Agresión sexual con penetración;enero-marzo 2025;0
46070 Bétera;5.2.-Resto de delitos contra la libertad sexual;enero-marzo 2025;3
46070 Bétera;6. Robos con violencia e intimidación;enero-marzo 2025;1
46070 Bétera;7. Robos con fuerza en domicilios, establecimientos y otras instalaciones;enero-marzo 2025;22
46070 Bétera;7.1.-Robos con fuerza en domicilios;enero-marzo 2025;19
46070 Bétera;8. Hurtos;enero-marzo 2025;26
46070 Bétera;9. Sustracciones de vehículos;enero-marzo 2025;0
46070 Bétera;10. Tráfico de drogas;enero-marzo 2025;1
46070 Bétera;11. Resto de criminalidad convencional;enero-marzo 2025;136
46070 Bétera;II. CIBERCRIMINALIDAD (infracciones penales cometidas en/por medio ciber);enero-marzo 2025;70
46070 Bétera;12.-Estafas informáticas;enero-marzo 2025;61
46070 Bétera;13.-Otros ciberdelitos;enero-marzo 2025;9
46070 Bétera;III. TOTAL INFRACCIONES PENALES;enero-marzo 2025;261
46078 Burjassot;I. CRIMINALIDAD CONVENCIONAL;enero-marzo 2025;303
46078 Burjassot;1. Homicidios dolosos y asesinatos consumados;enero-marzo 2025;0
46078 Burjassot;2. Homicidios dolosos y asesinatos en grado tentativa;enero-marzo 2025;0
46078 Burjassot;3. Delitos graves y menos graves de lesiones y riña tumultuaria;enero-marzo 2025;4
46078 Burjassot;4. Secuestro;enero-marzo 2025;0
46078 Burjassot;5. Delitos contra la libertad sexual;enero-marzo 2025;1
46078 Burjassot;5.1.-Agresión sexual con penetración;enero-marzo 2025;0
46078 Burjassot;5.2.-Resto de delitos contra la libertad sexual;enero-marzo 2025;1
46078 Burjassot;6. Robos con violencia e intimidación;enero-marzo 2025;11
46078 Burjassot;7. Robos con fuerza en domicilios, establecimientos y otras instalaciones;enero-marzo 2025;19
46078 Burjassot;7.1.-Robos con fuerza en domicilios;enero-marzo 2025;13
46078 Burjassot;8. Hurtos;enero-marzo 2025;105
46078 Burjassot;9. Sustracciones de vehículos;enero-marzo 2025;4
46078 Burjassot;10. Tráfico de drogas;enero-marzo 2025;1
46078 Burjassot;11. Resto de criminalidad convencional;enero-marzo 2025;158
46078 Burjassot;II. CIBERCRIMINALIDAD (infracciones penales cometidas en/por medio ciber);enero-marzo 2025;102
46078 Burjassot;12.-Estafas informáticas;enero-marzo 2025;83
46078 Burjassot;13.-Otros ciberdelitos;enero-marzo 2025;19
46078 Burjassot;III. TOTAL INFRACCIONES PENALES;enero-marzo 2025;405
46083 Carcaixent;I. CRIMINALIDAD CONVENCIONAL;enero-marzo 2025;207
46083 Carcaixent;1. Homicidios dolosos y asesinatos consumados;enero-marzo 2025;0
46083 Carcaixent;2. Homicidios dolosos y asesinatos en grado tentativa;enero-marzo 2025;0
46083 Carcaixent;3. Delitos graves y menos graves de lesiones y riña tumultuaria;enero-marzo 2025;3
46083 Carcaixent;4. Secuestro;enero-marzo 2025;0
46083 Carcaixent;5. Delitos contra la libertad sexual;enero-marzo 2025;3
46083 Carcaixent;5.1.-Agresión sexual con penetración;enero-marzo 2025;1
46083 Carcaixent;5.2.-Resto de delitos contra la libertad sexual;enero-marzo 2025;2
46083 Carcaixent;6. Robos con violencia e intimidación;enero-marzo 2025;3
46083 Carcaixent;7. Robos con fuerza en domicilios, establecimientos y otras instalaciones;enero-marzo 2025;17
46083 Carcaixent;7.1.-Robos con fuerza en domicilios;enero-marzo 2025;16
46083 Carcaixent;8. Hurtos;enero-marzo 2025;55
46083 Carcaixent;9. Sustracciones de vehículos;enero-marzo 2025;2
46083 Carcaixent;10. Tráfico de drogas;enero-marzo 2025;1
46083 Carcaixent;11. Resto de criminalidad convencional;enero-marzo 2025;123
46083 Carcaixent;II. CIBERCRIMINALIDAD (infracciones penales cometidas en/por medio ciber);enero-marzo 2025;66
46083 Carcaixent;12.-Estafas informáticas;enero-marzo 2025;47
46083 Carcaixent;13.-Otros ciberdelitos;enero-marzo 2025;19
46083 Carcaixent;III. TOTAL INFRACCIONES PENALES;enero-marzo 2025;273
46094 Catarroja;I. CRIMINALIDAD CONVENCIONAL;enero-marzo 2025;213
46094 Catarroja;1. Homicidios dolosos y asesinatos consumados;enero-marzo 2025;0
46094 Catarroja;2. Homicidios dolosos y asesinatos en grado tentativa;enero-marzo 2025;0
46094 Catarroja;3. Delitos graves y menos graves de lesiones y riña tumultuaria;enero-marzo 2025;3
46094 Catarroja;4. Secuestro;enero-marzo 2025;0
46094 Catarroja;5. Delitos contra la libertad sexual;enero-marzo 2025;0
46094 Catarroja;5.1.-Agresión sexual con penetración;enero-marzo 2025;0
46094 Catarroja;5.2.-Resto de delitos contra la libertad sexual;enero-marzo 2025;0
46094 Catarroja;6. Robos con violencia e intimidación;enero-marzo 2025;3
46094 Catarroja;7. Robos con fuerza en domicilios, establecimientos y otras instalaciones;enero-marzo 2025;14
46094 Catarroja;7.1.-Robos con fuerza en domicilios;enero-marzo 2025;8
46094 Catarroja;8. Hurtos;enero-marzo 2025;42
46094 Catarroja;9. Sustracciones de vehículos;enero-marzo 2025;9
46094 Catarroja;10. Tráfico de drogas;enero-marzo 2025;2
46094 Catarroja;11. Resto de criminalidad convencional;enero-marzo 2025;140
46094 Catarroja;II. CIBERCRIMINALIDAD (infracciones penales cometidas en/por medio ciber);enero-marzo 2025;85
46094 Catarroja;12.-Estafas informáticas;enero-marzo 2025;76
46094 Catarroja;13.-Otros ciberdelitos;enero-marzo 2025;9
46094 Catarroja;III. TOTAL INFRACCIONES PENALES;enero-marzo 2025;298
46105 Cullera;I. CRIMINALIDAD CONVENCIONAL;enero-marzo 2025;264
46105 Cullera;1. Homicidios dolosos y asesinatos consumados;enero-marzo 2025;0
46105 Cullera;2. Homicidios dolosos y asesinatos en grado tentativa;enero-marzo 2025;0
46105 Cullera;3. Delitos graves y menos graves de lesiones y riña tumultuaria;enero-marzo 2025;7
46105 Cullera;4. Secuestro;enero-marzo 2025;0
46105 Cullera;5. Delitos contra la libertad sexual;enero-marzo 2025;0
46105 Cullera;5.1.-Agresión sexual con penetración;enero-marzo 2025;0
46105 Cullera;5.2.-Resto de delitos contra la libertad sexual;enero-marzo 2025;0
46105 Cullera;6. Robos con violencia e intimidación;enero-marzo 2025;5
46105 Cullera;7. Robos con fuerza en domicilios, establecimientos y otras instalaciones;enero-marzo 2025;30
46105 Cullera;7.1.-Robos con fuerza en domicilios;enero-marzo 2025;26
46105 Cullera;8. Hurtos;enero-marzo 2025;63
46105 Cullera;9. Sustracciones de vehículos;enero-marzo 2025;3
46105 Cullera;10. Tráfico de drogas;enero-marzo 2025;8
46105 Cullera;11. Resto de criminalidad convencional;enero-marzo 2025;148
46105 Cullera;II. CIBERCRIMINALIDAD (infracciones penales cometidas en/por medio ciber);enero-marzo 2025;58
46105 Cullera;12.-Estafas informáticas;enero-marzo 2025;52
46105 Cullera;13.-Otros ciberdelitos;enero-marzo 2025;6
46105 Cullera;III. TOTAL INFRACCIONES PENALES;enero-marzo 2025;322
46131 Gandia;I. CRIMINALIDAD CONVENCIONAL;enero-marzo 2025;929
46131 Gandia;1. Homicidios dolosos y asesinatos consumados;enero-marzo 2025;1
46131 Gandia;2. Homicidios dolosos y asesinatos en grado tentativa;enero-marzo 2025;0
46131 Gandia;3. Delitos graves y menos graves de lesiones y riña tumultuaria;enero-marzo 2025;7
46131 Gandia;4. Secuestro;enero-marzo 2025;0
46131 Gandia;5. Delitos contra la libertad sexual;enero-marzo 2025;6
46131 Gandia;5.1.-Agresión sexual con penetración;enero-marzo 2025;2
46131 Gandia;5.2.-Resto de delitos contra la libertad sexual;enero-marzo 2025;4
46131 Gandia;6. Robos con violencia e intimidación;enero-marzo 2025;23
46131 Gandia;7. Robos con fuerza en domicilios, establecimientos y otras instalaciones;enero-marzo 2025;45
46131 Gandia;7.1.-Robos con fuerza en domicilios;enero-marzo 2025;32
46131 Gandia;8. Hurtos;enero-marzo 2025;292
46131 Gandia;9. Sustracciones de vehículos;enero-marzo 2025;7
46131 Gandia;10. Tráfico de drogas;enero-marzo 2025;16
46131 Gandia;11. Resto de criminalidad convencional;enero-marzo 2025;532
46131 Gandia;II. CIBERCRIMINALIDAD (infracciones penales cometidas en/por medio ciber);enero-marzo 2025;208
46131 Gandia;12.-Estafas informáticas;enero-marzo 2025;197
46131 Gandia;13.-Otros ciberdelitos;enero-marzo 2025;11
46131 Gandia;III. TOTAL INFRACCIONES PENALES;enero-marzo 2025;1.137
46147 Llíria;I. CRIMINALIDAD CONVENCIONAL;enero-marzo 2025;310
46147 Llíria;1. Homicidios dolosos y asesinatos consumados;enero-marzo 2025;0
46147 Llíria;2. Homicidios dolosos y asesinatos en grado tentativa;enero-marzo 2025;0
46147 Llíria;3. Delitos graves y menos graves de lesiones y riña tumultuaria;enero-marzo 2025;1
46147 Llíria;4. Secuestro;enero-marzo 2025;0
46147 Llíria;5. Delitos contra la libertad sexual;enero-marzo 2025;5
46147 Llíria;5.1.-Agresión sexual con penetración;enero-marzo 2025;1
46147 Llíria;5.2.-Resto de delitos contra la libertad sexual;enero-marzo 2025;4
46147 Llíria;6. Robos con violencia e intimidación;enero-marzo 2025;9
46147 Llíria;7. Robos con fuerza en domicilios, establecimientos y otras instalaciones;enero-marzo 2025;34
46147 Llíria;7.1.-Robos con fuerza en domicilios;enero-marzo 2025;25
46147 Llíria;8. Hurtos;enero-marzo 2025;72
46147 Llíria;9. Sustracciones de vehículos;enero-marzo 2025;4
46147 Llíria;10. Tráfico de drogas;enero-marzo 2025;3
46147 Llíria;11. Resto de criminalidad convencional;enero-marzo 2025;182
46147 Llíria;II. CIBERCRIMINALIDAD (infracciones penales cometidas en/por medio ciber);enero-marzo 2025;90
46147 Llíria;12.-Estafas informáticas;enero-marzo 2025;78
46147 Llíria;13.-Otros ciberdelitos;enero-marzo 2025;12
46147 Llíria;III. TOTAL INFRACCIONES PENALES;enero-marzo 2025;400
46159 Manises;I. CRIMINALIDAD CONVENCIONAL;enero-marzo 2025;301
46159 Manises;1. Homicidios dolosos y asesinatos consumados;enero-marzo 2025;0
46159 Manises;2. Homicidios dolosos y asesinatos en grado tentativa;enero-marzo 2025;0
46159 Manises;3. Delitos graves y menos graves de lesiones y riña tumultuaria;enero-marzo 2025;3
46159 Manises;4. Secuestro;enero-marzo 2025;0
46159 Manises;5. Delitos contra la libertad sexual;enero-marzo 2025;2
46159 Manises;5.1.-Agresión sexual con penetración;enero-marzo 2025;0
46159 Manises;5.2.-Resto de delitos contra la libertad sexual;enero-marzo 2025;2
46159 Manises;6. Robos con violencia e intimidación;enero-marzo 2025;8
46159 Manises;7. Robos con fuerza en domicilios, establecimientos y otras instalaciones;enero-marzo 2025;7
46159 Manises;7.1.-Robos con fuerza en domicilios;enero-marzo 2025;4
46159 Manises;8. Hurtos;enero-marzo 2025;72
46159 Manises;9. Sustracciones de vehículos;enero-marzo 2025;17
46159 Manises;10. Tráfico de drogas;enero-marzo 2025;19
46159 Manises;11. Resto de criminalidad convencional;enero-marzo 2025;173
46159 Manises;II. CIBERCRIMINALIDAD (infracciones penales cometidas en/por medio ciber);enero-marzo 2025;60
46159 Manises;12.-Estafas informáticas;enero-marzo 2025;52
46159 Manises;13.-Otros ciberdelitos;enero-marzo 2025;8
46159 Manises;III. TOTAL INFRACCIONES PENALES;enero-marzo 2025;361
46169 Mislata;I. CRIMINALIDAD CONVENCIONAL;enero-marzo 2025;325
46169 Mislata;1. Homicidios dolosos y asesinatos consumados;enero-marzo 2025;0
46169 Mislata;2. Homicidios dolosos y asesinatos en grado tentativa;enero-marzo 2025;0
46169 Mislata;3. Delitos graves y menos graves de lesiones y riña tumultuaria;enero-marzo 2025;4
46169 Mislata;4. Secuestro;enero-marzo 2025;0
46169 Mislata;5. Delitos contra la libertad sexual;enero-marzo 2025;5
46169 Mislata;5.1.-Agresión sexual con penetración;enero-marzo 2025;0
46169 Mislata;5.2.-Resto de delitos contra la libertad sexual;enero-marzo 2025;5
46169 Mislata;6. Robos con violencia e intimidación;enero-marzo 2025;6
46169 Mislata;7. Robos con fuerza en domicilios, establecimientos y otras instalaciones;enero-marzo 2025;22
46169 Mislata;7.1.-Robos con fuerza en domicilios;enero-marzo 2025;14
46169 Mislata;8. Hurtos;enero-marzo 2025;108
46169 Mislata;9. Sustracciones de vehículos;enero-marzo 2025;3
46169 Mislata;10. Tráfico de drogas;enero-marzo 2025;0
46169 Mislata;11. Resto de criminalidad convencional;enero-marzo 2025;177
46169 Mislata;II. CIBERCRIMINALIDAD (infracciones penales cometidas en/por medio ciber);enero-marzo 2025;116
46169 Mislata;12.-Estafas informáticas;enero-marzo 2025;105
46169 Mislata;13.-Otros ciberdelitos;enero-marzo 2025;11
46169 Mislata;III. TOTAL INFRACCIONES PENALES;enero-marzo 2025;441
46171 Moncada;I. CRIMINALIDAD CONVENCIONAL;enero-marzo 2025;174
46171 Moncada;1. Homicidios dolosos y asesinatos consumados;enero-marzo 2025;0
46171 Moncada;2. Homicidios dolosos y asesinatos en grado tentativa;enero-marzo 2025;0
46171 Moncada;3. Delitos graves y menos graves de lesiones y riña tumultuaria;enero-marzo 2025;2
46171 Moncada;4. Secuestro;enero-marzo 2025;0
46171 Moncada;5. Delitos contra la libertad sexual;enero-marzo 2025;1
46171 Moncada;5.1.-Agresión sexual con penetración;enero-marzo 2025;1
46171 Moncada;5.2.-Resto de delitos contra la libertad sexual;enero-marzo 2025;0
46171 Moncada;6. Robos con violencia e intimidación;enero-marzo 2025;3
46171 Moncada;7. Robos con fuerza en domicilios, establecimientos y otras instalaciones;enero-marzo 2025;17
46171 Moncada;7.1.-Robos con fuerza en domicilios;enero-marzo 2025;13
46171 Moncada;8. Hurtos;enero-marzo 2025;51
46171 Moncada;9. Sustracciones de vehículos;enero-marzo 2025;1
46171 Moncada;10. Tráfico de drogas;enero-marzo 2025;1
46171 Moncada;11. Resto de criminalidad convencional;enero-marzo 2025;98
46171 Moncada;II. CIBERCRIMINALIDAD (infracciones penales cometidas en/por medio ciber);enero-marzo 2025;35
46171 Moncada;12.-Estafas informáticas;enero-marzo 2025;30
46171 Moncada;13.-Otros ciberdelitos;enero-marzo 2025;5
46171 Moncada;III. TOTAL INFRACCIONES PENALES;enero-marzo 2025;209
46181 Oliva;I. CRIMINALIDAD CONVENCIONAL;enero-marzo 2025;253
46181 Oliva;1. Homicidios dolosos y asesinatos consumados;enero-marzo 2025;0
46181 Oliva;2. Homicidios dolosos y asesinatos en grado tentativa;enero-marzo 2025;0
46181 Oliva;3. Delitos graves y menos graves de lesiones y riña tumultuaria;enero-marzo 2025;3
46181 Oliva;4. Secuestro;enero-marzo 2025;0
46181 Oliva;5. Delitos contra la libertad sexual;enero-marzo 2025;2
46181 Oliva;5.1.-Agresión sexual con penetración;enero-marzo 2025;1
46181 Oliva;5.2.-Resto de delitos contra la libertad sexual;enero-marzo 2025;1
46181 Oliva;6. Robos con violencia e intimidación;enero-marzo 2025;8
46181 Oliva;7. Robos con fuerza en domicilios, establecimientos y otras instalaciones;enero-marzo 2025;23
46181 Oliva;7.1.-Robos con fuerza en domicilios;enero-marzo 2025;22
46181 Oliva;8. Hurtos;enero-marzo 2025;46
46181 Oliva;9. Sustracciones de vehículos;enero-marzo 2025;3
46181 Oliva;10. Tráfico de drogas;enero-marzo 2025;2
46181 Oliva;11. Resto de criminalidad convencional;enero-marzo 2025;166
46181 Oliva;II. CIBERCRIMINALIDAD (infracciones penales cometidas en/por medio ciber);enero-marzo 2025;57
46181 Oliva;12.-Estafas informáticas;enero-marzo 2025;52
46181 Oliva;13.-Otros ciberdelitos;enero-marzo 2025;5
46181 Oliva;III. TOTAL INFRACCIONES PENALES;enero-marzo 2025;310
46184 Ontinyent;I. CRIMINALIDAD CONVENCIONAL;enero-marzo 2025;192
46184 Ontinyent;1. Homicidios dolosos y asesinatos consumados;enero-marzo 2025;0
46184 Ontinyent;2. Homicidios dolosos y asesinatos en grado tentativa;enero-marzo 2025;0
46184 Ontinyent;3. Delitos graves y menos graves de lesiones y riña tumultuaria;enero-marzo 2025;5
46184 Ontinyent;4. Secuestro;enero-marzo 2025;0
46184 Ontinyent;5. Delitos contra la libertad sexual;enero-marzo 2025;5
46184 Ontinyent;5.1.-Agresión sexual con penetración;enero-marzo 2025;1
46184 Ontinyent;5.2.-Resto de delitos contra la libertad sexual;enero-marzo 2025;4
46184 Ontinyent;6. Robos con violencia e intimidación;enero-marzo 2025;3
46184 Ontinyent;7. Robos con fuerza en domicilios, establecimientos y otras instalaciones;enero-marzo 2025;24
46184 Ontinyent;7.1.-Robos con fuerza en domicilios;enero-marzo 2025;20
46184 Ontinyent;8. Hurtos;enero-marzo 2025;27
46184 Ontinyent;9. Sustracciones de vehículos;enero-marzo 2025;4
46184 Ontinyent;10. Tráfico de drogas;enero-marzo 2025;3
46184 Ontinyent;11. Resto de criminalidad convencional;enero-marzo 2025;121
46184 Ontinyent;II. CIBERCRIMINALIDAD (infracciones penales cometidas en/por medio ciber);enero-marzo 2025;58
46184 Ontinyent;12.-Estafas informáticas;enero-marzo 2025;57
46184 Ontinyent;13.-Otros ciberdelitos;enero-marzo 2025;1
46184 Ontinyent;III. TOTAL INFRACCIONES PENALES;enero-marzo 2025;250
46186 Paiporta;I. CRIMINALIDAD CONVENCIONAL;enero-marzo 2025;146
46186 Paiporta;1. Homicidios dolosos y asesinatos consumados;enero-marzo 2025;0
46186 Paiporta;2. Homicidios dolosos y asesinatos en grado tentativa;enero-marzo 2025;0
46186 Paiporta;3. Delitos graves y menos graves de lesiones y riña tumultuaria;enero-marzo 2025;1
46186 Paiporta;4. Secuestro;enero-marzo 2025;0
46186 Paiporta;5. Delitos contra la libertad sexual;enero-marzo 2025;5
46186 Paiporta;5.1.-Agresión sexual con penetración;enero-marzo 2025;1
46186 Paiporta;5.2.-Resto de delitos contra la libertad sexual;enero-marzo 2025;4
46186 Paiporta;6. Robos con violencia e intimidación;enero-marzo 2025;1
46186 Paiporta;7. Robos con fuerza en domicilios, establecimientos y otras instalaciones;enero-marzo 2025;4
46186 Paiporta;7.1.-Robos con fuerza en domicilios;enero-marzo 2025;3
46186 Paiporta;8. Hurtos;enero-marzo 2025;28
46186 Paiporta;9. Sustracciones de vehículos;enero-marzo 2025;7
46186 Paiporta;10. Tráfico de drogas;enero-marzo 2025;3
46186 Paiporta;11. Resto de criminalidad convencional;enero-marzo 2025;97
46186 Paiporta;II. CIBERCRIMINALIDAD (infracciones penales cometidas en/por medio ciber);enero-marzo 2025;97
46186 Paiporta;12.-Estafas informáticas;enero-marzo 2025;86
46186 Paiporta;13.-Otros ciberdelitos;enero-marzo 2025;11
46186 Paiporta;III. TOTAL INFRACCIONES PENALES;enero-marzo 2025;243
46190 Paterna;I. CRIMINALIDAD CONVENCIONAL;enero-marzo 2025;583
46190 Paterna;1. Homicidios dolosos y asesinatos consumados;enero-marzo 2025;0
46190 Paterna;2. Homicidios dolosos y asesinatos en grado tentativa;enero-marzo 2025;0
46190 Paterna;3. Delitos graves y menos graves de lesiones y riña tumultuaria;enero-marzo 2025;5
46190 Paterna;4. Secuestro;enero-marzo 2025;0
46190 Paterna;5. Delitos contra la libertad sexual;enero-marzo 2025;5
46190 Paterna;5.1.-Agresión sexual con penetración;enero-marzo 2025;1
46190 Paterna;5.2.-Resto de delitos contra la libertad sexual;enero-marzo 2025;4
46190 Paterna;6. Robos con violencia e intimidación;enero-marzo 2025;19
46190 Paterna;7. Robos con fuerza en domicilios, establecimientos y otras instalaciones;enero-marzo 2025;50
46190 Paterna;7.1.-Robos con fuerza en domicilios;enero-marzo 2025;45
46190 Paterna;8. Hurtos;enero-marzo 2025;133
46190 Paterna;9. Sustracciones de vehículos;enero-marzo 2025;13
46190 Paterna;10. Tráfico de drogas;enero-marzo 2025;9
46190 Paterna;11. Resto de criminalidad convencional;enero-marzo 2025;349
46190 Paterna;II. CIBERCRIMINALIDAD (infracciones penales cometidas en/por medio ciber);enero-marzo 2025;201
46190 Paterna;12.-Estafas informáticas;enero-marzo 2025;172
46190 Paterna;13.-Otros ciberdelitos;enero-marzo 2025;29
46190 Paterna;III. TOTAL INFRACCIONES PENALES;enero-marzo 2025;784
46194 Picassent;I. CRIMINALIDAD CONVENCIONAL;enero-marzo 2025;177
46194 Picassent;1. Homicidios dolosos y asesinatos consumados;enero-marzo 2025;0
46194 Picassent;2. Homicidios dolosos y asesinatos en grado tentativa;enero-marzo 2025;0
46194 Picassent;3. Delitos graves y menos graves de lesiones y riña tumultuaria;enero-marzo 2025;6
46194 Picassent;4. Secuestro;enero-marzo 2025;0
46194 Picassent;5. Delitos contra la libertad sexual;enero-marzo 2025;3
46194 Picassent;5.1.-Agresión sexual con penetración;enero-marzo 2025;1
46194 Picassent;5.2.-Resto de delitos contra la libertad sexual;enero-marzo 2025;2
46194 Picassent;6. Robos con violencia e intimidación;enero-marzo 2025;4
46194 Picassent;7. Robos con fuerza en domicilios, establecimientos y otras instalaciones;enero-marzo 2025;14
46194 Picassent;7.1.-Robos con fuerza en domicilios;enero-marzo 2025;11
46194 Picassent;8. Hurtos;enero-marzo 2025;41
46194 Picassent;9. Sustracciones de vehículos;enero-marzo 2025;2
46194 Picassent;10. Tráfico de drogas;enero-marzo 2025;12
46194 Picassent;11. Resto de criminalidad convencional;enero-marzo 2025;95
46194 Picassent;II. CIBERCRIMINALIDAD (infracciones penales cometidas en/por medio ciber);enero-marzo 2025;40
46194 Picassent;12.-Estafas informáticas;enero-marzo 2025;27
46194 Picassent;13.-Otros ciberdelitos;enero-marzo 2025;13
46194 Picassent;III. TOTAL INFRACCIONES PENALES;enero-marzo 2025;217
46202 Pobla de Vallbona (la);I. CRIMINALIDAD CONVENCIONAL;enero-marzo 2025;179
46202 Pobla de Vallbona (la);1. Homicidios dolosos y asesinatos consumados;enero-marzo 2025;0
46202 Pobla de Vallbona (la);2. Homicidios dolosos y asesinatos en grado tentativa;enero-marzo 2025;0
46202 Pobla de Vallbona (la);3. Delitos graves y menos graves de lesiones y riña tumultuaria;enero-marzo 2025;5
46202 Pobla de Vallbona (la);4. Secuestro;enero-marzo 2025;0
46202 Pobla de Vallbona (la);5. Delitos contra la libertad sexual;enero-marzo 2025;2
46202 Pobla de Vallbona (la);5.1.-Agresión sexual con penetración;enero-marzo 2025;2
46202 Pobla de Vallbona (la);5.2.-Resto de delitos contra la libertad sexual;enero-marzo 2025;0
46202 Pobla de Vallbona (la);6. Robos con violencia e intimidación;enero-marzo 2025;3
46202 Pobla de Vallbona (la);7. Robos con fuerza en domicilios, establecimientos y otras instalaciones;enero-marzo 2025;18
46202 Pobla de Vallbona (la);7.1.-Robos con fuerza en domicilios;enero-marzo 2025;15
46202 Pobla de Vallbona (la);8. Hurtos;enero-marzo 2025;37
46202 Pobla de Vallbona (la);9. Sustracciones de vehículos;enero-marzo 2025;1
46202 Pobla de Vallbona (la);10. Tráfico de drogas;enero-marzo 2025;1
46202 Pobla de Vallbona (la);11. Resto de criminalidad convencional;enero-marzo 2025;112
46202 Pobla de Vallbona (la);II. CIBERCRIMINALIDAD (infracciones penales cometidas en/por medio ciber);enero-marzo 2025;109
46202 Pobla de Vallbona (la);12.-Estafas informáticas;enero-marzo 2025;95
46202 Pobla de Vallbona (la);13.-Otros ciberdelitos;enero-marzo 2025;14
46202 Pobla de Vallbona (la);III. TOTAL INFRACCIONES PENALES;enero-marzo 2025;288
46205 Puçol;I. CRIMINALIDAD CONVENCIONAL;enero-marzo 2025;142
46205 Puçol;1. Homicidios dolosos y asesinatos consumados;enero-marzo 2025;0
46205 Puçol;2. Homicidios dolosos y asesinatos en grado tentativa;enero-marzo 2025;0
46205 Puçol;3. Delitos graves y menos graves de lesiones y riña tumultuaria;enero-marzo 2025;1
46205 Puçol;4. Secuestro;enero-marzo 2025;0
46205 Puçol;5. Delitos contra la libertad sexual;enero-marzo 2025;2
46205 Puçol;5.1.-Agresión sexual con penetración;enero-marzo 2025;1
46205 Puçol;5.2.-Resto de delitos contra la libertad sexual;enero-marzo 2025;1
46205 Puçol;6. Robos con violencia e intimidación;enero-marzo 2025;0
46205 Puçol;7. Robos con fuerza en domicilios, establecimientos y otras instalaciones;enero-marzo 2025;7
46205 Puçol;7.1.-Robos con fuerza en domicilios;enero-marzo 2025;7
46205 Puçol;8. Hurtos;enero-marzo 2025;29
46205 Puçol;9. Sustracciones de vehículos;enero-marzo 2025;0
46205 Puçol;10. Tráfico de drogas;enero-marzo 2025;1
46205 Puçol;11. Resto de criminalidad convencional;enero-marzo 2025;102
46205 Puçol;II. CIBERCRIMINALIDAD (infracciones penales cometidas en/por medio ciber);enero-marzo 2025;18
46205 Puçol;12.-Estafas informáticas;enero-marzo 2025;18
46205 Puçol;13.-Otros ciberdelitos;enero-marzo 2025;0
46205 Puçol;III. TOTAL INFRACCIONES PENALES;enero-marzo 2025;160
46102 Quart de Poblet;I. CRIMINALIDAD CONVENCIONAL;enero-marzo 2025;207
46102 Quart de Poblet;1. Homicidios dolosos y asesinatos consumados;enero-marzo 2025;0
46102 Quart de Poblet;2. Homicidios dolosos y asesinatos en grado tentativa;enero-marzo 2025;0
46102 Quart de Poblet;3. Delitos graves y menos graves de lesiones y riña tumultuaria;enero-marzo 2025;4
46102 Quart de Poblet;4. Secuestro;enero-marzo 2025;0
46102 Quart de Poblet;5. Delitos contra la libertad sexual;enero-marzo 2025;3
46102 Quart de Poblet;5.1.-Agresión sexual con penetración;enero-marzo 2025;0
46102 Quart de Poblet;5.2.-Resto de delitos contra la libertad sexual;enero-marzo 2025;3
46102 Quart de Poblet;6. Robos con violencia e intimidación;enero-marzo 2025;7
46102 Quart de Poblet;7. Robos con fuerza en domicilios, establecimientos y otras instalaciones;enero-marzo 2025;8
46102 Quart de Poblet;7.1.-Robos con fuerza en domicilios;enero-marzo 2025;5
46102 Quart de Poblet;8. Hurtos;enero-marzo 2025;56
46102 Quart de Poblet;9. Sustracciones de vehículos;enero-marzo 2025;8
46102 Quart de Poblet;10. Tráfico de drogas;enero-marzo 2025;0
46102 Quart de Poblet;11. Resto de criminalidad convencional;enero-marzo 2025;121
46102 Quart de Poblet;II. CIBERCRIMINALIDAD (infracciones penales cometidas en/por medio ciber);enero-marzo 2025;68
46102 Quart de Poblet;12.-Estafas informáticas;enero-marzo 2025;58
46102 Quart de Poblet;13.-Otros ciberdelitos;enero-marzo 2025;10
46102 Quart de Poblet;III. TOTAL INFRACCIONES PENALES;enero-marzo 2025;275
46213 Requena;I. CRIMINALIDAD CONVENCIONAL;enero-marzo 2025;179
46213 Requena;1. Homicidios dolosos y asesinatos consumados;enero-marzo 2025;0
46213 Requena;2. Homicidios dolosos y asesinatos en grado tentativa;enero-marzo 2025;0
46213 Requena;3. Delitos graves y menos graves de lesiones y riña tumultuaria;enero-marzo 2025;2
46213 Requena;4. Secuestro;enero-marzo 2025;0
46213 Requena;5. Delitos contra la libertad sexual;enero-marzo 2025;1
46213 Requena;5.1.-Agresión sexual con penetración;enero-marzo 2025;1
46213 Requena;5.2.-Resto de delitos contra la libertad sexual;enero-marzo 2025;0
46213 Requena;6. Robos con violencia e intimidación;enero-marzo 2025;3
46213 Requena;7. Robos con fuerza en domicilios, establecimientos y otras instalaciones;enero-marzo 2025;9
46213 Requena;7.1.-Robos con fuerza en domicilios;enero-marzo 2025;7
46213 Requena;8. Hurtos;enero-marzo 2025;36
46213 Requena;9. Sustracciones de vehículos;enero-marzo 2025;2
46213 Requena;10. Tráfico de drogas;enero-marzo 2025;1
46213 Requena;11. Resto de criminalidad convencional;enero-marzo 2025;125
46213 Requena;II. CIBERCRIMINALIDAD (infracciones penales cometidas en/por medio ciber);enero-marzo 2025;47
46213 Requena;12.-Estafas informáticas;enero-marzo 2025;45
46213 Requena;13.-Otros ciberdelitos;enero-marzo 2025;2
46213 Requena;III. TOTAL INFRACCIONES PENALES;enero-marzo 2025;226
46214 Riba-roja de Túria;I. CRIMINALIDAD CONVENCIONAL;enero-marzo 2025;301
46214 Riba-roja de Túria;1. Homicidios dolosos y asesinatos consumados;enero-marzo 2025;0
46214 Riba-roja de Túria;2. Homicidios dolosos y asesinatos en grado tentativa;enero-marzo 2025;0
46214 Riba-roja de Túria;3. Delitos graves y menos graves de lesiones y riña tumultuaria;enero-marzo 2025;17
46214 Riba-roja de Túria;4. Secuestro;enero-marzo 2025;0
46214 Riba-roja de Túria;5. Delitos contra la libertad sexual;enero-marzo 2025;1
46214 Riba-roja de Túria;5.1.-Agresión sexual con penetración;enero-marzo 2025;1
46214 Riba-roja de Túria;5.2.-Resto de delitos contra la libertad sexual;enero-marzo 2025;0
46214 Riba-roja de Túria;6. Robos con violencia e intimidación;enero-marzo 2025;4
46214 Riba-roja de Túria;7. Robos con fuerza en domicilios, establecimientos y otras instalaciones;enero-marzo 2025;16
46214 Riba-roja de Túria;7.1.-Robos con fuerza en domicilios;enero-marzo 2025;13
46214 Riba-roja de Túria;8. Hurtos;enero-marzo 2025;77
46214 Riba-roja de Túria;9. Sustracciones de vehículos;enero-marzo 2025;15
46214 Riba-roja de Túria;10. Tráfico de drogas;enero-marzo 2025;1
46214 Riba-roja de Túria;11. Resto de criminalidad convencional;enero-marzo 2025;170
46214 Riba-roja de Túria;II. CIBERCRIMINALIDAD (infracciones penales cometidas en/por medio ciber);enero-marzo 2025;103
46214 Riba-roja de Túria;12.-Estafas informáticas;enero-marzo 2025;90
46214 Riba-roja de Túria;13.-Otros ciberdelitos;enero-marzo 2025;13
46214 Riba-roja de Túria;III. TOTAL INFRACCIONES PENALES;enero-marzo 2025;404
46220 Sagunto/Sagunt;I. CRIMINALIDAD CONVENCIONAL;enero-marzo 2025;664
46220 Sagunto/Sagunt;1. Homicidios dolosos y asesinatos consumados;enero-marzo 2025;0
46220 Sagunto/Sagunt;2. Homicidios dolosos y asesinatos en grado tentativa;enero-marzo 2025;1
46220 Sagunto/Sagunt;3. Delitos graves y menos graves de lesiones y riña tumultuaria;enero-marzo 2025;11
46220 Sagunto/Sagunt;4. Secuestro;enero-marzo 2025;0
46220 Sagunto/Sagunt;5. Delitos contra la libertad sexual;enero-marzo 2025;10
46220 Sagunto/Sagunt;5.1.-Agresión sexual con penetración;enero-marzo 2025;0
46220 Sagunto/Sagunt;5.2.-Resto de delitos contra la libertad sexual;enero-marzo 2025;10
46220 Sagunto/Sagunt;6. Robos con violencia e intimidación;enero-marzo 2025;9
46220 Sagunto/Sagunt;7. Robos con fuerza en domicilios, establecimientos y otras instalaciones;enero-marzo 2025;45
46220 Sagunto/Sagunt;7.1.-Robos con fuerza en domicilios;enero-marzo 2025;39
46220 Sagunto/Sagunt;8. Hurtos;enero-marzo 2025;157
46220 Sagunto/Sagunt;9. Sustracciones de vehículos;enero-marzo 2025;9
46220 Sagunto/Sagunt;10. Tráfico de drogas;enero-marzo 2025;10
46220 Sagunto/Sagunt;11. Resto de criminalidad convencional;enero-marzo 2025;412
46220 Sagunto/Sagunt;II. CIBERCRIMINALIDAD (infracciones penales cometidas en/por medio ciber);enero-marzo 2025;153
46220 Sagunto/Sagunt;12.-Estafas informáticas;enero-marzo 2025;137
46220 Sagunto/Sagunt;13.-Otros ciberdelitos;enero-marzo 2025;16
46220 Sagunto/Sagunt;III. TOTAL INFRACCIONES PENALES;enero-marzo 2025;817
46230 Silla;I. CRIMINALIDAD CONVENCIONAL;enero-marzo 2025;185
46230 Silla;1. Homicidios dolosos y asesinatos consumados;enero-marzo 2025;0
46230 Silla;2. Homicidios dolosos y asesinatos en grado tentativa;enero-marzo 2025;0
46230 Silla;3. Delitos graves y menos graves de lesiones y riña tumultuaria;enero-marzo 2025;4
46230 Silla;4. Secuestro;enero-marzo 2025;0
46230 Silla;5. Delitos contra la libertad sexual;enero-marzo 2025;1
46230 Silla;5.1.-Agresión sexual con penetración;enero-marzo 2025;0
46230 Silla;5.2.-Resto de delitos contra la libertad sexual;enero-marzo 2025;1
46230 Silla;6. Robos con violencia e intimidación;enero-marzo 2025;1
46230 Silla;7. Robos con fuerza en domicilios, establecimientos y otras instalaciones;enero-marzo 2025;11
46230 Silla;7.1.-Robos con fuerza en domicilios;enero-marzo 2025;10
46230 Silla;8. Hurtos;enero-marzo 2025;35
46230 Silla;9. Sustracciones de vehículos;enero-marzo 2025;0
46230 Silla;10. Tráfico de drogas;enero-marzo 2025;2
46230 Silla;11. Resto de criminalidad convencional;enero-marzo 2025;131
46230 Silla;II. CIBERCRIMINALIDAD (infracciones penales cometidas en/por medio ciber);enero-marzo 2025;34
46230 Silla;12.-Estafas informáticas;enero-marzo 2025;31
46230 Silla;13.-Otros ciberdelitos;enero-marzo 2025;3
46230 Silla;III. TOTAL INFRACCIONES PENALES;enero-marzo 2025;219
46235 Sueca;I. CRIMINALIDAD CONVENCIONAL;enero-marzo 2025;312
46235 Sueca;1. Homicidios dolosos y asesinatos consumados;enero-marzo 2025;0
46235 Sueca;2. Homicidios dolosos y asesinatos en grado tentativa;enero-marzo 2025;0
46235 Sueca;3. Delitos graves y menos graves de lesiones y riña tumultuaria;enero-marzo 2025;5
46235 Sueca;4. Secuestro;enero-marzo 2025;0
46235 Sueca;5. Delitos contra la libertad sexual;enero-marzo 2025;0
46235 Sueca;5.1.-Agresión sexual con penetración;enero-marzo 2025;0
46235 Sueca;5.2.-Resto de delitos contra la libertad sexual;enero-marzo 2025;0
46235 Sueca;6. Robos con violencia e intimidación;enero-marzo 2025;9
46235 Sueca;7. Robos con fuerza en domicilios, establecimientos y otras instalaciones;enero-marzo 2025;32
46235 Sueca;7.1.-Robos con fuerza en domicilios;enero-marzo 2025;25
46235 Sueca;8. Hurtos;enero-marzo 2025;83
46235 Sueca;9. Sustracciones de vehículos;enero-marzo 2025;4
46235 Sueca;10. Tráfico de drogas;enero-marzo 2025;4
46235 Sueca;11. Resto de criminalidad convencional;enero-marzo 2025;175
46235 Sueca;II. CIBERCRIMINALIDAD (infracciones penales cometidas en/por medio ciber);enero-marzo 2025;72
46235 Sueca;12.-Estafas informáticas;enero-marzo 2025;60
46235 Sueca;13.-Otros ciberdelitos;enero-marzo 2025;12
46235 Sueca;III. TOTAL INFRACCIONES PENALES;enero-marzo 2025;384
46244 Torrent;I. CRIMINALIDAD CONVENCIONAL;enero-marzo 2025;693
46244 Torrent;1. Homicidios dolosos y asesinatos consumados;enero-marzo 2025;0
46244 Torrent;2. Homicidios dolosos y asesinatos en grado tentativa;enero-marzo 2025;1
46244 Torrent;3. Delitos graves y menos graves de lesiones y riña tumultuaria;enero-marzo 2025;5
46244 Torrent;4. Secuestro;enero-marzo 2025;0
46244 Torrent;5. Delitos contra la libertad sexual;enero-marzo 2025;6
46244 Torrent;5.1.-Agresión sexual con penetración;enero-marzo 2025;1
46244 Torrent;5.2.-Resto de delitos contra la libertad sexual;enero-marzo 2025;5
46244 Torrent;6. Robos con violencia e intimidación;enero-marzo 2025;10
46244 Torrent;7. Robos con fuerza en domicilios, establecimientos y otras instalaciones;enero-marzo 2025;66
46244 Torrent;7.1.-Robos con fuerza en domicilios;enero-marzo 2025;53
46244 Torrent;8. Hurtos;enero-marzo 2025;166
46244 Torrent;9. Sustracciones de vehículos;enero-marzo 2025;6
46244 Torrent;10. Tráfico de drogas;enero-marzo 2025;8
46244 Torrent;11. Resto de criminalidad convencional;enero-marzo 2025;425
46244 Torrent;II. CIBERCRIMINALIDAD (infracciones penales cometidas en/por medio ciber);enero-marzo 2025;228
46244 Torrent;12.-Estafas informáticas;enero-marzo 2025;201
46244 Torrent;13.-Otros ciberdelitos;enero-marzo 2025;27
46244 Torrent;III. TOTAL INFRACCIONES PENALES;enero-marzo 2025;921
46250 Valencia;I. CRIMINALIDAD CONVENCIONAL;enero-marzo 2025;12.601
46250 Valencia;1. Homicidios dolosos y asesinatos consumados;enero-marzo 2025;1
46250 Valencia;2. Homicidios dolosos y asesinatos en grado tentativa;enero-marzo 2025;7
46250 Valencia;3. Delitos graves y menos graves de lesiones y riña tumultuaria;enero-marzo 2025;184
46250 Valencia;4. Secuestro;enero-marzo 2025;0
46250 Valencia;5. Delitos contra la libertad sexual;enero-marzo 2025;105
46250 Valencia;5.1.-Agresión sexual con penetración;enero-marzo 2025;21
46250 Valencia;5.2.-Resto de delitos contra la libertad sexual;enero-marzo 2025;84
46250 Valencia;6. Robos con violencia e intimidación;enero-marzo 2025;464
46250 Valencia;7. Robos con fuerza en domicilios, establecimientos y otras instalaciones;enero-marzo 2025;386
46250 Valencia;7.1.-Robos con fuerza en domicilios;enero-marzo 2025;297
46250 Valencia;8. Hurtos;enero-marzo 2025;5.668
46250 Valencia;9. Sustracciones de vehículos;enero-marzo 2025;196
46250 Valencia;10. Tráfico de drogas;enero-marzo 2025;179
46250 Valencia;11. Resto de criminalidad convencional;enero-marzo 2025;5.411
46250 Valencia;II. CIBERCRIMINALIDAD (infracciones penales cometidas en/por medio ciber);enero-marzo 2025;2.437
46250 Valencia;12.-Estafas informáticas;enero-marzo 2025;2.150
46250 Valencia;13.-Otros ciberdelitos;enero-marzo 2025;287
46250 Valencia;III. TOTAL INFRACCIONES PENALES;enero-marzo 2025;15.038
46145 Xàtiva;I. CRIMINALIDAD CONVENCIONAL;enero-marzo 2025;274
46145 Xàtiva;1. Homicidios dolosos y asesinatos consumados;enero-marzo 2025;0
46145 Xàtiva;2. Homicidios dolosos y asesinatos en grado tentativa;enero-marzo 2025;0
46145 Xàtiva;3. Delitos graves y menos graves de lesiones y riña tumultuaria;enero-marzo 2025;5
46145 Xàtiva;4. Secuestro;enero-marzo 2025;0
46145 Xàtiva;5. Delitos contra la libertad sexual;enero-marzo 2025;2
46145 Xàtiva;5.1.-Agresión sexual con penetración;enero-marzo 2025;0
46145 Xàtiva;5.2.-Resto de delitos contra la libertad sexual;enero-marzo 2025;2
46145 Xàtiva;6. Robos con violencia e intimidación;enero-marzo 2025;1
46145 Xàtiva;7. Robos con fuerza en domicilios, establecimientos y otras instalaciones;enero-marzo 2025;26
46145 Xàtiva;7.1.-Robos con fuerza en domicilios;enero-marzo 2025;22
46145 Xàtiva;8. Hurtos;enero-marzo 2025;67
46145 Xàtiva;9. Sustracciones de vehículos;enero-marzo 2025;2
46145 Xàtiva;10. Tráfico de drogas;enero-marzo 2025;2
46145 Xàtiva;11. Resto de criminalidad convencional;enero-marzo 2025;169
46145 Xàtiva;II. CIBERCRIMINALIDAD (infracciones penales cometidas en/por medio ciber);enero-marzo 2025;46
46145 Xàtiva;12.-Estafas informáticas;enero-marzo 2025;39
46145 Xàtiva;13.-Otros ciberdelitos;enero-marzo 2025;7
46145 Xàtiva;III. TOTAL INFRACCIONES PENALES;enero-marzo 2025;320
46110 Xirivella;I. CRIMINALIDAD CONVENCIONAL;enero-marzo 2025;285
46110 Xirivella;1. Homicidios dolosos y asesinatos consumados;enero-marzo 2025;0
46110 Xirivella;2. Homicidios dolosos y asesinatos en grado tentativa;enero-marzo 2025;0
46110 Xirivella;3. Delitos graves y menos graves de lesiones y riña tumultuaria;enero-marzo 2025;3
46110 Xirivella;4. Secuestro;enero-marzo 2025;0
46110 Xirivella;5. Delitos contra la libertad sexual;enero-marzo 2025;5
46110 Xirivella;5.1.-Agresión sexual con penetración;enero-marzo 2025;0
46110 Xirivella;5.2.-Resto de delitos contra la libertad sexual;enero-marzo 2025;5
46110 Xirivella;6. Robos con violencia e intimidación;enero-marzo 2025;6
46110 Xirivella;7. Robos con fuerza en domicilios, establecimientos y otras instalaciones;enero-marzo 2025;11
46110 Xirivella;7.1.-Robos con fuerza en domicilios;enero-marzo 2025;10
46110 Xirivella;8. Hurtos;enero-marzo 2025;105
46110 Xirivella;9. Sustracciones de vehículos;enero-marzo 2025;5
46110 Xirivella;10. Tráfico de drogas;enero-marzo 2025;3
46110 Xirivella;11. Resto de criminalidad convencional;enero-marzo 2025;147
46110 Xirivella;II. CIBERCRIMINALIDAD (infracciones penales cometidas en/por medio ciber);enero-marzo 2025;71
46110 Xirivella;12.-Estafas informáticas;enero-marzo 2025;64
46110 Xirivella;13.-Otros ciberdelitos;enero-marzo 2025;7
46110 Xirivella;III. TOTAL INFRACCIONES PENALES;enero-marzo 2025;356
