Geografía;Tipología penal;Periodos:;Total
Provincia de ALICANTE/ALACANT;I. CRIMINALIDAD CONVENCIONAL;Enero-marzo 2023;19.296
Provincia de ALICANTE/ALACANT;1. Homicidios dolosos y asesinatos consumados;Enero-marzo 2023;2
Provincia de ALICANTE/ALACANT;2. Homicidios dolosos y asesinatos en grado tentativa;Enero-marzo 2023;14
Provincia de ALICANTE/ALACANT;3. Delitos graves y menos graves de lesiones y riña tumultuaria;Enero-marzo 2023;247
Provincia de ALICANTE/ALACANT;4. Secuestro;Enero-marzo 2023;0
Provincia de ALICANTE/ALACANT;5. Delitos contra la libertad sexual;Enero-marzo 2023;185
Provincia de ALICANTE/ALACANT;5.1.-Agresión sexual con penetración;Enero-marzo 2023;44
Provincia de ALICANTE/ALACANT;5.2.-Resto de delitos contra la libertad sexual;Enero-marzo 2023;141
Provincia de ALICANTE/ALACANT;6. Robos con violencia e intimidación;Enero-marzo 2023;410
Provincia de ALICANTE/ALACANT;7. Robos con fuerza en domicilios, establecimientos y otras instalaciones;Enero-marzo 2023;1.841
Provincia de ALICANTE/ALACANT;7.1.-Robos con fuerza en domicilios;Enero-marzo 2023;1.500
Provincia de ALICANTE/ALACANT;8. Hurtos;Enero-marzo 2023;5.639
Provincia de ALICANTE/ALACANT;9. Sustracciones de vehículos;Enero-marzo 2023;310
Provincia de ALICANTE/ALACANT;10. Tráfico de drogas;Enero-marzo 2023;264
Provincia de ALICANTE/ALACANT;11. Resto de criminalidad convencional;Enero-marzo 2023;10.384
Provincia de ALICANTE/ALACANT;II. CIBERCRIMINALIDAD (infracciones penales cometidas en/por medio ciber);Enero-marzo 2023;4.142
Provincia de ALICANTE/ALACANT;12.-Estafas informáticas;Enero-marzo 2023;3.579
Provincia de ALICANTE/ALACANT;13.-Otros ciberdelitos;Enero-marzo 2023;563
Provincia de ALICANTE/ALACANT;III. TOTAL INFRACCIONES PENALES;Enero-marzo 2023;23.438
-Municipio de Alcoy/Alcoi;I. CRIMINALIDAD CONVENCIONAL;Enero-marzo 2023;390
-Municipio de Alcoy/Alcoi;1. Homicidios dolosos y asesinatos consumados;Enero-marzo 2023;0
-Municipio de Alcoy/Alcoi;2. Homicidios dolosos y asesinatos en grado tentativa;Enero-marzo 2023;0
-Municipio de Alcoy/Alcoi;3. Delitos graves y menos graves de lesiones y riña tumultuaria;Enero-marzo 2023;1
-Municipio de Alcoy/Alcoi;4. Secuestro;Enero-marzo 2023;0
-Municipio de Alcoy/Alcoi;5. Delitos contra la libertad sexual;Enero-marzo 2023;3
-Municipio de Alcoy/Alcoi;5.1.-Agresión sexual con penetración;Enero-marzo 2023;0
-Municipio de Alcoy/Alcoi;5.2.-Resto de delitos contra la libertad sexual;Enero-marzo 2023;3
-Municipio de Alcoy/Alcoi;6. Robos con violencia e intimidación;Enero-marzo 2023;7
-Municipio de Alcoy/Alcoi;7. Robos con fuerza en domicilios, establecimientos y otras instalaciones;Enero-marzo 2023;45
-Municipio de Alcoy/Alcoi;7.1.-Robos con fuerza en domicilios;Enero-marzo 2023;34
-Municipio de Alcoy/Alcoi;8. Hurtos;Enero-marzo 2023;97
-Municipio de Alcoy/Alcoi;9. Sustracciones de vehículos;Enero-marzo 2023;10
-Municipio de Alcoy/Alcoi;10. Tráfico de drogas;Enero-marzo 2023;0
-Municipio de Alcoy/Alcoi;11. Resto de criminalidad convencional;Enero-marzo 2023;227
-Municipio de Alcoy/Alcoi;II. CIBERCRIMINALIDAD (infracciones penales cometidas en/por medio ciber);Enero-marzo 2023;126
-Municipio de Alcoy/Alcoi;12.-Estafas informáticas;Enero-marzo 2023;104
-Municipio de Alcoy/Alcoi;13.-Otros ciberdelitos;Enero-marzo 2023;22
-Municipio de Alcoy/Alcoi;III. TOTAL INFRACCIONES PENALES;Enero-marzo 2023;516
-Municipio de L'Alfàs del Pi;I. CRIMINALIDAD CONVENCIONAL;Enero-marzo 2023;237
-Municipio de L'Alfàs del Pi;1. Homicidios dolosos y asesinatos consumados;Enero-marzo 2023;0
-Municipio de L'Alfàs del Pi;2. Homicidios dolosos y asesinatos en grado tentativa;Enero-marzo 2023;0
-Municipio de L'Alfàs del Pi;3. Delitos graves y menos graves de lesiones y riña tumultuaria;Enero-marzo 2023;0
-Municipio de L'Alfàs del Pi;4. Secuestro;Enero-marzo 2023;0
-Municipio de L'Alfàs del Pi;5. Delitos contra la libertad sexual;Enero-marzo 2023;3
-Municipio de L'Alfàs del Pi;5.1.-Agresión sexual con penetración;Enero-marzo 2023;1
-Municipio de L'Alfàs del Pi;5.2.-Resto de delitos contra la libertad sexual;Enero-marzo 2023;2
-Municipio de L'Alfàs del Pi;6. Robos con violencia e intimidación;Enero-marzo 2023;2
-Municipio de L'Alfàs del Pi;7. Robos con fuerza en domicilios, establecimientos y otras instalaciones;Enero-marzo 2023;39
-Municipio de L'Alfàs del Pi;7.1.-Robos con fuerza en domicilios;Enero-marzo 2023;33
-Municipio de L'Alfàs del Pi;8. Hurtos;Enero-marzo 2023;84
-Municipio de L'Alfàs del Pi;9. Sustracciones de vehículos;Enero-marzo 2023;4
-Municipio de L'Alfàs del Pi;10. Tráfico de drogas;Enero-marzo 2023;1
-Municipio de L'Alfàs del Pi;11. Resto de criminalidad convencional;Enero-marzo 2023;104
-Municipio de L'Alfàs del Pi;II. CIBERCRIMINALIDAD (infracciones penales cometidas en/por medio ciber);Enero-marzo 2023;40
-Municipio de L'Alfàs del Pi;12.-Estafas informáticas;Enero-marzo 2023;35
-Municipio de L'Alfàs del Pi;13.-Otros ciberdelitos;Enero-marzo 2023;5
-Municipio de L'Alfàs del Pi;III. TOTAL INFRACCIONES PENALES;Enero-marzo 2023;277
-Municipio de Alicante/Alacant;I. CRIMINALIDAD CONVENCIONAL;Enero-marzo 2023;4.587
-Municipio de Alicante/Alacant;1. Homicidios dolosos y asesinatos consumados;Enero-marzo 2023;0
-Municipio de Alicante/Alacant;2. Homicidios dolosos y asesinatos en grado tentativa;Enero-marzo 2023;3
-Municipio de Alicante/Alacant;3. Delitos graves y menos graves de lesiones y riña tumultuaria;Enero-marzo 2023;36
-Municipio de Alicante/Alacant;4. Secuestro;Enero-marzo 2023;0
-Municipio de Alicante/Alacant;5. Delitos contra la libertad sexual;Enero-marzo 2023;51
-Municipio de Alicante/Alacant;5.1.-Agresión sexual con penetración;Enero-marzo 2023;15
-Municipio de Alicante/Alacant;5.2.-Resto de delitos contra la libertad sexual;Enero-marzo 2023;36
-Municipio de Alicante/Alacant;6. Robos con violencia e intimidación;Enero-marzo 2023;138
-Municipio de Alicante/Alacant;7. Robos con fuerza en domicilios, establecimientos y otras instalaciones;Enero-marzo 2023;155
-Municipio de Alicante/Alacant;7.1.-Robos con fuerza en domicilios;Enero-marzo 2023;113
-Municipio de Alicante/Alacant;8. Hurtos;Enero-marzo 2023;1.634
-Municipio de Alicante/Alacant;9. Sustracciones de vehículos;Enero-marzo 2023;78
-Municipio de Alicante/Alacant;10. Tráfico de drogas;Enero-marzo 2023;75
-Municipio de Alicante/Alacant;11. Resto de criminalidad convencional;Enero-marzo 2023;2.417
-Municipio de Alicante/Alacant;II. CIBERCRIMINALIDAD (infracciones penales cometidas en/por medio ciber);Enero-marzo 2023;995
-Municipio de Alicante/Alacant;12.-Estafas informáticas;Enero-marzo 2023;812
-Municipio de Alicante/Alacant;13.-Otros ciberdelitos;Enero-marzo 2023;183
-Municipio de Alicante/Alacant;III. TOTAL INFRACCIONES PENALES;Enero-marzo 2023;5.582
-Municipio de Almoradí;I. CRIMINALIDAD CONVENCIONAL;Enero-marzo 2023;221
-Municipio de Almoradí;1. Homicidios dolosos y asesinatos consumados;Enero-marzo 2023;0
-Municipio de Almoradí;2. Homicidios dolosos y asesinatos en grado tentativa;Enero-marzo 2023;0
-Municipio de Almoradí;3. Delitos graves y menos graves de lesiones y riña tumultuaria;Enero-marzo 2023;4
-Municipio de Almoradí;4. Secuestro;Enero-marzo 2023;0
-Municipio de Almoradí;5. Delitos contra la libertad sexual;Enero-marzo 2023;0
-Municipio de Almoradí;5.1.-Agresión sexual con penetración;Enero-marzo 2023;0
-Municipio de Almoradí;5.2.-Resto de delitos contra la libertad sexual;Enero-marzo 2023;0
-Municipio de Almoradí;6. Robos con violencia e intimidación;Enero-marzo 2023;5
-Municipio de Almoradí;7. Robos con fuerza en domicilios, establecimientos y otras instalaciones;Enero-marzo 2023;28
-Municipio de Almoradí;7.1.-Robos con fuerza en domicilios;Enero-marzo 2023;22
-Municipio de Almoradí;8. Hurtos;Enero-marzo 2023;62
-Municipio de Almoradí;9. Sustracciones de vehículos;Enero-marzo 2023;0
-Municipio de Almoradí;10. Tráfico de drogas;Enero-marzo 2023;1
-Municipio de Almoradí;11. Resto de criminalidad convencional;Enero-marzo 2023;121
-Municipio de Almoradí;II. CIBERCRIMINALIDAD (infracciones penales cometidas en/por medio ciber);Enero-marzo 2023;41
-Municipio de Almoradí;12.-Estafas informáticas;Enero-marzo 2023;36
-Municipio de Almoradí;13.-Otros ciberdelitos;Enero-marzo 2023;5
-Municipio de Almoradí;III. TOTAL INFRACCIONES PENALES;Enero-marzo 2023;262
-Municipio de Altea;I. CRIMINALIDAD CONVENCIONAL;Enero-marzo 2023;345
-Municipio de Altea;1. Homicidios dolosos y asesinatos consumados;Enero-marzo 2023;0
-Municipio de Altea;2. Homicidios dolosos y asesinatos en grado tentativa;Enero-marzo 2023;0
-Municipio de Altea;3. Delitos graves y menos graves de lesiones y riña tumultuaria;Enero-marzo 2023;2
-Municipio de Altea;4. Secuestro;Enero-marzo 2023;0
-Municipio de Altea;5. Delitos contra la libertad sexual;Enero-marzo 2023;1
-Municipio de Altea;5.1.-Agresión sexual con penetración;Enero-marzo 2023;1
-Municipio de Altea;5.2.-Resto de delitos contra la libertad sexual;Enero-marzo 2023;0
-Municipio de Altea;6. Robos con violencia e intimidación;Enero-marzo 2023;6
-Municipio de Altea;7. Robos con fuerza en domicilios, establecimientos y otras instalaciones;Enero-marzo 2023;60
-Municipio de Altea;7.1.-Robos con fuerza en domicilios;Enero-marzo 2023;47
-Municipio de Altea;8. Hurtos;Enero-marzo 2023;117
-Municipio de Altea;9. Sustracciones de vehículos;Enero-marzo 2023;7
-Municipio de Altea;10. Tráfico de drogas;Enero-marzo 2023;1
-Municipio de Altea;11. Resto de criminalidad convencional;Enero-marzo 2023;151
-Municipio de Altea;II. CIBERCRIMINALIDAD (infracciones penales cometidas en/por medio ciber);Enero-marzo 2023;58
-Municipio de Altea;12.-Estafas informáticas;Enero-marzo 2023;51
-Municipio de Altea;13.-Otros ciberdelitos;Enero-marzo 2023;7
-Municipio de Altea;III. TOTAL INFRACCIONES PENALES;Enero-marzo 2023;403
-Municipio de Aspe;I. CRIMINALIDAD CONVENCIONAL;Enero-marzo 2023;169
-Municipio de Aspe;1. Homicidios dolosos y asesinatos consumados;Enero-marzo 2023;1
-Municipio de Aspe;2. Homicidios dolosos y asesinatos en grado tentativa;Enero-marzo 2023;0
-Municipio de Aspe;3. Delitos graves y menos graves de lesiones y riña tumultuaria;Enero-marzo 2023;2
-Municipio de Aspe;4. Secuestro;Enero-marzo 2023;0
-Municipio de Aspe;5. Delitos contra la libertad sexual;Enero-marzo 2023;1
-Municipio de Aspe;5.1.-Agresión sexual con penetración;Enero-marzo 2023;0
-Municipio de Aspe;5.2.-Resto de delitos contra la libertad sexual;Enero-marzo 2023;1
-Municipio de Aspe;6. Robos con violencia e intimidación;Enero-marzo 2023;3
-Municipio de Aspe;7. Robos con fuerza en domicilios, establecimientos y otras instalaciones;Enero-marzo 2023;21
-Municipio de Aspe;7.1.-Robos con fuerza en domicilios;Enero-marzo 2023;17
-Municipio de Aspe;8. Hurtos;Enero-marzo 2023;24
-Municipio de Aspe;9. Sustracciones de vehículos;Enero-marzo 2023;0
-Municipio de Aspe;10. Tráfico de drogas;Enero-marzo 2023;0
-Municipio de Aspe;11. Resto de criminalidad convencional;Enero-marzo 2023;117
-Municipio de Aspe;II. CIBERCRIMINALIDAD (infracciones penales cometidas en/por medio ciber);Enero-marzo 2023;44
-Municipio de Aspe;12.-Estafas informáticas;Enero-marzo 2023;31
-Municipio de Aspe;13.-Otros ciberdelitos;Enero-marzo 2023;13
-Municipio de Aspe;III. TOTAL INFRACCIONES PENALES;Enero-marzo 2023;213
-Municipio de Benidorm;I. CRIMINALIDAD CONVENCIONAL;Enero-marzo 2023;908
-Municipio de Benidorm;1. Homicidios dolosos y asesinatos consumados;Enero-marzo 2023;0
-Municipio de Benidorm;2. Homicidios dolosos y asesinatos en grado tentativa;Enero-marzo 2023;1
-Municipio de Benidorm;3. Delitos graves y menos graves de lesiones y riña tumultuaria;Enero-marzo 2023;43
-Municipio de Benidorm;4. Secuestro;Enero-marzo 2023;0
-Municipio de Benidorm;5. Delitos contra la libertad sexual;Enero-marzo 2023;12
-Municipio de Benidorm;5.1.-Agresión sexual con penetración;Enero-marzo 2023;6
-Municipio de Benidorm;5.2.-Resto de delitos contra la libertad sexual;Enero-marzo 2023;6
-Municipio de Benidorm;6. Robos con violencia e intimidación;Enero-marzo 2023;17
-Municipio de Benidorm;7. Robos con fuerza en domicilios, establecimientos y otras instalaciones;Enero-marzo 2023;28
-Municipio de Benidorm;7.1.-Robos con fuerza en domicilios;Enero-marzo 2023;14
-Municipio de Benidorm;8. Hurtos;Enero-marzo 2023;318
-Municipio de Benidorm;9. Sustracciones de vehículos;Enero-marzo 2023;9
-Municipio de Benidorm;10. Tráfico de drogas;Enero-marzo 2023;23
-Municipio de Benidorm;11. Resto de criminalidad convencional;Enero-marzo 2023;457
-Municipio de Benidorm;II. CIBERCRIMINALIDAD (infracciones penales cometidas en/por medio ciber);Enero-marzo 2023;157
-Municipio de Benidorm;12.-Estafas informáticas;Enero-marzo 2023;141
-Municipio de Benidorm;13.-Otros ciberdelitos;Enero-marzo 2023;16
-Municipio de Benidorm;III. TOTAL INFRACCIONES PENALES;Enero-marzo 2023;1.065
-Municipio de Calp;I. CRIMINALIDAD CONVENCIONAL;Enero-marzo 2023;269
-Municipio de Calp;1. Homicidios dolosos y asesinatos consumados;Enero-marzo 2023;0
-Municipio de Calp;2. Homicidios dolosos y asesinatos en grado tentativa;Enero-marzo 2023;0
-Municipio de Calp;3. Delitos graves y menos graves de lesiones y riña tumultuaria;Enero-marzo 2023;5
-Municipio de Calp;4. Secuestro;Enero-marzo 2023;0
-Municipio de Calp;5. Delitos contra la libertad sexual;Enero-marzo 2023;1
-Municipio de Calp;5.1.-Agresión sexual con penetración;Enero-marzo 2023;0
-Municipio de Calp;5.2.-Resto de delitos contra la libertad sexual;Enero-marzo 2023;1
-Municipio de Calp;6. Robos con violencia e intimidación;Enero-marzo 2023;1
-Municipio de Calp;7. Robos con fuerza en domicilios, establecimientos y otras instalaciones;Enero-marzo 2023;45
-Municipio de Calp;7.1.-Robos con fuerza en domicilios;Enero-marzo 2023;44
-Municipio de Calp;8. Hurtos;Enero-marzo 2023;72
-Municipio de Calp;9. Sustracciones de vehículos;Enero-marzo 2023;3
-Municipio de Calp;10. Tráfico de drogas;Enero-marzo 2023;2
-Municipio de Calp;11. Resto de criminalidad convencional;Enero-marzo 2023;140
-Municipio de Calp;II. CIBERCRIMINALIDAD (infracciones penales cometidas en/por medio ciber);Enero-marzo 2023;78
-Municipio de Calp;12.-Estafas informáticas;Enero-marzo 2023;72
-Municipio de Calp;13.-Otros ciberdelitos;Enero-marzo 2023;6
-Municipio de Calp;III. TOTAL INFRACCIONES PENALES;Enero-marzo 2023;347
-Municipio de Campello (el);I. CRIMINALIDAD CONVENCIONAL;Enero-marzo 2023;250
-Municipio de Campello (el);1. Homicidios dolosos y asesinatos consumados;Enero-marzo 2023;0
-Municipio de Campello (el);2. Homicidios dolosos y asesinatos en grado tentativa;Enero-marzo 2023;0
-Municipio de Campello (el);3. Delitos graves y menos graves de lesiones y riña tumultuaria;Enero-marzo 2023;2
-Municipio de Campello (el);4. Secuestro;Enero-marzo 2023;0
-Municipio de Campello (el);5. Delitos contra la libertad sexual;Enero-marzo 2023;1
-Municipio de Campello (el);5.1.-Agresión sexual con penetración;Enero-marzo 2023;1
-Municipio de Campello (el);5.2.-Resto de delitos contra la libertad sexual;Enero-marzo 2023;0
-Municipio de Campello (el);6. Robos con violencia e intimidación;Enero-marzo 2023;4
-Municipio de Campello (el);7. Robos con fuerza en domicilios, establecimientos y otras instalaciones;Enero-marzo 2023;21
-Municipio de Campello (el);7.1.-Robos con fuerza en domicilios;Enero-marzo 2023;21
-Municipio de Campello (el);8. Hurtos;Enero-marzo 2023;60
-Municipio de Campello (el);9. Sustracciones de vehículos;Enero-marzo 2023;3
-Municipio de Campello (el);10. Tráfico de drogas;Enero-marzo 2023;4
-Municipio de Campello (el);11. Resto de criminalidad convencional;Enero-marzo 2023;155
-Municipio de Campello (el);II. CIBERCRIMINALIDAD (infracciones penales cometidas en/por medio ciber);Enero-marzo 2023;38
-Municipio de Campello (el);12.-Estafas informáticas;Enero-marzo 2023;33
-Municipio de Campello (el);13.-Otros ciberdelitos;Enero-marzo 2023;5
-Municipio de Campello (el);III. TOTAL INFRACCIONES PENALES;Enero-marzo 2023;288
-Municipio de Crevillent;I. CRIMINALIDAD CONVENCIONAL;Enero-marzo 2023;198
-Municipio de Crevillent;1. Homicidios dolosos y asesinatos consumados;Enero-marzo 2023;0
-Municipio de Crevillent;2. Homicidios dolosos y asesinatos en grado tentativa;Enero-marzo 2023;2
-Municipio de Crevillent;3. Delitos graves y menos graves de lesiones y riña tumultuaria;Enero-marzo 2023;6
-Municipio de Crevillent;4. Secuestro;Enero-marzo 2023;0
-Municipio de Crevillent;5. Delitos contra la libertad sexual;Enero-marzo 2023;6
-Municipio de Crevillent;5.1.-Agresión sexual con penetración;Enero-marzo 2023;1
-Municipio de Crevillent;5.2.-Resto de delitos contra la libertad sexual;Enero-marzo 2023;5
-Municipio de Crevillent;6. Robos con violencia e intimidación;Enero-marzo 2023;2
-Municipio de Crevillent;7. Robos con fuerza en domicilios, establecimientos y otras instalaciones;Enero-marzo 2023;17
-Municipio de Crevillent;7.1.-Robos con fuerza en domicilios;Enero-marzo 2023;15
-Municipio de Crevillent;8. Hurtos;Enero-marzo 2023;32
-Municipio de Crevillent;9. Sustracciones de vehículos;Enero-marzo 2023;0
-Municipio de Crevillent;10. Tráfico de drogas;Enero-marzo 2023;1
-Municipio de Crevillent;11. Resto de criminalidad convencional;Enero-marzo 2023;132
-Municipio de Crevillent;II. CIBERCRIMINALIDAD (infracciones penales cometidas en/por medio ciber);Enero-marzo 2023;37
-Municipio de Crevillent;12.-Estafas informáticas;Enero-marzo 2023;28
-Municipio de Crevillent;13.-Otros ciberdelitos;Enero-marzo 2023;9
-Municipio de Crevillent;III. TOTAL INFRACCIONES PENALES;Enero-marzo 2023;235
-Municipio de Dénia;I. CRIMINALIDAD CONVENCIONAL;Enero-marzo 2023;408
-Municipio de Dénia;1. Homicidios dolosos y asesinatos consumados;Enero-marzo 2023;0
-Municipio de Dénia;2. Homicidios dolosos y asesinatos en grado tentativa;Enero-marzo 2023;0
-Municipio de Dénia;3. Delitos graves y menos graves de lesiones y riña tumultuaria;Enero-marzo 2023;7
-Municipio de Dénia;4. Secuestro;Enero-marzo 2023;0
-Municipio de Dénia;5. Delitos contra la libertad sexual;Enero-marzo 2023;3
-Municipio de Dénia;5.1.-Agresión sexual con penetración;Enero-marzo 2023;1
-Municipio de Dénia;5.2.-Resto de delitos contra la libertad sexual;Enero-marzo 2023;2
-Municipio de Dénia;6. Robos con violencia e intimidación;Enero-marzo 2023;7
-Municipio de Dénia;7. Robos con fuerza en domicilios, establecimientos y otras instalaciones;Enero-marzo 2023;48
-Municipio de Dénia;7.1.-Robos con fuerza en domicilios;Enero-marzo 2023;40
-Municipio de Dénia;8. Hurtos;Enero-marzo 2023;98
-Municipio de Dénia;9. Sustracciones de vehículos;Enero-marzo 2023;11
-Municipio de Dénia;10. Tráfico de drogas;Enero-marzo 2023;8
-Municipio de Dénia;11. Resto de criminalidad convencional;Enero-marzo 2023;226
-Municipio de Dénia;II. CIBERCRIMINALIDAD (infracciones penales cometidas en/por medio ciber);Enero-marzo 2023;108
-Municipio de Dénia;12.-Estafas informáticas;Enero-marzo 2023;96
-Municipio de Dénia;13.-Otros ciberdelitos;Enero-marzo 2023;12
-Municipio de Dénia;III. TOTAL INFRACCIONES PENALES;Enero-marzo 2023;516
-Municipio de Elche/Elx;I. CRIMINALIDAD CONVENCIONAL;Enero-marzo 2023;1.878
-Municipio de Elche/Elx;1. Homicidios dolosos y asesinatos consumados;Enero-marzo 2023;0
-Municipio de Elche/Elx;2. Homicidios dolosos y asesinatos en grado tentativa;Enero-marzo 2023;2
-Municipio de Elche/Elx;3. Delitos graves y menos graves de lesiones y riña tumultuaria;Enero-marzo 2023;20
-Municipio de Elche/Elx;4. Secuestro;Enero-marzo 2023;0
-Municipio de Elche/Elx;5. Delitos contra la libertad sexual;Enero-marzo 2023;23
-Municipio de Elche/Elx;5.1.-Agresión sexual con penetración;Enero-marzo 2023;5
-Municipio de Elche/Elx;5.2.-Resto de delitos contra la libertad sexual;Enero-marzo 2023;18
-Municipio de Elche/Elx;6. Robos con violencia e intimidación;Enero-marzo 2023;38
-Municipio de Elche/Elx;7. Robos con fuerza en domicilios, establecimientos y otras instalaciones;Enero-marzo 2023;106
-Municipio de Elche/Elx;7.1.-Robos con fuerza en domicilios;Enero-marzo 2023;70
-Municipio de Elche/Elx;8. Hurtos;Enero-marzo 2023;635
-Municipio de Elche/Elx;9. Sustracciones de vehículos;Enero-marzo 2023;39
-Municipio de Elche/Elx;10. Tráfico de drogas;Enero-marzo 2023;47
-Municipio de Elche/Elx;11. Resto de criminalidad convencional;Enero-marzo 2023;968
-Municipio de Elche/Elx;II. CIBERCRIMINALIDAD (infracciones penales cometidas en/por medio ciber);Enero-marzo 2023;406
-Municipio de Elche/Elx;12.-Estafas informáticas;Enero-marzo 2023;365
-Municipio de Elche/Elx;13.-Otros ciberdelitos;Enero-marzo 2023;41
-Municipio de Elche/Elx;III. TOTAL INFRACCIONES PENALES;Enero-marzo 2023;2.284
-Municipio de Elda;I. CRIMINALIDAD CONVENCIONAL;Enero-marzo 2023;463
-Municipio de Elda;1. Homicidios dolosos y asesinatos consumados;Enero-marzo 2023;0
-Municipio de Elda;2. Homicidios dolosos y asesinatos en grado tentativa;Enero-marzo 2023;2
-Municipio de Elda;3. Delitos graves y menos graves de lesiones y riña tumultuaria;Enero-marzo 2023;3
-Municipio de Elda;4. Secuestro;Enero-marzo 2023;0
-Municipio de Elda;5. Delitos contra la libertad sexual;Enero-marzo 2023;2
-Municipio de Elda;5.1.-Agresión sexual con penetración;Enero-marzo 2023;1
-Municipio de Elda;5.2.-Resto de delitos contra la libertad sexual;Enero-marzo 2023;1
-Municipio de Elda;6. Robos con violencia e intimidación;Enero-marzo 2023;10
-Municipio de Elda;7. Robos con fuerza en domicilios, establecimientos y otras instalaciones;Enero-marzo 2023;52
-Municipio de Elda;7.1.-Robos con fuerza en domicilios;Enero-marzo 2023;42
-Municipio de Elda;8. Hurtos;Enero-marzo 2023;135
-Municipio de Elda;9. Sustracciones de vehículos;Enero-marzo 2023;8
-Municipio de Elda;10. Tráfico de drogas;Enero-marzo 2023;12
-Municipio de Elda;11. Resto de criminalidad convencional;Enero-marzo 2023;239
-Municipio de Elda;II. CIBERCRIMINALIDAD (infracciones penales cometidas en/por medio ciber);Enero-marzo 2023;103
-Municipio de Elda;12.-Estafas informáticas;Enero-marzo 2023;83
-Municipio de Elda;13.-Otros ciberdelitos;Enero-marzo 2023;20
-Municipio de Elda;III. TOTAL INFRACCIONES PENALES;Enero-marzo 2023;566
-Municipio de Ibi;I. CRIMINALIDAD CONVENCIONAL;Enero-marzo 2023;170
-Municipio de Ibi;1. Homicidios dolosos y asesinatos consumados;Enero-marzo 2023;0
-Municipio de Ibi;2. Homicidios dolosos y asesinatos en grado tentativa;Enero-marzo 2023;0
-Municipio de Ibi;3. Delitos graves y menos graves de lesiones y riña tumultuaria;Enero-marzo 2023;1
-Municipio de Ibi;4. Secuestro;Enero-marzo 2023;0
-Municipio de Ibi;5. Delitos contra la libertad sexual;Enero-marzo 2023;3
-Municipio de Ibi;5.1.-Agresión sexual con penetración;Enero-marzo 2023;0
-Municipio de Ibi;5.2.-Resto de delitos contra la libertad sexual;Enero-marzo 2023;3
-Municipio de Ibi;6. Robos con violencia e intimidación;Enero-marzo 2023;1
-Municipio de Ibi;7. Robos con fuerza en domicilios, establecimientos y otras instalaciones;Enero-marzo 2023;33
-Municipio de Ibi;7.1.-Robos con fuerza en domicilios;Enero-marzo 2023;27
-Municipio de Ibi;8. Hurtos;Enero-marzo 2023;31
-Municipio de Ibi;9. Sustracciones de vehículos;Enero-marzo 2023;2
-Municipio de Ibi;10. Tráfico de drogas;Enero-marzo 2023;1
-Municipio de Ibi;11. Resto de criminalidad convencional;Enero-marzo 2023;98
-Municipio de Ibi;II. CIBERCRIMINALIDAD (infracciones penales cometidas en/por medio ciber);Enero-marzo 2023;72
-Municipio de Ibi;12.-Estafas informáticas;Enero-marzo 2023;64
-Municipio de Ibi;13.-Otros ciberdelitos;Enero-marzo 2023;8
-Municipio de Ibi;III. TOTAL INFRACCIONES PENALES;Enero-marzo 2023;242
-Municipio de Jávea/Xàbia;I. CRIMINALIDAD CONVENCIONAL;Enero-marzo 2023;294
-Municipio de Jávea/Xàbia;1. Homicidios dolosos y asesinatos consumados;Enero-marzo 2023;0
-Municipio de Jávea/Xàbia;2. Homicidios dolosos y asesinatos en grado tentativa;Enero-marzo 2023;0
-Municipio de Jávea/Xàbia;3. Delitos graves y menos graves de lesiones y riña tumultuaria;Enero-marzo 2023;6
-Municipio de Jávea/Xàbia;4. Secuestro;Enero-marzo 2023;0
-Municipio de Jávea/Xàbia;5. Delitos contra la libertad sexual;Enero-marzo 2023;0
-Municipio de Jávea/Xàbia;5.1.-Agresión sexual con penetración;Enero-marzo 2023;0
-Municipio de Jávea/Xàbia;5.2.-Resto de delitos contra la libertad sexual;Enero-marzo 2023;0
-Municipio de Jávea/Xàbia;6. Robos con violencia e intimidación;Enero-marzo 2023;4
-Municipio de Jávea/Xàbia;7. Robos con fuerza en domicilios, establecimientos y otras instalaciones;Enero-marzo 2023;60
-Municipio de Jávea/Xàbia;7.1.-Robos con fuerza en domicilios;Enero-marzo 2023;54
-Municipio de Jávea/Xàbia;8. Hurtos;Enero-marzo 2023;80
-Municipio de Jávea/Xàbia;9. Sustracciones de vehículos;Enero-marzo 2023;8
-Municipio de Jávea/Xàbia;10. Tráfico de drogas;Enero-marzo 2023;2
-Municipio de Jávea/Xàbia;11. Resto de criminalidad convencional;Enero-marzo 2023;134
-Municipio de Jávea/Xàbia;II. CIBERCRIMINALIDAD (infracciones penales cometidas en/por medio ciber);Enero-marzo 2023;63
-Municipio de Jávea/Xàbia;12.-Estafas informáticas;Enero-marzo 2023;62
-Municipio de Jávea/Xàbia;13.-Otros ciberdelitos;Enero-marzo 2023;1
-Municipio de Jávea/Xàbia;III. TOTAL INFRACCIONES PENALES;Enero-marzo 2023;357
-Municipio de Mutxamel;I. CRIMINALIDAD CONVENCIONAL;Enero-marzo 2023;126
-Municipio de Mutxamel;1. Homicidios dolosos y asesinatos consumados;Enero-marzo 2023;0
-Municipio de Mutxamel;2. Homicidios dolosos y asesinatos en grado tentativa;Enero-marzo 2023;0
-Municipio de Mutxamel;3. Delitos graves y menos graves de lesiones y riña tumultuaria;Enero-marzo 2023;1
-Municipio de Mutxamel;4. Secuestro;Enero-marzo 2023;0
-Municipio de Mutxamel;5. Delitos contra la libertad sexual;Enero-marzo 2023;4
-Municipio de Mutxamel;5.1.-Agresión sexual con penetración;Enero-marzo 2023;2
-Municipio de Mutxamel;5.2.-Resto de delitos contra la libertad sexual;Enero-marzo 2023;2
-Municipio de Mutxamel;6. Robos con violencia e intimidación;Enero-marzo 2023;0
-Municipio de Mutxamel;7. Robos con fuerza en domicilios, establecimientos y otras instalaciones;Enero-marzo 2023;12
-Municipio de Mutxamel;7.1.-Robos con fuerza en domicilios;Enero-marzo 2023;11
-Municipio de Mutxamel;8. Hurtos;Enero-marzo 2023;27
-Municipio de Mutxamel;9. Sustracciones de vehículos;Enero-marzo 2023;3
-Municipio de Mutxamel;10. Tráfico de drogas;Enero-marzo 2023;3
-Municipio de Mutxamel;11. Resto de criminalidad convencional;Enero-marzo 2023;76
-Municipio de Mutxamel;II. CIBERCRIMINALIDAD (infracciones penales cometidas en/por medio ciber);Enero-marzo 2023;43
-Municipio de Mutxamel;12.-Estafas informáticas;Enero-marzo 2023;33
-Municipio de Mutxamel;13.-Otros ciberdelitos;Enero-marzo 2023;10
-Municipio de Mutxamel;III. TOTAL INFRACCIONES PENALES;Enero-marzo 2023;169
-Municipio de Novelda;I. CRIMINALIDAD CONVENCIONAL;Enero-marzo 2023;138
-Municipio de Novelda;1. Homicidios dolosos y asesinatos consumados;Enero-marzo 2023;0
-Municipio de Novelda;2. Homicidios dolosos y asesinatos en grado tentativa;Enero-marzo 2023;0
-Municipio de Novelda;3. Delitos graves y menos graves de lesiones y riña tumultuaria;Enero-marzo 2023;2
-Municipio de Novelda;4. Secuestro;Enero-marzo 2023;0
-Municipio de Novelda;5. Delitos contra la libertad sexual;Enero-marzo 2023;1
-Municipio de Novelda;5.1.-Agresión sexual con penetración;Enero-marzo 2023;1
-Municipio de Novelda;5.2.-Resto de delitos contra la libertad sexual;Enero-marzo 2023;0
-Municipio de Novelda;6. Robos con violencia e intimidación;Enero-marzo 2023;5
-Municipio de Novelda;7. Robos con fuerza en domicilios, establecimientos y otras instalaciones;Enero-marzo 2023;7
-Municipio de Novelda;7.1.-Robos con fuerza en domicilios;Enero-marzo 2023;4
-Municipio de Novelda;8. Hurtos;Enero-marzo 2023;23
-Municipio de Novelda;9. Sustracciones de vehículos;Enero-marzo 2023;1
-Municipio de Novelda;10. Tráfico de drogas;Enero-marzo 2023;2
-Municipio de Novelda;11. Resto de criminalidad convencional;Enero-marzo 2023;97
-Municipio de Novelda;II. CIBERCRIMINALIDAD (infracciones penales cometidas en/por medio ciber);Enero-marzo 2023;15
-Municipio de Novelda;12.-Estafas informáticas;Enero-marzo 2023;11
-Municipio de Novelda;13.-Otros ciberdelitos;Enero-marzo 2023;4
-Municipio de Novelda;III. TOTAL INFRACCIONES PENALES;Enero-marzo 2023;153
-Municipio de Orihuela;I. CRIMINALIDAD CONVENCIONAL;Enero-marzo 2023;889
-Municipio de Orihuela;1. Homicidios dolosos y asesinatos consumados;Enero-marzo 2023;1
-Municipio de Orihuela;2. Homicidios dolosos y asesinatos en grado tentativa;Enero-marzo 2023;0
-Municipio de Orihuela;3. Delitos graves y menos graves de lesiones y riña tumultuaria;Enero-marzo 2023;8
-Municipio de Orihuela;4. Secuestro;Enero-marzo 2023;0
-Municipio de Orihuela;5. Delitos contra la libertad sexual;Enero-marzo 2023;9
-Municipio de Orihuela;5.1.-Agresión sexual con penetración;Enero-marzo 2023;2
-Municipio de Orihuela;5.2.-Resto de delitos contra la libertad sexual;Enero-marzo 2023;7
-Municipio de Orihuela;6. Robos con violencia e intimidación;Enero-marzo 2023;20
-Municipio de Orihuela;7. Robos con fuerza en domicilios, establecimientos y otras instalaciones;Enero-marzo 2023;136
-Municipio de Orihuela;7.1.-Robos con fuerza en domicilios;Enero-marzo 2023;120
-Municipio de Orihuela;8. Hurtos;Enero-marzo 2023;284
-Municipio de Orihuela;9. Sustracciones de vehículos;Enero-marzo 2023;23
-Municipio de Orihuela;10. Tráfico de drogas;Enero-marzo 2023;8
-Municipio de Orihuela;11. Resto de criminalidad convencional;Enero-marzo 2023;400
-Municipio de Orihuela;II. CIBERCRIMINALIDAD (infracciones penales cometidas en/por medio ciber);Enero-marzo 2023;143
-Municipio de Orihuela;12.-Estafas informáticas;Enero-marzo 2023;135
-Municipio de Orihuela;13.-Otros ciberdelitos;Enero-marzo 2023;8
-Municipio de Orihuela;III. TOTAL INFRACCIONES PENALES;Enero-marzo 2023;1.032
-Municipio de Petrer;I. CRIMINALIDAD CONVENCIONAL;Enero-marzo 2023;236
-Municipio de Petrer;1. Homicidios dolosos y asesinatos consumados;Enero-marzo 2023;0
-Municipio de Petrer;2. Homicidios dolosos y asesinatos en grado tentativa;Enero-marzo 2023;1
-Municipio de Petrer;3. Delitos graves y menos graves de lesiones y riña tumultuaria;Enero-marzo 2023;2
-Municipio de Petrer;4. Secuestro;Enero-marzo 2023;0
-Municipio de Petrer;5. Delitos contra la libertad sexual;Enero-marzo 2023;1
-Municipio de Petrer;5.1.-Agresión sexual con penetración;Enero-marzo 2023;1
-Municipio de Petrer;5.2.-Resto de delitos contra la libertad sexual;Enero-marzo 2023;0
-Municipio de Petrer;6. Robos con violencia e intimidación;Enero-marzo 2023;7
-Municipio de Petrer;7. Robos con fuerza en domicilios, establecimientos y otras instalaciones;Enero-marzo 2023;24
-Municipio de Petrer;7.1.-Robos con fuerza en domicilios;Enero-marzo 2023;18
-Municipio de Petrer;8. Hurtos;Enero-marzo 2023;57
-Municipio de Petrer;9. Sustracciones de vehículos;Enero-marzo 2023;7
-Municipio de Petrer;10. Tráfico de drogas;Enero-marzo 2023;2
-Municipio de Petrer;11. Resto de criminalidad convencional;Enero-marzo 2023;135
-Municipio de Petrer;II. CIBERCRIMINALIDAD (infracciones penales cometidas en/por medio ciber);Enero-marzo 2023;54
-Municipio de Petrer;12.-Estafas informáticas;Enero-marzo 2023;41
-Municipio de Petrer;13.-Otros ciberdelitos;Enero-marzo 2023;13
-Municipio de Petrer;III. TOTAL INFRACCIONES PENALES;Enero-marzo 2023;290
-Municipio de Pilar de la Horadada;I. CRIMINALIDAD CONVENCIONAL;Enero-marzo 2023;269
-Municipio de Pilar de la Horadada;1. Homicidios dolosos y asesinatos consumados;Enero-marzo 2023;0
-Municipio de Pilar de la Horadada;2. Homicidios dolosos y asesinatos en grado tentativa;Enero-marzo 2023;0
-Municipio de Pilar de la Horadada;3. Delitos graves y menos graves de lesiones y riña tumultuaria;Enero-marzo 2023;3
-Municipio de Pilar de la Horadada;4. Secuestro;Enero-marzo 2023;0
-Municipio de Pilar de la Horadada;5. Delitos contra la libertad sexual;Enero-marzo 2023;0
-Municipio de Pilar de la Horadada;5.1.-Agresión sexual con penetración;Enero-marzo 2023;0
-Municipio de Pilar de la Horadada;5.2.-Resto de delitos contra la libertad sexual;Enero-marzo 2023;0
-Municipio de Pilar de la Horadada;6. Robos con violencia e intimidación;Enero-marzo 2023;4
-Municipio de Pilar de la Horadada;7. Robos con fuerza en domicilios, establecimientos y otras instalaciones;Enero-marzo 2023;54
-Municipio de Pilar de la Horadada;7.1.-Robos con fuerza en domicilios;Enero-marzo 2023;42
-Municipio de Pilar de la Horadada;8. Hurtos;Enero-marzo 2023;73
-Municipio de Pilar de la Horadada;9. Sustracciones de vehículos;Enero-marzo 2023;5
-Municipio de Pilar de la Horadada;10. Tráfico de drogas;Enero-marzo 2023;4
-Municipio de Pilar de la Horadada;11. Resto de criminalidad convencional;Enero-marzo 2023;126
-Municipio de Pilar de la Horadada;II. CIBERCRIMINALIDAD (infracciones penales cometidas en/por medio ciber);Enero-marzo 2023;55
-Municipio de Pilar de la Horadada;12.-Estafas informáticas;Enero-marzo 2023;50
-Municipio de Pilar de la Horadada;13.-Otros ciberdelitos;Enero-marzo 2023;5
-Municipio de Pilar de la Horadada;III. TOTAL INFRACCIONES PENALES;Enero-marzo 2023;324
-Municipio de San Vicente del Raspeig/Sant Vicent del Raspeig;I. CRIMINALIDAD CONVENCIONAL;Enero-marzo 2023;498
-Municipio de San Vicente del Raspeig/Sant Vicent del Raspeig;1. Homicidios dolosos y asesinatos consumados;Enero-marzo 2023;0
-Municipio de San Vicente del Raspeig/Sant Vicent del Raspeig;2. Homicidios dolosos y asesinatos en grado tentativa;Enero-marzo 2023;0
-Municipio de San Vicente del Raspeig/Sant Vicent del Raspeig;3. Delitos graves y menos graves de lesiones y riña tumultuaria;Enero-marzo 2023;9
-Municipio de San Vicente del Raspeig/Sant Vicent del Raspeig;4. Secuestro;Enero-marzo 2023;0
-Municipio de San Vicente del Raspeig/Sant Vicent del Raspeig;5. Delitos contra la libertad sexual;Enero-marzo 2023;5
-Municipio de San Vicente del Raspeig/Sant Vicent del Raspeig;5.1.-Agresión sexual con penetración;Enero-marzo 2023;1
-Municipio de San Vicente del Raspeig/Sant Vicent del Raspeig;5.2.-Resto de delitos contra la libertad sexual;Enero-marzo 2023;4
-Municipio de San Vicente del Raspeig/Sant Vicent del Raspeig;6. Robos con violencia e intimidación;Enero-marzo 2023;8
-Municipio de San Vicente del Raspeig/Sant Vicent del Raspeig;7. Robos con fuerza en domicilios, establecimientos y otras instalaciones;Enero-marzo 2023;45
-Municipio de San Vicente del Raspeig/Sant Vicent del Raspeig;7.1.-Robos con fuerza en domicilios;Enero-marzo 2023;26
-Municipio de San Vicente del Raspeig/Sant Vicent del Raspeig;8. Hurtos;Enero-marzo 2023;137
-Municipio de San Vicente del Raspeig/Sant Vicent del Raspeig;9. Sustracciones de vehículos;Enero-marzo 2023;3
-Municipio de San Vicente del Raspeig/Sant Vicent del Raspeig;10. Tráfico de drogas;Enero-marzo 2023;2
-Municipio de San Vicente del Raspeig/Sant Vicent del Raspeig;11. Resto de criminalidad convencional;Enero-marzo 2023;289
-Municipio de San Vicente del Raspeig/Sant Vicent del Raspeig;II. CIBERCRIMINALIDAD (infracciones penales cometidas en/por medio ciber);Enero-marzo 2023;155
-Municipio de San Vicente del Raspeig/Sant Vicent del Raspeig;12.-Estafas informáticas;Enero-marzo 2023;143
-Municipio de San Vicente del Raspeig/Sant Vicent del Raspeig;13.-Otros ciberdelitos;Enero-marzo 2023;12
-Municipio de San Vicente del Raspeig/Sant Vicent del Raspeig;III. TOTAL INFRACCIONES PENALES;Enero-marzo 2023;653
-Municipio de Sant Joan d'Alacant;I. CRIMINALIDAD CONVENCIONAL;Enero-marzo 2023;177
-Municipio de Sant Joan d'Alacant;1. Homicidios dolosos y asesinatos consumados;Enero-marzo 2023;0
-Municipio de Sant Joan d'Alacant;2. Homicidios dolosos y asesinatos en grado tentativa;Enero-marzo 2023;0
-Municipio de Sant Joan d'Alacant;3. Delitos graves y menos graves de lesiones y riña tumultuaria;Enero-marzo 2023;1
-Municipio de Sant Joan d'Alacant;4. Secuestro;Enero-marzo 2023;0
-Municipio de Sant Joan d'Alacant;5. Delitos contra la libertad sexual;Enero-marzo 2023;1
-Municipio de Sant Joan d'Alacant;5.1.-Agresión sexual con penetración;Enero-marzo 2023;0
-Municipio de Sant Joan d'Alacant;5.2.-Resto de delitos contra la libertad sexual;Enero-marzo 2023;1
-Municipio de Sant Joan d'Alacant;6. Robos con violencia e intimidación;Enero-marzo 2023;5
-Municipio de Sant Joan d'Alacant;7. Robos con fuerza en domicilios, establecimientos y otras instalaciones;Enero-marzo 2023;12
-Municipio de Sant Joan d'Alacant;7.1.-Robos con fuerza en domicilios;Enero-marzo 2023;10
-Municipio de Sant Joan d'Alacant;8. Hurtos;Enero-marzo 2023;49
-Municipio de Sant Joan d'Alacant;9. Sustracciones de vehículos;Enero-marzo 2023;4
-Municipio de Sant Joan d'Alacant;10. Tráfico de drogas;Enero-marzo 2023;2
-Municipio de Sant Joan d'Alacant;11. Resto de criminalidad convencional;Enero-marzo 2023;103
-Municipio de Sant Joan d'Alacant;II. CIBERCRIMINALIDAD (infracciones penales cometidas en/por medio ciber);Enero-marzo 2023;58
-Municipio de Sant Joan d'Alacant;12.-Estafas informáticas;Enero-marzo 2023;46
-Municipio de Sant Joan d'Alacant;13.-Otros ciberdelitos;Enero-marzo 2023;12
-Municipio de Sant Joan d'Alacant;III. TOTAL INFRACCIONES PENALES;Enero-marzo 2023;235
-Municipio de Santa Pola;I. CRIMINALIDAD CONVENCIONAL;Enero-marzo 2023;303
-Municipio de Santa Pola;1. Homicidios dolosos y asesinatos consumados;Enero-marzo 2023;0
-Municipio de Santa Pola;2. Homicidios dolosos y asesinatos en grado tentativa;Enero-marzo 2023;0
-Municipio de Santa Pola;3. Delitos graves y menos graves de lesiones y riña tumultuaria;Enero-marzo 2023;3
-Municipio de Santa Pola;4. Secuestro;Enero-marzo 2023;0
-Municipio de Santa Pola;5. Delitos contra la libertad sexual;Enero-marzo 2023;5
-Municipio de Santa Pola;5.1.-Agresión sexual con penetración;Enero-marzo 2023;0
-Municipio de Santa Pola;5.2.-Resto de delitos contra la libertad sexual;Enero-marzo 2023;5
-Municipio de Santa Pola;6. Robos con violencia e intimidación;Enero-marzo 2023;8
-Municipio de Santa Pola;7. Robos con fuerza en domicilios, establecimientos y otras instalaciones;Enero-marzo 2023;17
-Municipio de Santa Pola;7.1.-Robos con fuerza en domicilios;Enero-marzo 2023;14
-Municipio de Santa Pola;8. Hurtos;Enero-marzo 2023;83
-Municipio de Santa Pola;9. Sustracciones de vehículos;Enero-marzo 2023;2
-Municipio de Santa Pola;10. Tráfico de drogas;Enero-marzo 2023;2
-Municipio de Santa Pola;11. Resto de criminalidad convencional;Enero-marzo 2023;183
-Municipio de Santa Pola;II. CIBERCRIMINALIDAD (infracciones penales cometidas en/por medio ciber);Enero-marzo 2023;114
-Municipio de Santa Pola;12.-Estafas informáticas;Enero-marzo 2023;102
-Municipio de Santa Pola;13.-Otros ciberdelitos;Enero-marzo 2023;12
-Municipio de Santa Pola;III. TOTAL INFRACCIONES PENALES;Enero-marzo 2023;417
-Municipio de Torrevieja;I. CRIMINALIDAD CONVENCIONAL;Enero-marzo 2023;1.614
-Municipio de Torrevieja;1. Homicidios dolosos y asesinatos consumados;Enero-marzo 2023;0
-Municipio de Torrevieja;2. Homicidios dolosos y asesinatos en grado tentativa;Enero-marzo 2023;1
-Municipio de Torrevieja;3. Delitos graves y menos graves de lesiones y riña tumultuaria;Enero-marzo 2023;27
-Municipio de Torrevieja;4. Secuestro;Enero-marzo 2023;0
-Municipio de Torrevieja;5. Delitos contra la libertad sexual;Enero-marzo 2023;16
-Municipio de Torrevieja;5.1.-Agresión sexual con penetración;Enero-marzo 2023;2
-Municipio de Torrevieja;5.2.-Resto de delitos contra la libertad sexual;Enero-marzo 2023;14
-Municipio de Torrevieja;6. Robos con violencia e intimidación;Enero-marzo 2023;44
-Municipio de Torrevieja;7. Robos con fuerza en domicilios, establecimientos y otras instalaciones;Enero-marzo 2023;121
-Municipio de Torrevieja;7.1.-Robos con fuerza en domicilios;Enero-marzo 2023;100
-Municipio de Torrevieja;8. Hurtos;Enero-marzo 2023;438
-Municipio de Torrevieja;9. Sustracciones de vehículos;Enero-marzo 2023;23
-Municipio de Torrevieja;10. Tráfico de drogas;Enero-marzo 2023;16
-Municipio de Torrevieja;11. Resto de criminalidad convencional;Enero-marzo 2023;928
-Municipio de Torrevieja;II. CIBERCRIMINALIDAD (infracciones penales cometidas en/por medio ciber);Enero-marzo 2023;221
-Municipio de Torrevieja;12.-Estafas informáticas;Enero-marzo 2023;200
-Municipio de Torrevieja;13.-Otros ciberdelitos;Enero-marzo 2023;21
-Municipio de Torrevieja;III. TOTAL INFRACCIONES PENALES;Enero-marzo 2023;1.835
-Municipio de Villajoyosa/Vila Joiosa (la);I. CRIMINALIDAD CONVENCIONAL;Enero-marzo 2023;385
-Municipio de Villajoyosa/Vila Joiosa (la);1. Homicidios dolosos y asesinatos consumados;Enero-marzo 2023;0
-Municipio de Villajoyosa/Vila Joiosa (la);2. Homicidios dolosos y asesinatos en grado tentativa;Enero-marzo 2023;0
-Municipio de Villajoyosa/Vila Joiosa (la);3. Delitos graves y menos graves de lesiones y riña tumultuaria;Enero-marzo 2023;5
-Municipio de Villajoyosa/Vila Joiosa (la);4. Secuestro;Enero-marzo 2023;0
-Municipio de Villajoyosa/Vila Joiosa (la);5. Delitos contra la libertad sexual;Enero-marzo 2023;1
-Municipio de Villajoyosa/Vila Joiosa (la);5.1.-Agresión sexual con penetración;Enero-marzo 2023;1
-Municipio de Villajoyosa/Vila Joiosa (la);5.2.-Resto de delitos contra la libertad sexual;Enero-marzo 2023;0
-Municipio de Villajoyosa/Vila Joiosa (la);6. Robos con violencia e intimidación;Enero-marzo 2023;10
-Municipio de Villajoyosa/Vila Joiosa (la);7. Robos con fuerza en domicilios, establecimientos y otras instalaciones;Enero-marzo 2023;23
-Municipio de Villajoyosa/Vila Joiosa (la);7.1.-Robos con fuerza en domicilios;Enero-marzo 2023;19
-Municipio de Villajoyosa/Vila Joiosa (la);8. Hurtos;Enero-marzo 2023;108
-Municipio de Villajoyosa/Vila Joiosa (la);9. Sustracciones de vehículos;Enero-marzo 2023;6
-Municipio de Villajoyosa/Vila Joiosa (la);10. Tráfico de drogas;Enero-marzo 2023;5
-Municipio de Villajoyosa/Vila Joiosa (la);11. Resto de criminalidad convencional;Enero-marzo 2023;227
-Municipio de Villajoyosa/Vila Joiosa (la);II. CIBERCRIMINALIDAD (infracciones penales cometidas en/por medio ciber);Enero-marzo 2023;68
-Municipio de Villajoyosa/Vila Joiosa (la);12.-Estafas informáticas;Enero-marzo 2023;64
-Municipio de Villajoyosa/Vila Joiosa (la);13.-Otros ciberdelitos;Enero-marzo 2023;4
-Municipio de Villajoyosa/Vila Joiosa (la);III. TOTAL INFRACCIONES PENALES;Enero-marzo 2023;453
-Municipio de Villena;I. CRIMINALIDAD CONVENCIONAL;Enero-marzo 2023;185
-Municipio de Villena;1. Homicidios dolosos y asesinatos consumados;Enero-marzo 2023;0
-Municipio de Villena;2. Homicidios dolosos y asesinatos en grado tentativa;Enero-marzo 2023;0
-Municipio de Villena;3. Delitos graves y menos graves de lesiones y riña tumultuaria;Enero-marzo 2023;2
-Municipio de Villena;4. Secuestro;Enero-marzo 2023;0
-Municipio de Villena;5. Delitos contra la libertad sexual;Enero-marzo 2023;1
-Municipio de Villena;5.1.-Agresión sexual con penetración;Enero-marzo 2023;0
-Municipio de Villena;5.2.-Resto de delitos contra la libertad sexual;Enero-marzo 2023;1
-Municipio de Villena;6. Robos con violencia e intimidación;Enero-marzo 2023;5
-Municipio de Villena;7. Robos con fuerza en domicilios, establecimientos y otras instalaciones;Enero-marzo 2023;31
-Municipio de Villena;7.1.-Robos con fuerza en domicilios;Enero-marzo 2023;28
-Municipio de Villena;8. Hurtos;Enero-marzo 2023;55
-Municipio de Villena;9. Sustracciones de vehículos;Enero-marzo 2023;0
-Municipio de Villena;10. Tráfico de drogas;Enero-marzo 2023;4
-Municipio de Villena;11. Resto de criminalidad convencional;Enero-marzo 2023;87
-Municipio de Villena;II. CIBERCRIMINALIDAD (infracciones penales cometidas en/por medio ciber);Enero-marzo 2023;67
-Municipio de Villena;12.-Estafas informáticas;Enero-marzo 2023;57
-Municipio de Villena;13.-Otros ciberdelitos;Enero-marzo 2023;10
-Municipio de Villena;III. TOTAL INFRACCIONES PENALES;Enero-marzo 2023;252
Provincia de CASTELLÓN/CASTELLÓ;I. CRIMINALIDAD CONVENCIONAL;Enero-marzo 2023;5.927
Provincia de CASTELLÓN/CASTELLÓ;1. Homicidios dolosos y asesinatos consumados;Enero-marzo 2023;1
Provincia de CASTELLÓN/CASTELLÓ;2. Homicidios dolosos y asesinatos en grado tentativa;Enero-marzo 2023;8
Provincia de CASTELLÓN/CASTELLÓ;3. Delitos graves y menos graves de lesiones y riña tumultuaria;Enero-marzo 2023;78
Provincia de CASTELLÓN/CASTELLÓ;4. Secuestro;Enero-marzo 2023;0
Provincia de CASTELLÓN/CASTELLÓ;5. Delitos contra la libertad sexual;Enero-marzo 2023;56
Provincia de CASTELLÓN/CASTELLÓ;5.1.-Agresión sexual con penetración;Enero-marzo 2023;9
Provincia de CASTELLÓN/CASTELLÓ;5.2.-Resto de delitos contra la libertad sexual;Enero-marzo 2023;47
Provincia de CASTELLÓN/CASTELLÓ;6. Robos con violencia e intimidación;Enero-marzo 2023;100
Provincia de CASTELLÓN/CASTELLÓ;7. Robos con fuerza en domicilios, establecimientos y otras instalaciones;Enero-marzo 2023;650
Provincia de CASTELLÓN/CASTELLÓ;7.1.-Robos con fuerza en domicilios;Enero-marzo 2023;435
Provincia de CASTELLÓN/CASTELLÓ;8. Hurtos;Enero-marzo 2023;1.577
Provincia de CASTELLÓN/CASTELLÓ;9. Sustracciones de vehículos;Enero-marzo 2023;58
Provincia de CASTELLÓN/CASTELLÓ;10. Tráfico de drogas;Enero-marzo 2023;29
Provincia de CASTELLÓN/CASTELLÓ;11. Resto de criminalidad convencional;Enero-marzo 2023;3.370
Provincia de CASTELLÓN/CASTELLÓ;II. CIBERCRIMINALIDAD (infracciones penales cometidas en/por medio ciber);Enero-marzo 2023;862
Provincia de CASTELLÓN/CASTELLÓ;12.-Estafas informáticas;Enero-marzo 2023;758
Provincia de CASTELLÓN/CASTELLÓ;13.-Otros ciberdelitos;Enero-marzo 2023;104
Provincia de CASTELLÓN/CASTELLÓ;III. TOTAL INFRACCIONES PENALES;Enero-marzo 2023;6.789
-Municipio de Almazora/Almassora;I. CRIMINALIDAD CONVENCIONAL;Enero-marzo 2023;371
-Municipio de Almazora/Almassora;1. Homicidios dolosos y asesinatos consumados;Enero-marzo 2023;0
-Municipio de Almazora/Almassora;2. Homicidios dolosos y asesinatos en grado tentativa;Enero-marzo 2023;1
-Municipio de Almazora/Almassora;3. Delitos graves y menos graves de lesiones y riña tumultuaria;Enero-marzo 2023;3
-Municipio de Almazora/Almassora;4. Secuestro;Enero-marzo 2023;0
-Municipio de Almazora/Almassora;5. Delitos contra la libertad sexual;Enero-marzo 2023;1
-Municipio de Almazora/Almassora;5.1.-Agresión sexual con penetración;Enero-marzo 2023;0
-Municipio de Almazora/Almassora;5.2.-Resto de delitos contra la libertad sexual;Enero-marzo 2023;1
-Municipio de Almazora/Almassora;6. Robos con violencia e intimidación;Enero-marzo 2023;5
-Municipio de Almazora/Almassora;7. Robos con fuerza en domicilios, establecimientos y otras instalaciones;Enero-marzo 2023;44
-Municipio de Almazora/Almassora;7.1.-Robos con fuerza en domicilios;Enero-marzo 2023;28
-Municipio de Almazora/Almassora;8. Hurtos;Enero-marzo 2023;81
-Municipio de Almazora/Almassora;9. Sustracciones de vehículos;Enero-marzo 2023;7
-Municipio de Almazora/Almassora;10. Tráfico de drogas;Enero-marzo 2023;5
-Municipio de Almazora/Almassora;11. Resto de criminalidad convencional;Enero-marzo 2023;224
-Municipio de Almazora/Almassora;II. CIBERCRIMINALIDAD (infracciones penales cometidas en/por medio ciber);Enero-marzo 2023;34
-Municipio de Almazora/Almassora;12.-Estafas informáticas;Enero-marzo 2023;31
-Municipio de Almazora/Almassora;13.-Otros ciberdelitos;Enero-marzo 2023;3
-Municipio de Almazora/Almassora;III. TOTAL INFRACCIONES PENALES;Enero-marzo 2023;405
-Municipio de Benicarló;I. CRIMINALIDAD CONVENCIONAL;Enero-marzo 2023;386
-Municipio de Benicarló;1. Homicidios dolosos y asesinatos consumados;Enero-marzo 2023;0
-Municipio de Benicarló;2. Homicidios dolosos y asesinatos en grado tentativa;Enero-marzo 2023;0
-Municipio de Benicarló;3. Delitos graves y menos graves de lesiones y riña tumultuaria;Enero-marzo 2023;2
-Municipio de Benicarló;4. Secuestro;Enero-marzo 2023;0
-Municipio de Benicarló;5. Delitos contra la libertad sexual;Enero-marzo 2023;4
-Municipio de Benicarló;5.1.-Agresión sexual con penetración;Enero-marzo 2023;0
-Municipio de Benicarló;5.2.-Resto de delitos contra la libertad sexual;Enero-marzo 2023;4
-Municipio de Benicarló;6. Robos con violencia e intimidación;Enero-marzo 2023;8
-Municipio de Benicarló;7. Robos con fuerza en domicilios, establecimientos y otras instalaciones;Enero-marzo 2023;19
-Municipio de Benicarló;7.1.-Robos con fuerza en domicilios;Enero-marzo 2023;13
-Municipio de Benicarló;8. Hurtos;Enero-marzo 2023;130
-Municipio de Benicarló;9. Sustracciones de vehículos;Enero-marzo 2023;1
-Municipio de Benicarló;10. Tráfico de drogas;Enero-marzo 2023;2
-Municipio de Benicarló;11. Resto de criminalidad convencional;Enero-marzo 2023;220
-Municipio de Benicarló;II. CIBERCRIMINALIDAD (infracciones penales cometidas en/por medio ciber);Enero-marzo 2023;33
-Municipio de Benicarló;12.-Estafas informáticas;Enero-marzo 2023;23
-Municipio de Benicarló;13.-Otros ciberdelitos;Enero-marzo 2023;10
-Municipio de Benicarló;III. TOTAL INFRACCIONES PENALES;Enero-marzo 2023;419
-Municipio de Borriana/Burriana;I. CRIMINALIDAD CONVENCIONAL;Enero-marzo 2023;424
-Municipio de Borriana/Burriana;1. Homicidios dolosos y asesinatos consumados;Enero-marzo 2023;0
-Municipio de Borriana/Burriana;2. Homicidios dolosos y asesinatos en grado tentativa;Enero-marzo 2023;1
-Municipio de Borriana/Burriana;3. Delitos graves y menos graves de lesiones y riña tumultuaria;Enero-marzo 2023;11
-Municipio de Borriana/Burriana;4. Secuestro;Enero-marzo 2023;0
-Municipio de Borriana/Burriana;5. Delitos contra la libertad sexual;Enero-marzo 2023;4
-Municipio de Borriana/Burriana;5.1.-Agresión sexual con penetración;Enero-marzo 2023;1
-Municipio de Borriana/Burriana;5.2.-Resto de delitos contra la libertad sexual;Enero-marzo 2023;3
-Municipio de Borriana/Burriana;6. Robos con violencia e intimidación;Enero-marzo 2023;3
-Municipio de Borriana/Burriana;7. Robos con fuerza en domicilios, establecimientos y otras instalaciones;Enero-marzo 2023;43
-Municipio de Borriana/Burriana;7.1.-Robos con fuerza en domicilios;Enero-marzo 2023;37
-Municipio de Borriana/Burriana;8. Hurtos;Enero-marzo 2023;79
-Municipio de Borriana/Burriana;9. Sustracciones de vehículos;Enero-marzo 2023;2
-Municipio de Borriana/Burriana;10. Tráfico de drogas;Enero-marzo 2023;2
-Municipio de Borriana/Burriana;11. Resto de criminalidad convencional;Enero-marzo 2023;279
-Municipio de Borriana/Burriana;II. CIBERCRIMINALIDAD (infracciones penales cometidas en/por medio ciber);Enero-marzo 2023;47
-Municipio de Borriana/Burriana;12.-Estafas informáticas;Enero-marzo 2023;41
-Municipio de Borriana/Burriana;13.-Otros ciberdelitos;Enero-marzo 2023;6
-Municipio de Borriana/Burriana;III. TOTAL INFRACCIONES PENALES;Enero-marzo 2023;471
-Municipio de Castellón de la Plana/Castelló de la Plana;I. CRIMINALIDAD CONVENCIONAL;Enero-marzo 2023;1.699
-Municipio de Castellón de la Plana/Castelló de la Plana;1. Homicidios dolosos y asesinatos consumados;Enero-marzo 2023;0
-Municipio de Castellón de la Plana/Castelló de la Plana;2. Homicidios dolosos y asesinatos en grado tentativa;Enero-marzo 2023;3
-Municipio de Castellón de la Plana/Castelló de la Plana;3. Delitos graves y menos graves de lesiones y riña tumultuaria;Enero-marzo 2023;23
-Municipio de Castellón de la Plana/Castelló de la Plana;4. Secuestro;Enero-marzo 2023;0
-Municipio de Castellón de la Plana/Castelló de la Plana;5. Delitos contra la libertad sexual;Enero-marzo 2023;21
-Municipio de Castellón de la Plana/Castelló de la Plana;5.1.-Agresión sexual con penetración;Enero-marzo 2023;1
-Municipio de Castellón de la Plana/Castelló de la Plana;5.2.-Resto de delitos contra la libertad sexual;Enero-marzo 2023;20
-Municipio de Castellón de la Plana/Castelló de la Plana;6. Robos con violencia e intimidación;Enero-marzo 2023;49
-Municipio de Castellón de la Plana/Castelló de la Plana;7. Robos con fuerza en domicilios, establecimientos y otras instalaciones;Enero-marzo 2023;136
-Municipio de Castellón de la Plana/Castelló de la Plana;7.1.-Robos con fuerza en domicilios;Enero-marzo 2023;85
-Municipio de Castellón de la Plana/Castelló de la Plana;8. Hurtos;Enero-marzo 2023;674
-Municipio de Castellón de la Plana/Castelló de la Plana;9. Sustracciones de vehículos;Enero-marzo 2023;27
-Municipio de Castellón de la Plana/Castelló de la Plana;10. Tráfico de drogas;Enero-marzo 2023;11
-Municipio de Castellón de la Plana/Castelló de la Plana;11. Resto de criminalidad convencional;Enero-marzo 2023;755
-Municipio de Castellón de la Plana/Castelló de la Plana;II. CIBERCRIMINALIDAD (infracciones penales cometidas en/por medio ciber);Enero-marzo 2023;287
-Municipio de Castellón de la Plana/Castelló de la Plana;12.-Estafas informáticas;Enero-marzo 2023;257
-Municipio de Castellón de la Plana/Castelló de la Plana;13.-Otros ciberdelitos;Enero-marzo 2023;30
-Municipio de Castellón de la Plana/Castelló de la Plana;III. TOTAL INFRACCIONES PENALES;Enero-marzo 2023;1.986
-Municipio de Onda;I. CRIMINALIDAD CONVENCIONAL;Enero-marzo 2023;204
-Municipio de Onda;1. Homicidios dolosos y asesinatos consumados;Enero-marzo 2023;0
-Municipio de Onda;2. Homicidios dolosos y asesinatos en grado tentativa;Enero-marzo 2023;0
-Municipio de Onda;3. Delitos graves y menos graves de lesiones y riña tumultuaria;Enero-marzo 2023;4
-Municipio de Onda;4. Secuestro;Enero-marzo 2023;0
-Municipio de Onda;5. Delitos contra la libertad sexual;Enero-marzo 2023;2
-Municipio de Onda;5.1.-Agresión sexual con penetración;Enero-marzo 2023;1
-Municipio de Onda;5.2.-Resto de delitos contra la libertad sexual;Enero-marzo 2023;1
-Municipio de Onda;6. Robos con violencia e intimidación;Enero-marzo 2023;6
-Municipio de Onda;7. Robos con fuerza en domicilios, establecimientos y otras instalaciones;Enero-marzo 2023;11
-Municipio de Onda;7.1.-Robos con fuerza en domicilios;Enero-marzo 2023;10
-Municipio de Onda;8. Hurtos;Enero-marzo 2023;40
-Municipio de Onda;9. Sustracciones de vehículos;Enero-marzo 2023;3
-Municipio de Onda;10. Tráfico de drogas;Enero-marzo 2023;1
-Municipio de Onda;11. Resto de criminalidad convencional;Enero-marzo 2023;137
-Municipio de Onda;II. CIBERCRIMINALIDAD (infracciones penales cometidas en/por medio ciber);Enero-marzo 2023;39
-Municipio de Onda;12.-Estafas informáticas;Enero-marzo 2023;35
-Municipio de Onda;13.-Otros ciberdelitos;Enero-marzo 2023;4
-Municipio de Onda;III. TOTAL INFRACCIONES PENALES;Enero-marzo 2023;243
-Municipio de Vall d'Uixó (la);I. CRIMINALIDAD CONVENCIONAL;Enero-marzo 2023;296
-Municipio de Vall d'Uixó (la);1. Homicidios dolosos y asesinatos consumados;Enero-marzo 2023;1
-Municipio de Vall d'Uixó (la);2. Homicidios dolosos y asesinatos en grado tentativa;Enero-marzo 2023;0
-Municipio de Vall d'Uixó (la);3. Delitos graves y menos graves de lesiones y riña tumultuaria;Enero-marzo 2023;7
-Municipio de Vall d'Uixó (la);4. Secuestro;Enero-marzo 2023;0
-Municipio de Vall d'Uixó (la);5. Delitos contra la libertad sexual;Enero-marzo 2023;1
-Municipio de Vall d'Uixó (la);5.1.-Agresión sexual con penetración;Enero-marzo 2023;0
-Municipio de Vall d'Uixó (la);5.2.-Resto de delitos contra la libertad sexual;Enero-marzo 2023;1
-Municipio de Vall d'Uixó (la);6. Robos con violencia e intimidación;Enero-marzo 2023;2
-Municipio de Vall d'Uixó (la);7. Robos con fuerza en domicilios, establecimientos y otras instalaciones;Enero-marzo 2023;49
-Municipio de Vall d'Uixó (la);7.1.-Robos con fuerza en domicilios;Enero-marzo 2023;27
-Municipio de Vall d'Uixó (la);8. Hurtos;Enero-marzo 2023;40
-Municipio de Vall d'Uixó (la);9. Sustracciones de vehículos;Enero-marzo 2023;1
-Municipio de Vall d'Uixó (la);10. Tráfico de drogas;Enero-marzo 2023;1
-Municipio de Vall d'Uixó (la);11. Resto de criminalidad convencional;Enero-marzo 2023;194
-Municipio de Vall d'Uixó (la);II. CIBERCRIMINALIDAD (infracciones penales cometidas en/por medio ciber);Enero-marzo 2023;29
-Municipio de Vall d'Uixó (la);12.-Estafas informáticas;Enero-marzo 2023;25
-Municipio de Vall d'Uixó (la);13.-Otros ciberdelitos;Enero-marzo 2023;4
-Municipio de Vall d'Uixó (la);III. TOTAL INFRACCIONES PENALES;Enero-marzo 2023;325
-Municipio de Vila-real;I. CRIMINALIDAD CONVENCIONAL;Enero-marzo 2023;360
-Municipio de Vila-real;1. Homicidios dolosos y asesinatos consumados;Enero-marzo 2023;0
-Municipio de Vila-real;2. Homicidios dolosos y asesinatos en grado tentativa;Enero-marzo 2023;0
-Municipio de Vila-real;3. Delitos graves y menos graves de lesiones y riña tumultuaria;Enero-marzo 2023;2
-Municipio de Vila-real;4. Secuestro;Enero-marzo 2023;0
-Municipio de Vila-real;5. Delitos contra la libertad sexual;Enero-marzo 2023;3
-Municipio de Vila-real;5.1.-Agresión sexual con penetración;Enero-marzo 2023;0
-Municipio de Vila-real;5.2.-Resto de delitos contra la libertad sexual;Enero-marzo 2023;3
-Municipio de Vila-real;6. Robos con violencia e intimidación;Enero-marzo 2023;4
-Municipio de Vila-real;7. Robos con fuerza en domicilios, establecimientos y otras instalaciones;Enero-marzo 2023;43
-Municipio de Vila-real;7.1.-Robos con fuerza en domicilios;Enero-marzo 2023;29
-Municipio de Vila-real;8. Hurtos;Enero-marzo 2023;101
-Municipio de Vila-real;9. Sustracciones de vehículos;Enero-marzo 2023;10
-Municipio de Vila-real;10. Tráfico de drogas;Enero-marzo 2023;0
-Municipio de Vila-real;11. Resto de criminalidad convencional;Enero-marzo 2023;197
-Municipio de Vila-real;II. CIBERCRIMINALIDAD (infracciones penales cometidas en/por medio ciber);Enero-marzo 2023;73
-Municipio de Vila-real;12.-Estafas informáticas;Enero-marzo 2023;68
-Municipio de Vila-real;13.-Otros ciberdelitos;Enero-marzo 2023;5
-Municipio de Vila-real;III. TOTAL INFRACCIONES PENALES;Enero-marzo 2023;433
-Municipio de Vinaròs;I. CRIMINALIDAD CONVENCIONAL;Enero-marzo 2023;397
-Municipio de Vinaròs;1. Homicidios dolosos y asesinatos consumados;Enero-marzo 2023;0
-Municipio de Vinaròs;2. Homicidios dolosos y asesinatos en grado tentativa;Enero-marzo 2023;0
-Municipio de Vinaròs;3. Delitos graves y menos graves de lesiones y riña tumultuaria;Enero-marzo 2023;4
-Municipio de Vinaròs;4. Secuestro;Enero-marzo 2023;0
-Municipio de Vinaròs;5. Delitos contra la libertad sexual;Enero-marzo 2023;2
-Municipio de Vinaròs;5.1.-Agresión sexual con penetración;Enero-marzo 2023;0
-Municipio de Vinaròs;5.2.-Resto de delitos contra la libertad sexual;Enero-marzo 2023;2
-Municipio de Vinaròs;6. Robos con violencia e intimidación;Enero-marzo 2023;6
-Municipio de Vinaròs;7. Robos con fuerza en domicilios, establecimientos y otras instalaciones;Enero-marzo 2023;29
-Municipio de Vinaròs;7.1.-Robos con fuerza en domicilios;Enero-marzo 2023;24
-Municipio de Vinaròs;8. Hurtos;Enero-marzo 2023;116
-Municipio de Vinaròs;9. Sustracciones de vehículos;Enero-marzo 2023;0
-Municipio de Vinaròs;10. Tráfico de drogas;Enero-marzo 2023;1
-Municipio de Vinaròs;11. Resto de criminalidad convencional;Enero-marzo 2023;239
-Municipio de Vinaròs;II. CIBERCRIMINALIDAD (infracciones penales cometidas en/por medio ciber);Enero-marzo 2023;56
-Municipio de Vinaròs;12.-Estafas informáticas;Enero-marzo 2023;49
-Municipio de Vinaròs;13.-Otros ciberdelitos;Enero-marzo 2023;7
-Municipio de Vinaròs;III. TOTAL INFRACCIONES PENALES;Enero-marzo 2023;453
Provincia de VALENCIA/VALÈNCIA;I. CRIMINALIDAD CONVENCIONAL;Enero-marzo 2023;31.386
Provincia de VALENCIA/VALÈNCIA;1. Homicidios dolosos y asesinatos consumados;Enero-marzo 2023;5
Provincia de VALENCIA/VALÈNCIA;2. Homicidios dolosos y asesinatos en grado tentativa;Enero-marzo 2023;14
Provincia de VALENCIA/VALÈNCIA;3. Delitos graves y menos graves de lesiones y riña tumultuaria;Enero-marzo 2023;382
Provincia de VALENCIA/VALÈNCIA;4. Secuestro;Enero-marzo 2023;3
Provincia de VALENCIA/VALÈNCIA;5. Delitos contra la libertad sexual;Enero-marzo 2023;251
Provincia de VALENCIA/VALÈNCIA;5.1.-Agresión sexual con penetración;Enero-marzo 2023;34
Provincia de VALENCIA/VALÈNCIA;5.2.-Resto de delitos contra la libertad sexual;Enero-marzo 2023;217
Provincia de VALENCIA/VALÈNCIA;6. Robos con violencia e intimidación;Enero-marzo 2023;953
Provincia de VALENCIA/VALÈNCIA;7. Robos con fuerza en domicilios, establecimientos y otras instalaciones;Enero-marzo 2023;2.357
Provincia de VALENCIA/VALÈNCIA;7.1.-Robos con fuerza en domicilios;Enero-marzo 2023;1.737
Provincia de VALENCIA/VALÈNCIA;8. Hurtos;Enero-marzo 2023;11.008
Provincia de VALENCIA/VALÈNCIA;9. Sustracciones de vehículos;Enero-marzo 2023;377
Provincia de VALENCIA/VALÈNCIA;10. Tráfico de drogas;Enero-marzo 2023;306
Provincia de VALENCIA/VALÈNCIA;11. Resto de criminalidad convencional;Enero-marzo 2023;15.730
Provincia de VALENCIA/VALÈNCIA;II. CIBERCRIMINALIDAD (infracciones penales cometidas en/por medio ciber);Enero-marzo 2023;6.171
Provincia de VALENCIA/VALÈNCIA;12.-Estafas informáticas;Enero-marzo 2023;5.078
Provincia de VALENCIA/VALÈNCIA;13.-Otros ciberdelitos;Enero-marzo 2023;1.093
Provincia de VALENCIA/VALÈNCIA;III. TOTAL INFRACCIONES PENALES;Enero-marzo 2023;37.557
-Municipio de Alaquàs;I. CRIMINALIDAD CONVENCIONAL;Enero-marzo 2023;159
-Municipio de Alaquàs;1. Homicidios dolosos y asesinatos consumados;Enero-marzo 2023;0
-Municipio de Alaquàs;2. Homicidios dolosos y asesinatos en grado tentativa;Enero-marzo 2023;0
-Municipio de Alaquàs;3. Delitos graves y menos graves de lesiones y riña tumultuaria;Enero-marzo 2023;1
-Municipio de Alaquàs;4. Secuestro;Enero-marzo 2023;1
-Municipio de Alaquàs;5. Delitos contra la libertad sexual;Enero-marzo 2023;0
-Municipio de Alaquàs;5.1.-Agresión sexual con penetración;Enero-marzo 2023;0
-Municipio de Alaquàs;5.2.-Resto de delitos contra la libertad sexual;Enero-marzo 2023;0
-Municipio de Alaquàs;6. Robos con violencia e intimidación;Enero-marzo 2023;8
-Municipio de Alaquàs;7. Robos con fuerza en domicilios, establecimientos y otras instalaciones;Enero-marzo 2023;15
-Municipio de Alaquàs;7.1.-Robos con fuerza en domicilios;Enero-marzo 2023;6
-Municipio de Alaquàs;8. Hurtos;Enero-marzo 2023;47
-Municipio de Alaquàs;9. Sustracciones de vehículos;Enero-marzo 2023;0
-Municipio de Alaquàs;10. Tráfico de drogas;Enero-marzo 2023;0
-Municipio de Alaquàs;11. Resto de criminalidad convencional;Enero-marzo 2023;87
-Municipio de Alaquàs;II. CIBERCRIMINALIDAD (infracciones penales cometidas en/por medio ciber);Enero-marzo 2023;41
-Municipio de Alaquàs;12.-Estafas informáticas;Enero-marzo 2023;39
-Municipio de Alaquàs;13.-Otros ciberdelitos;Enero-marzo 2023;2
-Municipio de Alaquàs;III. TOTAL INFRACCIONES PENALES;Enero-marzo 2023;200
-Municipio de Alboraia/Alboraya;I. CRIMINALIDAD CONVENCIONAL;Enero-marzo 2023;279
-Municipio de Alboraia/Alboraya;1. Homicidios dolosos y asesinatos consumados;Enero-marzo 2023;0
-Municipio de Alboraia/Alboraya;2. Homicidios dolosos y asesinatos en grado tentativa;Enero-marzo 2023;0
-Municipio de Alboraia/Alboraya;3. Delitos graves y menos graves de lesiones y riña tumultuaria;Enero-marzo 2023;4
-Municipio de Alboraia/Alboraya;4. Secuestro;Enero-marzo 2023;0
-Municipio de Alboraia/Alboraya;5. Delitos contra la libertad sexual;Enero-marzo 2023;3
-Municipio de Alboraia/Alboraya;5.1.-Agresión sexual con penetración;Enero-marzo 2023;0
-Municipio de Alboraia/Alboraya;5.2.-Resto de delitos contra la libertad sexual;Enero-marzo 2023;3
-Municipio de Alboraia/Alboraya;6. Robos con violencia e intimidación;Enero-marzo 2023;8
-Municipio de Alboraia/Alboraya;7. Robos con fuerza en domicilios, establecimientos y otras instalaciones;Enero-marzo 2023;27
-Municipio de Alboraia/Alboraya;7.1.-Robos con fuerza en domicilios;Enero-marzo 2023;16
-Municipio de Alboraia/Alboraya;8. Hurtos;Enero-marzo 2023;87
-Municipio de Alboraia/Alboraya;9. Sustracciones de vehículos;Enero-marzo 2023;3
-Municipio de Alboraia/Alboraya;10. Tráfico de drogas;Enero-marzo 2023;0
-Municipio de Alboraia/Alboraya;11. Resto de criminalidad convencional;Enero-marzo 2023;147
-Municipio de Alboraia/Alboraya;II. CIBERCRIMINALIDAD (infracciones penales cometidas en/por medio ciber);Enero-marzo 2023;41
-Municipio de Alboraia/Alboraya;12.-Estafas informáticas;Enero-marzo 2023;34
-Municipio de Alboraia/Alboraya;13.-Otros ciberdelitos;Enero-marzo 2023;7
-Municipio de Alboraia/Alboraya;III. TOTAL INFRACCIONES PENALES;Enero-marzo 2023;320
-Municipio de Aldaia;I. CRIMINALIDAD CONVENCIONAL;Enero-marzo 2023;481
-Municipio de Aldaia;1. Homicidios dolosos y asesinatos consumados;Enero-marzo 2023;0
-Municipio de Aldaia;2. Homicidios dolosos y asesinatos en grado tentativa;Enero-marzo 2023;0
-Municipio de Aldaia;3. Delitos graves y menos graves de lesiones y riña tumultuaria;Enero-marzo 2023;4
-Municipio de Aldaia;4. Secuestro;Enero-marzo 2023;0
-Municipio de Aldaia;5. Delitos contra la libertad sexual;Enero-marzo 2023;2
-Municipio de Aldaia;5.1.-Agresión sexual con penetración;Enero-marzo 2023;0
-Municipio de Aldaia;5.2.-Resto de delitos contra la libertad sexual;Enero-marzo 2023;2
-Municipio de Aldaia;6. Robos con violencia e intimidación;Enero-marzo 2023;5
-Municipio de Aldaia;7. Robos con fuerza en domicilios, establecimientos y otras instalaciones;Enero-marzo 2023;11
-Municipio de Aldaia;7.1.-Robos con fuerza en domicilios;Enero-marzo 2023;5
-Municipio de Aldaia;8. Hurtos;Enero-marzo 2023;287
-Municipio de Aldaia;9. Sustracciones de vehículos;Enero-marzo 2023;3
-Municipio de Aldaia;10. Tráfico de drogas;Enero-marzo 2023;4
-Municipio de Aldaia;11. Resto de criminalidad convencional;Enero-marzo 2023;165
-Municipio de Aldaia;II. CIBERCRIMINALIDAD (infracciones penales cometidas en/por medio ciber);Enero-marzo 2023;59
-Municipio de Aldaia;12.-Estafas informáticas;Enero-marzo 2023;55
-Municipio de Aldaia;13.-Otros ciberdelitos;Enero-marzo 2023;4
-Municipio de Aldaia;III. TOTAL INFRACCIONES PENALES;Enero-marzo 2023;540
-Municipio de Alfafar;I. CRIMINALIDAD CONVENCIONAL;Enero-marzo 2023;352
-Municipio de Alfafar;1. Homicidios dolosos y asesinatos consumados;Enero-marzo 2023;0
-Municipio de Alfafar;2. Homicidios dolosos y asesinatos en grado tentativa;Enero-marzo 2023;0
-Municipio de Alfafar;3. Delitos graves y menos graves de lesiones y riña tumultuaria;Enero-marzo 2023;3
-Municipio de Alfafar;4. Secuestro;Enero-marzo 2023;0
-Municipio de Alfafar;5. Delitos contra la libertad sexual;Enero-marzo 2023;4
-Municipio de Alfafar;5.1.-Agresión sexual con penetración;Enero-marzo 2023;1
-Municipio de Alfafar;5.2.-Resto de delitos contra la libertad sexual;Enero-marzo 2023;3
-Municipio de Alfafar;6. Robos con violencia e intimidación;Enero-marzo 2023;5
-Municipio de Alfafar;7. Robos con fuerza en domicilios, establecimientos y otras instalaciones;Enero-marzo 2023;15
-Municipio de Alfafar;7.1.-Robos con fuerza en domicilios;Enero-marzo 2023;11
-Municipio de Alfafar;8. Hurtos;Enero-marzo 2023;156
-Municipio de Alfafar;9. Sustracciones de vehículos;Enero-marzo 2023;0
-Municipio de Alfafar;10. Tráfico de drogas;Enero-marzo 2023;0
-Municipio de Alfafar;11. Resto de criminalidad convencional;Enero-marzo 2023;169
-Municipio de Alfafar;II. CIBERCRIMINALIDAD (infracciones penales cometidas en/por medio ciber);Enero-marzo 2023;75
-Municipio de Alfafar;12.-Estafas informáticas;Enero-marzo 2023;70
-Municipio de Alfafar;13.-Otros ciberdelitos;Enero-marzo 2023;5
-Municipio de Alfafar;III. TOTAL INFRACCIONES PENALES;Enero-marzo 2023;427
-Municipio de Algemesí;I. CRIMINALIDAD CONVENCIONAL;Enero-marzo 2023;228
-Municipio de Algemesí;1. Homicidios dolosos y asesinatos consumados;Enero-marzo 2023;0
-Municipio de Algemesí;2. Homicidios dolosos y asesinatos en grado tentativa;Enero-marzo 2023;0
-Municipio de Algemesí;3. Delitos graves y menos graves de lesiones y riña tumultuaria;Enero-marzo 2023;2
-Municipio de Algemesí;4. Secuestro;Enero-marzo 2023;0
-Municipio de Algemesí;5. Delitos contra la libertad sexual;Enero-marzo 2023;2
-Municipio de Algemesí;5.1.-Agresión sexual con penetración;Enero-marzo 2023;0
-Municipio de Algemesí;5.2.-Resto de delitos contra la libertad sexual;Enero-marzo 2023;2
-Municipio de Algemesí;6. Robos con violencia e intimidación;Enero-marzo 2023;3
-Municipio de Algemesí;7. Robos con fuerza en domicilios, establecimientos y otras instalaciones;Enero-marzo 2023;15
-Municipio de Algemesí;7.1.-Robos con fuerza en domicilios;Enero-marzo 2023;12
-Municipio de Algemesí;8. Hurtos;Enero-marzo 2023;60
-Municipio de Algemesí;9. Sustracciones de vehículos;Enero-marzo 2023;2
-Municipio de Algemesí;10. Tráfico de drogas;Enero-marzo 2023;2
-Municipio de Algemesí;11. Resto de criminalidad convencional;Enero-marzo 2023;142
-Municipio de Algemesí;II. CIBERCRIMINALIDAD (infracciones penales cometidas en/por medio ciber);Enero-marzo 2023;47
-Municipio de Algemesí;12.-Estafas informáticas;Enero-marzo 2023;40
-Municipio de Algemesí;13.-Otros ciberdelitos;Enero-marzo 2023;7
-Municipio de Algemesí;III. TOTAL INFRACCIONES PENALES;Enero-marzo 2023;275
-Municipio de Alzira;I. CRIMINALIDAD CONVENCIONAL;Enero-marzo 2023;592
-Municipio de Alzira;1. Homicidios dolosos y asesinatos consumados;Enero-marzo 2023;0
-Municipio de Alzira;2. Homicidios dolosos y asesinatos en grado tentativa;Enero-marzo 2023;1
-Municipio de Alzira;3. Delitos graves y menos graves de lesiones y riña tumultuaria;Enero-marzo 2023;5
-Municipio de Alzira;4. Secuestro;Enero-marzo 2023;0
-Municipio de Alzira;5. Delitos contra la libertad sexual;Enero-marzo 2023;11
-Municipio de Alzira;5.1.-Agresión sexual con penetración;Enero-marzo 2023;2
-Municipio de Alzira;5.2.-Resto de delitos contra la libertad sexual;Enero-marzo 2023;9
-Municipio de Alzira;6. Robos con violencia e intimidación;Enero-marzo 2023;9
-Municipio de Alzira;7. Robos con fuerza en domicilios, establecimientos y otras instalaciones;Enero-marzo 2023;90
-Municipio de Alzira;7.1.-Robos con fuerza en domicilios;Enero-marzo 2023;77
-Municipio de Alzira;8. Hurtos;Enero-marzo 2023;173
-Municipio de Alzira;9. Sustracciones de vehículos;Enero-marzo 2023;3
-Municipio de Alzira;10. Tráfico de drogas;Enero-marzo 2023;7
-Municipio de Alzira;11. Resto de criminalidad convencional;Enero-marzo 2023;293
-Municipio de Alzira;II. CIBERCRIMINALIDAD (infracciones penales cometidas en/por medio ciber);Enero-marzo 2023;99
-Municipio de Alzira;12.-Estafas informáticas;Enero-marzo 2023;86
-Municipio de Alzira;13.-Otros ciberdelitos;Enero-marzo 2023;13
-Municipio de Alzira;III. TOTAL INFRACCIONES PENALES;Enero-marzo 2023;691
-Municipio de Bétera;I. CRIMINALIDAD CONVENCIONAL;Enero-marzo 2023;208
-Municipio de Bétera;1. Homicidios dolosos y asesinatos consumados;Enero-marzo 2023;0
-Municipio de Bétera;2. Homicidios dolosos y asesinatos en grado tentativa;Enero-marzo 2023;0
-Municipio de Bétera;3. Delitos graves y menos graves de lesiones y riña tumultuaria;Enero-marzo 2023;3
-Municipio de Bétera;4. Secuestro;Enero-marzo 2023;0
-Municipio de Bétera;5. Delitos contra la libertad sexual;Enero-marzo 2023;5
-Municipio de Bétera;5.1.-Agresión sexual con penetración;Enero-marzo 2023;0
-Municipio de Bétera;5.2.-Resto de delitos contra la libertad sexual;Enero-marzo 2023;5
-Municipio de Bétera;6. Robos con violencia e intimidación;Enero-marzo 2023;1
-Municipio de Bétera;7. Robos con fuerza en domicilios, establecimientos y otras instalaciones;Enero-marzo 2023;26
-Municipio de Bétera;7.1.-Robos con fuerza en domicilios;Enero-marzo 2023;26
-Municipio de Bétera;8. Hurtos;Enero-marzo 2023;52
-Municipio de Bétera;9. Sustracciones de vehículos;Enero-marzo 2023;3
-Municipio de Bétera;10. Tráfico de drogas;Enero-marzo 2023;0
-Municipio de Bétera;11. Resto de criminalidad convencional;Enero-marzo 2023;118
-Municipio de Bétera;II. CIBERCRIMINALIDAD (infracciones penales cometidas en/por medio ciber);Enero-marzo 2023;59
-Municipio de Bétera;12.-Estafas informáticas;Enero-marzo 2023;49
-Municipio de Bétera;13.-Otros ciberdelitos;Enero-marzo 2023;10
-Municipio de Bétera;III. TOTAL INFRACCIONES PENALES;Enero-marzo 2023;267
-Municipio de Burjassot;I. CRIMINALIDAD CONVENCIONAL;Enero-marzo 2023;324
-Municipio de Burjassot;1. Homicidios dolosos y asesinatos consumados;Enero-marzo 2023;0
-Municipio de Burjassot;2. Homicidios dolosos y asesinatos en grado tentativa;Enero-marzo 2023;0
-Municipio de Burjassot;3. Delitos graves y menos graves de lesiones y riña tumultuaria;Enero-marzo 2023;0
-Municipio de Burjassot;4. Secuestro;Enero-marzo 2023;0
-Municipio de Burjassot;5. Delitos contra la libertad sexual;Enero-marzo 2023;4
-Municipio de Burjassot;5.1.-Agresión sexual con penetración;Enero-marzo 2023;0
-Municipio de Burjassot;5.2.-Resto de delitos contra la libertad sexual;Enero-marzo 2023;4
-Municipio de Burjassot;6. Robos con violencia e intimidación;Enero-marzo 2023;2
-Municipio de Burjassot;7. Robos con fuerza en domicilios, establecimientos y otras instalaciones;Enero-marzo 2023;18
-Municipio de Burjassot;7.1.-Robos con fuerza en domicilios;Enero-marzo 2023;18
-Municipio de Burjassot;8. Hurtos;Enero-marzo 2023;105
-Municipio de Burjassot;9. Sustracciones de vehículos;Enero-marzo 2023;6
-Municipio de Burjassot;10. Tráfico de drogas;Enero-marzo 2023;1
-Municipio de Burjassot;11. Resto de criminalidad convencional;Enero-marzo 2023;188
-Municipio de Burjassot;II. CIBERCRIMINALIDAD (infracciones penales cometidas en/por medio ciber);Enero-marzo 2023;62
-Municipio de Burjassot;12.-Estafas informáticas;Enero-marzo 2023;56
-Municipio de Burjassot;13.-Otros ciberdelitos;Enero-marzo 2023;6
-Municipio de Burjassot;III. TOTAL INFRACCIONES PENALES;Enero-marzo 2023;386
-Municipio de Carcaixent;I. CRIMINALIDAD CONVENCIONAL;Enero-marzo 2023;223
-Municipio de Carcaixent;1. Homicidios dolosos y asesinatos consumados;Enero-marzo 2023;0
-Municipio de Carcaixent;2. Homicidios dolosos y asesinatos en grado tentativa;Enero-marzo 2023;0
-Municipio de Carcaixent;3. Delitos graves y menos graves de lesiones y riña tumultuaria;Enero-marzo 2023;9
-Municipio de Carcaixent;4. Secuestro;Enero-marzo 2023;0
-Municipio de Carcaixent;5. Delitos contra la libertad sexual;Enero-marzo 2023;3
-Municipio de Carcaixent;5.1.-Agresión sexual con penetración;Enero-marzo 2023;2
-Municipio de Carcaixent;5.2.-Resto de delitos contra la libertad sexual;Enero-marzo 2023;1
-Municipio de Carcaixent;6. Robos con violencia e intimidación;Enero-marzo 2023;3
-Municipio de Carcaixent;7. Robos con fuerza en domicilios, establecimientos y otras instalaciones;Enero-marzo 2023;16
-Municipio de Carcaixent;7.1.-Robos con fuerza en domicilios;Enero-marzo 2023;14
-Municipio de Carcaixent;8. Hurtos;Enero-marzo 2023;65
-Municipio de Carcaixent;9. Sustracciones de vehículos;Enero-marzo 2023;3
-Municipio de Carcaixent;10. Tráfico de drogas;Enero-marzo 2023;1
-Municipio de Carcaixent;11. Resto de criminalidad convencional;Enero-marzo 2023;123
-Municipio de Carcaixent;II. CIBERCRIMINALIDAD (infracciones penales cometidas en/por medio ciber);Enero-marzo 2023;44
-Municipio de Carcaixent;12.-Estafas informáticas;Enero-marzo 2023;37
-Municipio de Carcaixent;13.-Otros ciberdelitos;Enero-marzo 2023;7
-Municipio de Carcaixent;III. TOTAL INFRACCIONES PENALES;Enero-marzo 2023;267
-Municipio de Catarroja;I. CRIMINALIDAD CONVENCIONAL;Enero-marzo 2023;214
-Municipio de Catarroja;1. Homicidios dolosos y asesinatos consumados;Enero-marzo 2023;0
-Municipio de Catarroja;2. Homicidios dolosos y asesinatos en grado tentativa;Enero-marzo 2023;0
-Municipio de Catarroja;3. Delitos graves y menos graves de lesiones y riña tumultuaria;Enero-marzo 2023;2
-Municipio de Catarroja;4. Secuestro;Enero-marzo 2023;0
-Municipio de Catarroja;5. Delitos contra la libertad sexual;Enero-marzo 2023;1
-Municipio de Catarroja;5.1.-Agresión sexual con penetración;Enero-marzo 2023;0
-Municipio de Catarroja;5.2.-Resto de delitos contra la libertad sexual;Enero-marzo 2023;1
-Municipio de Catarroja;6. Robos con violencia e intimidación;Enero-marzo 2023;8
-Municipio de Catarroja;7. Robos con fuerza en domicilios, establecimientos y otras instalaciones;Enero-marzo 2023;25
-Municipio de Catarroja;7.1.-Robos con fuerza en domicilios;Enero-marzo 2023;12
-Municipio de Catarroja;8. Hurtos;Enero-marzo 2023;37
-Municipio de Catarroja;9. Sustracciones de vehículos;Enero-marzo 2023;1
-Municipio de Catarroja;10. Tráfico de drogas;Enero-marzo 2023;2
-Municipio de Catarroja;11. Resto de criminalidad convencional;Enero-marzo 2023;138
-Municipio de Catarroja;II. CIBERCRIMINALIDAD (infracciones penales cometidas en/por medio ciber);Enero-marzo 2023;58
-Municipio de Catarroja;12.-Estafas informáticas;Enero-marzo 2023;49
-Municipio de Catarroja;13.-Otros ciberdelitos;Enero-marzo 2023;9
-Municipio de Catarroja;III. TOTAL INFRACCIONES PENALES;Enero-marzo 2023;272
-Municipio de Cullera;I. CRIMINALIDAD CONVENCIONAL;Enero-marzo 2023;281
-Municipio de Cullera;1. Homicidios dolosos y asesinatos consumados;Enero-marzo 2023;0
-Municipio de Cullera;2. Homicidios dolosos y asesinatos en grado tentativa;Enero-marzo 2023;0
-Municipio de Cullera;3. Delitos graves y menos graves de lesiones y riña tumultuaria;Enero-marzo 2023;3
-Municipio de Cullera;4. Secuestro;Enero-marzo 2023;0
-Municipio de Cullera;5. Delitos contra la libertad sexual;Enero-marzo 2023;3
-Municipio de Cullera;5.1.-Agresión sexual con penetración;Enero-marzo 2023;1
-Municipio de Cullera;5.2.-Resto de delitos contra la libertad sexual;Enero-marzo 2023;2
-Municipio de Cullera;6. Robos con violencia e intimidación;Enero-marzo 2023;11
-Municipio de Cullera;7. Robos con fuerza en domicilios, establecimientos y otras instalaciones;Enero-marzo 2023;22
-Municipio de Cullera;7.1.-Robos con fuerza en domicilios;Enero-marzo 2023;21
-Municipio de Cullera;8. Hurtos;Enero-marzo 2023;58
-Municipio de Cullera;9. Sustracciones de vehículos;Enero-marzo 2023;4
-Municipio de Cullera;10. Tráfico de drogas;Enero-marzo 2023;1
-Municipio de Cullera;11. Resto de criminalidad convencional;Enero-marzo 2023;179
-Municipio de Cullera;II. CIBERCRIMINALIDAD (infracciones penales cometidas en/por medio ciber);Enero-marzo 2023;61
-Municipio de Cullera;12.-Estafas informáticas;Enero-marzo 2023;59
-Municipio de Cullera;13.-Otros ciberdelitos;Enero-marzo 2023;2
-Municipio de Cullera;III. TOTAL INFRACCIONES PENALES;Enero-marzo 2023;342
-Municipio de Gandia;I. CRIMINALIDAD CONVENCIONAL;Enero-marzo 2023;911
-Municipio de Gandia;1. Homicidios dolosos y asesinatos consumados;Enero-marzo 2023;1
-Municipio de Gandia;2. Homicidios dolosos y asesinatos en grado tentativa;Enero-marzo 2023;0
-Municipio de Gandia;3. Delitos graves y menos graves de lesiones y riña tumultuaria;Enero-marzo 2023;14
-Municipio de Gandia;4. Secuestro;Enero-marzo 2023;0
-Municipio de Gandia;5. Delitos contra la libertad sexual;Enero-marzo 2023;11
-Municipio de Gandia;5.1.-Agresión sexual con penetración;Enero-marzo 2023;2
-Municipio de Gandia;5.2.-Resto de delitos contra la libertad sexual;Enero-marzo 2023;9
-Municipio de Gandia;6. Robos con violencia e intimidación;Enero-marzo 2023;28
-Municipio de Gandia;7. Robos con fuerza en domicilios, establecimientos y otras instalaciones;Enero-marzo 2023;54
-Municipio de Gandia;7.1.-Robos con fuerza en domicilios;Enero-marzo 2023;44
-Municipio de Gandia;8. Hurtos;Enero-marzo 2023;259
-Municipio de Gandia;9. Sustracciones de vehículos;Enero-marzo 2023;22
-Municipio de Gandia;10. Tráfico de drogas;Enero-marzo 2023;16
-Municipio de Gandia;11. Resto de criminalidad convencional;Enero-marzo 2023;506
-Municipio de Gandia;II. CIBERCRIMINALIDAD (infracciones penales cometidas en/por medio ciber);Enero-marzo 2023;188
-Municipio de Gandia;12.-Estafas informáticas;Enero-marzo 2023;169
-Municipio de Gandia;13.-Otros ciberdelitos;Enero-marzo 2023;19
-Municipio de Gandia;III. TOTAL INFRACCIONES PENALES;Enero-marzo 2023;1.099
-Municipio de Llíria;I. CRIMINALIDAD CONVENCIONAL;Enero-marzo 2023;229
-Municipio de Llíria;1. Homicidios dolosos y asesinatos consumados;Enero-marzo 2023;0
-Municipio de Llíria;2. Homicidios dolosos y asesinatos en grado tentativa;Enero-marzo 2023;0
-Municipio de Llíria;3. Delitos graves y menos graves de lesiones y riña tumultuaria;Enero-marzo 2023;4
-Municipio de Llíria;4. Secuestro;Enero-marzo 2023;0
-Municipio de Llíria;5. Delitos contra la libertad sexual;Enero-marzo 2023;0
-Municipio de Llíria;5.1.-Agresión sexual con penetración;Enero-marzo 2023;0
-Municipio de Llíria;5.2.-Resto de delitos contra la libertad sexual;Enero-marzo 2023;0
-Municipio de Llíria;6. Robos con violencia e intimidación;Enero-marzo 2023;1
-Municipio de Llíria;7. Robos con fuerza en domicilios, establecimientos y otras instalaciones;Enero-marzo 2023;44
-Municipio de Llíria;7.1.-Robos con fuerza en domicilios;Enero-marzo 2023;42
-Municipio de Llíria;8. Hurtos;Enero-marzo 2023;62
-Municipio de Llíria;9. Sustracciones de vehículos;Enero-marzo 2023;1
-Municipio de Llíria;10. Tráfico de drogas;Enero-marzo 2023;3
-Municipio de Llíria;11. Resto de criminalidad convencional;Enero-marzo 2023;114
-Municipio de Llíria;II. CIBERCRIMINALIDAD (infracciones penales cometidas en/por medio ciber);Enero-marzo 2023;53
-Municipio de Llíria;12.-Estafas informáticas;Enero-marzo 2023;42
-Municipio de Llíria;13.-Otros ciberdelitos;Enero-marzo 2023;11
-Municipio de Llíria;III. TOTAL INFRACCIONES PENALES;Enero-marzo 2023;282
-Municipio de Manises;I. CRIMINALIDAD CONVENCIONAL;Enero-marzo 2023;273
-Municipio de Manises;1. Homicidios dolosos y asesinatos consumados;Enero-marzo 2023;0
-Municipio de Manises;2. Homicidios dolosos y asesinatos en grado tentativa;Enero-marzo 2023;0
-Municipio de Manises;3. Delitos graves y menos graves de lesiones y riña tumultuaria;Enero-marzo 2023;4
-Municipio de Manises;4. Secuestro;Enero-marzo 2023;0
-Municipio de Manises;5. Delitos contra la libertad sexual;Enero-marzo 2023;0
-Municipio de Manises;5.1.-Agresión sexual con penetración;Enero-marzo 2023;0
-Municipio de Manises;5.2.-Resto de delitos contra la libertad sexual;Enero-marzo 2023;0
-Municipio de Manises;6. Robos con violencia e intimidación;Enero-marzo 2023;4
-Municipio de Manises;7. Robos con fuerza en domicilios, establecimientos y otras instalaciones;Enero-marzo 2023;6
-Municipio de Manises;7.1.-Robos con fuerza en domicilios;Enero-marzo 2023;5
-Municipio de Manises;8. Hurtos;Enero-marzo 2023;91
-Municipio de Manises;9. Sustracciones de vehículos;Enero-marzo 2023;13
-Municipio de Manises;10. Tráfico de drogas;Enero-marzo 2023;16
-Municipio de Manises;11. Resto de criminalidad convencional;Enero-marzo 2023;139
-Municipio de Manises;II. CIBERCRIMINALIDAD (infracciones penales cometidas en/por medio ciber);Enero-marzo 2023;45
-Municipio de Manises;12.-Estafas informáticas;Enero-marzo 2023;40
-Municipio de Manises;13.-Otros ciberdelitos;Enero-marzo 2023;5
-Municipio de Manises;III. TOTAL INFRACCIONES PENALES;Enero-marzo 2023;318
-Municipio de Mislata;I. CRIMINALIDAD CONVENCIONAL;Enero-marzo 2023;284
-Municipio de Mislata;1. Homicidios dolosos y asesinatos consumados;Enero-marzo 2023;0
-Municipio de Mislata;2. Homicidios dolosos y asesinatos en grado tentativa;Enero-marzo 2023;0
-Municipio de Mislata;3. Delitos graves y menos graves de lesiones y riña tumultuaria;Enero-marzo 2023;4
-Municipio de Mislata;4. Secuestro;Enero-marzo 2023;0
-Municipio de Mislata;5. Delitos contra la libertad sexual;Enero-marzo 2023;3
-Municipio de Mislata;5.1.-Agresión sexual con penetración;Enero-marzo 2023;0
-Municipio de Mislata;5.2.-Resto de delitos contra la libertad sexual;Enero-marzo 2023;3
-Municipio de Mislata;6. Robos con violencia e intimidación;Enero-marzo 2023;13
-Municipio de Mislata;7. Robos con fuerza en domicilios, establecimientos y otras instalaciones;Enero-marzo 2023;21
-Municipio de Mislata;7.1.-Robos con fuerza en domicilios;Enero-marzo 2023;19
-Municipio de Mislata;8. Hurtos;Enero-marzo 2023;85
-Municipio de Mislata;9. Sustracciones de vehículos;Enero-marzo 2023;3
-Municipio de Mislata;10. Tráfico de drogas;Enero-marzo 2023;3
-Municipio de Mislata;11. Resto de criminalidad convencional;Enero-marzo 2023;152
-Municipio de Mislata;II. CIBERCRIMINALIDAD (infracciones penales cometidas en/por medio ciber);Enero-marzo 2023;97
-Municipio de Mislata;12.-Estafas informáticas;Enero-marzo 2023;88
-Municipio de Mislata;13.-Otros ciberdelitos;Enero-marzo 2023;9
-Municipio de Mislata;III. TOTAL INFRACCIONES PENALES;Enero-marzo 2023;381
-Municipio de Moncada;I. CRIMINALIDAD CONVENCIONAL;Enero-marzo 2023;188
-Municipio de Moncada;1. Homicidios dolosos y asesinatos consumados;Enero-marzo 2023;0
-Municipio de Moncada;2. Homicidios dolosos y asesinatos en grado tentativa;Enero-marzo 2023;0
-Municipio de Moncada;3. Delitos graves y menos graves de lesiones y riña tumultuaria;Enero-marzo 2023;4
-Municipio de Moncada;4. Secuestro;Enero-marzo 2023;0
-Municipio de Moncada;5. Delitos contra la libertad sexual;Enero-marzo 2023;0
-Municipio de Moncada;5.1.-Agresión sexual con penetración;Enero-marzo 2023;0
-Municipio de Moncada;5.2.-Resto de delitos contra la libertad sexual;Enero-marzo 2023;0
-Municipio de Moncada;6. Robos con violencia e intimidación;Enero-marzo 2023;1
-Municipio de Moncada;7. Robos con fuerza en domicilios, establecimientos y otras instalaciones;Enero-marzo 2023;25
-Municipio de Moncada;7.1.-Robos con fuerza en domicilios;Enero-marzo 2023;20
-Municipio de Moncada;8. Hurtos;Enero-marzo 2023;39
-Municipio de Moncada;9. Sustracciones de vehículos;Enero-marzo 2023;7
-Municipio de Moncada;10. Tráfico de drogas;Enero-marzo 2023;0
-Municipio de Moncada;11. Resto de criminalidad convencional;Enero-marzo 2023;112
-Municipio de Moncada;II. CIBERCRIMINALIDAD (infracciones penales cometidas en/por medio ciber);Enero-marzo 2023;33
-Municipio de Moncada;12.-Estafas informáticas;Enero-marzo 2023;27
-Municipio de Moncada;13.-Otros ciberdelitos;Enero-marzo 2023;6
-Municipio de Moncada;III. TOTAL INFRACCIONES PENALES;Enero-marzo 2023;221
-Municipio de Oliva;I. CRIMINALIDAD CONVENCIONAL;Enero-marzo 2023;224
-Municipio de Oliva;1. Homicidios dolosos y asesinatos consumados;Enero-marzo 2023;0
-Municipio de Oliva;2. Homicidios dolosos y asesinatos en grado tentativa;Enero-marzo 2023;0
-Municipio de Oliva;3. Delitos graves y menos graves de lesiones y riña tumultuaria;Enero-marzo 2023;5
-Municipio de Oliva;4. Secuestro;Enero-marzo 2023;0
-Municipio de Oliva;5. Delitos contra la libertad sexual;Enero-marzo 2023;1
-Municipio de Oliva;5.1.-Agresión sexual con penetración;Enero-marzo 2023;0
-Municipio de Oliva;5.2.-Resto de delitos contra la libertad sexual;Enero-marzo 2023;1
-Municipio de Oliva;6. Robos con violencia e intimidación;Enero-marzo 2023;0
-Municipio de Oliva;7. Robos con fuerza en domicilios, establecimientos y otras instalaciones;Enero-marzo 2023;29
-Municipio de Oliva;7.1.-Robos con fuerza en domicilios;Enero-marzo 2023;24
-Municipio de Oliva;8. Hurtos;Enero-marzo 2023;38
-Municipio de Oliva;9. Sustracciones de vehículos;Enero-marzo 2023;4
-Municipio de Oliva;10. Tráfico de drogas;Enero-marzo 2023;2
-Municipio de Oliva;11. Resto de criminalidad convencional;Enero-marzo 2023;145
-Municipio de Oliva;II. CIBERCRIMINALIDAD (infracciones penales cometidas en/por medio ciber);Enero-marzo 2023;51
-Municipio de Oliva;12.-Estafas informáticas;Enero-marzo 2023;45
-Municipio de Oliva;13.-Otros ciberdelitos;Enero-marzo 2023;6
-Municipio de Oliva;III. TOTAL INFRACCIONES PENALES;Enero-marzo 2023;275
-Municipio de Ontinyent;I. CRIMINALIDAD CONVENCIONAL;Enero-marzo 2023;174
-Municipio de Ontinyent;1. Homicidios dolosos y asesinatos consumados;Enero-marzo 2023;0
-Municipio de Ontinyent;2. Homicidios dolosos y asesinatos en grado tentativa;Enero-marzo 2023;0
-Municipio de Ontinyent;3. Delitos graves y menos graves de lesiones y riña tumultuaria;Enero-marzo 2023;2
-Municipio de Ontinyent;4. Secuestro;Enero-marzo 2023;0
-Municipio de Ontinyent;5. Delitos contra la libertad sexual;Enero-marzo 2023;4
-Municipio de Ontinyent;5.1.-Agresión sexual con penetración;Enero-marzo 2023;0
-Municipio de Ontinyent;5.2.-Resto de delitos contra la libertad sexual;Enero-marzo 2023;4
-Municipio de Ontinyent;6. Robos con violencia e intimidación;Enero-marzo 2023;2
-Municipio de Ontinyent;7. Robos con fuerza en domicilios, establecimientos y otras instalaciones;Enero-marzo 2023;19
-Municipio de Ontinyent;7.1.-Robos con fuerza en domicilios;Enero-marzo 2023;18
-Municipio de Ontinyent;8. Hurtos;Enero-marzo 2023;44
-Municipio de Ontinyent;9. Sustracciones de vehículos;Enero-marzo 2023;0
-Municipio de Ontinyent;10. Tráfico de drogas;Enero-marzo 2023;0
-Municipio de Ontinyent;11. Resto de criminalidad convencional;Enero-marzo 2023;103
-Municipio de Ontinyent;II. CIBERCRIMINALIDAD (infracciones penales cometidas en/por medio ciber);Enero-marzo 2023;94
-Municipio de Ontinyent;12.-Estafas informáticas;Enero-marzo 2023;86
-Municipio de Ontinyent;13.-Otros ciberdelitos;Enero-marzo 2023;8
-Municipio de Ontinyent;III. TOTAL INFRACCIONES PENALES;Enero-marzo 2023;268
-Municipio de Paiporta;I. CRIMINALIDAD CONVENCIONAL;Enero-marzo 2023;169
-Municipio de Paiporta;1. Homicidios dolosos y asesinatos consumados;Enero-marzo 2023;0
-Municipio de Paiporta;2. Homicidios dolosos y asesinatos en grado tentativa;Enero-marzo 2023;0
-Municipio de Paiporta;3. Delitos graves y menos graves de lesiones y riña tumultuaria;Enero-marzo 2023;3
-Municipio de Paiporta;4. Secuestro;Enero-marzo 2023;0
-Municipio de Paiporta;5. Delitos contra la libertad sexual;Enero-marzo 2023;4
-Municipio de Paiporta;5.1.-Agresión sexual con penetración;Enero-marzo 2023;1
-Municipio de Paiporta;5.2.-Resto de delitos contra la libertad sexual;Enero-marzo 2023;3
-Municipio de Paiporta;6. Robos con violencia e intimidación;Enero-marzo 2023;0
-Municipio de Paiporta;7. Robos con fuerza en domicilios, establecimientos y otras instalaciones;Enero-marzo 2023;14
-Municipio de Paiporta;7.1.-Robos con fuerza en domicilios;Enero-marzo 2023;12
-Municipio de Paiporta;8. Hurtos;Enero-marzo 2023;42
-Municipio de Paiporta;9. Sustracciones de vehículos;Enero-marzo 2023;8
-Municipio de Paiporta;10. Tráfico de drogas;Enero-marzo 2023;2
-Municipio de Paiporta;11. Resto de criminalidad convencional;Enero-marzo 2023;96
-Municipio de Paiporta;II. CIBERCRIMINALIDAD (infracciones penales cometidas en/por medio ciber);Enero-marzo 2023;70
-Municipio de Paiporta;12.-Estafas informáticas;Enero-marzo 2023;61
-Municipio de Paiporta;13.-Otros ciberdelitos;Enero-marzo 2023;9
-Municipio de Paiporta;III. TOTAL INFRACCIONES PENALES;Enero-marzo 2023;239
-Municipio de Paterna;I. CRIMINALIDAD CONVENCIONAL;Enero-marzo 2023;673
-Municipio de Paterna;1. Homicidios dolosos y asesinatos consumados;Enero-marzo 2023;0
-Municipio de Paterna;2. Homicidios dolosos y asesinatos en grado tentativa;Enero-marzo 2023;1
-Municipio de Paterna;3. Delitos graves y menos graves de lesiones y riña tumultuaria;Enero-marzo 2023;3
-Municipio de Paterna;4. Secuestro;Enero-marzo 2023;0
-Municipio de Paterna;5. Delitos contra la libertad sexual;Enero-marzo 2023;8
-Municipio de Paterna;5.1.-Agresión sexual con penetración;Enero-marzo 2023;1
-Municipio de Paterna;5.2.-Resto de delitos contra la libertad sexual;Enero-marzo 2023;7
-Municipio de Paterna;6. Robos con violencia e intimidación;Enero-marzo 2023;16
-Municipio de Paterna;7. Robos con fuerza en domicilios, establecimientos y otras instalaciones;Enero-marzo 2023;76
-Municipio de Paterna;7.1.-Robos con fuerza en domicilios;Enero-marzo 2023;62
-Municipio de Paterna;8. Hurtos;Enero-marzo 2023;161
-Municipio de Paterna;9. Sustracciones de vehículos;Enero-marzo 2023;12
-Municipio de Paterna;10. Tráfico de drogas;Enero-marzo 2023;4
-Municipio de Paterna;11. Resto de criminalidad convencional;Enero-marzo 2023;392
-Municipio de Paterna;II. CIBERCRIMINALIDAD (infracciones penales cometidas en/por medio ciber);Enero-marzo 2023;156
-Municipio de Paterna;12.-Estafas informáticas;Enero-marzo 2023;139
-Municipio de Paterna;13.-Otros ciberdelitos;Enero-marzo 2023;17
-Municipio de Paterna;III. TOTAL INFRACCIONES PENALES;Enero-marzo 2023;829
-Municipio de Picassent;I. CRIMINALIDAD CONVENCIONAL;Enero-marzo 2023;261
-Municipio de Picassent;1. Homicidios dolosos y asesinatos consumados;Enero-marzo 2023;1
-Municipio de Picassent;2. Homicidios dolosos y asesinatos en grado tentativa;Enero-marzo 2023;0
-Municipio de Picassent;3. Delitos graves y menos graves de lesiones y riña tumultuaria;Enero-marzo 2023;4
-Municipio de Picassent;4. Secuestro;Enero-marzo 2023;0
-Municipio de Picassent;5. Delitos contra la libertad sexual;Enero-marzo 2023;8
-Municipio de Picassent;5.1.-Agresión sexual con penetración;Enero-marzo 2023;1
-Municipio de Picassent;5.2.-Resto de delitos contra la libertad sexual;Enero-marzo 2023;7
-Municipio de Picassent;6. Robos con violencia e intimidación;Enero-marzo 2023;4
-Municipio de Picassent;7. Robos con fuerza en domicilios, establecimientos y otras instalaciones;Enero-marzo 2023;17
-Municipio de Picassent;7.1.-Robos con fuerza en domicilios;Enero-marzo 2023;15
-Municipio de Picassent;8. Hurtos;Enero-marzo 2023;60
-Municipio de Picassent;9. Sustracciones de vehículos;Enero-marzo 2023;3
-Municipio de Picassent;10. Tráfico de drogas;Enero-marzo 2023;23
-Municipio de Picassent;11. Resto de criminalidad convencional;Enero-marzo 2023;141
-Municipio de Picassent;II. CIBERCRIMINALIDAD (infracciones penales cometidas en/por medio ciber);Enero-marzo 2023;20
-Municipio de Picassent;12.-Estafas informáticas;Enero-marzo 2023;9
-Municipio de Picassent;13.-Otros ciberdelitos;Enero-marzo 2023;11
-Municipio de Picassent;III. TOTAL INFRACCIONES PENALES;Enero-marzo 2023;281
-Municipio de Pobla de Vallbona (la);I. CRIMINALIDAD CONVENCIONAL;Enero-marzo 2023;235
-Municipio de Pobla de Vallbona (la);1. Homicidios dolosos y asesinatos consumados;Enero-marzo 2023;0
-Municipio de Pobla de Vallbona (la);2. Homicidios dolosos y asesinatos en grado tentativa;Enero-marzo 2023;0
-Municipio de Pobla de Vallbona (la);3. Delitos graves y menos graves de lesiones y riña tumultuaria;Enero-marzo 2023;3
-Municipio de Pobla de Vallbona (la);4. Secuestro;Enero-marzo 2023;0
-Municipio de Pobla de Vallbona (la);5. Delitos contra la libertad sexual;Enero-marzo 2023;3
-Municipio de Pobla de Vallbona (la);5.1.-Agresión sexual con penetración;Enero-marzo 2023;0
-Municipio de Pobla de Vallbona (la);5.2.-Resto de delitos contra la libertad sexual;Enero-marzo 2023;3
-Municipio de Pobla de Vallbona (la);6. Robos con violencia e intimidación;Enero-marzo 2023;3
-Municipio de Pobla de Vallbona (la);7. Robos con fuerza en domicilios, establecimientos y otras instalaciones;Enero-marzo 2023;23
-Municipio de Pobla de Vallbona (la);7.1.-Robos con fuerza en domicilios;Enero-marzo 2023;20
-Municipio de Pobla de Vallbona (la);8. Hurtos;Enero-marzo 2023;46
-Municipio de Pobla de Vallbona (la);9. Sustracciones de vehículos;Enero-marzo 2023;4
-Municipio de Pobla de Vallbona (la);10. Tráfico de drogas;Enero-marzo 2023;3
-Municipio de Pobla de Vallbona (la);11. Resto de criminalidad convencional;Enero-marzo 2023;150
-Municipio de Pobla de Vallbona (la);II. CIBERCRIMINALIDAD (infracciones penales cometidas en/por medio ciber);Enero-marzo 2023;52
-Municipio de Pobla de Vallbona (la);12.-Estafas informáticas;Enero-marzo 2023;42
-Municipio de Pobla de Vallbona (la);13.-Otros ciberdelitos;Enero-marzo 2023;10
-Municipio de Pobla de Vallbona (la);III. TOTAL INFRACCIONES PENALES;Enero-marzo 2023;287
-Municipio de Puçol;I. CRIMINALIDAD CONVENCIONAL;Enero-marzo 2023;154
-Municipio de Puçol;1. Homicidios dolosos y asesinatos consumados;Enero-marzo 2023;0
-Municipio de Puçol;2. Homicidios dolosos y asesinatos en grado tentativa;Enero-marzo 2023;0
-Municipio de Puçol;3. Delitos graves y menos graves de lesiones y riña tumultuaria;Enero-marzo 2023;3
-Municipio de Puçol;4. Secuestro;Enero-marzo 2023;0
-Municipio de Puçol;5. Delitos contra la libertad sexual;Enero-marzo 2023;3
-Municipio de Puçol;5.1.-Agresión sexual con penetración;Enero-marzo 2023;0
-Municipio de Puçol;5.2.-Resto de delitos contra la libertad sexual;Enero-marzo 2023;3
-Municipio de Puçol;6. Robos con violencia e intimidación;Enero-marzo 2023;2
-Municipio de Puçol;7. Robos con fuerza en domicilios, establecimientos y otras instalaciones;Enero-marzo 2023;6
-Municipio de Puçol;7.1.-Robos con fuerza en domicilios;Enero-marzo 2023;2
-Municipio de Puçol;8. Hurtos;Enero-marzo 2023;39
-Municipio de Puçol;9. Sustracciones de vehículos;Enero-marzo 2023;1
-Municipio de Puçol;10. Tráfico de drogas;Enero-marzo 2023;0
-Municipio de Puçol;11. Resto de criminalidad convencional;Enero-marzo 2023;100
-Municipio de Puçol;II. CIBERCRIMINALIDAD (infracciones penales cometidas en/por medio ciber);Enero-marzo 2023;19
-Municipio de Puçol;12.-Estafas informáticas;Enero-marzo 2023;13
-Municipio de Puçol;13.-Otros ciberdelitos;Enero-marzo 2023;6
-Municipio de Puçol;III. TOTAL INFRACCIONES PENALES;Enero-marzo 2023;173
-Municipio de Quart de Poblet;I. CRIMINALIDAD CONVENCIONAL;Enero-marzo 2023;270
-Municipio de Quart de Poblet;1. Homicidios dolosos y asesinatos consumados;Enero-marzo 2023;0
-Municipio de Quart de Poblet;2. Homicidios dolosos y asesinatos en grado tentativa;Enero-marzo 2023;0
-Municipio de Quart de Poblet;3. Delitos graves y menos graves de lesiones y riña tumultuaria;Enero-marzo 2023;3
-Municipio de Quart de Poblet;4. Secuestro;Enero-marzo 2023;0
-Municipio de Quart de Poblet;5. Delitos contra la libertad sexual;Enero-marzo 2023;0
-Municipio de Quart de Poblet;5.1.-Agresión sexual con penetración;Enero-marzo 2023;0
-Municipio de Quart de Poblet;5.2.-Resto de delitos contra la libertad sexual;Enero-marzo 2023;0
-Municipio de Quart de Poblet;6. Robos con violencia e intimidación;Enero-marzo 2023;10
-Municipio de Quart de Poblet;7. Robos con fuerza en domicilios, establecimientos y otras instalaciones;Enero-marzo 2023;13
-Municipio de Quart de Poblet;7.1.-Robos con fuerza en domicilios;Enero-marzo 2023;9
-Municipio de Quart de Poblet;8. Hurtos;Enero-marzo 2023;74
-Municipio de Quart de Poblet;9. Sustracciones de vehículos;Enero-marzo 2023;8
-Municipio de Quart de Poblet;10. Tráfico de drogas;Enero-marzo 2023;0
-Municipio de Quart de Poblet;11. Resto de criminalidad convencional;Enero-marzo 2023;162
-Municipio de Quart de Poblet;II. CIBERCRIMINALIDAD (infracciones penales cometidas en/por medio ciber);Enero-marzo 2023;49
-Municipio de Quart de Poblet;12.-Estafas informáticas;Enero-marzo 2023;46
-Municipio de Quart de Poblet;13.-Otros ciberdelitos;Enero-marzo 2023;3
-Municipio de Quart de Poblet;III. TOTAL INFRACCIONES PENALES;Enero-marzo 2023;319
-Municipio de Requena;I. CRIMINALIDAD CONVENCIONAL;Enero-marzo 2023;190
-Municipio de Requena;1. Homicidios dolosos y asesinatos consumados;Enero-marzo 2023;0
-Municipio de Requena;2. Homicidios dolosos y asesinatos en grado tentativa;Enero-marzo 2023;0
-Municipio de Requena;3. Delitos graves y menos graves de lesiones y riña tumultuaria;Enero-marzo 2023;5
-Municipio de Requena;4. Secuestro;Enero-marzo 2023;0
-Municipio de Requena;5. Delitos contra la libertad sexual;Enero-marzo 2023;0
-Municipio de Requena;5.1.-Agresión sexual con penetración;Enero-marzo 2023;0
-Municipio de Requena;5.2.-Resto de delitos contra la libertad sexual;Enero-marzo 2023;0
-Municipio de Requena;6. Robos con violencia e intimidación;Enero-marzo 2023;2
-Municipio de Requena;7. Robos con fuerza en domicilios, establecimientos y otras instalaciones;Enero-marzo 2023;12
-Municipio de Requena;7.1.-Robos con fuerza en domicilios;Enero-marzo 2023;4
-Municipio de Requena;8. Hurtos;Enero-marzo 2023;40
-Municipio de Requena;9. Sustracciones de vehículos;Enero-marzo 2023;1
-Municipio de Requena;10. Tráfico de drogas;Enero-marzo 2023;1
-Municipio de Requena;11. Resto de criminalidad convencional;Enero-marzo 2023;129
-Municipio de Requena;II. CIBERCRIMINALIDAD (infracciones penales cometidas en/por medio ciber);Enero-marzo 2023;40
-Municipio de Requena;12.-Estafas informáticas;Enero-marzo 2023;35
-Municipio de Requena;13.-Otros ciberdelitos;Enero-marzo 2023;5
-Municipio de Requena;III. TOTAL INFRACCIONES PENALES;Enero-marzo 2023;230
-Municipio de Riba-roja de Túria;I. CRIMINALIDAD CONVENCIONAL;Enero-marzo 2023;259
-Municipio de Riba-roja de Túria;1. Homicidios dolosos y asesinatos consumados;Enero-marzo 2023;0
-Municipio de Riba-roja de Túria;2. Homicidios dolosos y asesinatos en grado tentativa;Enero-marzo 2023;0
-Municipio de Riba-roja de Túria;3. Delitos graves y menos graves de lesiones y riña tumultuaria;Enero-marzo 2023;5
-Municipio de Riba-roja de Túria;4. Secuestro;Enero-marzo 2023;0
-Municipio de Riba-roja de Túria;5. Delitos contra la libertad sexual;Enero-marzo 2023;1
-Municipio de Riba-roja de Túria;5.1.-Agresión sexual con penetración;Enero-marzo 2023;0
-Municipio de Riba-roja de Túria;5.2.-Resto de delitos contra la libertad sexual;Enero-marzo 2023;1
-Municipio de Riba-roja de Túria;6. Robos con violencia e intimidación;Enero-marzo 2023;2
-Municipio de Riba-roja de Túria;7. Robos con fuerza en domicilios, establecimientos y otras instalaciones;Enero-marzo 2023;22
-Municipio de Riba-roja de Túria;7.1.-Robos con fuerza en domicilios;Enero-marzo 2023;19
-Municipio de Riba-roja de Túria;8. Hurtos;Enero-marzo 2023;75
-Municipio de Riba-roja de Túria;9. Sustracciones de vehículos;Enero-marzo 2023;3
-Municipio de Riba-roja de Túria;10. Tráfico de drogas;Enero-marzo 2023;3
-Municipio de Riba-roja de Túria;11. Resto de criminalidad convencional;Enero-marzo 2023;148
-Municipio de Riba-roja de Túria;II. CIBERCRIMINALIDAD (infracciones penales cometidas en/por medio ciber);Enero-marzo 2023;44
-Municipio de Riba-roja de Túria;12.-Estafas informáticas;Enero-marzo 2023;36
-Municipio de Riba-roja de Túria;13.-Otros ciberdelitos;Enero-marzo 2023;8
-Municipio de Riba-roja de Túria;III. TOTAL INFRACCIONES PENALES;Enero-marzo 2023;303
-Municipio de Sagunto/Sagunt;I. CRIMINALIDAD CONVENCIONAL;Enero-marzo 2023;745
-Municipio de Sagunto/Sagunt;1. Homicidios dolosos y asesinatos consumados;Enero-marzo 2023;0
-Municipio de Sagunto/Sagunt;2. Homicidios dolosos y asesinatos en grado tentativa;Enero-marzo 2023;2
-Municipio de Sagunto/Sagunt;3. Delitos graves y menos graves de lesiones y riña tumultuaria;Enero-marzo 2023;8
-Municipio de Sagunto/Sagunt;4. Secuestro;Enero-marzo 2023;0
-Municipio de Sagunto/Sagunt;5. Delitos contra la libertad sexual;Enero-marzo 2023;5
-Municipio de Sagunto/Sagunt;5.1.-Agresión sexual con penetración;Enero-marzo 2023;0
-Municipio de Sagunto/Sagunt;5.2.-Resto de delitos contra la libertad sexual;Enero-marzo 2023;5
-Municipio de Sagunto/Sagunt;6. Robos con violencia e intimidación;Enero-marzo 2023;10
-Municipio de Sagunto/Sagunt;7. Robos con fuerza en domicilios, establecimientos y otras instalaciones;Enero-marzo 2023;71
-Municipio de Sagunto/Sagunt;7.1.-Robos con fuerza en domicilios;Enero-marzo 2023;62
-Municipio de Sagunto/Sagunt;8. Hurtos;Enero-marzo 2023;222
-Municipio de Sagunto/Sagunt;9. Sustracciones de vehículos;Enero-marzo 2023;10
-Municipio de Sagunto/Sagunt;10. Tráfico de drogas;Enero-marzo 2023;4
-Municipio de Sagunto/Sagunt;11. Resto de criminalidad convencional;Enero-marzo 2023;413
-Municipio de Sagunto/Sagunt;II. CIBERCRIMINALIDAD (infracciones penales cometidas en/por medio ciber);Enero-marzo 2023;75
-Municipio de Sagunto/Sagunt;12.-Estafas informáticas;Enero-marzo 2023;68
-Municipio de Sagunto/Sagunt;13.-Otros ciberdelitos;Enero-marzo 2023;7
-Municipio de Sagunto/Sagunt;III. TOTAL INFRACCIONES PENALES;Enero-marzo 2023;820
-Municipio de Sueca;I. CRIMINALIDAD CONVENCIONAL;Enero-marzo 2023;339
-Municipio de Sueca;1. Homicidios dolosos y asesinatos consumados;Enero-marzo 2023;0
-Municipio de Sueca;2. Homicidios dolosos y asesinatos en grado tentativa;Enero-marzo 2023;0
-Municipio de Sueca;3. Delitos graves y menos graves de lesiones y riña tumultuaria;Enero-marzo 2023;15
-Municipio de Sueca;4. Secuestro;Enero-marzo 2023;0
-Municipio de Sueca;5. Delitos contra la libertad sexual;Enero-marzo 2023;3
-Municipio de Sueca;5.1.-Agresión sexual con penetración;Enero-marzo 2023;0
-Municipio de Sueca;5.2.-Resto de delitos contra la libertad sexual;Enero-marzo 2023;3
-Municipio de Sueca;6. Robos con violencia e intimidación;Enero-marzo 2023;4
-Municipio de Sueca;7. Robos con fuerza en domicilios, establecimientos y otras instalaciones;Enero-marzo 2023;21
-Municipio de Sueca;7.1.-Robos con fuerza en domicilios;Enero-marzo 2023;20
-Municipio de Sueca;8. Hurtos;Enero-marzo 2023;75
-Municipio de Sueca;9. Sustracciones de vehículos;Enero-marzo 2023;0
-Municipio de Sueca;10. Tráfico de drogas;Enero-marzo 2023;0
-Municipio de Sueca;11. Resto de criminalidad convencional;Enero-marzo 2023;221
-Municipio de Sueca;II. CIBERCRIMINALIDAD (infracciones penales cometidas en/por medio ciber);Enero-marzo 2023;44
-Municipio de Sueca;12.-Estafas informáticas;Enero-marzo 2023;36
-Municipio de Sueca;13.-Otros ciberdelitos;Enero-marzo 2023;8
-Municipio de Sueca;III. TOTAL INFRACCIONES PENALES;Enero-marzo 2023;383
-Municipio de Torrent;I. CRIMINALIDAD CONVENCIONAL;Enero-marzo 2023;784
-Municipio de Torrent;1. Homicidios dolosos y asesinatos consumados;Enero-marzo 2023;0
-Municipio de Torrent;2. Homicidios dolosos y asesinatos en grado tentativa;Enero-marzo 2023;2
-Municipio de Torrent;3. Delitos graves y menos graves de lesiones y riña tumultuaria;Enero-marzo 2023;4
-Municipio de Torrent;4. Secuestro;Enero-marzo 2023;1
-Municipio de Torrent;5. Delitos contra la libertad sexual;Enero-marzo 2023;5
-Municipio de Torrent;5.1.-Agresión sexual con penetración;Enero-marzo 2023;3
-Municipio de Torrent;5.2.-Resto de delitos contra la libertad sexual;Enero-marzo 2023;2
-Municipio de Torrent;6. Robos con violencia e intimidación;Enero-marzo 2023;21
-Municipio de Torrent;7. Robos con fuerza en domicilios, establecimientos y otras instalaciones;Enero-marzo 2023;47
-Municipio de Torrent;7.1.-Robos con fuerza en domicilios;Enero-marzo 2023;38
-Municipio de Torrent;8. Hurtos;Enero-marzo 2023;220
-Municipio de Torrent;9. Sustracciones de vehículos;Enero-marzo 2023;15
-Municipio de Torrent;10. Tráfico de drogas;Enero-marzo 2023;14
-Municipio de Torrent;11. Resto de criminalidad convencional;Enero-marzo 2023;455
-Municipio de Torrent;II. CIBERCRIMINALIDAD (infracciones penales cometidas en/por medio ciber);Enero-marzo 2023;192
-Municipio de Torrent;12.-Estafas informáticas;Enero-marzo 2023;159
-Municipio de Torrent;13.-Otros ciberdelitos;Enero-marzo 2023;33
-Municipio de Torrent;III. TOTAL INFRACCIONES PENALES;Enero-marzo 2023;976
-Municipio de Valencia;I. CRIMINALIDAD CONVENCIONAL;Enero-marzo 2023;14.607
-Municipio de Valencia;1. Homicidios dolosos y asesinatos consumados;Enero-marzo 2023;2
-Municipio de Valencia;2. Homicidios dolosos y asesinatos en grado tentativa;Enero-marzo 2023;5
-Municipio de Valencia;3. Delitos graves y menos graves de lesiones y riña tumultuaria;Enero-marzo 2023;143
-Municipio de Valencia;4. Secuestro;Enero-marzo 2023;0
-Municipio de Valencia;5. Delitos contra la libertad sexual;Enero-marzo 2023;100
-Municipio de Valencia;5.1.-Agresión sexual con penetración;Enero-marzo 2023;14
-Municipio de Valencia;5.2.-Resto de delitos contra la libertad sexual;Enero-marzo 2023;86
-Municipio de Valencia;6. Robos con violencia e intimidación;Enero-marzo 2023;653
-Municipio de Valencia;7. Robos con fuerza en domicilios, establecimientos y otras instalaciones;Enero-marzo 2023;657
-Municipio de Valencia;7.1.-Robos con fuerza en domicilios;Enero-marzo 2023;377
-Municipio de Valencia;8. Hurtos;Enero-marzo 2023;6.804
-Municipio de Valencia;9. Sustracciones de vehículos;Enero-marzo 2023;148
-Municipio de Valencia;10. Tráfico de drogas;Enero-marzo 2023;141
-Municipio de Valencia;11. Resto de criminalidad convencional;Enero-marzo 2023;5.954
-Municipio de Valencia;II. CIBERCRIMINALIDAD (infracciones penales cometidas en/por medio ciber);Enero-marzo 2023;2.033
-Municipio de Valencia;12.-Estafas informáticas;Enero-marzo 2023;1.812
-Municipio de Valencia;13.-Otros ciberdelitos;Enero-marzo 2023;221
-Municipio de Valencia;III. TOTAL INFRACCIONES PENALES;Enero-marzo 2023;16.640
-Municipio de Xàtiva;I. CRIMINALIDAD CONVENCIONAL;Enero-marzo 2023;256
-Municipio de Xàtiva;1. Homicidios dolosos y asesinatos consumados;Enero-marzo 2023;0
-Municipio de Xàtiva;2. Homicidios dolosos y asesinatos en grado tentativa;Enero-marzo 2023;0
-Municipio de Xàtiva;3. Delitos graves y menos graves de lesiones y riña tumultuaria;Enero-marzo 2023;4
-Municipio de Xàtiva;4. Secuestro;Enero-marzo 2023;0
-Municipio de Xàtiva;5. Delitos contra la libertad sexual;Enero-marzo 2023;1
-Municipio de Xàtiva;5.1.-Agresión sexual con penetración;Enero-marzo 2023;0
-Municipio de Xàtiva;5.2.-Resto de delitos contra la libertad sexual;Enero-marzo 2023;1
-Municipio de Xàtiva;6. Robos con violencia e intimidación;Enero-marzo 2023;2
-Municipio de Xàtiva;7. Robos con fuerza en domicilios, establecimientos y otras instalaciones;Enero-marzo 2023;22
-Municipio de Xàtiva;7.1.-Robos con fuerza en domicilios;Enero-marzo 2023;15
-Municipio de Xàtiva;8. Hurtos;Enero-marzo 2023;89
-Municipio de Xàtiva;9. Sustracciones de vehículos;Enero-marzo 2023;3
-Municipio de Xàtiva;10. Tráfico de drogas;Enero-marzo 2023;4
-Municipio de Xàtiva;11. Resto de criminalidad convencional;Enero-marzo 2023;131
-Municipio de Xàtiva;II. CIBERCRIMINALIDAD (infracciones penales cometidas en/por medio ciber);Enero-marzo 2023;45
-Municipio de Xàtiva;12.-Estafas informáticas;Enero-marzo 2023;39
-Municipio de Xàtiva;13.-Otros ciberdelitos;Enero-marzo 2023;6
-Municipio de Xàtiva;III. TOTAL INFRACCIONES PENALES;Enero-marzo 2023;301
-Municipio de Xirivella;I. CRIMINALIDAD CONVENCIONAL;Enero-marzo 2023;253
-Municipio de Xirivella;1. Homicidios dolosos y asesinatos consumados;Enero-marzo 2023;0
-Municipio de Xirivella;2. Homicidios dolosos y asesinatos en grado tentativa;Enero-marzo 2023;0
-Municipio de Xirivella;3. Delitos graves y menos graves de lesiones y riña tumultuaria;Enero-marzo 2023;1
-Municipio de Xirivella;4. Secuestro;Enero-marzo 2023;0
-Municipio de Xirivella;5. Delitos contra la libertad sexual;Enero-marzo 2023;0
-Municipio de Xirivella;5.1.-Agresión sexual con penetración;Enero-marzo 2023;0
-Municipio de Xirivella;5.2.-Resto de delitos contra la libertad sexual;Enero-marzo 2023;0
-Municipio de Xirivella;6. Robos con violencia e intimidación;Enero-marzo 2023;5
-Municipio de Xirivella;7. Robos con fuerza en domicilios, establecimientos y otras instalaciones;Enero-marzo 2023;13
-Municipio de Xirivella;7.1.-Robos con fuerza en domicilios;Enero-marzo 2023;9
-Municipio de Xirivella;8. Hurtos;Enero-marzo 2023;77
-Municipio de Xirivella;9. Sustracciones de vehículos;Enero-marzo 2023;4
-Municipio de Xirivella;10. Tráfico de drogas;Enero-marzo 2023;0
-Municipio de Xirivella;11. Resto de criminalidad convencional;Enero-marzo 2023;153
-Municipio de Xirivella;II. CIBERCRIMINALIDAD (infracciones penales cometidas en/por medio ciber);Enero-marzo 2023;57
-Municipio de Xirivella;12.-Estafas informáticas;Enero-marzo 2023;53
-Municipio de Xirivella;13.-Otros ciberdelitos;Enero-marzo 2023;4
-Municipio de Xirivella;III. TOTAL INFRACCIONES PENALES;Enero-marzo 2023;310
