Geografía;Tipología penal;Periodos:;Total
Provincia de ALICANTE/ALACANT;I. CRIMINALIDAD CONVENCIONAL;enero-marzo 2024;20.317
Provincia de ALICANTE/ALACANT;1. Homicidios dolosos y asesinatos consumados;enero-marzo 2024;4
Provincia de ALICANTE/ALACANT;2. Homicidios dolosos y asesinatos en grado tentativa;enero-marzo 2024;14
Provincia de ALICANTE/ALACANT;3. Delitos graves y menos graves de lesiones y riña tumultuaria;enero-marzo 2024;282
Provincia de ALICANTE/ALACANT;4. Secuestro;enero-marzo 2024;1
Provincia de ALICANTE/ALACANT;5. Delitos contra la libertad sexual;enero-marzo 2024;230
Provincia de ALICANTE/ALACANT;5.1.-Agresión sexual con penetración;enero-marzo 2024;54
Provincia de ALICANTE/ALACANT;5.2.-Resto de delitos contra la libertad sexual;enero-marzo 2024;176
Provincia de ALICANTE/ALACANT;6. Robos con violencia e intimidación;enero-marzo 2024;506
Provincia de ALICANTE/ALACANT;7. Robos con fuerza en domicilios, establecimientos y otras instalaciones;enero-marzo 2024;1.798
Provincia de ALICANTE/ALACANT;7.1.-Robos con fuerza en domicilios;enero-marzo 2024;1.414
Provincia de ALICANTE/ALACANT;8. Hurtos;enero-marzo 2024;5.894
Provincia de ALICANTE/ALACANT;9. Sustracciones de vehículos;enero-marzo 2024;381
Provincia de ALICANTE/ALACANT;10. Tráfico de drogas;enero-marzo 2024;272
Provincia de ALICANTE/ALACANT;11. Resto de criminalidad convencional;enero-marzo 2024;10.935
Provincia de ALICANTE/ALACANT;II. CIBERCRIMINALIDAD (infracciones penales cometidas en/por medio ciber);enero-marzo 2024;4.495
Provincia de ALICANTE/ALACANT;12.-Estafas informáticas;enero-marzo 2024;3.982
Provincia de ALICANTE/ALACANT;13.-Otros ciberdelitos;enero-marzo 2024;513
Provincia de ALICANTE/ALACANT;III. TOTAL INFRACCIONES PENALES;enero-marzo 2024;24.812
03009 Alcoy/Alcoi;I. CRIMINALIDAD CONVENCIONAL;enero-marzo 2024;431
03009 Alcoy/Alcoi;1. Homicidios dolosos y asesinatos consumados;enero-marzo 2024;0
03009 Alcoy/Alcoi;2. Homicidios dolosos y asesinatos en grado tentativa;enero-marzo 2024;0
03009 Alcoy/Alcoi;3. Delitos graves y menos graves de lesiones y riña tumultuaria;enero-marzo 2024;5
03009 Alcoy/Alcoi;4. Secuestro;enero-marzo 2024;0
03009 Alcoy/Alcoi;5. Delitos contra la libertad sexual;enero-marzo 2024;4
03009 Alcoy/Alcoi;5.1.-Agresión sexual con penetración;enero-marzo 2024;1
03009 Alcoy/Alcoi;5.2.-Resto de delitos contra la libertad sexual;enero-marzo 2024;3
03009 Alcoy/Alcoi;6. Robos con violencia e intimidación;enero-marzo 2024;15
03009 Alcoy/Alcoi;7. Robos con fuerza en domicilios, establecimientos y otras instalaciones;enero-marzo 2024;37
03009 Alcoy/Alcoi;7.1.-Robos con fuerza en domicilios;enero-marzo 2024;22
03009 Alcoy/Alcoi;8. Hurtos;enero-marzo 2024;122
03009 Alcoy/Alcoi;9. Sustracciones de vehículos;enero-marzo 2024;7
03009 Alcoy/Alcoi;10. Tráfico de drogas;enero-marzo 2024;2
03009 Alcoy/Alcoi;11. Resto de criminalidad convencional;enero-marzo 2024;239
03009 Alcoy/Alcoi;II. CIBERCRIMINALIDAD (infracciones penales cometidas en/por medio ciber);enero-marzo 2024;178
03009 Alcoy/Alcoi;12.-Estafas informáticas;enero-marzo 2024;163
03009 Alcoy/Alcoi;13.-Otros ciberdelitos;enero-marzo 2024;15
03009 Alcoy/Alcoi;III. TOTAL INFRACCIONES PENALES;enero-marzo 2024;609
03011 L'Alfàs del Pi;I. CRIMINALIDAD CONVENCIONAL;enero-marzo 2024;258
03011 L'Alfàs del Pi;1. Homicidios dolosos y asesinatos consumados;enero-marzo 2024;1
03011 L'Alfàs del Pi;2. Homicidios dolosos y asesinatos en grado tentativa;enero-marzo 2024;0
03011 L'Alfàs del Pi;3. Delitos graves y menos graves de lesiones y riña tumultuaria;enero-marzo 2024;1
03011 L'Alfàs del Pi;4. Secuestro;enero-marzo 2024;0
03011 L'Alfàs del Pi;5. Delitos contra la libertad sexual;enero-marzo 2024;3
03011 L'Alfàs del Pi;5.1.-Agresión sexual con penetración;enero-marzo 2024;2
03011 L'Alfàs del Pi;5.2.-Resto de delitos contra la libertad sexual;enero-marzo 2024;1
03011 L'Alfàs del Pi;6. Robos con violencia e intimidación;enero-marzo 2024;4
03011 L'Alfàs del Pi;7. Robos con fuerza en domicilios, establecimientos y otras instalaciones;enero-marzo 2024;39
03011 L'Alfàs del Pi;7.1.-Robos con fuerza en domicilios;enero-marzo 2024;32
03011 L'Alfàs del Pi;8. Hurtos;enero-marzo 2024;87
03011 L'Alfàs del Pi;9. Sustracciones de vehículos;enero-marzo 2024;8
03011 L'Alfàs del Pi;10. Tráfico de drogas;enero-marzo 2024;3
03011 L'Alfàs del Pi;11. Resto de criminalidad convencional;enero-marzo 2024;112
03011 L'Alfàs del Pi;II. CIBERCRIMINALIDAD (infracciones penales cometidas en/por medio ciber);enero-marzo 2024;45
03011 L'Alfàs del Pi;12.-Estafas informáticas;enero-marzo 2024;42
03011 L'Alfàs del Pi;13.-Otros ciberdelitos;enero-marzo 2024;3
03011 L'Alfàs del Pi;III. TOTAL INFRACCIONES PENALES;enero-marzo 2024;303
03014 Alicante/Alacant;I. CRIMINALIDAD CONVENCIONAL;enero-marzo 2024;4.787
03014 Alicante/Alacant;1. Homicidios dolosos y asesinatos consumados;enero-marzo 2024;0
03014 Alicante/Alacant;2. Homicidios dolosos y asesinatos en grado tentativa;enero-marzo 2024;2
03014 Alicante/Alacant;3. Delitos graves y menos graves de lesiones y riña tumultuaria;enero-marzo 2024;61
03014 Alicante/Alacant;4. Secuestro;enero-marzo 2024;0
03014 Alicante/Alacant;5. Delitos contra la libertad sexual;enero-marzo 2024;51
03014 Alicante/Alacant;5.1.-Agresión sexual con penetración;enero-marzo 2024;12
03014 Alicante/Alacant;5.2.-Resto de delitos contra la libertad sexual;enero-marzo 2024;39
03014 Alicante/Alacant;6. Robos con violencia e intimidación;enero-marzo 2024;199
03014 Alicante/Alacant;7. Robos con fuerza en domicilios, establecimientos y otras instalaciones;enero-marzo 2024;196
03014 Alicante/Alacant;7.1.-Robos con fuerza en domicilios;enero-marzo 2024;160
03014 Alicante/Alacant;8. Hurtos;enero-marzo 2024;1.644
03014 Alicante/Alacant;9. Sustracciones de vehículos;enero-marzo 2024;93
03014 Alicante/Alacant;10. Tráfico de drogas;enero-marzo 2024;86
03014 Alicante/Alacant;11. Resto de criminalidad convencional;enero-marzo 2024;2.455
03014 Alicante/Alacant;II. CIBERCRIMINALIDAD (infracciones penales cometidas en/por medio ciber);enero-marzo 2024;1.001
03014 Alicante/Alacant;12.-Estafas informáticas;enero-marzo 2024;855
03014 Alicante/Alacant;13.-Otros ciberdelitos;enero-marzo 2024;146
03014 Alicante/Alacant;III. TOTAL INFRACCIONES PENALES;enero-marzo 2024;5.788
03015 Almoradí;I. CRIMINALIDAD CONVENCIONAL;enero-marzo 2024;190
03015 Almoradí;1. Homicidios dolosos y asesinatos consumados;enero-marzo 2024;0
03015 Almoradí;2. Homicidios dolosos y asesinatos en grado tentativa;enero-marzo 2024;0
03015 Almoradí;3. Delitos graves y menos graves de lesiones y riña tumultuaria;enero-marzo 2024;2
03015 Almoradí;4. Secuestro;enero-marzo 2024;0
03015 Almoradí;5. Delitos contra la libertad sexual;enero-marzo 2024;5
03015 Almoradí;5.1.-Agresión sexual con penetración;enero-marzo 2024;2
03015 Almoradí;5.2.-Resto de delitos contra la libertad sexual;enero-marzo 2024;3
03015 Almoradí;6. Robos con violencia e intimidación;enero-marzo 2024;2
03015 Almoradí;7. Robos con fuerza en domicilios, establecimientos y otras instalaciones;enero-marzo 2024;15
03015 Almoradí;7.1.-Robos con fuerza en domicilios;enero-marzo 2024;15
03015 Almoradí;8. Hurtos;enero-marzo 2024;45
03015 Almoradí;9. Sustracciones de vehículos;enero-marzo 2024;3
03015 Almoradí;10. Tráfico de drogas;enero-marzo 2024;0
03015 Almoradí;11. Resto de criminalidad convencional;enero-marzo 2024;118
03015 Almoradí;II. CIBERCRIMINALIDAD (infracciones penales cometidas en/por medio ciber);enero-marzo 2024;38
03015 Almoradí;12.-Estafas informáticas;enero-marzo 2024;33
03015 Almoradí;13.-Otros ciberdelitos;enero-marzo 2024;5
03015 Almoradí;III. TOTAL INFRACCIONES PENALES;enero-marzo 2024;228
03018 Altea;I. CRIMINALIDAD CONVENCIONAL;enero-marzo 2024;269
03018 Altea;1. Homicidios dolosos y asesinatos consumados;enero-marzo 2024;0
03018 Altea;2. Homicidios dolosos y asesinatos en grado tentativa;enero-marzo 2024;1
03018 Altea;3. Delitos graves y menos graves de lesiones y riña tumultuaria;enero-marzo 2024;4
03018 Altea;4. Secuestro;enero-marzo 2024;0
03018 Altea;5. Delitos contra la libertad sexual;enero-marzo 2024;1
03018 Altea;5.1.-Agresión sexual con penetración;enero-marzo 2024;0
03018 Altea;5.2.-Resto de delitos contra la libertad sexual;enero-marzo 2024;1
03018 Altea;6. Robos con violencia e intimidación;enero-marzo 2024;5
03018 Altea;7. Robos con fuerza en domicilios, establecimientos y otras instalaciones;enero-marzo 2024;34
03018 Altea;7.1.-Robos con fuerza en domicilios;enero-marzo 2024;33
03018 Altea;8. Hurtos;enero-marzo 2024;63
03018 Altea;9. Sustracciones de vehículos;enero-marzo 2024;6
03018 Altea;10. Tráfico de drogas;enero-marzo 2024;6
03018 Altea;11. Resto de criminalidad convencional;enero-marzo 2024;149
03018 Altea;II. CIBERCRIMINALIDAD (infracciones penales cometidas en/por medio ciber);enero-marzo 2024;54
03018 Altea;12.-Estafas informáticas;enero-marzo 2024;51
03018 Altea;13.-Otros ciberdelitos;enero-marzo 2024;3
03018 Altea;III. TOTAL INFRACCIONES PENALES;enero-marzo 2024;323
03019 Aspe;I. CRIMINALIDAD CONVENCIONAL;enero-marzo 2024;159
03019 Aspe;1. Homicidios dolosos y asesinatos consumados;enero-marzo 2024;0
03019 Aspe;2. Homicidios dolosos y asesinatos en grado tentativa;enero-marzo 2024;0
03019 Aspe;3. Delitos graves y menos graves de lesiones y riña tumultuaria;enero-marzo 2024;2
03019 Aspe;4. Secuestro;enero-marzo 2024;0
03019 Aspe;5. Delitos contra la libertad sexual;enero-marzo 2024;2
03019 Aspe;5.1.-Agresión sexual con penetración;enero-marzo 2024;2
03019 Aspe;5.2.-Resto de delitos contra la libertad sexual;enero-marzo 2024;0
03019 Aspe;6. Robos con violencia e intimidación;enero-marzo 2024;5
03019 Aspe;7. Robos con fuerza en domicilios, establecimientos y otras instalaciones;enero-marzo 2024;11
03019 Aspe;7.1.-Robos con fuerza en domicilios;enero-marzo 2024;10
03019 Aspe;8. Hurtos;enero-marzo 2024;35
03019 Aspe;9. Sustracciones de vehículos;enero-marzo 2024;2
03019 Aspe;10. Tráfico de drogas;enero-marzo 2024;4
03019 Aspe;11. Resto de criminalidad convencional;enero-marzo 2024;98
03019 Aspe;II. CIBERCRIMINALIDAD (infracciones penales cometidas en/por medio ciber);enero-marzo 2024;43
03019 Aspe;12.-Estafas informáticas;enero-marzo 2024;38
03019 Aspe;13.-Otros ciberdelitos;enero-marzo 2024;5
03019 Aspe;III. TOTAL INFRACCIONES PENALES;enero-marzo 2024;202
03031 Benidorm;I. CRIMINALIDAD CONVENCIONAL;enero-marzo 2024;1.086
03031 Benidorm;1. Homicidios dolosos y asesinatos consumados;enero-marzo 2024;0
03031 Benidorm;2. Homicidios dolosos y asesinatos en grado tentativa;enero-marzo 2024;0
03031 Benidorm;3. Delitos graves y menos graves de lesiones y riña tumultuaria;enero-marzo 2024;18
03031 Benidorm;4. Secuestro;enero-marzo 2024;0
03031 Benidorm;5. Delitos contra la libertad sexual;enero-marzo 2024;15
03031 Benidorm;5.1.-Agresión sexual con penetración;enero-marzo 2024;3
03031 Benidorm;5.2.-Resto de delitos contra la libertad sexual;enero-marzo 2024;12
03031 Benidorm;6. Robos con violencia e intimidación;enero-marzo 2024;26
03031 Benidorm;7. Robos con fuerza en domicilios, establecimientos y otras instalaciones;enero-marzo 2024;51
03031 Benidorm;7.1.-Robos con fuerza en domicilios;enero-marzo 2024;34
03031 Benidorm;8. Hurtos;enero-marzo 2024;380
03031 Benidorm;9. Sustracciones de vehículos;enero-marzo 2024;11
03031 Benidorm;10. Tráfico de drogas;enero-marzo 2024;32
03031 Benidorm;11. Resto de criminalidad convencional;enero-marzo 2024;553
03031 Benidorm;II. CIBERCRIMINALIDAD (infracciones penales cometidas en/por medio ciber);enero-marzo 2024;188
03031 Benidorm;12.-Estafas informáticas;enero-marzo 2024;172
03031 Benidorm;13.-Otros ciberdelitos;enero-marzo 2024;16
03031 Benidorm;III. TOTAL INFRACCIONES PENALES;enero-marzo 2024;1.274
03047 Calp;I. CRIMINALIDAD CONVENCIONAL;enero-marzo 2024;316
03047 Calp;1. Homicidios dolosos y asesinatos consumados;enero-marzo 2024;0
03047 Calp;2. Homicidios dolosos y asesinatos en grado tentativa;enero-marzo 2024;0
03047 Calp;3. Delitos graves y menos graves de lesiones y riña tumultuaria;enero-marzo 2024;2
03047 Calp;4. Secuestro;enero-marzo 2024;0
03047 Calp;5. Delitos contra la libertad sexual;enero-marzo 2024;8
03047 Calp;5.1.-Agresión sexual con penetración;enero-marzo 2024;1
03047 Calp;5.2.-Resto de delitos contra la libertad sexual;enero-marzo 2024;7
03047 Calp;6. Robos con violencia e intimidación;enero-marzo 2024;6
03047 Calp;7. Robos con fuerza en domicilios, establecimientos y otras instalaciones;enero-marzo 2024;34
03047 Calp;7.1.-Robos con fuerza en domicilios;enero-marzo 2024;26
03047 Calp;8. Hurtos;enero-marzo 2024;84
03047 Calp;9. Sustracciones de vehículos;enero-marzo 2024;6
03047 Calp;10. Tráfico de drogas;enero-marzo 2024;0
03047 Calp;11. Resto de criminalidad convencional;enero-marzo 2024;176
03047 Calp;II. CIBERCRIMINALIDAD (infracciones penales cometidas en/por medio ciber);enero-marzo 2024;95
03047 Calp;12.-Estafas informáticas;enero-marzo 2024;91
03047 Calp;13.-Otros ciberdelitos;enero-marzo 2024;4
03047 Calp;III. TOTAL INFRACCIONES PENALES;enero-marzo 2024;411
03050 Campello (el);I. CRIMINALIDAD CONVENCIONAL;enero-marzo 2024;211
03050 Campello (el);1. Homicidios dolosos y asesinatos consumados;enero-marzo 2024;0
03050 Campello (el);2. Homicidios dolosos y asesinatos en grado tentativa;enero-marzo 2024;0
03050 Campello (el);3. Delitos graves y menos graves de lesiones y riña tumultuaria;enero-marzo 2024;0
03050 Campello (el);4. Secuestro;enero-marzo 2024;0
03050 Campello (el);5. Delitos contra la libertad sexual;enero-marzo 2024;5
03050 Campello (el);5.1.-Agresión sexual con penetración;enero-marzo 2024;1
03050 Campello (el);5.2.-Resto de delitos contra la libertad sexual;enero-marzo 2024;4
03050 Campello (el);6. Robos con violencia e intimidación;enero-marzo 2024;1
03050 Campello (el);7. Robos con fuerza en domicilios, establecimientos y otras instalaciones;enero-marzo 2024;15
03050 Campello (el);7.1.-Robos con fuerza en domicilios;enero-marzo 2024;12
03050 Campello (el);8. Hurtos;enero-marzo 2024;68
03050 Campello (el);9. Sustracciones de vehículos;enero-marzo 2024;3
03050 Campello (el);10. Tráfico de drogas;enero-marzo 2024;6
03050 Campello (el);11. Resto de criminalidad convencional;enero-marzo 2024;113
03050 Campello (el);II. CIBERCRIMINALIDAD (infracciones penales cometidas en/por medio ciber);enero-marzo 2024;85
03050 Campello (el);12.-Estafas informáticas;enero-marzo 2024;80
03050 Campello (el);13.-Otros ciberdelitos;enero-marzo 2024;5
03050 Campello (el);III. TOTAL INFRACCIONES PENALES;enero-marzo 2024;296
03059 Crevillent;I. CRIMINALIDAD CONVENCIONAL;enero-marzo 2024;240
03059 Crevillent;1. Homicidios dolosos y asesinatos consumados;enero-marzo 2024;0
03059 Crevillent;2. Homicidios dolosos y asesinatos en grado tentativa;enero-marzo 2024;0
03059 Crevillent;3. Delitos graves y menos graves de lesiones y riña tumultuaria;enero-marzo 2024;4
03059 Crevillent;4. Secuestro;enero-marzo 2024;1
03059 Crevillent;5. Delitos contra la libertad sexual;enero-marzo 2024;6
03059 Crevillent;5.1.-Agresión sexual con penetración;enero-marzo 2024;1
03059 Crevillent;5.2.-Resto de delitos contra la libertad sexual;enero-marzo 2024;5
03059 Crevillent;6. Robos con violencia e intimidación;enero-marzo 2024;6
03059 Crevillent;7. Robos con fuerza en domicilios, establecimientos y otras instalaciones;enero-marzo 2024;19
03059 Crevillent;7.1.-Robos con fuerza en domicilios;enero-marzo 2024;19
03059 Crevillent;8. Hurtos;enero-marzo 2024;55
03059 Crevillent;9. Sustracciones de vehículos;enero-marzo 2024;6
03059 Crevillent;10. Tráfico de drogas;enero-marzo 2024;4
03059 Crevillent;11. Resto de criminalidad convencional;enero-marzo 2024;139
03059 Crevillent;II. CIBERCRIMINALIDAD (infracciones penales cometidas en/por medio ciber);enero-marzo 2024;29
03059 Crevillent;12.-Estafas informáticas;enero-marzo 2024;24
03059 Crevillent;13.-Otros ciberdelitos;enero-marzo 2024;5
03059 Crevillent;III. TOTAL INFRACCIONES PENALES;enero-marzo 2024;269
03063 Dénia;I. CRIMINALIDAD CONVENCIONAL;enero-marzo 2024;437
03063 Dénia;1. Homicidios dolosos y asesinatos consumados;enero-marzo 2024;0
03063 Dénia;2. Homicidios dolosos y asesinatos en grado tentativa;enero-marzo 2024;1
03063 Dénia;3. Delitos graves y menos graves de lesiones y riña tumultuaria;enero-marzo 2024;5
03063 Dénia;4. Secuestro;enero-marzo 2024;0
03063 Dénia;5. Delitos contra la libertad sexual;enero-marzo 2024;1
03063 Dénia;5.1.-Agresión sexual con penetración;enero-marzo 2024;1
03063 Dénia;5.2.-Resto de delitos contra la libertad sexual;enero-marzo 2024;0
03063 Dénia;6. Robos con violencia e intimidación;enero-marzo 2024;9
03063 Dénia;7. Robos con fuerza en domicilios, establecimientos y otras instalaciones;enero-marzo 2024;52
03063 Dénia;7.1.-Robos con fuerza en domicilios;enero-marzo 2024;43
03063 Dénia;8. Hurtos;enero-marzo 2024;125
03063 Dénia;9. Sustracciones de vehículos;enero-marzo 2024;22
03063 Dénia;10. Tráfico de drogas;enero-marzo 2024;10
03063 Dénia;11. Resto de criminalidad convencional;enero-marzo 2024;212
03063 Dénia;II. CIBERCRIMINALIDAD (infracciones penales cometidas en/por medio ciber);enero-marzo 2024;120
03063 Dénia;12.-Estafas informáticas;enero-marzo 2024;113
03063 Dénia;13.-Otros ciberdelitos;enero-marzo 2024;7
03063 Dénia;III. TOTAL INFRACCIONES PENALES;enero-marzo 2024;557
03065 Elche/Elx;I. CRIMINALIDAD CONVENCIONAL;enero-marzo 2024;1.969
03065 Elche/Elx;1. Homicidios dolosos y asesinatos consumados;enero-marzo 2024;0
03065 Elche/Elx;2. Homicidios dolosos y asesinatos en grado tentativa;enero-marzo 2024;2
03065 Elche/Elx;3. Delitos graves y menos graves de lesiones y riña tumultuaria;enero-marzo 2024;24
03065 Elche/Elx;4. Secuestro;enero-marzo 2024;0
03065 Elche/Elx;5. Delitos contra la libertad sexual;enero-marzo 2024;30
03065 Elche/Elx;5.1.-Agresión sexual con penetración;enero-marzo 2024;9
03065 Elche/Elx;5.2.-Resto de delitos contra la libertad sexual;enero-marzo 2024;21
03065 Elche/Elx;6. Robos con violencia e intimidación;enero-marzo 2024;33
03065 Elche/Elx;7. Robos con fuerza en domicilios, establecimientos y otras instalaciones;enero-marzo 2024;146
03065 Elche/Elx;7.1.-Robos con fuerza en domicilios;enero-marzo 2024;87
03065 Elche/Elx;8. Hurtos;enero-marzo 2024;645
03065 Elche/Elx;9. Sustracciones de vehículos;enero-marzo 2024;64
03065 Elche/Elx;10. Tráfico de drogas;enero-marzo 2024;44
03065 Elche/Elx;11. Resto de criminalidad convencional;enero-marzo 2024;981
03065 Elche/Elx;II. CIBERCRIMINALIDAD (infracciones penales cometidas en/por medio ciber);enero-marzo 2024;365
03065 Elche/Elx;12.-Estafas informáticas;enero-marzo 2024;321
03065 Elche/Elx;13.-Otros ciberdelitos;enero-marzo 2024;44
03065 Elche/Elx;III. TOTAL INFRACCIONES PENALES;enero-marzo 2024;2.334
03066 Elda;I. CRIMINALIDAD CONVENCIONAL;enero-marzo 2024;387
03066 Elda;1. Homicidios dolosos y asesinatos consumados;enero-marzo 2024;1
03066 Elda;2. Homicidios dolosos y asesinatos en grado tentativa;enero-marzo 2024;0
03066 Elda;3. Delitos graves y menos graves de lesiones y riña tumultuaria;enero-marzo 2024;4
03066 Elda;4. Secuestro;enero-marzo 2024;0
03066 Elda;5. Delitos contra la libertad sexual;enero-marzo 2024;6
03066 Elda;5.1.-Agresión sexual con penetración;enero-marzo 2024;2
03066 Elda;5.2.-Resto de delitos contra la libertad sexual;enero-marzo 2024;4
03066 Elda;6. Robos con violencia e intimidación;enero-marzo 2024;11
03066 Elda;7. Robos con fuerza en domicilios, establecimientos y otras instalaciones;enero-marzo 2024;38
03066 Elda;7.1.-Robos con fuerza en domicilios;enero-marzo 2024;22
03066 Elda;8. Hurtos;enero-marzo 2024;88
03066 Elda;9. Sustracciones de vehículos;enero-marzo 2024;9
03066 Elda;10. Tráfico de drogas;enero-marzo 2024;7
03066 Elda;11. Resto de criminalidad convencional;enero-marzo 2024;223
03066 Elda;II. CIBERCRIMINALIDAD (infracciones penales cometidas en/por medio ciber);enero-marzo 2024;122
03066 Elda;12.-Estafas informáticas;enero-marzo 2024;104
03066 Elda;13.-Otros ciberdelitos;enero-marzo 2024;18
03066 Elda;III. TOTAL INFRACCIONES PENALES;enero-marzo 2024;509
03079 Ibi;I. CRIMINALIDAD CONVENCIONAL;enero-marzo 2024;151
03079 Ibi;1. Homicidios dolosos y asesinatos consumados;enero-marzo 2024;0
03079 Ibi;2. Homicidios dolosos y asesinatos en grado tentativa;enero-marzo 2024;1
03079 Ibi;3. Delitos graves y menos graves de lesiones y riña tumultuaria;enero-marzo 2024;2
03079 Ibi;4. Secuestro;enero-marzo 2024;0
03079 Ibi;5. Delitos contra la libertad sexual;enero-marzo 2024;0
03079 Ibi;5.1.-Agresión sexual con penetración;enero-marzo 2024;0
03079 Ibi;5.2.-Resto de delitos contra la libertad sexual;enero-marzo 2024;0
03079 Ibi;6. Robos con violencia e intimidación;enero-marzo 2024;5
03079 Ibi;7. Robos con fuerza en domicilios, establecimientos y otras instalaciones;enero-marzo 2024;16
03079 Ibi;7.1.-Robos con fuerza en domicilios;enero-marzo 2024;11
03079 Ibi;8. Hurtos;enero-marzo 2024;32
03079 Ibi;9. Sustracciones de vehículos;enero-marzo 2024;2
03079 Ibi;10. Tráfico de drogas;enero-marzo 2024;0
03079 Ibi;11. Resto de criminalidad convencional;enero-marzo 2024;93
03079 Ibi;II. CIBERCRIMINALIDAD (infracciones penales cometidas en/por medio ciber);enero-marzo 2024;77
03079 Ibi;12.-Estafas informáticas;enero-marzo 2024;67
03079 Ibi;13.-Otros ciberdelitos;enero-marzo 2024;10
03079 Ibi;III. TOTAL INFRACCIONES PENALES;enero-marzo 2024;228
03082 Jávea/Xàbia;I. CRIMINALIDAD CONVENCIONAL;enero-marzo 2024;395
03082 Jávea/Xàbia;1. Homicidios dolosos y asesinatos consumados;enero-marzo 2024;0
03082 Jávea/Xàbia;2. Homicidios dolosos y asesinatos en grado tentativa;enero-marzo 2024;2
03082 Jávea/Xàbia;3. Delitos graves y menos graves de lesiones y riña tumultuaria;enero-marzo 2024;7
03082 Jávea/Xàbia;4. Secuestro;enero-marzo 2024;0
03082 Jávea/Xàbia;5. Delitos contra la libertad sexual;enero-marzo 2024;2
03082 Jávea/Xàbia;5.1.-Agresión sexual con penetración;enero-marzo 2024;0
03082 Jávea/Xàbia;5.2.-Resto de delitos contra la libertad sexual;enero-marzo 2024;2
03082 Jávea/Xàbia;6. Robos con violencia e intimidación;enero-marzo 2024;3
03082 Jávea/Xàbia;7. Robos con fuerza en domicilios, establecimientos y otras instalaciones;enero-marzo 2024;74
03082 Jávea/Xàbia;7.1.-Robos con fuerza en domicilios;enero-marzo 2024;49
03082 Jávea/Xàbia;8. Hurtos;enero-marzo 2024;87
03082 Jávea/Xàbia;9. Sustracciones de vehículos;enero-marzo 2024;7
03082 Jávea/Xàbia;10. Tráfico de drogas;enero-marzo 2024;2
03082 Jávea/Xàbia;11. Resto de criminalidad convencional;enero-marzo 2024;211
03082 Jávea/Xàbia;II. CIBERCRIMINALIDAD (infracciones penales cometidas en/por medio ciber);enero-marzo 2024;83
03082 Jávea/Xàbia;12.-Estafas informáticas;enero-marzo 2024;73
03082 Jávea/Xàbia;13.-Otros ciberdelitos;enero-marzo 2024;10
03082 Jávea/Xàbia;III. TOTAL INFRACCIONES PENALES;enero-marzo 2024;478
03090 Mutxamel;I. CRIMINALIDAD CONVENCIONAL;enero-marzo 2024;116
03090 Mutxamel;1. Homicidios dolosos y asesinatos consumados;enero-marzo 2024;0
03090 Mutxamel;2. Homicidios dolosos y asesinatos en grado tentativa;enero-marzo 2024;0
03090 Mutxamel;3. Delitos graves y menos graves de lesiones y riña tumultuaria;enero-marzo 2024;1
03090 Mutxamel;4. Secuestro;enero-marzo 2024;0
03090 Mutxamel;5. Delitos contra la libertad sexual;enero-marzo 2024;3
03090 Mutxamel;5.1.-Agresión sexual con penetración;enero-marzo 2024;0
03090 Mutxamel;5.2.-Resto de delitos contra la libertad sexual;enero-marzo 2024;3
03090 Mutxamel;6. Robos con violencia e intimidación;enero-marzo 2024;2
03090 Mutxamel;7. Robos con fuerza en domicilios, establecimientos y otras instalaciones;enero-marzo 2024;8
03090 Mutxamel;7.1.-Robos con fuerza en domicilios;enero-marzo 2024;8
03090 Mutxamel;8. Hurtos;enero-marzo 2024;22
03090 Mutxamel;9. Sustracciones de vehículos;enero-marzo 2024;3
03090 Mutxamel;10. Tráfico de drogas;enero-marzo 2024;2
03090 Mutxamel;11. Resto de criminalidad convencional;enero-marzo 2024;75
03090 Mutxamel;II. CIBERCRIMINALIDAD (infracciones penales cometidas en/por medio ciber);enero-marzo 2024;67
03090 Mutxamel;12.-Estafas informáticas;enero-marzo 2024;61
03090 Mutxamel;13.-Otros ciberdelitos;enero-marzo 2024;6
03090 Mutxamel;III. TOTAL INFRACCIONES PENALES;enero-marzo 2024;183
03093 Novelda;I. CRIMINALIDAD CONVENCIONAL;enero-marzo 2024;209
03093 Novelda;1. Homicidios dolosos y asesinatos consumados;enero-marzo 2024;0
03093 Novelda;2. Homicidios dolosos y asesinatos en grado tentativa;enero-marzo 2024;0
03093 Novelda;3. Delitos graves y menos graves de lesiones y riña tumultuaria;enero-marzo 2024;4
03093 Novelda;4. Secuestro;enero-marzo 2024;0
03093 Novelda;5. Delitos contra la libertad sexual;enero-marzo 2024;5
03093 Novelda;5.1.-Agresión sexual con penetración;enero-marzo 2024;0
03093 Novelda;5.2.-Resto de delitos contra la libertad sexual;enero-marzo 2024;5
03093 Novelda;6. Robos con violencia e intimidación;enero-marzo 2024;5
03093 Novelda;7. Robos con fuerza en domicilios, establecimientos y otras instalaciones;enero-marzo 2024;20
03093 Novelda;7.1.-Robos con fuerza en domicilios;enero-marzo 2024;19
03093 Novelda;8. Hurtos;enero-marzo 2024;51
03093 Novelda;9. Sustracciones de vehículos;enero-marzo 2024;1
03093 Novelda;10. Tráfico de drogas;enero-marzo 2024;1
03093 Novelda;11. Resto de criminalidad convencional;enero-marzo 2024;122
03093 Novelda;II. CIBERCRIMINALIDAD (infracciones penales cometidas en/por medio ciber);enero-marzo 2024;22
03093 Novelda;12.-Estafas informáticas;enero-marzo 2024;17
03093 Novelda;13.-Otros ciberdelitos;enero-marzo 2024;5
03093 Novelda;III. TOTAL INFRACCIONES PENALES;enero-marzo 2024;231
03099 Orihuela;I. CRIMINALIDAD CONVENCIONAL;enero-marzo 2024;914
03099 Orihuela;1. Homicidios dolosos y asesinatos consumados;enero-marzo 2024;0
03099 Orihuela;2. Homicidios dolosos y asesinatos en grado tentativa;enero-marzo 2024;0
03099 Orihuela;3. Delitos graves y menos graves de lesiones y riña tumultuaria;enero-marzo 2024;11
03099 Orihuela;4. Secuestro;enero-marzo 2024;0
03099 Orihuela;5. Delitos contra la libertad sexual;enero-marzo 2024;7
03099 Orihuela;5.1.-Agresión sexual con penetración;enero-marzo 2024;3
03099 Orihuela;5.2.-Resto de delitos contra la libertad sexual;enero-marzo 2024;4
03099 Orihuela;6. Robos con violencia e intimidación;enero-marzo 2024;17
03099 Orihuela;7. Robos con fuerza en domicilios, establecimientos y otras instalaciones;enero-marzo 2024;139
03099 Orihuela;7.1.-Robos con fuerza en domicilios;enero-marzo 2024;131
03099 Orihuela;8. Hurtos;enero-marzo 2024;291
03099 Orihuela;9. Sustracciones de vehículos;enero-marzo 2024;22
03099 Orihuela;10. Tráfico de drogas;enero-marzo 2024;7
03099 Orihuela;11. Resto de criminalidad convencional;enero-marzo 2024;420
03099 Orihuela;II. CIBERCRIMINALIDAD (infracciones penales cometidas en/por medio ciber);enero-marzo 2024;140
03099 Orihuela;12.-Estafas informáticas;enero-marzo 2024;139
03099 Orihuela;13.-Otros ciberdelitos;enero-marzo 2024;1
03099 Orihuela;III. TOTAL INFRACCIONES PENALES;enero-marzo 2024;1.054
03104 Petrer;I. CRIMINALIDAD CONVENCIONAL;enero-marzo 2024;188
03104 Petrer;1. Homicidios dolosos y asesinatos consumados;enero-marzo 2024;0
03104 Petrer;2. Homicidios dolosos y asesinatos en grado tentativa;enero-marzo 2024;0
03104 Petrer;3. Delitos graves y menos graves de lesiones y riña tumultuaria;enero-marzo 2024;2
03104 Petrer;4. Secuestro;enero-marzo 2024;0
03104 Petrer;5. Delitos contra la libertad sexual;enero-marzo 2024;1
03104 Petrer;5.1.-Agresión sexual con penetración;enero-marzo 2024;0
03104 Petrer;5.2.-Resto de delitos contra la libertad sexual;enero-marzo 2024;1
03104 Petrer;6. Robos con violencia e intimidación;enero-marzo 2024;11
03104 Petrer;7. Robos con fuerza en domicilios, establecimientos y otras instalaciones;enero-marzo 2024;15
03104 Petrer;7.1.-Robos con fuerza en domicilios;enero-marzo 2024;7
03104 Petrer;8. Hurtos;enero-marzo 2024;44
03104 Petrer;9. Sustracciones de vehículos;enero-marzo 2024;4
03104 Petrer;10. Tráfico de drogas;enero-marzo 2024;2
03104 Petrer;11. Resto de criminalidad convencional;enero-marzo 2024;109
03104 Petrer;II. CIBERCRIMINALIDAD (infracciones penales cometidas en/por medio ciber);enero-marzo 2024;55
03104 Petrer;12.-Estafas informáticas;enero-marzo 2024;50
03104 Petrer;13.-Otros ciberdelitos;enero-marzo 2024;5
03104 Petrer;III. TOTAL INFRACCIONES PENALES;enero-marzo 2024;243
03902 Pilar de la Horadada;I. CRIMINALIDAD CONVENCIONAL;enero-marzo 2024;264
03902 Pilar de la Horadada;1. Homicidios dolosos y asesinatos consumados;enero-marzo 2024;0
03902 Pilar de la Horadada;2. Homicidios dolosos y asesinatos en grado tentativa;enero-marzo 2024;0
03902 Pilar de la Horadada;3. Delitos graves y menos graves de lesiones y riña tumultuaria;enero-marzo 2024;7
03902 Pilar de la Horadada;4. Secuestro;enero-marzo 2024;0
03902 Pilar de la Horadada;5. Delitos contra la libertad sexual;enero-marzo 2024;3
03902 Pilar de la Horadada;5.1.-Agresión sexual con penetración;enero-marzo 2024;1
03902 Pilar de la Horadada;5.2.-Resto de delitos contra la libertad sexual;enero-marzo 2024;2
03902 Pilar de la Horadada;6. Robos con violencia e intimidación;enero-marzo 2024;4
03902 Pilar de la Horadada;7. Robos con fuerza en domicilios, establecimientos y otras instalaciones;enero-marzo 2024;33
03902 Pilar de la Horadada;7.1.-Robos con fuerza en domicilios;enero-marzo 2024;28
03902 Pilar de la Horadada;8. Hurtos;enero-marzo 2024;66
03902 Pilar de la Horadada;9. Sustracciones de vehículos;enero-marzo 2024;4
03902 Pilar de la Horadada;10. Tráfico de drogas;enero-marzo 2024;0
03902 Pilar de la Horadada;11. Resto de criminalidad convencional;enero-marzo 2024;147
03902 Pilar de la Horadada;II. CIBERCRIMINALIDAD (infracciones penales cometidas en/por medio ciber);enero-marzo 2024;70
03902 Pilar de la Horadada;12.-Estafas informáticas;enero-marzo 2024;67
03902 Pilar de la Horadada;13.-Otros ciberdelitos;enero-marzo 2024;3
03902 Pilar de la Horadada;III. TOTAL INFRACCIONES PENALES;enero-marzo 2024;334
03122 San Vicente del Raspeig/Sant Vicent del Raspeig;I. CRIMINALIDAD CONVENCIONAL;enero-marzo 2024;451
03122 San Vicente del Raspeig/Sant Vicent del Raspeig;1. Homicidios dolosos y asesinatos consumados;enero-marzo 2024;0
03122 San Vicente del Raspeig/Sant Vicent del Raspeig;2. Homicidios dolosos y asesinatos en grado tentativa;enero-marzo 2024;0
03122 San Vicente del Raspeig/Sant Vicent del Raspeig;3. Delitos graves y menos graves de lesiones y riña tumultuaria;enero-marzo 2024;6
03122 San Vicente del Raspeig/Sant Vicent del Raspeig;4. Secuestro;enero-marzo 2024;0
03122 San Vicente del Raspeig/Sant Vicent del Raspeig;5. Delitos contra la libertad sexual;enero-marzo 2024;13
03122 San Vicente del Raspeig/Sant Vicent del Raspeig;5.1.-Agresión sexual con penetración;enero-marzo 2024;2
03122 San Vicente del Raspeig/Sant Vicent del Raspeig;5.2.-Resto de delitos contra la libertad sexual;enero-marzo 2024;11
03122 San Vicente del Raspeig/Sant Vicent del Raspeig;6. Robos con violencia e intimidación;enero-marzo 2024;9
03122 San Vicente del Raspeig/Sant Vicent del Raspeig;7. Robos con fuerza en domicilios, establecimientos y otras instalaciones;enero-marzo 2024;24
03122 San Vicente del Raspeig/Sant Vicent del Raspeig;7.1.-Robos con fuerza en domicilios;enero-marzo 2024;17
03122 San Vicente del Raspeig/Sant Vicent del Raspeig;8. Hurtos;enero-marzo 2024;140
03122 San Vicente del Raspeig/Sant Vicent del Raspeig;9. Sustracciones de vehículos;enero-marzo 2024;11
03122 San Vicente del Raspeig/Sant Vicent del Raspeig;10. Tráfico de drogas;enero-marzo 2024;2
03122 San Vicente del Raspeig/Sant Vicent del Raspeig;11. Resto de criminalidad convencional;enero-marzo 2024;246
03122 San Vicente del Raspeig/Sant Vicent del Raspeig;II. CIBERCRIMINALIDAD (infracciones penales cometidas en/por medio ciber);enero-marzo 2024;197
03122 San Vicente del Raspeig/Sant Vicent del Raspeig;12.-Estafas informáticas;enero-marzo 2024;154
03122 San Vicente del Raspeig/Sant Vicent del Raspeig;13.-Otros ciberdelitos;enero-marzo 2024;43
03122 San Vicente del Raspeig/Sant Vicent del Raspeig;III. TOTAL INFRACCIONES PENALES;enero-marzo 2024;648
03119 Sant Joan d'Alacant;I. CRIMINALIDAD CONVENCIONAL;enero-marzo 2024;210
03119 Sant Joan d'Alacant;1. Homicidios dolosos y asesinatos consumados;enero-marzo 2024;0
03119 Sant Joan d'Alacant;2. Homicidios dolosos y asesinatos en grado tentativa;enero-marzo 2024;0
03119 Sant Joan d'Alacant;3. Delitos graves y menos graves de lesiones y riña tumultuaria;enero-marzo 2024;3
03119 Sant Joan d'Alacant;4. Secuestro;enero-marzo 2024;0
03119 Sant Joan d'Alacant;5. Delitos contra la libertad sexual;enero-marzo 2024;1
03119 Sant Joan d'Alacant;5.1.-Agresión sexual con penetración;enero-marzo 2024;0
03119 Sant Joan d'Alacant;5.2.-Resto de delitos contra la libertad sexual;enero-marzo 2024;1
03119 Sant Joan d'Alacant;6. Robos con violencia e intimidación;enero-marzo 2024;4
03119 Sant Joan d'Alacant;7. Robos con fuerza en domicilios, establecimientos y otras instalaciones;enero-marzo 2024;16
03119 Sant Joan d'Alacant;7.1.-Robos con fuerza en domicilios;enero-marzo 2024;11
03119 Sant Joan d'Alacant;8. Hurtos;enero-marzo 2024;65
03119 Sant Joan d'Alacant;9. Sustracciones de vehículos;enero-marzo 2024;1
03119 Sant Joan d'Alacant;10. Tráfico de drogas;enero-marzo 2024;1
03119 Sant Joan d'Alacant;11. Resto de criminalidad convencional;enero-marzo 2024;119
03119 Sant Joan d'Alacant;II. CIBERCRIMINALIDAD (infracciones penales cometidas en/por medio ciber);enero-marzo 2024;63
03119 Sant Joan d'Alacant;12.-Estafas informáticas;enero-marzo 2024;57
03119 Sant Joan d'Alacant;13.-Otros ciberdelitos;enero-marzo 2024;6
03119 Sant Joan d'Alacant;III. TOTAL INFRACCIONES PENALES;enero-marzo 2024;273
03121 Santa Pola;I. CRIMINALIDAD CONVENCIONAL;enero-marzo 2024;442
03121 Santa Pola;1. Homicidios dolosos y asesinatos consumados;enero-marzo 2024;0
03121 Santa Pola;2. Homicidios dolosos y asesinatos en grado tentativa;enero-marzo 2024;0
03121 Santa Pola;3. Delitos graves y menos graves de lesiones y riña tumultuaria;enero-marzo 2024;5
03121 Santa Pola;4. Secuestro;enero-marzo 2024;0
03121 Santa Pola;5. Delitos contra la libertad sexual;enero-marzo 2024;5
03121 Santa Pola;5.1.-Agresión sexual con penetración;enero-marzo 2024;0
03121 Santa Pola;5.2.-Resto de delitos contra la libertad sexual;enero-marzo 2024;5
03121 Santa Pola;6. Robos con violencia e intimidación;enero-marzo 2024;9
03121 Santa Pola;7. Robos con fuerza en domicilios, establecimientos y otras instalaciones;enero-marzo 2024;27
03121 Santa Pola;7.1.-Robos con fuerza en domicilios;enero-marzo 2024;21
03121 Santa Pola;8. Hurtos;enero-marzo 2024;120
03121 Santa Pola;9. Sustracciones de vehículos;enero-marzo 2024;9
03121 Santa Pola;10. Tráfico de drogas;enero-marzo 2024;4
03121 Santa Pola;11. Resto de criminalidad convencional;enero-marzo 2024;263
03121 Santa Pola;II. CIBERCRIMINALIDAD (infracciones penales cometidas en/por medio ciber);enero-marzo 2024;140
03121 Santa Pola;12.-Estafas informáticas;enero-marzo 2024;123
03121 Santa Pola;13.-Otros ciberdelitos;enero-marzo 2024;17
03121 Santa Pola;III. TOTAL INFRACCIONES PENALES;enero-marzo 2024;582
03133 Torrevieja;I. CRIMINALIDAD CONVENCIONAL;enero-marzo 2024;1.920
03133 Torrevieja;1. Homicidios dolosos y asesinatos consumados;enero-marzo 2024;1
03133 Torrevieja;2. Homicidios dolosos y asesinatos en grado tentativa;enero-marzo 2024;1
03133 Torrevieja;3. Delitos graves y menos graves de lesiones y riña tumultuaria;enero-marzo 2024;36
03133 Torrevieja;4. Secuestro;enero-marzo 2024;0
03133 Torrevieja;5. Delitos contra la libertad sexual;enero-marzo 2024;16
03133 Torrevieja;5.1.-Agresión sexual con penetración;enero-marzo 2024;4
03133 Torrevieja;5.2.-Resto de delitos contra la libertad sexual;enero-marzo 2024;12
03133 Torrevieja;6. Robos con violencia e intimidación;enero-marzo 2024;53
03133 Torrevieja;7. Robos con fuerza en domicilios, establecimientos y otras instalaciones;enero-marzo 2024;136
03133 Torrevieja;7.1.-Robos con fuerza en domicilios;enero-marzo 2024;111
03133 Torrevieja;8. Hurtos;enero-marzo 2024;510
03133 Torrevieja;9. Sustracciones de vehículos;enero-marzo 2024;30
03133 Torrevieja;10. Tráfico de drogas;enero-marzo 2024;18
03133 Torrevieja;11. Resto de criminalidad convencional;enero-marzo 2024;1.119
03133 Torrevieja;II. CIBERCRIMINALIDAD (infracciones penales cometidas en/por medio ciber);enero-marzo 2024;216
03133 Torrevieja;12.-Estafas informáticas;enero-marzo 2024;188
03133 Torrevieja;13.-Otros ciberdelitos;enero-marzo 2024;28
03133 Torrevieja;III. TOTAL INFRACCIONES PENALES;enero-marzo 2024;2.136
03139 Villajoyosa/Vila Joiosa (la);I. CRIMINALIDAD CONVENCIONAL;enero-marzo 2024;477
03139 Villajoyosa/Vila Joiosa (la);1. Homicidios dolosos y asesinatos consumados;enero-marzo 2024;1
03139 Villajoyosa/Vila Joiosa (la);2. Homicidios dolosos y asesinatos en grado tentativa;enero-marzo 2024;0
03139 Villajoyosa/Vila Joiosa (la);3. Delitos graves y menos graves de lesiones y riña tumultuaria;enero-marzo 2024;4
03139 Villajoyosa/Vila Joiosa (la);4. Secuestro;enero-marzo 2024;0
03139 Villajoyosa/Vila Joiosa (la);5. Delitos contra la libertad sexual;enero-marzo 2024;3
03139 Villajoyosa/Vila Joiosa (la);5.1.-Agresión sexual con penetración;enero-marzo 2024;0
03139 Villajoyosa/Vila Joiosa (la);5.2.-Resto de delitos contra la libertad sexual;enero-marzo 2024;3
03139 Villajoyosa/Vila Joiosa (la);6. Robos con violencia e intimidación;enero-marzo 2024;3
03139 Villajoyosa/Vila Joiosa (la);7. Robos con fuerza en domicilios, establecimientos y otras instalaciones;enero-marzo 2024;45
03139 Villajoyosa/Vila Joiosa (la);7.1.-Robos con fuerza en domicilios;enero-marzo 2024;14
03139 Villajoyosa/Vila Joiosa (la);8. Hurtos;enero-marzo 2024;110
03139 Villajoyosa/Vila Joiosa (la);9. Sustracciones de vehículos;enero-marzo 2024;7
03139 Villajoyosa/Vila Joiosa (la);10. Tráfico de drogas;enero-marzo 2024;0
03139 Villajoyosa/Vila Joiosa (la);11. Resto de criminalidad convencional;enero-marzo 2024;304
03139 Villajoyosa/Vila Joiosa (la);II. CIBERCRIMINALIDAD (infracciones penales cometidas en/por medio ciber);enero-marzo 2024;91
03139 Villajoyosa/Vila Joiosa (la);12.-Estafas informáticas;enero-marzo 2024;83
03139 Villajoyosa/Vila Joiosa (la);13.-Otros ciberdelitos;enero-marzo 2024;8
03139 Villajoyosa/Vila Joiosa (la);III. TOTAL INFRACCIONES PENALES;enero-marzo 2024;568
03140 Villena;I. CRIMINALIDAD CONVENCIONAL;enero-marzo 2024;234
03140 Villena;1. Homicidios dolosos y asesinatos consumados;enero-marzo 2024;0
03140 Villena;2. Homicidios dolosos y asesinatos en grado tentativa;enero-marzo 2024;1
03140 Villena;3. Delitos graves y menos graves de lesiones y riña tumultuaria;enero-marzo 2024;5
03140 Villena;4. Secuestro;enero-marzo 2024;0
03140 Villena;5. Delitos contra la libertad sexual;enero-marzo 2024;1
03140 Villena;5.1.-Agresión sexual con penetración;enero-marzo 2024;0
03140 Villena;5.2.-Resto de delitos contra la libertad sexual;enero-marzo 2024;1
03140 Villena;6. Robos con violencia e intimidación;enero-marzo 2024;7
03140 Villena;7. Robos con fuerza en domicilios, establecimientos y otras instalaciones;enero-marzo 2024;26
03140 Villena;7.1.-Robos con fuerza en domicilios;enero-marzo 2024;17
03140 Villena;8. Hurtos;enero-marzo 2024;48
03140 Villena;9. Sustracciones de vehículos;enero-marzo 2024;1
03140 Villena;10. Tráfico de drogas;enero-marzo 2024;2
03140 Villena;11. Resto de criminalidad convencional;enero-marzo 2024;143
03140 Villena;II. CIBERCRIMINALIDAD (infracciones penales cometidas en/por medio ciber);enero-marzo 2024;60
03140 Villena;12.-Estafas informáticas;enero-marzo 2024;57
03140 Villena;13.-Otros ciberdelitos;enero-marzo 2024;3
03140 Villena;III. TOTAL INFRACCIONES PENALES;enero-marzo 2024;294
Provincia de CASTELLÓN/CASTELLÓ;I. CRIMINALIDAD CONVENCIONAL;enero-marzo 2024;6.164
Provincia de CASTELLÓN/CASTELLÓ;1. Homicidios dolosos y asesinatos consumados;enero-marzo 2024;0
Provincia de CASTELLÓN/CASTELLÓ;2. Homicidios dolosos y asesinatos en grado tentativa;enero-marzo 2024;2
Provincia de CASTELLÓN/CASTELLÓ;3. Delitos graves y menos graves de lesiones y riña tumultuaria;enero-marzo 2024;112
Provincia de CASTELLÓN/CASTELLÓ;4. Secuestro;enero-marzo 2024;2
Provincia de CASTELLÓN/CASTELLÓ;5. Delitos contra la libertad sexual;enero-marzo 2024;48
Provincia de CASTELLÓN/CASTELLÓ;5.1.-Agresión sexual con penetración;enero-marzo 2024;13
Provincia de CASTELLÓN/CASTELLÓ;5.2.-Resto de delitos contra la libertad sexual;enero-marzo 2024;35
Provincia de CASTELLÓN/CASTELLÓ;6. Robos con violencia e intimidación;enero-marzo 2024;104
Provincia de CASTELLÓN/CASTELLÓ;7. Robos con fuerza en domicilios, establecimientos y otras instalaciones;enero-marzo 2024;656
Provincia de CASTELLÓN/CASTELLÓ;7.1.-Robos con fuerza en domicilios;enero-marzo 2024;505
Provincia de CASTELLÓN/CASTELLÓ;8. Hurtos;enero-marzo 2024;1.486
Provincia de CASTELLÓN/CASTELLÓ;9. Sustracciones de vehículos;enero-marzo 2024;52
Provincia de CASTELLÓN/CASTELLÓ;10. Tráfico de drogas;enero-marzo 2024;42
Provincia de CASTELLÓN/CASTELLÓ;11. Resto de criminalidad convencional;enero-marzo 2024;3.660
Provincia de CASTELLÓN/CASTELLÓ;II. CIBERCRIMINALIDAD (infracciones penales cometidas en/por medio ciber);enero-marzo 2024;1.080
Provincia de CASTELLÓN/CASTELLÓ;12.-Estafas informáticas;enero-marzo 2024;958
Provincia de CASTELLÓN/CASTELLÓ;13.-Otros ciberdelitos;enero-marzo 2024;122
Provincia de CASTELLÓN/CASTELLÓ;III. TOTAL INFRACCIONES PENALES;enero-marzo 2024;7.244
12009 Almazora/Almassora;I. CRIMINALIDAD CONVENCIONAL;enero-marzo 2024;393
12009 Almazora/Almassora;1. Homicidios dolosos y asesinatos consumados;enero-marzo 2024;0
12009 Almazora/Almassora;2. Homicidios dolosos y asesinatos en grado tentativa;enero-marzo 2024;0
12009 Almazora/Almassora;3. Delitos graves y menos graves de lesiones y riña tumultuaria;enero-marzo 2024;6
12009 Almazora/Almassora;4. Secuestro;enero-marzo 2024;0
12009 Almazora/Almassora;5. Delitos contra la libertad sexual;enero-marzo 2024;5
12009 Almazora/Almassora;5.1.-Agresión sexual con penetración;enero-marzo 2024;0
12009 Almazora/Almassora;5.2.-Resto de delitos contra la libertad sexual;enero-marzo 2024;5
12009 Almazora/Almassora;6. Robos con violencia e intimidación;enero-marzo 2024;5
12009 Almazora/Almassora;7. Robos con fuerza en domicilios, establecimientos y otras instalaciones;enero-marzo 2024;49
12009 Almazora/Almassora;7.1.-Robos con fuerza en domicilios;enero-marzo 2024;44
12009 Almazora/Almassora;8. Hurtos;enero-marzo 2024;72
12009 Almazora/Almassora;9. Sustracciones de vehículos;enero-marzo 2024;2
12009 Almazora/Almassora;10. Tráfico de drogas;enero-marzo 2024;1
12009 Almazora/Almassora;11. Resto de criminalidad convencional;enero-marzo 2024;253
12009 Almazora/Almassora;II. CIBERCRIMINALIDAD (infracciones penales cometidas en/por medio ciber);enero-marzo 2024;20
12009 Almazora/Almassora;12.-Estafas informáticas;enero-marzo 2024;19
12009 Almazora/Almassora;13.-Otros ciberdelitos;enero-marzo 2024;1
12009 Almazora/Almassora;III. TOTAL INFRACCIONES PENALES;enero-marzo 2024;413
12027 Benicarló;I. CRIMINALIDAD CONVENCIONAL;enero-marzo 2024;514
12027 Benicarló;1. Homicidios dolosos y asesinatos consumados;enero-marzo 2024;0
12027 Benicarló;2. Homicidios dolosos y asesinatos en grado tentativa;enero-marzo 2024;0
12027 Benicarló;3. Delitos graves y menos graves de lesiones y riña tumultuaria;enero-marzo 2024;8
12027 Benicarló;4. Secuestro;enero-marzo 2024;2
12027 Benicarló;5. Delitos contra la libertad sexual;enero-marzo 2024;3
12027 Benicarló;5.1.-Agresión sexual con penetración;enero-marzo 2024;2
12027 Benicarló;5.2.-Resto de delitos contra la libertad sexual;enero-marzo 2024;1
12027 Benicarló;6. Robos con violencia e intimidación;enero-marzo 2024;7
12027 Benicarló;7. Robos con fuerza en domicilios, establecimientos y otras instalaciones;enero-marzo 2024;20
12027 Benicarló;7.1.-Robos con fuerza en domicilios;enero-marzo 2024;16
12027 Benicarló;8. Hurtos;enero-marzo 2024;142
12027 Benicarló;9. Sustracciones de vehículos;enero-marzo 2024;1
12027 Benicarló;10. Tráfico de drogas;enero-marzo 2024;1
12027 Benicarló;11. Resto de criminalidad convencional;enero-marzo 2024;330
12027 Benicarló;II. CIBERCRIMINALIDAD (infracciones penales cometidas en/por medio ciber);enero-marzo 2024;64
12027 Benicarló;12.-Estafas informáticas;enero-marzo 2024;56
12027 Benicarló;13.-Otros ciberdelitos;enero-marzo 2024;8
12027 Benicarló;III. TOTAL INFRACCIONES PENALES;enero-marzo 2024;578
12032 Borriana/Burriana;I. CRIMINALIDAD CONVENCIONAL;enero-marzo 2024;462
12032 Borriana/Burriana;1. Homicidios dolosos y asesinatos consumados;enero-marzo 2024;0
12032 Borriana/Burriana;2. Homicidios dolosos y asesinatos en grado tentativa;enero-marzo 2024;0
12032 Borriana/Burriana;3. Delitos graves y menos graves de lesiones y riña tumultuaria;enero-marzo 2024;7
12032 Borriana/Burriana;4. Secuestro;enero-marzo 2024;0
12032 Borriana/Burriana;5. Delitos contra la libertad sexual;enero-marzo 2024;3
12032 Borriana/Burriana;5.1.-Agresión sexual con penetración;enero-marzo 2024;1
12032 Borriana/Burriana;5.2.-Resto de delitos contra la libertad sexual;enero-marzo 2024;2
12032 Borriana/Burriana;6. Robos con violencia e intimidación;enero-marzo 2024;7
12032 Borriana/Burriana;7. Robos con fuerza en domicilios, establecimientos y otras instalaciones;enero-marzo 2024;35
12032 Borriana/Burriana;7.1.-Robos con fuerza en domicilios;enero-marzo 2024;32
12032 Borriana/Burriana;8. Hurtos;enero-marzo 2024;119
12032 Borriana/Burriana;9. Sustracciones de vehículos;enero-marzo 2024;5
12032 Borriana/Burriana;10. Tráfico de drogas;enero-marzo 2024;3
12032 Borriana/Burriana;11. Resto de criminalidad convencional;enero-marzo 2024;283
12032 Borriana/Burriana;II. CIBERCRIMINALIDAD (infracciones penales cometidas en/por medio ciber);enero-marzo 2024;82
12032 Borriana/Burriana;12.-Estafas informáticas;enero-marzo 2024;73
12032 Borriana/Burriana;13.-Otros ciberdelitos;enero-marzo 2024;9
12032 Borriana/Burriana;III. TOTAL INFRACCIONES PENALES;enero-marzo 2024;544
12040 Castellón de la Plana/Castelló de la Plana;I. CRIMINALIDAD CONVENCIONAL;enero-marzo 2024;1.717
12040 Castellón de la Plana/Castelló de la Plana;1. Homicidios dolosos y asesinatos consumados;enero-marzo 2024;0
12040 Castellón de la Plana/Castelló de la Plana;2. Homicidios dolosos y asesinatos en grado tentativa;enero-marzo 2024;1
12040 Castellón de la Plana/Castelló de la Plana;3. Delitos graves y menos graves de lesiones y riña tumultuaria;enero-marzo 2024;32
12040 Castellón de la Plana/Castelló de la Plana;4. Secuestro;enero-marzo 2024;0
12040 Castellón de la Plana/Castelló de la Plana;5. Delitos contra la libertad sexual;enero-marzo 2024;14
12040 Castellón de la Plana/Castelló de la Plana;5.1.-Agresión sexual con penetración;enero-marzo 2024;7
12040 Castellón de la Plana/Castelló de la Plana;5.2.-Resto de delitos contra la libertad sexual;enero-marzo 2024;7
12040 Castellón de la Plana/Castelló de la Plana;6. Robos con violencia e intimidación;enero-marzo 2024;47
12040 Castellón de la Plana/Castelló de la Plana;7. Robos con fuerza en domicilios, establecimientos y otras instalaciones;enero-marzo 2024;135
12040 Castellón de la Plana/Castelló de la Plana;7.1.-Robos con fuerza en domicilios;enero-marzo 2024;90
12040 Castellón de la Plana/Castelló de la Plana;8. Hurtos;enero-marzo 2024;568
12040 Castellón de la Plana/Castelló de la Plana;9. Sustracciones de vehículos;enero-marzo 2024;26
12040 Castellón de la Plana/Castelló de la Plana;10. Tráfico de drogas;enero-marzo 2024;14
12040 Castellón de la Plana/Castelló de la Plana;11. Resto de criminalidad convencional;enero-marzo 2024;880
12040 Castellón de la Plana/Castelló de la Plana;II. CIBERCRIMINALIDAD (infracciones penales cometidas en/por medio ciber);enero-marzo 2024;300
12040 Castellón de la Plana/Castelló de la Plana;12.-Estafas informáticas;enero-marzo 2024;272
12040 Castellón de la Plana/Castelló de la Plana;13.-Otros ciberdelitos;enero-marzo 2024;28
12040 Castellón de la Plana/Castelló de la Plana;III. TOTAL INFRACCIONES PENALES;enero-marzo 2024;2.017
12084 Onda;I. CRIMINALIDAD CONVENCIONAL;enero-marzo 2024;192
12084 Onda;1. Homicidios dolosos y asesinatos consumados;enero-marzo 2024;0
12084 Onda;2. Homicidios dolosos y asesinatos en grado tentativa;enero-marzo 2024;0
12084 Onda;3. Delitos graves y menos graves de lesiones y riña tumultuaria;enero-marzo 2024;8
12084 Onda;4. Secuestro;enero-marzo 2024;0
12084 Onda;5. Delitos contra la libertad sexual;enero-marzo 2024;3
12084 Onda;5.1.-Agresión sexual con penetración;enero-marzo 2024;1
12084 Onda;5.2.-Resto de delitos contra la libertad sexual;enero-marzo 2024;2
12084 Onda;6. Robos con violencia e intimidación;enero-marzo 2024;0
12084 Onda;7. Robos con fuerza en domicilios, establecimientos y otras instalaciones;enero-marzo 2024;29
12084 Onda;7.1.-Robos con fuerza en domicilios;enero-marzo 2024;15
12084 Onda;8. Hurtos;enero-marzo 2024;28
12084 Onda;9. Sustracciones de vehículos;enero-marzo 2024;0
12084 Onda;10. Tráfico de drogas;enero-marzo 2024;1
12084 Onda;11. Resto de criminalidad convencional;enero-marzo 2024;123
12084 Onda;II. CIBERCRIMINALIDAD (infracciones penales cometidas en/por medio ciber);enero-marzo 2024;50
12084 Onda;12.-Estafas informáticas;enero-marzo 2024;40
12084 Onda;13.-Otros ciberdelitos;enero-marzo 2024;10
12084 Onda;III. TOTAL INFRACCIONES PENALES;enero-marzo 2024;242
12126 Vall d'Uixó (la);I. CRIMINALIDAD CONVENCIONAL;enero-marzo 2024;285
12126 Vall d'Uixó (la);1. Homicidios dolosos y asesinatos consumados;enero-marzo 2024;0
12126 Vall d'Uixó (la);2. Homicidios dolosos y asesinatos en grado tentativa;enero-marzo 2024;0
12126 Vall d'Uixó (la);3. Delitos graves y menos graves de lesiones y riña tumultuaria;enero-marzo 2024;5
12126 Vall d'Uixó (la);4. Secuestro;enero-marzo 2024;0
12126 Vall d'Uixó (la);5. Delitos contra la libertad sexual;enero-marzo 2024;3
12126 Vall d'Uixó (la);5.1.-Agresión sexual con penetración;enero-marzo 2024;0
12126 Vall d'Uixó (la);5.2.-Resto de delitos contra la libertad sexual;enero-marzo 2024;3
12126 Vall d'Uixó (la);6. Robos con violencia e intimidación;enero-marzo 2024;3
12126 Vall d'Uixó (la);7. Robos con fuerza en domicilios, establecimientos y otras instalaciones;enero-marzo 2024;33
12126 Vall d'Uixó (la);7.1.-Robos con fuerza en domicilios;enero-marzo 2024;20
12126 Vall d'Uixó (la);8. Hurtos;enero-marzo 2024;60
12126 Vall d'Uixó (la);9. Sustracciones de vehículos;enero-marzo 2024;1
12126 Vall d'Uixó (la);10. Tráfico de drogas;enero-marzo 2024;2
12126 Vall d'Uixó (la);11. Resto de criminalidad convencional;enero-marzo 2024;178
12126 Vall d'Uixó (la);II. CIBERCRIMINALIDAD (infracciones penales cometidas en/por medio ciber);enero-marzo 2024;58
12126 Vall d'Uixó (la);12.-Estafas informáticas;enero-marzo 2024;44
12126 Vall d'Uixó (la);13.-Otros ciberdelitos;enero-marzo 2024;14
12126 Vall d'Uixó (la);III. TOTAL INFRACCIONES PENALES;enero-marzo 2024;343
12135 Vila-real;I. CRIMINALIDAD CONVENCIONAL;enero-marzo 2024;289
12135 Vila-real;1. Homicidios dolosos y asesinatos consumados;enero-marzo 2024;0
12135 Vila-real;2. Homicidios dolosos y asesinatos en grado tentativa;enero-marzo 2024;0
12135 Vila-real;3. Delitos graves y menos graves de lesiones y riña tumultuaria;enero-marzo 2024;3
12135 Vila-real;4. Secuestro;enero-marzo 2024;0
12135 Vila-real;5. Delitos contra la libertad sexual;enero-marzo 2024;4
12135 Vila-real;5.1.-Agresión sexual con penetración;enero-marzo 2024;1
12135 Vila-real;5.2.-Resto de delitos contra la libertad sexual;enero-marzo 2024;3
12135 Vila-real;6. Robos con violencia e intimidación;enero-marzo 2024;9
12135 Vila-real;7. Robos con fuerza en domicilios, establecimientos y otras instalaciones;enero-marzo 2024;31
12135 Vila-real;7.1.-Robos con fuerza en domicilios;enero-marzo 2024;23
12135 Vila-real;8. Hurtos;enero-marzo 2024;74
12135 Vila-real;9. Sustracciones de vehículos;enero-marzo 2024;5
12135 Vila-real;10. Tráfico de drogas;enero-marzo 2024;2
12135 Vila-real;11. Resto de criminalidad convencional;enero-marzo 2024;161
12135 Vila-real;II. CIBERCRIMINALIDAD (infracciones penales cometidas en/por medio ciber);enero-marzo 2024;92
12135 Vila-real;12.-Estafas informáticas;enero-marzo 2024;85
12135 Vila-real;13.-Otros ciberdelitos;enero-marzo 2024;7
12135 Vila-real;III. TOTAL INFRACCIONES PENALES;enero-marzo 2024;381
12138 Vinaròs;I. CRIMINALIDAD CONVENCIONAL;enero-marzo 2024;481
12138 Vinaròs;1. Homicidios dolosos y asesinatos consumados;enero-marzo 2024;0
12138 Vinaròs;2. Homicidios dolosos y asesinatos en grado tentativa;enero-marzo 2024;0
12138 Vinaròs;3. Delitos graves y menos graves de lesiones y riña tumultuaria;enero-marzo 2024;16
12138 Vinaròs;4. Secuestro;enero-marzo 2024;0
12138 Vinaròs;5. Delitos contra la libertad sexual;enero-marzo 2024;2
12138 Vinaròs;5.1.-Agresión sexual con penetración;enero-marzo 2024;0
12138 Vinaròs;5.2.-Resto de delitos contra la libertad sexual;enero-marzo 2024;2
12138 Vinaròs;6. Robos con violencia e intimidación;enero-marzo 2024;5
12138 Vinaròs;7. Robos con fuerza en domicilios, establecimientos y otras instalaciones;enero-marzo 2024;48
12138 Vinaròs;7.1.-Robos con fuerza en domicilios;enero-marzo 2024;43
12138 Vinaròs;8. Hurtos;enero-marzo 2024;136
12138 Vinaròs;9. Sustracciones de vehículos;enero-marzo 2024;3
12138 Vinaròs;10. Tráfico de drogas;enero-marzo 2024;2
12138 Vinaròs;11. Resto de criminalidad convencional;enero-marzo 2024;269
12138 Vinaròs;II. CIBERCRIMINALIDAD (infracciones penales cometidas en/por medio ciber);enero-marzo 2024;48
12138 Vinaròs;12.-Estafas informáticas;enero-marzo 2024;41
12138 Vinaròs;13.-Otros ciberdelitos;enero-marzo 2024;7
12138 Vinaròs;III. TOTAL INFRACCIONES PENALES;enero-marzo 2024;529
Provincia de VALENCIA/VALÈNCIA;I. CRIMINALIDAD CONVENCIONAL;enero-marzo 2024;31.660
Provincia de VALENCIA/VALÈNCIA;1. Homicidios dolosos y asesinatos consumados;enero-marzo 2024;17
Provincia de VALENCIA/VALÈNCIA;2. Homicidios dolosos y asesinatos en grado tentativa;enero-marzo 2024;18
Provincia de VALENCIA/VALÈNCIA;3. Delitos graves y menos graves de lesiones y riña tumultuaria;enero-marzo 2024;419
Provincia de VALENCIA/VALÈNCIA;4. Secuestro;enero-marzo 2024;0
Provincia de VALENCIA/VALÈNCIA;5. Delitos contra la libertad sexual;enero-marzo 2024;243
Provincia de VALENCIA/VALÈNCIA;5.1.-Agresión sexual con penetración;enero-marzo 2024;54
Provincia de VALENCIA/VALÈNCIA;5.2.-Resto de delitos contra la libertad sexual;enero-marzo 2024;189
Provincia de VALENCIA/VALÈNCIA;6. Robos con violencia e intimidación;enero-marzo 2024;898
Provincia de VALENCIA/VALÈNCIA;7. Robos con fuerza en domicilios, establecimientos y otras instalaciones;enero-marzo 2024;2.309
Provincia de VALENCIA/VALÈNCIA;7.1.-Robos con fuerza en domicilios;enero-marzo 2024;1.890
Provincia de VALENCIA/VALÈNCIA;8. Hurtos;enero-marzo 2024;10.301
Provincia de VALENCIA/VALÈNCIA;9. Sustracciones de vehículos;enero-marzo 2024;372
Provincia de VALENCIA/VALÈNCIA;10. Tráfico de drogas;enero-marzo 2024;351
Provincia de VALENCIA/VALÈNCIA;11. Resto de criminalidad convencional;enero-marzo 2024;16.732
Provincia de VALENCIA/VALÈNCIA;II. CIBERCRIMINALIDAD (infracciones penales cometidas en/por medio ciber);enero-marzo 2024;6.535
Provincia de VALENCIA/VALÈNCIA;12.-Estafas informáticas;enero-marzo 2024;5.807
Provincia de VALENCIA/VALÈNCIA;13.-Otros ciberdelitos;enero-marzo 2024;728
Provincia de VALENCIA/VALÈNCIA;III. TOTAL INFRACCIONES PENALES;enero-marzo 2024;38.195
46005 Alaquàs;I. CRIMINALIDAD CONVENCIONAL;enero-marzo 2024;185
46005 Alaquàs;1. Homicidios dolosos y asesinatos consumados;enero-marzo 2024;1
46005 Alaquàs;2. Homicidios dolosos y asesinatos en grado tentativa;enero-marzo 2024;0
46005 Alaquàs;3. Delitos graves y menos graves de lesiones y riña tumultuaria;enero-marzo 2024;0
46005 Alaquàs;4. Secuestro;enero-marzo 2024;0
46005 Alaquàs;5. Delitos contra la libertad sexual;enero-marzo 2024;2
46005 Alaquàs;5.1.-Agresión sexual con penetración;enero-marzo 2024;1
46005 Alaquàs;5.2.-Resto de delitos contra la libertad sexual;enero-marzo 2024;1
46005 Alaquàs;6. Robos con violencia e intimidación;enero-marzo 2024;6
46005 Alaquàs;7. Robos con fuerza en domicilios, establecimientos y otras instalaciones;enero-marzo 2024;9
46005 Alaquàs;7.1.-Robos con fuerza en domicilios;enero-marzo 2024;9
46005 Alaquàs;8. Hurtos;enero-marzo 2024;44
46005 Alaquàs;9. Sustracciones de vehículos;enero-marzo 2024;4
46005 Alaquàs;10. Tráfico de drogas;enero-marzo 2024;5
46005 Alaquàs;11. Resto de criminalidad convencional;enero-marzo 2024;114
46005 Alaquàs;II. CIBERCRIMINALIDAD (infracciones penales cometidas en/por medio ciber);enero-marzo 2024;48
46005 Alaquàs;12.-Estafas informáticas;enero-marzo 2024;41
46005 Alaquàs;13.-Otros ciberdelitos;enero-marzo 2024;7
46005 Alaquàs;III. TOTAL INFRACCIONES PENALES;enero-marzo 2024;233
46013 Alboraia/Alboraya;I. CRIMINALIDAD CONVENCIONAL;enero-marzo 2024;313
46013 Alboraia/Alboraya;1. Homicidios dolosos y asesinatos consumados;enero-marzo 2024;0
46013 Alboraia/Alboraya;2. Homicidios dolosos y asesinatos en grado tentativa;enero-marzo 2024;0
46013 Alboraia/Alboraya;3. Delitos graves y menos graves de lesiones y riña tumultuaria;enero-marzo 2024;2
46013 Alboraia/Alboraya;4. Secuestro;enero-marzo 2024;0
46013 Alboraia/Alboraya;5. Delitos contra la libertad sexual;enero-marzo 2024;1
46013 Alboraia/Alboraya;5.1.-Agresión sexual con penetración;enero-marzo 2024;0
46013 Alboraia/Alboraya;5.2.-Resto de delitos contra la libertad sexual;enero-marzo 2024;1
46013 Alboraia/Alboraya;6. Robos con violencia e intimidación;enero-marzo 2024;3
46013 Alboraia/Alboraya;7. Robos con fuerza en domicilios, establecimientos y otras instalaciones;enero-marzo 2024;26
46013 Alboraia/Alboraya;7.1.-Robos con fuerza en domicilios;enero-marzo 2024;22
46013 Alboraia/Alboraya;8. Hurtos;enero-marzo 2024;87
46013 Alboraia/Alboraya;9. Sustracciones de vehículos;enero-marzo 2024;2
46013 Alboraia/Alboraya;10. Tráfico de drogas;enero-marzo 2024;2
46013 Alboraia/Alboraya;11. Resto de criminalidad convencional;enero-marzo 2024;190
46013 Alboraia/Alboraya;II. CIBERCRIMINALIDAD (infracciones penales cometidas en/por medio ciber);enero-marzo 2024;64
46013 Alboraia/Alboraya;12.-Estafas informáticas;enero-marzo 2024;57
46013 Alboraia/Alboraya;13.-Otros ciberdelitos;enero-marzo 2024;7
46013 Alboraia/Alboraya;III. TOTAL INFRACCIONES PENALES;enero-marzo 2024;377
46021 Aldaia;I. CRIMINALIDAD CONVENCIONAL;enero-marzo 2024;518
46021 Aldaia;1. Homicidios dolosos y asesinatos consumados;enero-marzo 2024;0
46021 Aldaia;2. Homicidios dolosos y asesinatos en grado tentativa;enero-marzo 2024;0
46021 Aldaia;3. Delitos graves y menos graves de lesiones y riña tumultuaria;enero-marzo 2024;4
46021 Aldaia;4. Secuestro;enero-marzo 2024;0
46021 Aldaia;5. Delitos contra la libertad sexual;enero-marzo 2024;1
46021 Aldaia;5.1.-Agresión sexual con penetración;enero-marzo 2024;0
46021 Aldaia;5.2.-Resto de delitos contra la libertad sexual;enero-marzo 2024;1
46021 Aldaia;6. Robos con violencia e intimidación;enero-marzo 2024;6
46021 Aldaia;7. Robos con fuerza en domicilios, establecimientos y otras instalaciones;enero-marzo 2024;13
46021 Aldaia;7.1.-Robos con fuerza en domicilios;enero-marzo 2024;10
46021 Aldaia;8. Hurtos;enero-marzo 2024;313
46021 Aldaia;9. Sustracciones de vehículos;enero-marzo 2024;9
46021 Aldaia;10. Tráfico de drogas;enero-marzo 2024;1
46021 Aldaia;11. Resto de criminalidad convencional;enero-marzo 2024;171
46021 Aldaia;II. CIBERCRIMINALIDAD (infracciones penales cometidas en/por medio ciber);enero-marzo 2024;69
46021 Aldaia;12.-Estafas informáticas;enero-marzo 2024;65
46021 Aldaia;13.-Otros ciberdelitos;enero-marzo 2024;4
46021 Aldaia;III. TOTAL INFRACCIONES PENALES;enero-marzo 2024;587
46022 Alfafar;I. CRIMINALIDAD CONVENCIONAL;enero-marzo 2024;375
46022 Alfafar;1. Homicidios dolosos y asesinatos consumados;enero-marzo 2024;0
46022 Alfafar;2. Homicidios dolosos y asesinatos en grado tentativa;enero-marzo 2024;0
46022 Alfafar;3. Delitos graves y menos graves de lesiones y riña tumultuaria;enero-marzo 2024;6
46022 Alfafar;4. Secuestro;enero-marzo 2024;0
46022 Alfafar;5. Delitos contra la libertad sexual;enero-marzo 2024;0
46022 Alfafar;5.1.-Agresión sexual con penetración;enero-marzo 2024;0
46022 Alfafar;5.2.-Resto de delitos contra la libertad sexual;enero-marzo 2024;0
46022 Alfafar;6. Robos con violencia e intimidación;enero-marzo 2024;9
46022 Alfafar;7. Robos con fuerza en domicilios, establecimientos y otras instalaciones;enero-marzo 2024;13
46022 Alfafar;7.1.-Robos con fuerza en domicilios;enero-marzo 2024;11
46022 Alfafar;8. Hurtos;enero-marzo 2024;118
46022 Alfafar;9. Sustracciones de vehículos;enero-marzo 2024;2
46022 Alfafar;10. Tráfico de drogas;enero-marzo 2024;1
46022 Alfafar;11. Resto de criminalidad convencional;enero-marzo 2024;226
46022 Alfafar;II. CIBERCRIMINALIDAD (infracciones penales cometidas en/por medio ciber);enero-marzo 2024;67
46022 Alfafar;12.-Estafas informáticas;enero-marzo 2024;58
46022 Alfafar;13.-Otros ciberdelitos;enero-marzo 2024;9
46022 Alfafar;III. TOTAL INFRACCIONES PENALES;enero-marzo 2024;442
46029 Algemesí;I. CRIMINALIDAD CONVENCIONAL;enero-marzo 2024;276
46029 Algemesí;1. Homicidios dolosos y asesinatos consumados;enero-marzo 2024;1
46029 Algemesí;2. Homicidios dolosos y asesinatos en grado tentativa;enero-marzo 2024;1
46029 Algemesí;3. Delitos graves y menos graves de lesiones y riña tumultuaria;enero-marzo 2024;6
46029 Algemesí;4. Secuestro;enero-marzo 2024;0
46029 Algemesí;5. Delitos contra la libertad sexual;enero-marzo 2024;1
46029 Algemesí;5.1.-Agresión sexual con penetración;enero-marzo 2024;1
46029 Algemesí;5.2.-Resto de delitos contra la libertad sexual;enero-marzo 2024;0
46029 Algemesí;6. Robos con violencia e intimidación;enero-marzo 2024;4
46029 Algemesí;7. Robos con fuerza en domicilios, establecimientos y otras instalaciones;enero-marzo 2024;19
46029 Algemesí;7.1.-Robos con fuerza en domicilios;enero-marzo 2024;11
46029 Algemesí;8. Hurtos;enero-marzo 2024;59
46029 Algemesí;9. Sustracciones de vehículos;enero-marzo 2024;2
46029 Algemesí;10. Tráfico de drogas;enero-marzo 2024;1
46029 Algemesí;11. Resto de criminalidad convencional;enero-marzo 2024;182
46029 Algemesí;II. CIBERCRIMINALIDAD (infracciones penales cometidas en/por medio ciber);enero-marzo 2024;48
46029 Algemesí;12.-Estafas informáticas;enero-marzo 2024;45
46029 Algemesí;13.-Otros ciberdelitos;enero-marzo 2024;3
46029 Algemesí;III. TOTAL INFRACCIONES PENALES;enero-marzo 2024;324
46017 Alzira;I. CRIMINALIDAD CONVENCIONAL;enero-marzo 2024;600
46017 Alzira;1. Homicidios dolosos y asesinatos consumados;enero-marzo 2024;2
46017 Alzira;2. Homicidios dolosos y asesinatos en grado tentativa;enero-marzo 2024;0
46017 Alzira;3. Delitos graves y menos graves de lesiones y riña tumultuaria;enero-marzo 2024;9
46017 Alzira;4. Secuestro;enero-marzo 2024;0
46017 Alzira;5. Delitos contra la libertad sexual;enero-marzo 2024;7
46017 Alzira;5.1.-Agresión sexual con penetración;enero-marzo 2024;0
46017 Alzira;5.2.-Resto de delitos contra la libertad sexual;enero-marzo 2024;7
46017 Alzira;6. Robos con violencia e intimidación;enero-marzo 2024;9
46017 Alzira;7. Robos con fuerza en domicilios, establecimientos y otras instalaciones;enero-marzo 2024;90
46017 Alzira;7.1.-Robos con fuerza en domicilios;enero-marzo 2024;81
46017 Alzira;8. Hurtos;enero-marzo 2024;149
46017 Alzira;9. Sustracciones de vehículos;enero-marzo 2024;3
46017 Alzira;10. Tráfico de drogas;enero-marzo 2024;6
46017 Alzira;11. Resto de criminalidad convencional;enero-marzo 2024;325
46017 Alzira;II. CIBERCRIMINALIDAD (infracciones penales cometidas en/por medio ciber);enero-marzo 2024;97
46017 Alzira;12.-Estafas informáticas;enero-marzo 2024;84
46017 Alzira;13.-Otros ciberdelitos;enero-marzo 2024;13
46017 Alzira;III. TOTAL INFRACCIONES PENALES;enero-marzo 2024;697
46070 Bétera;I. CRIMINALIDAD CONVENCIONAL;enero-marzo 2024;150
46070 Bétera;1. Homicidios dolosos y asesinatos consumados;enero-marzo 2024;0
46070 Bétera;2. Homicidios dolosos y asesinatos en grado tentativa;enero-marzo 2024;0
46070 Bétera;3. Delitos graves y menos graves de lesiones y riña tumultuaria;enero-marzo 2024;1
46070 Bétera;4. Secuestro;enero-marzo 2024;0
46070 Bétera;5. Delitos contra la libertad sexual;enero-marzo 2024;3
46070 Bétera;5.1.-Agresión sexual con penetración;enero-marzo 2024;0
46070 Bétera;5.2.-Resto de delitos contra la libertad sexual;enero-marzo 2024;3
46070 Bétera;6. Robos con violencia e intimidación;enero-marzo 2024;5
46070 Bétera;7. Robos con fuerza en domicilios, establecimientos y otras instalaciones;enero-marzo 2024;24
46070 Bétera;7.1.-Robos con fuerza en domicilios;enero-marzo 2024;24
46070 Bétera;8. Hurtos;enero-marzo 2024;28
46070 Bétera;9. Sustracciones de vehículos;enero-marzo 2024;7
46070 Bétera;10. Tráfico de drogas;enero-marzo 2024;0
46070 Bétera;11. Resto de criminalidad convencional;enero-marzo 2024;82
46070 Bétera;II. CIBERCRIMINALIDAD (infracciones penales cometidas en/por medio ciber);enero-marzo 2024;63
46070 Bétera;12.-Estafas informáticas;enero-marzo 2024;51
46070 Bétera;13.-Otros ciberdelitos;enero-marzo 2024;12
46070 Bétera;III. TOTAL INFRACCIONES PENALES;enero-marzo 2024;213
46078 Burjassot;I. CRIMINALIDAD CONVENCIONAL;enero-marzo 2024;319
46078 Burjassot;1. Homicidios dolosos y asesinatos consumados;enero-marzo 2024;0
46078 Burjassot;2. Homicidios dolosos y asesinatos en grado tentativa;enero-marzo 2024;0
46078 Burjassot;3. Delitos graves y menos graves de lesiones y riña tumultuaria;enero-marzo 2024;2
46078 Burjassot;4. Secuestro;enero-marzo 2024;0
46078 Burjassot;5. Delitos contra la libertad sexual;enero-marzo 2024;6
46078 Burjassot;5.1.-Agresión sexual con penetración;enero-marzo 2024;1
46078 Burjassot;5.2.-Resto de delitos contra la libertad sexual;enero-marzo 2024;5
46078 Burjassot;6. Robos con violencia e intimidación;enero-marzo 2024;10
46078 Burjassot;7. Robos con fuerza en domicilios, establecimientos y otras instalaciones;enero-marzo 2024;29
46078 Burjassot;7.1.-Robos con fuerza en domicilios;enero-marzo 2024;18
46078 Burjassot;8. Hurtos;enero-marzo 2024;86
46078 Burjassot;9. Sustracciones de vehículos;enero-marzo 2024;2
46078 Burjassot;10. Tráfico de drogas;enero-marzo 2024;4
46078 Burjassot;11. Resto de criminalidad convencional;enero-marzo 2024;180
46078 Burjassot;II. CIBERCRIMINALIDAD (infracciones penales cometidas en/por medio ciber);enero-marzo 2024;83
46078 Burjassot;12.-Estafas informáticas;enero-marzo 2024;70
46078 Burjassot;13.-Otros ciberdelitos;enero-marzo 2024;13
46078 Burjassot;III. TOTAL INFRACCIONES PENALES;enero-marzo 2024;402
46083 Carcaixent;I. CRIMINALIDAD CONVENCIONAL;enero-marzo 2024;217
46083 Carcaixent;1. Homicidios dolosos y asesinatos consumados;enero-marzo 2024;0
46083 Carcaixent;2. Homicidios dolosos y asesinatos en grado tentativa;enero-marzo 2024;0
46083 Carcaixent;3. Delitos graves y menos graves de lesiones y riña tumultuaria;enero-marzo 2024;7
46083 Carcaixent;4. Secuestro;enero-marzo 2024;0
46083 Carcaixent;5. Delitos contra la libertad sexual;enero-marzo 2024;3
46083 Carcaixent;5.1.-Agresión sexual con penetración;enero-marzo 2024;1
46083 Carcaixent;5.2.-Resto de delitos contra la libertad sexual;enero-marzo 2024;2
46083 Carcaixent;6. Robos con violencia e intimidación;enero-marzo 2024;5
46083 Carcaixent;7. Robos con fuerza en domicilios, establecimientos y otras instalaciones;enero-marzo 2024;23
46083 Carcaixent;7.1.-Robos con fuerza en domicilios;enero-marzo 2024;20
46083 Carcaixent;8. Hurtos;enero-marzo 2024;67
46083 Carcaixent;9. Sustracciones de vehículos;enero-marzo 2024;0
46083 Carcaixent;10. Tráfico de drogas;enero-marzo 2024;0
46083 Carcaixent;11. Resto de criminalidad convencional;enero-marzo 2024;112
46083 Carcaixent;II. CIBERCRIMINALIDAD (infracciones penales cometidas en/por medio ciber);enero-marzo 2024;71
46083 Carcaixent;12.-Estafas informáticas;enero-marzo 2024;63
46083 Carcaixent;13.-Otros ciberdelitos;enero-marzo 2024;8
46083 Carcaixent;III. TOTAL INFRACCIONES PENALES;enero-marzo 2024;288
46094 Catarroja;I. CRIMINALIDAD CONVENCIONAL;enero-marzo 2024;243
46094 Catarroja;1. Homicidios dolosos y asesinatos consumados;enero-marzo 2024;1
46094 Catarroja;2. Homicidios dolosos y asesinatos en grado tentativa;enero-marzo 2024;0
46094 Catarroja;3. Delitos graves y menos graves de lesiones y riña tumultuaria;enero-marzo 2024;3
46094 Catarroja;4. Secuestro;enero-marzo 2024;0
46094 Catarroja;5. Delitos contra la libertad sexual;enero-marzo 2024;5
46094 Catarroja;5.1.-Agresión sexual con penetración;enero-marzo 2024;0
46094 Catarroja;5.2.-Resto de delitos contra la libertad sexual;enero-marzo 2024;5
46094 Catarroja;6. Robos con violencia e intimidación;enero-marzo 2024;8
46094 Catarroja;7. Robos con fuerza en domicilios, establecimientos y otras instalaciones;enero-marzo 2024;22
46094 Catarroja;7.1.-Robos con fuerza en domicilios;enero-marzo 2024;17
46094 Catarroja;8. Hurtos;enero-marzo 2024;53
46094 Catarroja;9. Sustracciones de vehículos;enero-marzo 2024;5
46094 Catarroja;10. Tráfico de drogas;enero-marzo 2024;0
46094 Catarroja;11. Resto de criminalidad convencional;enero-marzo 2024;146
46094 Catarroja;II. CIBERCRIMINALIDAD (infracciones penales cometidas en/por medio ciber);enero-marzo 2024;78
46094 Catarroja;12.-Estafas informáticas;enero-marzo 2024;68
46094 Catarroja;13.-Otros ciberdelitos;enero-marzo 2024;10
46094 Catarroja;III. TOTAL INFRACCIONES PENALES;enero-marzo 2024;321
46105 Cullera;I. CRIMINALIDAD CONVENCIONAL;enero-marzo 2024;356
46105 Cullera;1. Homicidios dolosos y asesinatos consumados;enero-marzo 2024;0
46105 Cullera;2. Homicidios dolosos y asesinatos en grado tentativa;enero-marzo 2024;0
46105 Cullera;3. Delitos graves y menos graves de lesiones y riña tumultuaria;enero-marzo 2024;4
46105 Cullera;4. Secuestro;enero-marzo 2024;0
46105 Cullera;5. Delitos contra la libertad sexual;enero-marzo 2024;4
46105 Cullera;5.1.-Agresión sexual con penetración;enero-marzo 2024;0
46105 Cullera;5.2.-Resto de delitos contra la libertad sexual;enero-marzo 2024;4
46105 Cullera;6. Robos con violencia e intimidación;enero-marzo 2024;3
46105 Cullera;7. Robos con fuerza en domicilios, establecimientos y otras instalaciones;enero-marzo 2024;17
46105 Cullera;7.1.-Robos con fuerza en domicilios;enero-marzo 2024;13
46105 Cullera;8. Hurtos;enero-marzo 2024;89
46105 Cullera;9. Sustracciones de vehículos;enero-marzo 2024;6
46105 Cullera;10. Tráfico de drogas;enero-marzo 2024;3
46105 Cullera;11. Resto de criminalidad convencional;enero-marzo 2024;230
46105 Cullera;II. CIBERCRIMINALIDAD (infracciones penales cometidas en/por medio ciber);enero-marzo 2024;62
46105 Cullera;12.-Estafas informáticas;enero-marzo 2024;55
46105 Cullera;13.-Otros ciberdelitos;enero-marzo 2024;7
46105 Cullera;III. TOTAL INFRACCIONES PENALES;enero-marzo 2024;418
46131 Gandia;I. CRIMINALIDAD CONVENCIONAL;enero-marzo 2024;924
46131 Gandia;1. Homicidios dolosos y asesinatos consumados;enero-marzo 2024;0
46131 Gandia;2. Homicidios dolosos y asesinatos en grado tentativa;enero-marzo 2024;1
46131 Gandia;3. Delitos graves y menos graves de lesiones y riña tumultuaria;enero-marzo 2024;12
46131 Gandia;4. Secuestro;enero-marzo 2024;0
46131 Gandia;5. Delitos contra la libertad sexual;enero-marzo 2024;14
46131 Gandia;5.1.-Agresión sexual con penetración;enero-marzo 2024;3
46131 Gandia;5.2.-Resto de delitos contra la libertad sexual;enero-marzo 2024;11
46131 Gandia;6. Robos con violencia e intimidación;enero-marzo 2024;14
46131 Gandia;7. Robos con fuerza en domicilios, establecimientos y otras instalaciones;enero-marzo 2024;70
46131 Gandia;7.1.-Robos con fuerza en domicilios;enero-marzo 2024;49
46131 Gandia;8. Hurtos;enero-marzo 2024;254
46131 Gandia;9. Sustracciones de vehículos;enero-marzo 2024;15
46131 Gandia;10. Tráfico de drogas;enero-marzo 2024;9
46131 Gandia;11. Resto de criminalidad convencional;enero-marzo 2024;535
46131 Gandia;II. CIBERCRIMINALIDAD (infracciones penales cometidas en/por medio ciber);enero-marzo 2024;217
46131 Gandia;12.-Estafas informáticas;enero-marzo 2024;205
46131 Gandia;13.-Otros ciberdelitos;enero-marzo 2024;12
46131 Gandia;III. TOTAL INFRACCIONES PENALES;enero-marzo 2024;1.141
46147 Llíria;I. CRIMINALIDAD CONVENCIONAL;enero-marzo 2024;320
46147 Llíria;1. Homicidios dolosos y asesinatos consumados;enero-marzo 2024;0
46147 Llíria;2. Homicidios dolosos y asesinatos en grado tentativa;enero-marzo 2024;0
46147 Llíria;3. Delitos graves y menos graves de lesiones y riña tumultuaria;enero-marzo 2024;4
46147 Llíria;4. Secuestro;enero-marzo 2024;0
46147 Llíria;5. Delitos contra la libertad sexual;enero-marzo 2024;1
46147 Llíria;5.1.-Agresión sexual con penetración;enero-marzo 2024;0
46147 Llíria;5.2.-Resto de delitos contra la libertad sexual;enero-marzo 2024;1
46147 Llíria;6. Robos con violencia e intimidación;enero-marzo 2024;7
46147 Llíria;7. Robos con fuerza en domicilios, establecimientos y otras instalaciones;enero-marzo 2024;58
46147 Llíria;7.1.-Robos con fuerza en domicilios;enero-marzo 2024;54
46147 Llíria;8. Hurtos;enero-marzo 2024;62
46147 Llíria;9. Sustracciones de vehículos;enero-marzo 2024;1
46147 Llíria;10. Tráfico de drogas;enero-marzo 2024;2
46147 Llíria;11. Resto de criminalidad convencional;enero-marzo 2024;185
46147 Llíria;II. CIBERCRIMINALIDAD (infracciones penales cometidas en/por medio ciber);enero-marzo 2024;56
46147 Llíria;12.-Estafas informáticas;enero-marzo 2024;46
46147 Llíria;13.-Otros ciberdelitos;enero-marzo 2024;10
46147 Llíria;III. TOTAL INFRACCIONES PENALES;enero-marzo 2024;376
46159 Manises;I. CRIMINALIDAD CONVENCIONAL;enero-marzo 2024;257
46159 Manises;1. Homicidios dolosos y asesinatos consumados;enero-marzo 2024;0
46159 Manises;2. Homicidios dolosos y asesinatos en grado tentativa;enero-marzo 2024;0
46159 Manises;3. Delitos graves y menos graves de lesiones y riña tumultuaria;enero-marzo 2024;1
46159 Manises;4. Secuestro;enero-marzo 2024;0
46159 Manises;5. Delitos contra la libertad sexual;enero-marzo 2024;6
46159 Manises;5.1.-Agresión sexual con penetración;enero-marzo 2024;0
46159 Manises;5.2.-Resto de delitos contra la libertad sexual;enero-marzo 2024;6
46159 Manises;6. Robos con violencia e intimidación;enero-marzo 2024;3
46159 Manises;7. Robos con fuerza en domicilios, establecimientos y otras instalaciones;enero-marzo 2024;12
46159 Manises;7.1.-Robos con fuerza en domicilios;enero-marzo 2024;9
46159 Manises;8. Hurtos;enero-marzo 2024;80
46159 Manises;9. Sustracciones de vehículos;enero-marzo 2024;16
46159 Manises;10. Tráfico de drogas;enero-marzo 2024;11
46159 Manises;11. Resto de criminalidad convencional;enero-marzo 2024;128
46159 Manises;II. CIBERCRIMINALIDAD (infracciones penales cometidas en/por medio ciber);enero-marzo 2024;49
46159 Manises;12.-Estafas informáticas;enero-marzo 2024;44
46159 Manises;13.-Otros ciberdelitos;enero-marzo 2024;5
46159 Manises;III. TOTAL INFRACCIONES PENALES;enero-marzo 2024;306
46169 Mislata;I. CRIMINALIDAD CONVENCIONAL;enero-marzo 2024;343
46169 Mislata;1. Homicidios dolosos y asesinatos consumados;enero-marzo 2024;0
46169 Mislata;2. Homicidios dolosos y asesinatos en grado tentativa;enero-marzo 2024;0
46169 Mislata;3. Delitos graves y menos graves de lesiones y riña tumultuaria;enero-marzo 2024;3
46169 Mislata;4. Secuestro;enero-marzo 2024;0
46169 Mislata;5. Delitos contra la libertad sexual;enero-marzo 2024;2
46169 Mislata;5.1.-Agresión sexual con penetración;enero-marzo 2024;0
46169 Mislata;5.2.-Resto de delitos contra la libertad sexual;enero-marzo 2024;2
46169 Mislata;6. Robos con violencia e intimidación;enero-marzo 2024;5
46169 Mislata;7. Robos con fuerza en domicilios, establecimientos y otras instalaciones;enero-marzo 2024;25
46169 Mislata;7.1.-Robos con fuerza en domicilios;enero-marzo 2024;22
46169 Mislata;8. Hurtos;enero-marzo 2024;92
46169 Mislata;9. Sustracciones de vehículos;enero-marzo 2024;7
46169 Mislata;10. Tráfico de drogas;enero-marzo 2024;0
46169 Mislata;11. Resto de criminalidad convencional;enero-marzo 2024;209
46169 Mislata;II. CIBERCRIMINALIDAD (infracciones penales cometidas en/por medio ciber);enero-marzo 2024;113
46169 Mislata;12.-Estafas informáticas;enero-marzo 2024;109
46169 Mislata;13.-Otros ciberdelitos;enero-marzo 2024;4
46169 Mislata;III. TOTAL INFRACCIONES PENALES;enero-marzo 2024;456
46171 Moncada;I. CRIMINALIDAD CONVENCIONAL;enero-marzo 2024;174
46171 Moncada;1. Homicidios dolosos y asesinatos consumados;enero-marzo 2024;0
46171 Moncada;2. Homicidios dolosos y asesinatos en grado tentativa;enero-marzo 2024;0
46171 Moncada;3. Delitos graves y menos graves de lesiones y riña tumultuaria;enero-marzo 2024;2
46171 Moncada;4. Secuestro;enero-marzo 2024;0
46171 Moncada;5. Delitos contra la libertad sexual;enero-marzo 2024;1
46171 Moncada;5.1.-Agresión sexual con penetración;enero-marzo 2024;0
46171 Moncada;5.2.-Resto de delitos contra la libertad sexual;enero-marzo 2024;1
46171 Moncada;6. Robos con violencia e intimidación;enero-marzo 2024;3
46171 Moncada;7. Robos con fuerza en domicilios, establecimientos y otras instalaciones;enero-marzo 2024;30
46171 Moncada;7.1.-Robos con fuerza en domicilios;enero-marzo 2024;25
46171 Moncada;8. Hurtos;enero-marzo 2024;39
46171 Moncada;9. Sustracciones de vehículos;enero-marzo 2024;2
46171 Moncada;10. Tráfico de drogas;enero-marzo 2024;0
46171 Moncada;11. Resto de criminalidad convencional;enero-marzo 2024;97
46171 Moncada;II. CIBERCRIMINALIDAD (infracciones penales cometidas en/por medio ciber);enero-marzo 2024;59
46171 Moncada;12.-Estafas informáticas;enero-marzo 2024;53
46171 Moncada;13.-Otros ciberdelitos;enero-marzo 2024;6
46171 Moncada;III. TOTAL INFRACCIONES PENALES;enero-marzo 2024;233
46181 Oliva;I. CRIMINALIDAD CONVENCIONAL;enero-marzo 2024;268
46181 Oliva;1. Homicidios dolosos y asesinatos consumados;enero-marzo 2024;0
46181 Oliva;2. Homicidios dolosos y asesinatos en grado tentativa;enero-marzo 2024;0
46181 Oliva;3. Delitos graves y menos graves de lesiones y riña tumultuaria;enero-marzo 2024;6
46181 Oliva;4. Secuestro;enero-marzo 2024;0
46181 Oliva;5. Delitos contra la libertad sexual;enero-marzo 2024;1
46181 Oliva;5.1.-Agresión sexual con penetración;enero-marzo 2024;0
46181 Oliva;5.2.-Resto de delitos contra la libertad sexual;enero-marzo 2024;1
46181 Oliva;6. Robos con violencia e intimidación;enero-marzo 2024;5
46181 Oliva;7. Robos con fuerza en domicilios, establecimientos y otras instalaciones;enero-marzo 2024;35
46181 Oliva;7.1.-Robos con fuerza en domicilios;enero-marzo 2024;32
46181 Oliva;8. Hurtos;enero-marzo 2024;70
46181 Oliva;9. Sustracciones de vehículos;enero-marzo 2024;3
46181 Oliva;10. Tráfico de drogas;enero-marzo 2024;2
46181 Oliva;11. Resto de criminalidad convencional;enero-marzo 2024;146
46181 Oliva;II. CIBERCRIMINALIDAD (infracciones penales cometidas en/por medio ciber);enero-marzo 2024;65
46181 Oliva;12.-Estafas informáticas;enero-marzo 2024;58
46181 Oliva;13.-Otros ciberdelitos;enero-marzo 2024;7
46181 Oliva;III. TOTAL INFRACCIONES PENALES;enero-marzo 2024;333
46184 Ontinyent;I. CRIMINALIDAD CONVENCIONAL;enero-marzo 2024;179
46184 Ontinyent;1. Homicidios dolosos y asesinatos consumados;enero-marzo 2024;0
46184 Ontinyent;2. Homicidios dolosos y asesinatos en grado tentativa;enero-marzo 2024;0
46184 Ontinyent;3. Delitos graves y menos graves de lesiones y riña tumultuaria;enero-marzo 2024;2
46184 Ontinyent;4. Secuestro;enero-marzo 2024;0
46184 Ontinyent;5. Delitos contra la libertad sexual;enero-marzo 2024;3
46184 Ontinyent;5.1.-Agresión sexual con penetración;enero-marzo 2024;2
46184 Ontinyent;5.2.-Resto de delitos contra la libertad sexual;enero-marzo 2024;1
46184 Ontinyent;6. Robos con violencia e intimidación;enero-marzo 2024;5
46184 Ontinyent;7. Robos con fuerza en domicilios, establecimientos y otras instalaciones;enero-marzo 2024;20
46184 Ontinyent;7.1.-Robos con fuerza en domicilios;enero-marzo 2024;19
46184 Ontinyent;8. Hurtos;enero-marzo 2024;39
46184 Ontinyent;9. Sustracciones de vehículos;enero-marzo 2024;5
46184 Ontinyent;10. Tráfico de drogas;enero-marzo 2024;3
46184 Ontinyent;11. Resto de criminalidad convencional;enero-marzo 2024;102
46184 Ontinyent;II. CIBERCRIMINALIDAD (infracciones penales cometidas en/por medio ciber);enero-marzo 2024;86
46184 Ontinyent;12.-Estafas informáticas;enero-marzo 2024;84
46184 Ontinyent;13.-Otros ciberdelitos;enero-marzo 2024;2
46184 Ontinyent;III. TOTAL INFRACCIONES PENALES;enero-marzo 2024;265
46186 Paiporta;I. CRIMINALIDAD CONVENCIONAL;enero-marzo 2024;181
46186 Paiporta;1. Homicidios dolosos y asesinatos consumados;enero-marzo 2024;0
46186 Paiporta;2. Homicidios dolosos y asesinatos en grado tentativa;enero-marzo 2024;0
46186 Paiporta;3. Delitos graves y menos graves de lesiones y riña tumultuaria;enero-marzo 2024;7
46186 Paiporta;4. Secuestro;enero-marzo 2024;0
46186 Paiporta;5. Delitos contra la libertad sexual;enero-marzo 2024;2
46186 Paiporta;5.1.-Agresión sexual con penetración;enero-marzo 2024;0
46186 Paiporta;5.2.-Resto de delitos contra la libertad sexual;enero-marzo 2024;2
46186 Paiporta;6. Robos con violencia e intimidación;enero-marzo 2024;1
46186 Paiporta;7. Robos con fuerza en domicilios, establecimientos y otras instalaciones;enero-marzo 2024;14
46186 Paiporta;7.1.-Robos con fuerza en domicilios;enero-marzo 2024;10
46186 Paiporta;8. Hurtos;enero-marzo 2024;43
46186 Paiporta;9. Sustracciones de vehículos;enero-marzo 2024;2
46186 Paiporta;10. Tráfico de drogas;enero-marzo 2024;2
46186 Paiporta;11. Resto de criminalidad convencional;enero-marzo 2024;110
46186 Paiporta;II. CIBERCRIMINALIDAD (infracciones penales cometidas en/por medio ciber);enero-marzo 2024;47
46186 Paiporta;12.-Estafas informáticas;enero-marzo 2024;41
46186 Paiporta;13.-Otros ciberdelitos;enero-marzo 2024;6
46186 Paiporta;III. TOTAL INFRACCIONES PENALES;enero-marzo 2024;228
46190 Paterna;I. CRIMINALIDAD CONVENCIONAL;enero-marzo 2024;750
46190 Paterna;1. Homicidios dolosos y asesinatos consumados;enero-marzo 2024;0
46190 Paterna;2. Homicidios dolosos y asesinatos en grado tentativa;enero-marzo 2024;0
46190 Paterna;3. Delitos graves y menos graves de lesiones y riña tumultuaria;enero-marzo 2024;7
46190 Paterna;4. Secuestro;enero-marzo 2024;0
46190 Paterna;5. Delitos contra la libertad sexual;enero-marzo 2024;3
46190 Paterna;5.1.-Agresión sexual con penetración;enero-marzo 2024;1
46190 Paterna;5.2.-Resto de delitos contra la libertad sexual;enero-marzo 2024;2
46190 Paterna;6. Robos con violencia e intimidación;enero-marzo 2024;30
46190 Paterna;7. Robos con fuerza en domicilios, establecimientos y otras instalaciones;enero-marzo 2024;106
46190 Paterna;7.1.-Robos con fuerza en domicilios;enero-marzo 2024;73
46190 Paterna;8. Hurtos;enero-marzo 2024;167
46190 Paterna;9. Sustracciones de vehículos;enero-marzo 2024;16
46190 Paterna;10. Tráfico de drogas;enero-marzo 2024;2
46190 Paterna;11. Resto de criminalidad convencional;enero-marzo 2024;419
46190 Paterna;II. CIBERCRIMINALIDAD (infracciones penales cometidas en/por medio ciber);enero-marzo 2024;195
46190 Paterna;12.-Estafas informáticas;enero-marzo 2024;179
46190 Paterna;13.-Otros ciberdelitos;enero-marzo 2024;16
46190 Paterna;III. TOTAL INFRACCIONES PENALES;enero-marzo 2024;945
46194 Picassent;I. CRIMINALIDAD CONVENCIONAL;enero-marzo 2024;252
46194 Picassent;1. Homicidios dolosos y asesinatos consumados;enero-marzo 2024;0
46194 Picassent;2. Homicidios dolosos y asesinatos en grado tentativa;enero-marzo 2024;0
46194 Picassent;3. Delitos graves y menos graves de lesiones y riña tumultuaria;enero-marzo 2024;6
46194 Picassent;4. Secuestro;enero-marzo 2024;0
46194 Picassent;5. Delitos contra la libertad sexual;enero-marzo 2024;0
46194 Picassent;5.1.-Agresión sexual con penetración;enero-marzo 2024;0
46194 Picassent;5.2.-Resto de delitos contra la libertad sexual;enero-marzo 2024;0
46194 Picassent;6. Robos con violencia e intimidación;enero-marzo 2024;5
46194 Picassent;7. Robos con fuerza en domicilios, establecimientos y otras instalaciones;enero-marzo 2024;16
46194 Picassent;7.1.-Robos con fuerza en domicilios;enero-marzo 2024;14
46194 Picassent;8. Hurtos;enero-marzo 2024;61
46194 Picassent;9. Sustracciones de vehículos;enero-marzo 2024;3
46194 Picassent;10. Tráfico de drogas;enero-marzo 2024;10
46194 Picassent;11. Resto de criminalidad convencional;enero-marzo 2024;151
46194 Picassent;II. CIBERCRIMINALIDAD (infracciones penales cometidas en/por medio ciber);enero-marzo 2024;23
46194 Picassent;12.-Estafas informáticas;enero-marzo 2024;21
46194 Picassent;13.-Otros ciberdelitos;enero-marzo 2024;2
46194 Picassent;III. TOTAL INFRACCIONES PENALES;enero-marzo 2024;275
46202 Pobla de Vallbona (la);I. CRIMINALIDAD CONVENCIONAL;enero-marzo 2024;210
46202 Pobla de Vallbona (la);1. Homicidios dolosos y asesinatos consumados;enero-marzo 2024;0
46202 Pobla de Vallbona (la);2. Homicidios dolosos y asesinatos en grado tentativa;enero-marzo 2024;0
46202 Pobla de Vallbona (la);3. Delitos graves y menos graves de lesiones y riña tumultuaria;enero-marzo 2024;5
46202 Pobla de Vallbona (la);4. Secuestro;enero-marzo 2024;0
46202 Pobla de Vallbona (la);5. Delitos contra la libertad sexual;enero-marzo 2024;0
46202 Pobla de Vallbona (la);5.1.-Agresión sexual con penetración;enero-marzo 2024;0
46202 Pobla de Vallbona (la);5.2.-Resto de delitos contra la libertad sexual;enero-marzo 2024;0
46202 Pobla de Vallbona (la);6. Robos con violencia e intimidación;enero-marzo 2024;1
46202 Pobla de Vallbona (la);7. Robos con fuerza en domicilios, establecimientos y otras instalaciones;enero-marzo 2024;42
46202 Pobla de Vallbona (la);7.1.-Robos con fuerza en domicilios;enero-marzo 2024;41
46202 Pobla de Vallbona (la);8. Hurtos;enero-marzo 2024;34
46202 Pobla de Vallbona (la);9. Sustracciones de vehículos;enero-marzo 2024;3
46202 Pobla de Vallbona (la);10. Tráfico de drogas;enero-marzo 2024;1
46202 Pobla de Vallbona (la);11. Resto de criminalidad convencional;enero-marzo 2024;124
46202 Pobla de Vallbona (la);II. CIBERCRIMINALIDAD (infracciones penales cometidas en/por medio ciber);enero-marzo 2024;81
46202 Pobla de Vallbona (la);12.-Estafas informáticas;enero-marzo 2024;72
46202 Pobla de Vallbona (la);13.-Otros ciberdelitos;enero-marzo 2024;9
46202 Pobla de Vallbona (la);III. TOTAL INFRACCIONES PENALES;enero-marzo 2024;291
46205 Puçol;I. CRIMINALIDAD CONVENCIONAL;enero-marzo 2024;149
46205 Puçol;1. Homicidios dolosos y asesinatos consumados;enero-marzo 2024;0
46205 Puçol;2. Homicidios dolosos y asesinatos en grado tentativa;enero-marzo 2024;0
46205 Puçol;3. Delitos graves y menos graves de lesiones y riña tumultuaria;enero-marzo 2024;2
46205 Puçol;4. Secuestro;enero-marzo 2024;0
46205 Puçol;5. Delitos contra la libertad sexual;enero-marzo 2024;0
46205 Puçol;5.1.-Agresión sexual con penetración;enero-marzo 2024;0
46205 Puçol;5.2.-Resto de delitos contra la libertad sexual;enero-marzo 2024;0
46205 Puçol;6. Robos con violencia e intimidación;enero-marzo 2024;3
46205 Puçol;7. Robos con fuerza en domicilios, establecimientos y otras instalaciones;enero-marzo 2024;11
46205 Puçol;7.1.-Robos con fuerza en domicilios;enero-marzo 2024;11
46205 Puçol;8. Hurtos;enero-marzo 2024;41
46205 Puçol;9. Sustracciones de vehículos;enero-marzo 2024;0
46205 Puçol;10. Tráfico de drogas;enero-marzo 2024;1
46205 Puçol;11. Resto de criminalidad convencional;enero-marzo 2024;91
46205 Puçol;II. CIBERCRIMINALIDAD (infracciones penales cometidas en/por medio ciber);enero-marzo 2024;14
46205 Puçol;12.-Estafas informáticas;enero-marzo 2024;9
46205 Puçol;13.-Otros ciberdelitos;enero-marzo 2024;5
46205 Puçol;III. TOTAL INFRACCIONES PENALES;enero-marzo 2024;163
46102 Quart de Poblet;I. CRIMINALIDAD CONVENCIONAL;enero-marzo 2024;217
46102 Quart de Poblet;1. Homicidios dolosos y asesinatos consumados;enero-marzo 2024;2
46102 Quart de Poblet;2. Homicidios dolosos y asesinatos en grado tentativa;enero-marzo 2024;0
46102 Quart de Poblet;3. Delitos graves y menos graves de lesiones y riña tumultuaria;enero-marzo 2024;1
46102 Quart de Poblet;4. Secuestro;enero-marzo 2024;0
46102 Quart de Poblet;5. Delitos contra la libertad sexual;enero-marzo 2024;3
46102 Quart de Poblet;5.1.-Agresión sexual con penetración;enero-marzo 2024;0
46102 Quart de Poblet;5.2.-Resto de delitos contra la libertad sexual;enero-marzo 2024;3
46102 Quart de Poblet;6. Robos con violencia e intimidación;enero-marzo 2024;6
46102 Quart de Poblet;7. Robos con fuerza en domicilios, establecimientos y otras instalaciones;enero-marzo 2024;12
46102 Quart de Poblet;7.1.-Robos con fuerza en domicilios;enero-marzo 2024;2
46102 Quart de Poblet;8. Hurtos;enero-marzo 2024;57
46102 Quart de Poblet;9. Sustracciones de vehículos;enero-marzo 2024;6
46102 Quart de Poblet;10. Tráfico de drogas;enero-marzo 2024;2
46102 Quart de Poblet;11. Resto de criminalidad convencional;enero-marzo 2024;128
46102 Quart de Poblet;II. CIBERCRIMINALIDAD (infracciones penales cometidas en/por medio ciber);enero-marzo 2024;66
46102 Quart de Poblet;12.-Estafas informáticas;enero-marzo 2024;55
46102 Quart de Poblet;13.-Otros ciberdelitos;enero-marzo 2024;11
46102 Quart de Poblet;III. TOTAL INFRACCIONES PENALES;enero-marzo 2024;283
46213 Requena;I. CRIMINALIDAD CONVENCIONAL;enero-marzo 2024;300
46213 Requena;1. Homicidios dolosos y asesinatos consumados;enero-marzo 2024;0
46213 Requena;2. Homicidios dolosos y asesinatos en grado tentativa;enero-marzo 2024;0
46213 Requena;3. Delitos graves y menos graves de lesiones y riña tumultuaria;enero-marzo 2024;5
46213 Requena;4. Secuestro;enero-marzo 2024;0
46213 Requena;5. Delitos contra la libertad sexual;enero-marzo 2024;1
46213 Requena;5.1.-Agresión sexual con penetración;enero-marzo 2024;0
46213 Requena;5.2.-Resto de delitos contra la libertad sexual;enero-marzo 2024;1
46213 Requena;6. Robos con violencia e intimidación;enero-marzo 2024;1
46213 Requena;7. Robos con fuerza en domicilios, establecimientos y otras instalaciones;enero-marzo 2024;27
46213 Requena;7.1.-Robos con fuerza en domicilios;enero-marzo 2024;22
46213 Requena;8. Hurtos;enero-marzo 2024;62
46213 Requena;9. Sustracciones de vehículos;enero-marzo 2024;1
46213 Requena;10. Tráfico de drogas;enero-marzo 2024;0
46213 Requena;11. Resto de criminalidad convencional;enero-marzo 2024;203
46213 Requena;II. CIBERCRIMINALIDAD (infracciones penales cometidas en/por medio ciber);enero-marzo 2024;52
46213 Requena;12.-Estafas informáticas;enero-marzo 2024;45
46213 Requena;13.-Otros ciberdelitos;enero-marzo 2024;7
46213 Requena;III. TOTAL INFRACCIONES PENALES;enero-marzo 2024;352
46214 Riba-roja de Túria;I. CRIMINALIDAD CONVENCIONAL;enero-marzo 2024;277
46214 Riba-roja de Túria;1. Homicidios dolosos y asesinatos consumados;enero-marzo 2024;0
46214 Riba-roja de Túria;2. Homicidios dolosos y asesinatos en grado tentativa;enero-marzo 2024;0
46214 Riba-roja de Túria;3. Delitos graves y menos graves de lesiones y riña tumultuaria;enero-marzo 2024;4
46214 Riba-roja de Túria;4. Secuestro;enero-marzo 2024;0
46214 Riba-roja de Túria;5. Delitos contra la libertad sexual;enero-marzo 2024;1
46214 Riba-roja de Túria;5.1.-Agresión sexual con penetración;enero-marzo 2024;1
46214 Riba-roja de Túria;5.2.-Resto de delitos contra la libertad sexual;enero-marzo 2024;0
46214 Riba-roja de Túria;6. Robos con violencia e intimidación;enero-marzo 2024;2
46214 Riba-roja de Túria;7. Robos con fuerza en domicilios, establecimientos y otras instalaciones;enero-marzo 2024;16
46214 Riba-roja de Túria;7.1.-Robos con fuerza en domicilios;enero-marzo 2024;13
46214 Riba-roja de Túria;8. Hurtos;enero-marzo 2024;61
46214 Riba-roja de Túria;9. Sustracciones de vehículos;enero-marzo 2024;3
46214 Riba-roja de Túria;10. Tráfico de drogas;enero-marzo 2024;4
46214 Riba-roja de Túria;11. Resto de criminalidad convencional;enero-marzo 2024;186
46214 Riba-roja de Túria;II. CIBERCRIMINALIDAD (infracciones penales cometidas en/por medio ciber);enero-marzo 2024;66
46214 Riba-roja de Túria;12.-Estafas informáticas;enero-marzo 2024;50
46214 Riba-roja de Túria;13.-Otros ciberdelitos;enero-marzo 2024;16
46214 Riba-roja de Túria;III. TOTAL INFRACCIONES PENALES;enero-marzo 2024;343
46220 Sagunto/Sagunt;I. CRIMINALIDAD CONVENCIONAL;enero-marzo 2024;737
46220 Sagunto/Sagunt;1. Homicidios dolosos y asesinatos consumados;enero-marzo 2024;1
46220 Sagunto/Sagunt;2. Homicidios dolosos y asesinatos en grado tentativa;enero-marzo 2024;1
46220 Sagunto/Sagunt;3. Delitos graves y menos graves de lesiones y riña tumultuaria;enero-marzo 2024;16
46220 Sagunto/Sagunt;4. Secuestro;enero-marzo 2024;0
46220 Sagunto/Sagunt;5. Delitos contra la libertad sexual;enero-marzo 2024;8
46220 Sagunto/Sagunt;5.1.-Agresión sexual con penetración;enero-marzo 2024;2
46220 Sagunto/Sagunt;5.2.-Resto de delitos contra la libertad sexual;enero-marzo 2024;6
46220 Sagunto/Sagunt;6. Robos con violencia e intimidación;enero-marzo 2024;21
46220 Sagunto/Sagunt;7. Robos con fuerza en domicilios, establecimientos y otras instalaciones;enero-marzo 2024;57
46220 Sagunto/Sagunt;7.1.-Robos con fuerza en domicilios;enero-marzo 2024;45
46220 Sagunto/Sagunt;8. Hurtos;enero-marzo 2024;225
46220 Sagunto/Sagunt;9. Sustracciones de vehículos;enero-marzo 2024;12
46220 Sagunto/Sagunt;10. Tráfico de drogas;enero-marzo 2024;5
46220 Sagunto/Sagunt;11. Resto de criminalidad convencional;enero-marzo 2024;391
46220 Sagunto/Sagunt;II. CIBERCRIMINALIDAD (infracciones penales cometidas en/por medio ciber);enero-marzo 2024;93
46220 Sagunto/Sagunt;12.-Estafas informáticas;enero-marzo 2024;84
46220 Sagunto/Sagunt;13.-Otros ciberdelitos;enero-marzo 2024;9
46220 Sagunto/Sagunt;III. TOTAL INFRACCIONES PENALES;enero-marzo 2024;830
46235 Sueca;I. CRIMINALIDAD CONVENCIONAL;enero-marzo 2024;376
46235 Sueca;1. Homicidios dolosos y asesinatos consumados;enero-marzo 2024;0
46235 Sueca;2. Homicidios dolosos y asesinatos en grado tentativa;enero-marzo 2024;0
46235 Sueca;3. Delitos graves y menos graves de lesiones y riña tumultuaria;enero-marzo 2024;5
46235 Sueca;4. Secuestro;enero-marzo 2024;0
46235 Sueca;5. Delitos contra la libertad sexual;enero-marzo 2024;7
46235 Sueca;5.1.-Agresión sexual con penetración;enero-marzo 2024;2
46235 Sueca;5.2.-Resto de delitos contra la libertad sexual;enero-marzo 2024;5
46235 Sueca;6. Robos con violencia e intimidación;enero-marzo 2024;5
46235 Sueca;7. Robos con fuerza en domicilios, establecimientos y otras instalaciones;enero-marzo 2024;30
46235 Sueca;7.1.-Robos con fuerza en domicilios;enero-marzo 2024;19
46235 Sueca;8. Hurtos;enero-marzo 2024;76
46235 Sueca;9. Sustracciones de vehículos;enero-marzo 2024;5
46235 Sueca;10. Tráfico de drogas;enero-marzo 2024;1
46235 Sueca;11. Resto de criminalidad convencional;enero-marzo 2024;247
46235 Sueca;II. CIBERCRIMINALIDAD (infracciones penales cometidas en/por medio ciber);enero-marzo 2024;67
46235 Sueca;12.-Estafas informáticas;enero-marzo 2024;59
46235 Sueca;13.-Otros ciberdelitos;enero-marzo 2024;8
46235 Sueca;III. TOTAL INFRACCIONES PENALES;enero-marzo 2024;443
46244 Torrent;I. CRIMINALIDAD CONVENCIONAL;enero-marzo 2024;876
46244 Torrent;1. Homicidios dolosos y asesinatos consumados;enero-marzo 2024;0
46244 Torrent;2. Homicidios dolosos y asesinatos en grado tentativa;enero-marzo 2024;1
46244 Torrent;3. Delitos graves y menos graves de lesiones y riña tumultuaria;enero-marzo 2024;7
46244 Torrent;4. Secuestro;enero-marzo 2024;0
46244 Torrent;5. Delitos contra la libertad sexual;enero-marzo 2024;8
46244 Torrent;5.1.-Agresión sexual con penetración;enero-marzo 2024;3
46244 Torrent;5.2.-Resto de delitos contra la libertad sexual;enero-marzo 2024;5
46244 Torrent;6. Robos con violencia e intimidación;enero-marzo 2024;21
46244 Torrent;7. Robos con fuerza en domicilios, establecimientos y otras instalaciones;enero-marzo 2024;58
46244 Torrent;7.1.-Robos con fuerza en domicilios;enero-marzo 2024;46
46244 Torrent;8. Hurtos;enero-marzo 2024;252
46244 Torrent;9. Sustracciones de vehículos;enero-marzo 2024;15
46244 Torrent;10. Tráfico de drogas;enero-marzo 2024;9
46244 Torrent;11. Resto de criminalidad convencional;enero-marzo 2024;505
46244 Torrent;II. CIBERCRIMINALIDAD (infracciones penales cometidas en/por medio ciber);enero-marzo 2024;222
46244 Torrent;12.-Estafas informáticas;enero-marzo 2024;193
46244 Torrent;13.-Otros ciberdelitos;enero-marzo 2024;29
46244 Torrent;III. TOTAL INFRACCIONES PENALES;enero-marzo 2024;1.098
46250 Valencia;I. CRIMINALIDAD CONVENCIONAL;enero-marzo 2024;14.223
46250 Valencia;1. Homicidios dolosos y asesinatos consumados;enero-marzo 2024;7
46250 Valencia;2. Homicidios dolosos y asesinatos en grado tentativa;enero-marzo 2024;7
46250 Valencia;3. Delitos graves y menos graves de lesiones y riña tumultuaria;enero-marzo 2024;152
46250 Valencia;4. Secuestro;enero-marzo 2024;0
46250 Valencia;5. Delitos contra la libertad sexual;enero-marzo 2024;76
46250 Valencia;5.1.-Agresión sexual con penetración;enero-marzo 2024;20
46250 Valencia;5.2.-Resto de delitos contra la libertad sexual;enero-marzo 2024;56
46250 Valencia;6. Robos con violencia e intimidación;enero-marzo 2024;591
46250 Valencia;7. Robos con fuerza en domicilios, establecimientos y otras instalaciones;enero-marzo 2024;596
46250 Valencia;7.1.-Robos con fuerza en domicilios;enero-marzo 2024;462
46250 Valencia;8. Hurtos;enero-marzo 2024;6.131
46250 Valencia;9. Sustracciones de vehículos;enero-marzo 2024;157
46250 Valencia;10. Tráfico de drogas;enero-marzo 2024;215
46250 Valencia;11. Resto de criminalidad convencional;enero-marzo 2024;6.291
46250 Valencia;II. CIBERCRIMINALIDAD (infracciones penales cometidas en/por medio ciber);enero-marzo 2024;2.420
46250 Valencia;12.-Estafas informáticas;enero-marzo 2024;2.167
46250 Valencia;13.-Otros ciberdelitos;enero-marzo 2024;253
46250 Valencia;III. TOTAL INFRACCIONES PENALES;enero-marzo 2024;16.643
46145 Xàtiva;I. CRIMINALIDAD CONVENCIONAL;enero-marzo 2024;244
46145 Xàtiva;1. Homicidios dolosos y asesinatos consumados;enero-marzo 2024;0
46145 Xàtiva;2. Homicidios dolosos y asesinatos en grado tentativa;enero-marzo 2024;0
46145 Xàtiva;3. Delitos graves y menos graves de lesiones y riña tumultuaria;enero-marzo 2024;3
46145 Xàtiva;4. Secuestro;enero-marzo 2024;0
46145 Xàtiva;5. Delitos contra la libertad sexual;enero-marzo 2024;1
46145 Xàtiva;5.1.-Agresión sexual con penetración;enero-marzo 2024;1
46145 Xàtiva;5.2.-Resto de delitos contra la libertad sexual;enero-marzo 2024;0
46145 Xàtiva;6. Robos con violencia e intimidación;enero-marzo 2024;4
46145 Xàtiva;7. Robos con fuerza en domicilios, establecimientos y otras instalaciones;enero-marzo 2024;13
46145 Xàtiva;7.1.-Robos con fuerza en domicilios;enero-marzo 2024;11
46145 Xàtiva;8. Hurtos;enero-marzo 2024;76
46145 Xàtiva;9. Sustracciones de vehículos;enero-marzo 2024;1
46145 Xàtiva;10. Tráfico de drogas;enero-marzo 2024;2
46145 Xàtiva;11. Resto de criminalidad convencional;enero-marzo 2024;144
46145 Xàtiva;II. CIBERCRIMINALIDAD (infracciones penales cometidas en/por medio ciber);enero-marzo 2024;60
46145 Xàtiva;12.-Estafas informáticas;enero-marzo 2024;52
46145 Xàtiva;13.-Otros ciberdelitos;enero-marzo 2024;8
46145 Xàtiva;III. TOTAL INFRACCIONES PENALES;enero-marzo 2024;304
46110 Xirivella;I. CRIMINALIDAD CONVENCIONAL;enero-marzo 2024;312
46110 Xirivella;1. Homicidios dolosos y asesinatos consumados;enero-marzo 2024;0
46110 Xirivella;2. Homicidios dolosos y asesinatos en grado tentativa;enero-marzo 2024;1
46110 Xirivella;3. Delitos graves y menos graves de lesiones y riña tumultuaria;enero-marzo 2024;4
46110 Xirivella;4. Secuestro;enero-marzo 2024;0
46110 Xirivella;5. Delitos contra la libertad sexual;enero-marzo 2024;4
46110 Xirivella;5.1.-Agresión sexual con penetración;enero-marzo 2024;1
46110 Xirivella;5.2.-Resto de delitos contra la libertad sexual;enero-marzo 2024;3
46110 Xirivella;6. Robos con violencia e intimidación;enero-marzo 2024;5
46110 Xirivella;7. Robos con fuerza en domicilios, establecimientos y otras instalaciones;enero-marzo 2024;4
46110 Xirivella;7.1.-Robos con fuerza en domicilios;enero-marzo 2024;3
46110 Xirivella;8. Hurtos;enero-marzo 2024;104
46110 Xirivella;9. Sustracciones de vehículos;enero-marzo 2024;3
46110 Xirivella;10. Tráfico de drogas;enero-marzo 2024;2
46110 Xirivella;11. Resto de criminalidad convencional;enero-marzo 2024;185
46110 Xirivella;II. CIBERCRIMINALIDAD (infracciones penales cometidas en/por medio ciber);enero-marzo 2024;89
46110 Xirivella;12.-Estafas informáticas;enero-marzo 2024;83
46110 Xirivella;13.-Otros ciberdelitos;enero-marzo 2024;6
46110 Xirivella;III. TOTAL INFRACCIONES PENALES;enero-marzo 2024;401
