Geografía;Tipología penal;Periodos:;Total
Provincia de ALICANTE/ALACANT;I. CRIMINALIDAD CONVENCIONAL;Enero-junio 2023;41.381
Provincia de ALICANTE/ALACANT;1. Homicidios dolosos y asesinatos consumados;Enero-junio 2023;4
Provincia de ALICANTE/ALACANT;2. Homicidios dolosos y asesinatos en grado tentativa;Enero-junio 2023;33
Provincia de ALICANTE/ALACANT;3. Delitos graves y menos graves de lesiones y riña tumultuaria;Enero-junio 2023;557
Provincia de ALICANTE/ALACANT;4. Secuestro;Enero-junio 2023;0
Provincia de ALICANTE/ALACANT;5. Delitos contra la libertad sexual;Enero-junio 2023;447
Provincia de ALICANTE/ALACANT;5.1.-Agresión sexual con penetración;Enero-junio 2023;97
Provincia de ALICANTE/ALACANT;5.2.-Resto de delitos contra la libertad sexual;Enero-junio 2023;350
Provincia de ALICANTE/ALACANT;6. Robos con violencia e intimidación;Enero-junio 2023;958
Provincia de ALICANTE/ALACANT;7. Robos con fuerza en domicilios, establecimientos y otras instalaciones;Enero-junio 2023;3.572
Provincia de ALICANTE/ALACANT;7.1.-Robos con fuerza en domicilios;Enero-junio 2023;2.928
Provincia de ALICANTE/ALACANT;8. Hurtos;Enero-junio 2023;12.473
Provincia de ALICANTE/ALACANT;9. Sustracciones de vehículos;Enero-junio 2023;655
Provincia de ALICANTE/ALACANT;10. Tráfico de drogas;Enero-junio 2023;574
Provincia de ALICANTE/ALACANT;11. Resto de criminalidad convencional;Enero-junio 2023;22.108
Provincia de ALICANTE/ALACANT;II. CIBERCRIMINALIDAD (infracciones penales cometidas en/por medio ciber);Enero-junio 2023;8.381
Provincia de ALICANTE/ALACANT;12.-Estafas informáticas;Enero-junio 2023;7.297
Provincia de ALICANTE/ALACANT;13.-Otros ciberdelitos;Enero-junio 2023;1.084
Provincia de ALICANTE/ALACANT;III. TOTAL INFRACCIONES PENALES;Enero-junio 2023;49.762
-Municipio de Alcoy/Alcoi;I. CRIMINALIDAD CONVENCIONAL;Enero-junio 2023;782
-Municipio de Alcoy/Alcoi;1. Homicidios dolosos y asesinatos consumados;Enero-junio 2023;0
-Municipio de Alcoy/Alcoi;2. Homicidios dolosos y asesinatos en grado tentativa;Enero-junio 2023;0
-Municipio de Alcoy/Alcoi;3. Delitos graves y menos graves de lesiones y riña tumultuaria;Enero-junio 2023;2
-Municipio de Alcoy/Alcoi;4. Secuestro;Enero-junio 2023;0
-Municipio de Alcoy/Alcoi;5. Delitos contra la libertad sexual;Enero-junio 2023;4
-Municipio de Alcoy/Alcoi;5.1.-Agresión sexual con penetración;Enero-junio 2023;0
-Municipio de Alcoy/Alcoi;5.2.-Resto de delitos contra la libertad sexual;Enero-junio 2023;4
-Municipio de Alcoy/Alcoi;6. Robos con violencia e intimidación;Enero-junio 2023;12
-Municipio de Alcoy/Alcoi;7. Robos con fuerza en domicilios, establecimientos y otras instalaciones;Enero-junio 2023;75
-Municipio de Alcoy/Alcoi;7.1.-Robos con fuerza en domicilios;Enero-junio 2023;55
-Municipio de Alcoy/Alcoi;8. Hurtos;Enero-junio 2023;186
-Municipio de Alcoy/Alcoi;9. Sustracciones de vehículos;Enero-junio 2023;33
-Municipio de Alcoy/Alcoi;10. Tráfico de drogas;Enero-junio 2023;3
-Municipio de Alcoy/Alcoi;11. Resto de criminalidad convencional;Enero-junio 2023;467
-Municipio de Alcoy/Alcoi;II. CIBERCRIMINALIDAD (infracciones penales cometidas en/por medio ciber);Enero-junio 2023;248
-Municipio de Alcoy/Alcoi;12.-Estafas informáticas;Enero-junio 2023;208
-Municipio de Alcoy/Alcoi;13.-Otros ciberdelitos;Enero-junio 2023;40
-Municipio de Alcoy/Alcoi;III. TOTAL INFRACCIONES PENALES;Enero-junio 2023;1.030
-Municipio de L'Alfàs del Pi;I. CRIMINALIDAD CONVENCIONAL;Enero-junio 2023;516
-Municipio de L'Alfàs del Pi;1. Homicidios dolosos y asesinatos consumados;Enero-junio 2023;0
-Municipio de L'Alfàs del Pi;2. Homicidios dolosos y asesinatos en grado tentativa;Enero-junio 2023;0
-Municipio de L'Alfàs del Pi;3. Delitos graves y menos graves de lesiones y riña tumultuaria;Enero-junio 2023;2
-Municipio de L'Alfàs del Pi;4. Secuestro;Enero-junio 2023;0
-Municipio de L'Alfàs del Pi;5. Delitos contra la libertad sexual;Enero-junio 2023;4
-Municipio de L'Alfàs del Pi;5.1.-Agresión sexual con penetración;Enero-junio 2023;1
-Municipio de L'Alfàs del Pi;5.2.-Resto de delitos contra la libertad sexual;Enero-junio 2023;3
-Municipio de L'Alfàs del Pi;6. Robos con violencia e intimidación;Enero-junio 2023;11
-Municipio de L'Alfàs del Pi;7. Robos con fuerza en domicilios, establecimientos y otras instalaciones;Enero-junio 2023;71
-Municipio de L'Alfàs del Pi;7.1.-Robos con fuerza en domicilios;Enero-junio 2023;57
-Municipio de L'Alfàs del Pi;8. Hurtos;Enero-junio 2023;163
-Municipio de L'Alfàs del Pi;9. Sustracciones de vehículos;Enero-junio 2023;6
-Municipio de L'Alfàs del Pi;10. Tráfico de drogas;Enero-junio 2023;3
-Municipio de L'Alfàs del Pi;11. Resto de criminalidad convencional;Enero-junio 2023;256
-Municipio de L'Alfàs del Pi;II. CIBERCRIMINALIDAD (infracciones penales cometidas en/por medio ciber);Enero-junio 2023;84
-Municipio de L'Alfàs del Pi;12.-Estafas informáticas;Enero-junio 2023;73
-Municipio de L'Alfàs del Pi;13.-Otros ciberdelitos;Enero-junio 2023;11
-Municipio de L'Alfàs del Pi;III. TOTAL INFRACCIONES PENALES;Enero-junio 2023;600
-Municipio de Alicante/Alacant;I. CRIMINALIDAD CONVENCIONAL;Enero-junio 2023;9.989
-Municipio de Alicante/Alacant;1. Homicidios dolosos y asesinatos consumados;Enero-junio 2023;2
-Municipio de Alicante/Alacant;2. Homicidios dolosos y asesinatos en grado tentativa;Enero-junio 2023;12
-Municipio de Alicante/Alacant;3. Delitos graves y menos graves de lesiones y riña tumultuaria;Enero-junio 2023;106
-Municipio de Alicante/Alacant;4. Secuestro;Enero-junio 2023;0
-Municipio de Alicante/Alacant;5. Delitos contra la libertad sexual;Enero-junio 2023;116
-Municipio de Alicante/Alacant;5.1.-Agresión sexual con penetración;Enero-junio 2023;27
-Municipio de Alicante/Alacant;5.2.-Resto de delitos contra la libertad sexual;Enero-junio 2023;89
-Municipio de Alicante/Alacant;6. Robos con violencia e intimidación;Enero-junio 2023;344
-Municipio de Alicante/Alacant;7. Robos con fuerza en domicilios, establecimientos y otras instalaciones;Enero-junio 2023;345
-Municipio de Alicante/Alacant;7.1.-Robos con fuerza en domicilios;Enero-junio 2023;249
-Municipio de Alicante/Alacant;8. Hurtos;Enero-junio 2023;3.622
-Municipio de Alicante/Alacant;9. Sustracciones de vehículos;Enero-junio 2023;176
-Municipio de Alicante/Alacant;10. Tráfico de drogas;Enero-junio 2023;171
-Municipio de Alicante/Alacant;11. Resto de criminalidad convencional;Enero-junio 2023;5.095
-Municipio de Alicante/Alacant;II. CIBERCRIMINALIDAD (infracciones penales cometidas en/por medio ciber);Enero-junio 2023;1.917
-Municipio de Alicante/Alacant;12.-Estafas informáticas;Enero-junio 2023;1.604
-Municipio de Alicante/Alacant;13.-Otros ciberdelitos;Enero-junio 2023;313
-Municipio de Alicante/Alacant;III. TOTAL INFRACCIONES PENALES;Enero-junio 2023;11.906
-Municipio de Almoradí;I. CRIMINALIDAD CONVENCIONAL;Enero-junio 2023;426
-Municipio de Almoradí;1. Homicidios dolosos y asesinatos consumados;Enero-junio 2023;0
-Municipio de Almoradí;2. Homicidios dolosos y asesinatos en grado tentativa;Enero-junio 2023;0
-Municipio de Almoradí;3. Delitos graves y menos graves de lesiones y riña tumultuaria;Enero-junio 2023;6
-Municipio de Almoradí;4. Secuestro;Enero-junio 2023;0
-Municipio de Almoradí;5. Delitos contra la libertad sexual;Enero-junio 2023;1
-Municipio de Almoradí;5.1.-Agresión sexual con penetración;Enero-junio 2023;0
-Municipio de Almoradí;5.2.-Resto de delitos contra la libertad sexual;Enero-junio 2023;1
-Municipio de Almoradí;6. Robos con violencia e intimidación;Enero-junio 2023;9
-Municipio de Almoradí;7. Robos con fuerza en domicilios, establecimientos y otras instalaciones;Enero-junio 2023;46
-Municipio de Almoradí;7.1.-Robos con fuerza en domicilios;Enero-junio 2023;33
-Municipio de Almoradí;8. Hurtos;Enero-junio 2023;123
-Municipio de Almoradí;9. Sustracciones de vehículos;Enero-junio 2023;1
-Municipio de Almoradí;10. Tráfico de drogas;Enero-junio 2023;4
-Municipio de Almoradí;11. Resto de criminalidad convencional;Enero-junio 2023;236
-Municipio de Almoradí;II. CIBERCRIMINALIDAD (infracciones penales cometidas en/por medio ciber);Enero-junio 2023;96
-Municipio de Almoradí;12.-Estafas informáticas;Enero-junio 2023;83
-Municipio de Almoradí;13.-Otros ciberdelitos;Enero-junio 2023;13
-Municipio de Almoradí;III. TOTAL INFRACCIONES PENALES;Enero-junio 2023;522
-Municipio de Altea;I. CRIMINALIDAD CONVENCIONAL;Enero-junio 2023;714
-Municipio de Altea;1. Homicidios dolosos y asesinatos consumados;Enero-junio 2023;0
-Municipio de Altea;2. Homicidios dolosos y asesinatos en grado tentativa;Enero-junio 2023;0
-Municipio de Altea;3. Delitos graves y menos graves de lesiones y riña tumultuaria;Enero-junio 2023;10
-Municipio de Altea;4. Secuestro;Enero-junio 2023;0
-Municipio de Altea;5. Delitos contra la libertad sexual;Enero-junio 2023;6
-Municipio de Altea;5.1.-Agresión sexual con penetración;Enero-junio 2023;1
-Municipio de Altea;5.2.-Resto de delitos contra la libertad sexual;Enero-junio 2023;5
-Municipio de Altea;6. Robos con violencia e intimidación;Enero-junio 2023;13
-Municipio de Altea;7. Robos con fuerza en domicilios, establecimientos y otras instalaciones;Enero-junio 2023;109
-Municipio de Altea;7.1.-Robos con fuerza en domicilios;Enero-junio 2023;86
-Municipio de Altea;8. Hurtos;Enero-junio 2023;223
-Municipio de Altea;9. Sustracciones de vehículos;Enero-junio 2023;12
-Municipio de Altea;10. Tráfico de drogas;Enero-junio 2023;3
-Municipio de Altea;11. Resto de criminalidad convencional;Enero-junio 2023;338
-Municipio de Altea;II. CIBERCRIMINALIDAD (infracciones penales cometidas en/por medio ciber);Enero-junio 2023;124
-Municipio de Altea;12.-Estafas informáticas;Enero-junio 2023;110
-Municipio de Altea;13.-Otros ciberdelitos;Enero-junio 2023;14
-Municipio de Altea;III. TOTAL INFRACCIONES PENALES;Enero-junio 2023;838
-Municipio de Aspe;I. CRIMINALIDAD CONVENCIONAL;Enero-junio 2023;325
-Municipio de Aspe;1. Homicidios dolosos y asesinatos consumados;Enero-junio 2023;1
-Municipio de Aspe;2. Homicidios dolosos y asesinatos en grado tentativa;Enero-junio 2023;1
-Municipio de Aspe;3. Delitos graves y menos graves de lesiones y riña tumultuaria;Enero-junio 2023;4
-Municipio de Aspe;4. Secuestro;Enero-junio 2023;0
-Municipio de Aspe;5. Delitos contra la libertad sexual;Enero-junio 2023;3
-Municipio de Aspe;5.1.-Agresión sexual con penetración;Enero-junio 2023;0
-Municipio de Aspe;5.2.-Resto de delitos contra la libertad sexual;Enero-junio 2023;3
-Municipio de Aspe;6. Robos con violencia e intimidación;Enero-junio 2023;5
-Municipio de Aspe;7. Robos con fuerza en domicilios, establecimientos y otras instalaciones;Enero-junio 2023;38
-Municipio de Aspe;7.1.-Robos con fuerza en domicilios;Enero-junio 2023;26
-Municipio de Aspe;8. Hurtos;Enero-junio 2023;46
-Municipio de Aspe;9. Sustracciones de vehículos;Enero-junio 2023;0
-Municipio de Aspe;10. Tráfico de drogas;Enero-junio 2023;2
-Municipio de Aspe;11. Resto de criminalidad convencional;Enero-junio 2023;225
-Municipio de Aspe;II. CIBERCRIMINALIDAD (infracciones penales cometidas en/por medio ciber);Enero-junio 2023;86
-Municipio de Aspe;12.-Estafas informáticas;Enero-junio 2023;61
-Municipio de Aspe;13.-Otros ciberdelitos;Enero-junio 2023;25
-Municipio de Aspe;III. TOTAL INFRACCIONES PENALES;Enero-junio 2023;411
-Municipio de Benidorm;I. CRIMINALIDAD CONVENCIONAL;Enero-junio 2023;2.270
-Municipio de Benidorm;1. Homicidios dolosos y asesinatos consumados;Enero-junio 2023;0
-Municipio de Benidorm;2. Homicidios dolosos y asesinatos en grado tentativa;Enero-junio 2023;4
-Municipio de Benidorm;3. Delitos graves y menos graves de lesiones y riña tumultuaria;Enero-junio 2023;89
-Municipio de Benidorm;4. Secuestro;Enero-junio 2023;0
-Municipio de Benidorm;5. Delitos contra la libertad sexual;Enero-junio 2023;31
-Municipio de Benidorm;5.1.-Agresión sexual con penetración;Enero-junio 2023;11
-Municipio de Benidorm;5.2.-Resto de delitos contra la libertad sexual;Enero-junio 2023;20
-Municipio de Benidorm;6. Robos con violencia e intimidación;Enero-junio 2023;47
-Municipio de Benidorm;7. Robos con fuerza en domicilios, establecimientos y otras instalaciones;Enero-junio 2023;78
-Municipio de Benidorm;7.1.-Robos con fuerza en domicilios;Enero-junio 2023;53
-Municipio de Benidorm;8. Hurtos;Enero-junio 2023;868
-Municipio de Benidorm;9. Sustracciones de vehículos;Enero-junio 2023;24
-Municipio de Benidorm;10. Tráfico de drogas;Enero-junio 2023;77
-Municipio de Benidorm;11. Resto de criminalidad convencional;Enero-junio 2023;1.052
-Municipio de Benidorm;II. CIBERCRIMINALIDAD (infracciones penales cometidas en/por medio ciber);Enero-junio 2023;384
-Municipio de Benidorm;12.-Estafas informáticas;Enero-junio 2023;356
-Municipio de Benidorm;13.-Otros ciberdelitos;Enero-junio 2023;28
-Municipio de Benidorm;III. TOTAL INFRACCIONES PENALES;Enero-junio 2023;2.654
-Municipio de Calp;I. CRIMINALIDAD CONVENCIONAL;Enero-junio 2023;672
-Municipio de Calp;1. Homicidios dolosos y asesinatos consumados;Enero-junio 2023;0
-Municipio de Calp;2. Homicidios dolosos y asesinatos en grado tentativa;Enero-junio 2023;0
-Municipio de Calp;3. Delitos graves y menos graves de lesiones y riña tumultuaria;Enero-junio 2023;10
-Municipio de Calp;4. Secuestro;Enero-junio 2023;0
-Municipio de Calp;5. Delitos contra la libertad sexual;Enero-junio 2023;7
-Municipio de Calp;5.1.-Agresión sexual con penetración;Enero-junio 2023;1
-Municipio de Calp;5.2.-Resto de delitos contra la libertad sexual;Enero-junio 2023;6
-Municipio de Calp;6. Robos con violencia e intimidación;Enero-junio 2023;8
-Municipio de Calp;7. Robos con fuerza en domicilios, establecimientos y otras instalaciones;Enero-junio 2023;78
-Municipio de Calp;7.1.-Robos con fuerza en domicilios;Enero-junio 2023;76
-Municipio de Calp;8. Hurtos;Enero-junio 2023;226
-Municipio de Calp;9. Sustracciones de vehículos;Enero-junio 2023;7
-Municipio de Calp;10. Tráfico de drogas;Enero-junio 2023;5
-Municipio de Calp;11. Resto de criminalidad convencional;Enero-junio 2023;331
-Municipio de Calp;II. CIBERCRIMINALIDAD (infracciones penales cometidas en/por medio ciber);Enero-junio 2023;144
-Municipio de Calp;12.-Estafas informáticas;Enero-junio 2023;130
-Municipio de Calp;13.-Otros ciberdelitos;Enero-junio 2023;14
-Municipio de Calp;III. TOTAL INFRACCIONES PENALES;Enero-junio 2023;816
-Municipio de Campello (el);I. CRIMINALIDAD CONVENCIONAL;Enero-junio 2023;522
-Municipio de Campello (el);1. Homicidios dolosos y asesinatos consumados;Enero-junio 2023;0
-Municipio de Campello (el);2. Homicidios dolosos y asesinatos en grado tentativa;Enero-junio 2023;0
-Municipio de Campello (el);3. Delitos graves y menos graves de lesiones y riña tumultuaria;Enero-junio 2023;3
-Municipio de Campello (el);4. Secuestro;Enero-junio 2023;0
-Municipio de Campello (el);5. Delitos contra la libertad sexual;Enero-junio 2023;3
-Municipio de Campello (el);5.1.-Agresión sexual con penetración;Enero-junio 2023;1
-Municipio de Campello (el);5.2.-Resto de delitos contra la libertad sexual;Enero-junio 2023;2
-Municipio de Campello (el);6. Robos con violencia e intimidación;Enero-junio 2023;9
-Municipio de Campello (el);7. Robos con fuerza en domicilios, establecimientos y otras instalaciones;Enero-junio 2023;42
-Municipio de Campello (el);7.1.-Robos con fuerza en domicilios;Enero-junio 2023;39
-Municipio de Campello (el);8. Hurtos;Enero-junio 2023;136
-Municipio de Campello (el);9. Sustracciones de vehículos;Enero-junio 2023;6
-Municipio de Campello (el);10. Tráfico de drogas;Enero-junio 2023;8
-Municipio de Campello (el);11. Resto de criminalidad convencional;Enero-junio 2023;315
-Municipio de Campello (el);II. CIBERCRIMINALIDAD (infracciones penales cometidas en/por medio ciber);Enero-junio 2023;113
-Municipio de Campello (el);12.-Estafas informáticas;Enero-junio 2023;83
-Municipio de Campello (el);13.-Otros ciberdelitos;Enero-junio 2023;30
-Municipio de Campello (el);III. TOTAL INFRACCIONES PENALES;Enero-junio 2023;635
-Municipio de Crevillent;I. CRIMINALIDAD CONVENCIONAL;Enero-junio 2023;391
-Municipio de Crevillent;1. Homicidios dolosos y asesinatos consumados;Enero-junio 2023;0
-Municipio de Crevillent;2. Homicidios dolosos y asesinatos en grado tentativa;Enero-junio 2023;2
-Municipio de Crevillent;3. Delitos graves y menos graves de lesiones y riña tumultuaria;Enero-junio 2023;11
-Municipio de Crevillent;4. Secuestro;Enero-junio 2023;0
-Municipio de Crevillent;5. Delitos contra la libertad sexual;Enero-junio 2023;12
-Municipio de Crevillent;5.1.-Agresión sexual con penetración;Enero-junio 2023;2
-Municipio de Crevillent;5.2.-Resto de delitos contra la libertad sexual;Enero-junio 2023;10
-Municipio de Crevillent;6. Robos con violencia e intimidación;Enero-junio 2023;2
-Municipio de Crevillent;7. Robos con fuerza en domicilios, establecimientos y otras instalaciones;Enero-junio 2023;28
-Municipio de Crevillent;7.1.-Robos con fuerza en domicilios;Enero-junio 2023;23
-Municipio de Crevillent;8. Hurtos;Enero-junio 2023;90
-Municipio de Crevillent;9. Sustracciones de vehículos;Enero-junio 2023;1
-Municipio de Crevillent;10. Tráfico de drogas;Enero-junio 2023;2
-Municipio de Crevillent;11. Resto de criminalidad convencional;Enero-junio 2023;243
-Municipio de Crevillent;II. CIBERCRIMINALIDAD (infracciones penales cometidas en/por medio ciber);Enero-junio 2023;71
-Municipio de Crevillent;12.-Estafas informáticas;Enero-junio 2023;53
-Municipio de Crevillent;13.-Otros ciberdelitos;Enero-junio 2023;18
-Municipio de Crevillent;III. TOTAL INFRACCIONES PENALES;Enero-junio 2023;462
-Municipio de Dénia;I. CRIMINALIDAD CONVENCIONAL;Enero-junio 2023;907
-Municipio de Dénia;1. Homicidios dolosos y asesinatos consumados;Enero-junio 2023;0
-Municipio de Dénia;2. Homicidios dolosos y asesinatos en grado tentativa;Enero-junio 2023;0
-Municipio de Dénia;3. Delitos graves y menos graves de lesiones y riña tumultuaria;Enero-junio 2023;17
-Municipio de Dénia;4. Secuestro;Enero-junio 2023;0
-Municipio de Dénia;5. Delitos contra la libertad sexual;Enero-junio 2023;12
-Municipio de Dénia;5.1.-Agresión sexual con penetración;Enero-junio 2023;2
-Municipio de Dénia;5.2.-Resto de delitos contra la libertad sexual;Enero-junio 2023;10
-Municipio de Dénia;6. Robos con violencia e intimidación;Enero-junio 2023;11
-Municipio de Dénia;7. Robos con fuerza en domicilios, establecimientos y otras instalaciones;Enero-junio 2023;107
-Municipio de Dénia;7.1.-Robos con fuerza en domicilios;Enero-junio 2023;95
-Municipio de Dénia;8. Hurtos;Enero-junio 2023;236
-Municipio de Dénia;9. Sustracciones de vehículos;Enero-junio 2023;32
-Municipio de Dénia;10. Tráfico de drogas;Enero-junio 2023;13
-Municipio de Dénia;11. Resto de criminalidad convencional;Enero-junio 2023;479
-Municipio de Dénia;II. CIBERCRIMINALIDAD (infracciones penales cometidas en/por medio ciber);Enero-junio 2023;226
-Municipio de Dénia;12.-Estafas informáticas;Enero-junio 2023;209
-Municipio de Dénia;13.-Otros ciberdelitos;Enero-junio 2023;17
-Municipio de Dénia;III. TOTAL INFRACCIONES PENALES;Enero-junio 2023;1.133
-Municipio de Elche/Elx;I. CRIMINALIDAD CONVENCIONAL;Enero-junio 2023;3.886
-Municipio de Elche/Elx;1. Homicidios dolosos y asesinatos consumados;Enero-junio 2023;0
-Municipio de Elche/Elx;2. Homicidios dolosos y asesinatos en grado tentativa;Enero-junio 2023;2
-Municipio de Elche/Elx;3. Delitos graves y menos graves de lesiones y riña tumultuaria;Enero-junio 2023;34
-Municipio de Elche/Elx;4. Secuestro;Enero-junio 2023;0
-Municipio de Elche/Elx;5. Delitos contra la libertad sexual;Enero-junio 2023;50
-Municipio de Elche/Elx;5.1.-Agresión sexual con penetración;Enero-junio 2023;9
-Municipio de Elche/Elx;5.2.-Resto de delitos contra la libertad sexual;Enero-junio 2023;41
-Municipio de Elche/Elx;6. Robos con violencia e intimidación;Enero-junio 2023;88
-Municipio de Elche/Elx;7. Robos con fuerza en domicilios, establecimientos y otras instalaciones;Enero-junio 2023;215
-Municipio de Elche/Elx;7.1.-Robos con fuerza en domicilios;Enero-junio 2023;163
-Municipio de Elche/Elx;8. Hurtos;Enero-junio 2023;1.358
-Municipio de Elche/Elx;9. Sustracciones de vehículos;Enero-junio 2023;73
-Municipio de Elche/Elx;10. Tráfico de drogas;Enero-junio 2023;78
-Municipio de Elche/Elx;11. Resto de criminalidad convencional;Enero-junio 2023;1.988
-Municipio de Elche/Elx;II. CIBERCRIMINALIDAD (infracciones penales cometidas en/por medio ciber);Enero-junio 2023;820
-Municipio de Elche/Elx;12.-Estafas informáticas;Enero-junio 2023;738
-Municipio de Elche/Elx;13.-Otros ciberdelitos;Enero-junio 2023;82
-Municipio de Elche/Elx;III. TOTAL INFRACCIONES PENALES;Enero-junio 2023;4.706
-Municipio de Elda;I. CRIMINALIDAD CONVENCIONAL;Enero-junio 2023;1.061
-Municipio de Elda;1. Homicidios dolosos y asesinatos consumados;Enero-junio 2023;0
-Municipio de Elda;2. Homicidios dolosos y asesinatos en grado tentativa;Enero-junio 2023;2
-Municipio de Elda;3. Delitos graves y menos graves de lesiones y riña tumultuaria;Enero-junio 2023;13
-Municipio de Elda;4. Secuestro;Enero-junio 2023;0
-Municipio de Elda;5. Delitos contra la libertad sexual;Enero-junio 2023;7
-Municipio de Elda;5.1.-Agresión sexual con penetración;Enero-junio 2023;4
-Municipio de Elda;5.2.-Resto de delitos contra la libertad sexual;Enero-junio 2023;3
-Municipio de Elda;6. Robos con violencia e intimidación;Enero-junio 2023;23
-Municipio de Elda;7. Robos con fuerza en domicilios, establecimientos y otras instalaciones;Enero-junio 2023;88
-Municipio de Elda;7.1.-Robos con fuerza en domicilios;Enero-junio 2023;61
-Municipio de Elda;8. Hurtos;Enero-junio 2023;320
-Municipio de Elda;9. Sustracciones de vehículos;Enero-junio 2023;17
-Municipio de Elda;10. Tráfico de drogas;Enero-junio 2023;21
-Municipio de Elda;11. Resto de criminalidad convencional;Enero-junio 2023;570
-Municipio de Elda;II. CIBERCRIMINALIDAD (infracciones penales cometidas en/por medio ciber);Enero-junio 2023;205
-Municipio de Elda;12.-Estafas informáticas;Enero-junio 2023;176
-Municipio de Elda;13.-Otros ciberdelitos;Enero-junio 2023;29
-Municipio de Elda;III. TOTAL INFRACCIONES PENALES;Enero-junio 2023;1.266
-Municipio de Ibi;I. CRIMINALIDAD CONVENCIONAL;Enero-junio 2023;337
-Municipio de Ibi;1. Homicidios dolosos y asesinatos consumados;Enero-junio 2023;0
-Municipio de Ibi;2. Homicidios dolosos y asesinatos en grado tentativa;Enero-junio 2023;1
-Municipio de Ibi;3. Delitos graves y menos graves de lesiones y riña tumultuaria;Enero-junio 2023;6
-Municipio de Ibi;4. Secuestro;Enero-junio 2023;0
-Municipio de Ibi;5. Delitos contra la libertad sexual;Enero-junio 2023;5
-Municipio de Ibi;5.1.-Agresión sexual con penetración;Enero-junio 2023;1
-Municipio de Ibi;5.2.-Resto de delitos contra la libertad sexual;Enero-junio 2023;4
-Municipio de Ibi;6. Robos con violencia e intimidación;Enero-junio 2023;3
-Municipio de Ibi;7. Robos con fuerza en domicilios, establecimientos y otras instalaciones;Enero-junio 2023;48
-Municipio de Ibi;7.1.-Robos con fuerza en domicilios;Enero-junio 2023;37
-Municipio de Ibi;8. Hurtos;Enero-junio 2023;83
-Municipio de Ibi;9. Sustracciones de vehículos;Enero-junio 2023;3
-Municipio de Ibi;10. Tráfico de drogas;Enero-junio 2023;1
-Municipio de Ibi;11. Resto de criminalidad convencional;Enero-junio 2023;187
-Municipio de Ibi;II. CIBERCRIMINALIDAD (infracciones penales cometidas en/por medio ciber);Enero-junio 2023;122
-Municipio de Ibi;12.-Estafas informáticas;Enero-junio 2023;110
-Municipio de Ibi;13.-Otros ciberdelitos;Enero-junio 2023;12
-Municipio de Ibi;III. TOTAL INFRACCIONES PENALES;Enero-junio 2023;459
-Municipio de Jávea/Xàbia;I. CRIMINALIDAD CONVENCIONAL;Enero-junio 2023;706
-Municipio de Jávea/Xàbia;1. Homicidios dolosos y asesinatos consumados;Enero-junio 2023;0
-Municipio de Jávea/Xàbia;2. Homicidios dolosos y asesinatos en grado tentativa;Enero-junio 2023;0
-Municipio de Jávea/Xàbia;3. Delitos graves y menos graves de lesiones y riña tumultuaria;Enero-junio 2023;13
-Municipio de Jávea/Xàbia;4. Secuestro;Enero-junio 2023;0
-Municipio de Jávea/Xàbia;5. Delitos contra la libertad sexual;Enero-junio 2023;6
-Municipio de Jávea/Xàbia;5.1.-Agresión sexual con penetración;Enero-junio 2023;0
-Municipio de Jávea/Xàbia;5.2.-Resto de delitos contra la libertad sexual;Enero-junio 2023;6
-Municipio de Jávea/Xàbia;6. Robos con violencia e intimidación;Enero-junio 2023;10
-Municipio de Jávea/Xàbia;7. Robos con fuerza en domicilios, establecimientos y otras instalaciones;Enero-junio 2023;153
-Municipio de Jávea/Xàbia;7.1.-Robos con fuerza en domicilios;Enero-junio 2023;145
-Municipio de Jávea/Xàbia;8. Hurtos;Enero-junio 2023;189
-Municipio de Jávea/Xàbia;9. Sustracciones de vehículos;Enero-junio 2023;14
-Municipio de Jávea/Xàbia;10. Tráfico de drogas;Enero-junio 2023;2
-Municipio de Jávea/Xàbia;11. Resto de criminalidad convencional;Enero-junio 2023;319
-Municipio de Jávea/Xàbia;II. CIBERCRIMINALIDAD (infracciones penales cometidas en/por medio ciber);Enero-junio 2023;124
-Municipio de Jávea/Xàbia;12.-Estafas informáticas;Enero-junio 2023;116
-Municipio de Jávea/Xàbia;13.-Otros ciberdelitos;Enero-junio 2023;8
-Municipio de Jávea/Xàbia;III. TOTAL INFRACCIONES PENALES;Enero-junio 2023;830
-Municipio de Mutxamel;I. CRIMINALIDAD CONVENCIONAL;Enero-junio 2023;253
-Municipio de Mutxamel;1. Homicidios dolosos y asesinatos consumados;Enero-junio 2023;0
-Municipio de Mutxamel;2. Homicidios dolosos y asesinatos en grado tentativa;Enero-junio 2023;1
-Municipio de Mutxamel;3. Delitos graves y menos graves de lesiones y riña tumultuaria;Enero-junio 2023;1
-Municipio de Mutxamel;4. Secuestro;Enero-junio 2023;0
-Municipio de Mutxamel;5. Delitos contra la libertad sexual;Enero-junio 2023;5
-Municipio de Mutxamel;5.1.-Agresión sexual con penetración;Enero-junio 2023;2
-Municipio de Mutxamel;5.2.-Resto de delitos contra la libertad sexual;Enero-junio 2023;3
-Municipio de Mutxamel;6. Robos con violencia e intimidación;Enero-junio 2023;2
-Municipio de Mutxamel;7. Robos con fuerza en domicilios, establecimientos y otras instalaciones;Enero-junio 2023;25
-Municipio de Mutxamel;7.1.-Robos con fuerza en domicilios;Enero-junio 2023;23
-Municipio de Mutxamel;8. Hurtos;Enero-junio 2023;62
-Municipio de Mutxamel;9. Sustracciones de vehículos;Enero-junio 2023;5
-Municipio de Mutxamel;10. Tráfico de drogas;Enero-junio 2023;4
-Municipio de Mutxamel;11. Resto de criminalidad convencional;Enero-junio 2023;148
-Municipio de Mutxamel;II. CIBERCRIMINALIDAD (infracciones penales cometidas en/por medio ciber);Enero-junio 2023;96
-Municipio de Mutxamel;12.-Estafas informáticas;Enero-junio 2023;81
-Municipio de Mutxamel;13.-Otros ciberdelitos;Enero-junio 2023;15
-Municipio de Mutxamel;III. TOTAL INFRACCIONES PENALES;Enero-junio 2023;349
-Municipio de Novelda;I. CRIMINALIDAD CONVENCIONAL;Enero-junio 2023;315
-Municipio de Novelda;1. Homicidios dolosos y asesinatos consumados;Enero-junio 2023;0
-Municipio de Novelda;2. Homicidios dolosos y asesinatos en grado tentativa;Enero-junio 2023;0
-Municipio de Novelda;3. Delitos graves y menos graves de lesiones y riña tumultuaria;Enero-junio 2023;3
-Municipio de Novelda;4. Secuestro;Enero-junio 2023;0
-Municipio de Novelda;5. Delitos contra la libertad sexual;Enero-junio 2023;4
-Municipio de Novelda;5.1.-Agresión sexual con penetración;Enero-junio 2023;1
-Municipio de Novelda;5.2.-Resto de delitos contra la libertad sexual;Enero-junio 2023;3
-Municipio de Novelda;6. Robos con violencia e intimidación;Enero-junio 2023;12
-Municipio de Novelda;7. Robos con fuerza en domicilios, establecimientos y otras instalaciones;Enero-junio 2023;16
-Municipio de Novelda;7.1.-Robos con fuerza en domicilios;Enero-junio 2023;9
-Municipio de Novelda;8. Hurtos;Enero-junio 2023;53
-Municipio de Novelda;9. Sustracciones de vehículos;Enero-junio 2023;4
-Municipio de Novelda;10. Tráfico de drogas;Enero-junio 2023;5
-Municipio de Novelda;11. Resto de criminalidad convencional;Enero-junio 2023;218
-Municipio de Novelda;II. CIBERCRIMINALIDAD (infracciones penales cometidas en/por medio ciber);Enero-junio 2023;43
-Municipio de Novelda;12.-Estafas informáticas;Enero-junio 2023;32
-Municipio de Novelda;13.-Otros ciberdelitos;Enero-junio 2023;11
-Municipio de Novelda;III. TOTAL INFRACCIONES PENALES;Enero-junio 2023;358
-Municipio de Orihuela;I. CRIMINALIDAD CONVENCIONAL;Enero-junio 2023;1.813
-Municipio de Orihuela;1. Homicidios dolosos y asesinatos consumados;Enero-junio 2023;1
-Municipio de Orihuela;2. Homicidios dolosos y asesinatos en grado tentativa;Enero-junio 2023;2
-Municipio de Orihuela;3. Delitos graves y menos graves de lesiones y riña tumultuaria;Enero-junio 2023;28
-Municipio de Orihuela;4. Secuestro;Enero-junio 2023;0
-Municipio de Orihuela;5. Delitos contra la libertad sexual;Enero-junio 2023;16
-Municipio de Orihuela;5.1.-Agresión sexual con penetración;Enero-junio 2023;5
-Municipio de Orihuela;5.2.-Resto de delitos contra la libertad sexual;Enero-junio 2023;11
-Municipio de Orihuela;6. Robos con violencia e intimidación;Enero-junio 2023;37
-Municipio de Orihuela;7. Robos con fuerza en domicilios, establecimientos y otras instalaciones;Enero-junio 2023;271
-Municipio de Orihuela;7.1.-Robos con fuerza en domicilios;Enero-junio 2023;238
-Municipio de Orihuela;8. Hurtos;Enero-junio 2023;578
-Municipio de Orihuela;9. Sustracciones de vehículos;Enero-junio 2023;38
-Municipio de Orihuela;10. Tráfico de drogas;Enero-junio 2023;21
-Municipio de Orihuela;11. Resto de criminalidad convencional;Enero-junio 2023;821
-Municipio de Orihuela;II. CIBERCRIMINALIDAD (infracciones penales cometidas en/por medio ciber);Enero-junio 2023;262
-Municipio de Orihuela;12.-Estafas informáticas;Enero-junio 2023;246
-Municipio de Orihuela;13.-Otros ciberdelitos;Enero-junio 2023;16
-Municipio de Orihuela;III. TOTAL INFRACCIONES PENALES;Enero-junio 2023;2.075
-Municipio de Petrer;I. CRIMINALIDAD CONVENCIONAL;Enero-junio 2023;497
-Municipio de Petrer;1. Homicidios dolosos y asesinatos consumados;Enero-junio 2023;0
-Municipio de Petrer;2. Homicidios dolosos y asesinatos en grado tentativa;Enero-junio 2023;1
-Municipio de Petrer;3. Delitos graves y menos graves de lesiones y riña tumultuaria;Enero-junio 2023;5
-Municipio de Petrer;4. Secuestro;Enero-junio 2023;0
-Municipio de Petrer;5. Delitos contra la libertad sexual;Enero-junio 2023;5
-Municipio de Petrer;5.1.-Agresión sexual con penetración;Enero-junio 2023;2
-Municipio de Petrer;5.2.-Resto de delitos contra la libertad sexual;Enero-junio 2023;3
-Municipio de Petrer;6. Robos con violencia e intimidación;Enero-junio 2023;10
-Municipio de Petrer;7. Robos con fuerza en domicilios, establecimientos y otras instalaciones;Enero-junio 2023;36
-Municipio de Petrer;7.1.-Robos con fuerza en domicilios;Enero-junio 2023;26
-Municipio de Petrer;8. Hurtos;Enero-junio 2023;119
-Municipio de Petrer;9. Sustracciones de vehículos;Enero-junio 2023;9
-Municipio de Petrer;10. Tráfico de drogas;Enero-junio 2023;6
-Municipio de Petrer;11. Resto de criminalidad convencional;Enero-junio 2023;306
-Municipio de Petrer;II. CIBERCRIMINALIDAD (infracciones penales cometidas en/por medio ciber);Enero-junio 2023;114
-Municipio de Petrer;12.-Estafas informáticas;Enero-junio 2023;87
-Municipio de Petrer;13.-Otros ciberdelitos;Enero-junio 2023;27
-Municipio de Petrer;III. TOTAL INFRACCIONES PENALES;Enero-junio 2023;611
-Municipio de Pilar de la Horadada;I. CRIMINALIDAD CONVENCIONAL;Enero-junio 2023;639
-Municipio de Pilar de la Horadada;1. Homicidios dolosos y asesinatos consumados;Enero-junio 2023;0
-Municipio de Pilar de la Horadada;2. Homicidios dolosos y asesinatos en grado tentativa;Enero-junio 2023;0
-Municipio de Pilar de la Horadada;3. Delitos graves y menos graves de lesiones y riña tumultuaria;Enero-junio 2023;6
-Municipio de Pilar de la Horadada;4. Secuestro;Enero-junio 2023;0
-Municipio de Pilar de la Horadada;5. Delitos contra la libertad sexual;Enero-junio 2023;3
-Municipio de Pilar de la Horadada;5.1.-Agresión sexual con penetración;Enero-junio 2023;1
-Municipio de Pilar de la Horadada;5.2.-Resto de delitos contra la libertad sexual;Enero-junio 2023;2
-Municipio de Pilar de la Horadada;6. Robos con violencia e intimidación;Enero-junio 2023;10
-Municipio de Pilar de la Horadada;7. Robos con fuerza en domicilios, establecimientos y otras instalaciones;Enero-junio 2023;112
-Municipio de Pilar de la Horadada;7.1.-Robos con fuerza en domicilios;Enero-junio 2023;98
-Municipio de Pilar de la Horadada;8. Hurtos;Enero-junio 2023;193
-Municipio de Pilar de la Horadada;9. Sustracciones de vehículos;Enero-junio 2023;14
-Municipio de Pilar de la Horadada;10. Tráfico de drogas;Enero-junio 2023;4
-Municipio de Pilar de la Horadada;11. Resto de criminalidad convencional;Enero-junio 2023;297
-Municipio de Pilar de la Horadada;II. CIBERCRIMINALIDAD (infracciones penales cometidas en/por medio ciber);Enero-junio 2023;99
-Municipio de Pilar de la Horadada;12.-Estafas informáticas;Enero-junio 2023;88
-Municipio de Pilar de la Horadada;13.-Otros ciberdelitos;Enero-junio 2023;11
-Municipio de Pilar de la Horadada;III. TOTAL INFRACCIONES PENALES;Enero-junio 2023;738
-Municipio de San Vicente del Raspeig/Sant Vicent del Raspeig;I. CRIMINALIDAD CONVENCIONAL;Enero-junio 2023;966
-Municipio de San Vicente del Raspeig/Sant Vicent del Raspeig;1. Homicidios dolosos y asesinatos consumados;Enero-junio 2023;0
-Municipio de San Vicente del Raspeig/Sant Vicent del Raspeig;2. Homicidios dolosos y asesinatos en grado tentativa;Enero-junio 2023;0
-Municipio de San Vicente del Raspeig/Sant Vicent del Raspeig;3. Delitos graves y menos graves de lesiones y riña tumultuaria;Enero-junio 2023;14
-Municipio de San Vicente del Raspeig/Sant Vicent del Raspeig;4. Secuestro;Enero-junio 2023;0
-Municipio de San Vicente del Raspeig/Sant Vicent del Raspeig;5. Delitos contra la libertad sexual;Enero-junio 2023;11
-Municipio de San Vicente del Raspeig/Sant Vicent del Raspeig;5.1.-Agresión sexual con penetración;Enero-junio 2023;2
-Municipio de San Vicente del Raspeig/Sant Vicent del Raspeig;5.2.-Resto de delitos contra la libertad sexual;Enero-junio 2023;9
-Municipio de San Vicente del Raspeig/Sant Vicent del Raspeig;6. Robos con violencia e intimidación;Enero-junio 2023;18
-Municipio de San Vicente del Raspeig/Sant Vicent del Raspeig;7. Robos con fuerza en domicilios, establecimientos y otras instalaciones;Enero-junio 2023;69
-Municipio de San Vicente del Raspeig/Sant Vicent del Raspeig;7.1.-Robos con fuerza en domicilios;Enero-junio 2023;40
-Municipio de San Vicente del Raspeig/Sant Vicent del Raspeig;8. Hurtos;Enero-junio 2023;289
-Municipio de San Vicente del Raspeig/Sant Vicent del Raspeig;9. Sustracciones de vehículos;Enero-junio 2023;7
-Municipio de San Vicente del Raspeig/Sant Vicent del Raspeig;10. Tráfico de drogas;Enero-junio 2023;6
-Municipio de San Vicente del Raspeig/Sant Vicent del Raspeig;11. Resto de criminalidad convencional;Enero-junio 2023;552
-Municipio de San Vicente del Raspeig/Sant Vicent del Raspeig;II. CIBERCRIMINALIDAD (infracciones penales cometidas en/por medio ciber);Enero-junio 2023;305
-Municipio de San Vicente del Raspeig/Sant Vicent del Raspeig;12.-Estafas informáticas;Enero-junio 2023;278
-Municipio de San Vicente del Raspeig/Sant Vicent del Raspeig;13.-Otros ciberdelitos;Enero-junio 2023;27
-Municipio de San Vicente del Raspeig/Sant Vicent del Raspeig;III. TOTAL INFRACCIONES PENALES;Enero-junio 2023;1.271
-Municipio de Sant Joan d'Alacant;I. CRIMINALIDAD CONVENCIONAL;Enero-junio 2023;353
-Municipio de Sant Joan d'Alacant;1. Homicidios dolosos y asesinatos consumados;Enero-junio 2023;0
-Municipio de Sant Joan d'Alacant;2. Homicidios dolosos y asesinatos en grado tentativa;Enero-junio 2023;0
-Municipio de Sant Joan d'Alacant;3. Delitos graves y menos graves de lesiones y riña tumultuaria;Enero-junio 2023;1
-Municipio de Sant Joan d'Alacant;4. Secuestro;Enero-junio 2023;0
-Municipio de Sant Joan d'Alacant;5. Delitos contra la libertad sexual;Enero-junio 2023;1
-Municipio de Sant Joan d'Alacant;5.1.-Agresión sexual con penetración;Enero-junio 2023;0
-Municipio de Sant Joan d'Alacant;5.2.-Resto de delitos contra la libertad sexual;Enero-junio 2023;1
-Municipio de Sant Joan d'Alacant;6. Robos con violencia e intimidación;Enero-junio 2023;5
-Municipio de Sant Joan d'Alacant;7. Robos con fuerza en domicilios, establecimientos y otras instalaciones;Enero-junio 2023;22
-Municipio de Sant Joan d'Alacant;7.1.-Robos con fuerza en domicilios;Enero-junio 2023;14
-Municipio de Sant Joan d'Alacant;8. Hurtos;Enero-junio 2023;105
-Municipio de Sant Joan d'Alacant;9. Sustracciones de vehículos;Enero-junio 2023;7
-Municipio de Sant Joan d'Alacant;10. Tráfico de drogas;Enero-junio 2023;2
-Municipio de Sant Joan d'Alacant;11. Resto de criminalidad convencional;Enero-junio 2023;210
-Municipio de Sant Joan d'Alacant;II. CIBERCRIMINALIDAD (infracciones penales cometidas en/por medio ciber);Enero-junio 2023;132
-Municipio de Sant Joan d'Alacant;12.-Estafas informáticas;Enero-junio 2023;109
-Municipio de Sant Joan d'Alacant;13.-Otros ciberdelitos;Enero-junio 2023;23
-Municipio de Sant Joan d'Alacant;III. TOTAL INFRACCIONES PENALES;Enero-junio 2023;485
-Municipio de Santa Pola;I. CRIMINALIDAD CONVENCIONAL;Enero-junio 2023;764
-Municipio de Santa Pola;1. Homicidios dolosos y asesinatos consumados;Enero-junio 2023;0
-Municipio de Santa Pola;2. Homicidios dolosos y asesinatos en grado tentativa;Enero-junio 2023;0
-Municipio de Santa Pola;3. Delitos graves y menos graves de lesiones y riña tumultuaria;Enero-junio 2023;7
-Municipio de Santa Pola;4. Secuestro;Enero-junio 2023;0
-Municipio de Santa Pola;5. Delitos contra la libertad sexual;Enero-junio 2023;15
-Municipio de Santa Pola;5.1.-Agresión sexual con penetración;Enero-junio 2023;1
-Municipio de Santa Pola;5.2.-Resto de delitos contra la libertad sexual;Enero-junio 2023;14
-Municipio de Santa Pola;6. Robos con violencia e intimidación;Enero-junio 2023;20
-Municipio de Santa Pola;7. Robos con fuerza en domicilios, establecimientos y otras instalaciones;Enero-junio 2023;45
-Municipio de Santa Pola;7.1.-Robos con fuerza en domicilios;Enero-junio 2023;33
-Municipio de Santa Pola;8. Hurtos;Enero-junio 2023;212
-Municipio de Santa Pola;9. Sustracciones de vehículos;Enero-junio 2023;5
-Municipio de Santa Pola;10. Tráfico de drogas;Enero-junio 2023;6
-Municipio de Santa Pola;11. Resto de criminalidad convencional;Enero-junio 2023;454
-Municipio de Santa Pola;II. CIBERCRIMINALIDAD (infracciones penales cometidas en/por medio ciber);Enero-junio 2023;217
-Municipio de Santa Pola;12.-Estafas informáticas;Enero-junio 2023;194
-Municipio de Santa Pola;13.-Otros ciberdelitos;Enero-junio 2023;23
-Municipio de Santa Pola;III. TOTAL INFRACCIONES PENALES;Enero-junio 2023;981
-Municipio de Torrevieja;I. CRIMINALIDAD CONVENCIONAL;Enero-junio 2023;3.586
-Municipio de Torrevieja;1. Homicidios dolosos y asesinatos consumados;Enero-junio 2023;0
-Municipio de Torrevieja;2. Homicidios dolosos y asesinatos en grado tentativa;Enero-junio 2023;1
-Municipio de Torrevieja;3. Delitos graves y menos graves de lesiones y riña tumultuaria;Enero-junio 2023;55
-Municipio de Torrevieja;4. Secuestro;Enero-junio 2023;0
-Municipio de Torrevieja;5. Delitos contra la libertad sexual;Enero-junio 2023;33
-Municipio de Torrevieja;5.1.-Agresión sexual con penetración;Enero-junio 2023;7
-Municipio de Torrevieja;5.2.-Resto de delitos contra la libertad sexual;Enero-junio 2023;26
-Municipio de Torrevieja;6. Robos con violencia e intimidación;Enero-junio 2023;103
-Municipio de Torrevieja;7. Robos con fuerza en domicilios, establecimientos y otras instalaciones;Enero-junio 2023;237
-Municipio de Torrevieja;7.1.-Robos con fuerza en domicilios;Enero-junio 2023;204
-Municipio de Torrevieja;8. Hurtos;Enero-junio 2023;990
-Municipio de Torrevieja;9. Sustracciones de vehículos;Enero-junio 2023;45
-Municipio de Torrevieja;10. Tráfico de drogas;Enero-junio 2023;46
-Municipio de Torrevieja;11. Resto de criminalidad convencional;Enero-junio 2023;2.076
-Municipio de Torrevieja;II. CIBERCRIMINALIDAD (infracciones penales cometidas en/por medio ciber);Enero-junio 2023;407
-Municipio de Torrevieja;12.-Estafas informáticas;Enero-junio 2023;370
-Municipio de Torrevieja;13.-Otros ciberdelitos;Enero-junio 2023;37
-Municipio de Torrevieja;III. TOTAL INFRACCIONES PENALES;Enero-junio 2023;3.993
-Municipio de Villajoyosa/Vila Joiosa (la);I. CRIMINALIDAD CONVENCIONAL;Enero-junio 2023;856
-Municipio de Villajoyosa/Vila Joiosa (la);1. Homicidios dolosos y asesinatos consumados;Enero-junio 2023;0
-Municipio de Villajoyosa/Vila Joiosa (la);2. Homicidios dolosos y asesinatos en grado tentativa;Enero-junio 2023;0
-Municipio de Villajoyosa/Vila Joiosa (la);3. Delitos graves y menos graves de lesiones y riña tumultuaria;Enero-junio 2023;6
-Municipio de Villajoyosa/Vila Joiosa (la);4. Secuestro;Enero-junio 2023;0
-Municipio de Villajoyosa/Vila Joiosa (la);5. Delitos contra la libertad sexual;Enero-junio 2023;7
-Municipio de Villajoyosa/Vila Joiosa (la);5.1.-Agresión sexual con penetración;Enero-junio 2023;2
-Municipio de Villajoyosa/Vila Joiosa (la);5.2.-Resto de delitos contra la libertad sexual;Enero-junio 2023;5
-Municipio de Villajoyosa/Vila Joiosa (la);6. Robos con violencia e intimidación;Enero-junio 2023;18
-Municipio de Villajoyosa/Vila Joiosa (la);7. Robos con fuerza en domicilios, establecimientos y otras instalaciones;Enero-junio 2023;41
-Municipio de Villajoyosa/Vila Joiosa (la);7.1.-Robos con fuerza en domicilios;Enero-junio 2023;34
-Municipio de Villajoyosa/Vila Joiosa (la);8. Hurtos;Enero-junio 2023;252
-Municipio de Villajoyosa/Vila Joiosa (la);9. Sustracciones de vehículos;Enero-junio 2023;11
-Municipio de Villajoyosa/Vila Joiosa (la);10. Tráfico de drogas;Enero-junio 2023;9
-Municipio de Villajoyosa/Vila Joiosa (la);11. Resto de criminalidad convencional;Enero-junio 2023;512
-Municipio de Villajoyosa/Vila Joiosa (la);II. CIBERCRIMINALIDAD (infracciones penales cometidas en/por medio ciber);Enero-junio 2023;155
-Municipio de Villajoyosa/Vila Joiosa (la);12.-Estafas informáticas;Enero-junio 2023;138
-Municipio de Villajoyosa/Vila Joiosa (la);13.-Otros ciberdelitos;Enero-junio 2023;17
-Municipio de Villajoyosa/Vila Joiosa (la);III. TOTAL INFRACCIONES PENALES;Enero-junio 2023;1.011
-Municipio de Villena;I. CRIMINALIDAD CONVENCIONAL;Enero-junio 2023;400
-Municipio de Villena;1. Homicidios dolosos y asesinatos consumados;Enero-junio 2023;0
-Municipio de Villena;2. Homicidios dolosos y asesinatos en grado tentativa;Enero-junio 2023;0
-Municipio de Villena;3. Delitos graves y menos graves de lesiones y riña tumultuaria;Enero-junio 2023;4
-Municipio de Villena;4. Secuestro;Enero-junio 2023;0
-Municipio de Villena;5. Delitos contra la libertad sexual;Enero-junio 2023;1
-Municipio de Villena;5.1.-Agresión sexual con penetración;Enero-junio 2023;0
-Municipio de Villena;5.2.-Resto de delitos contra la libertad sexual;Enero-junio 2023;1
-Municipio de Villena;6. Robos con violencia e intimidación;Enero-junio 2023;11
-Municipio de Villena;7. Robos con fuerza en domicilios, establecimientos y otras instalaciones;Enero-junio 2023;51
-Municipio de Villena;7.1.-Robos con fuerza en domicilios;Enero-junio 2023;46
-Municipio de Villena;8. Hurtos;Enero-junio 2023;101
-Municipio de Villena;9. Sustracciones de vehículos;Enero-junio 2023;4
-Municipio de Villena;10. Tráfico de drogas;Enero-junio 2023;12
-Municipio de Villena;11. Resto de criminalidad convencional;Enero-junio 2023;216
-Municipio de Villena;II. CIBERCRIMINALIDAD (infracciones penales cometidas en/por medio ciber);Enero-junio 2023;143
-Municipio de Villena;12.-Estafas informáticas;Enero-junio 2023;129
-Municipio de Villena;13.-Otros ciberdelitos;Enero-junio 2023;14
-Municipio de Villena;III. TOTAL INFRACCIONES PENALES;Enero-junio 2023;543
Provincia de CASTELLÓN/CASTELLÓ;I. CRIMINALIDAD CONVENCIONAL;Enero-junio 2023;11.949
Provincia de CASTELLÓN/CASTELLÓ;1. Homicidios dolosos y asesinatos consumados;Enero-junio 2023;3
Provincia de CASTELLÓN/CASTELLÓ;2. Homicidios dolosos y asesinatos en grado tentativa;Enero-junio 2023;13
Provincia de CASTELLÓN/CASTELLÓ;3. Delitos graves y menos graves de lesiones y riña tumultuaria;Enero-junio 2023;214
Provincia de CASTELLÓN/CASTELLÓ;4. Secuestro;Enero-junio 2023;0
Provincia de CASTELLÓN/CASTELLÓ;5. Delitos contra la libertad sexual;Enero-junio 2023;137
Provincia de CASTELLÓN/CASTELLÓ;5.1.-Agresión sexual con penetración;Enero-junio 2023;16
Provincia de CASTELLÓN/CASTELLÓ;5.2.-Resto de delitos contra la libertad sexual;Enero-junio 2023;121
Provincia de CASTELLÓN/CASTELLÓ;6. Robos con violencia e intimidación;Enero-junio 2023;196
Provincia de CASTELLÓN/CASTELLÓ;7. Robos con fuerza en domicilios, establecimientos y otras instalaciones;Enero-junio 2023;1.155
Provincia de CASTELLÓN/CASTELLÓ;7.1.-Robos con fuerza en domicilios;Enero-junio 2023;806
Provincia de CASTELLÓN/CASTELLÓ;8. Hurtos;Enero-junio 2023;3.079
Provincia de CASTELLÓN/CASTELLÓ;9. Sustracciones de vehículos;Enero-junio 2023;110
Provincia de CASTELLÓN/CASTELLÓ;10. Tráfico de drogas;Enero-junio 2023;80
Provincia de CASTELLÓN/CASTELLÓ;11. Resto de criminalidad convencional;Enero-junio 2023;6.962
Provincia de CASTELLÓN/CASTELLÓ;II. CIBERCRIMINALIDAD (infracciones penales cometidas en/por medio ciber);Enero-junio 2023;1.875
Provincia de CASTELLÓN/CASTELLÓ;12.-Estafas informáticas;Enero-junio 2023;1.654
Provincia de CASTELLÓN/CASTELLÓ;13.-Otros ciberdelitos;Enero-junio 2023;221
Provincia de CASTELLÓN/CASTELLÓ;III. TOTAL INFRACCIONES PENALES;Enero-junio 2023;13.824
-Municipio de Almazora/Almassora;I. CRIMINALIDAD CONVENCIONAL;Enero-junio 2023;736
-Municipio de Almazora/Almassora;1. Homicidios dolosos y asesinatos consumados;Enero-junio 2023;1
-Municipio de Almazora/Almassora;2. Homicidios dolosos y asesinatos en grado tentativa;Enero-junio 2023;1
-Municipio de Almazora/Almassora;3. Delitos graves y menos graves de lesiones y riña tumultuaria;Enero-junio 2023;9
-Municipio de Almazora/Almassora;4. Secuestro;Enero-junio 2023;0
-Municipio de Almazora/Almassora;5. Delitos contra la libertad sexual;Enero-junio 2023;2
-Municipio de Almazora/Almassora;5.1.-Agresión sexual con penetración;Enero-junio 2023;0
-Municipio de Almazora/Almassora;5.2.-Resto de delitos contra la libertad sexual;Enero-junio 2023;2
-Municipio de Almazora/Almassora;6. Robos con violencia e intimidación;Enero-junio 2023;8
-Municipio de Almazora/Almassora;7. Robos con fuerza en domicilios, establecimientos y otras instalaciones;Enero-junio 2023;69
-Municipio de Almazora/Almassora;7.1.-Robos con fuerza en domicilios;Enero-junio 2023;49
-Municipio de Almazora/Almassora;8. Hurtos;Enero-junio 2023;139
-Municipio de Almazora/Almassora;9. Sustracciones de vehículos;Enero-junio 2023;8
-Municipio de Almazora/Almassora;10. Tráfico de drogas;Enero-junio 2023;8
-Municipio de Almazora/Almassora;11. Resto de criminalidad convencional;Enero-junio 2023;491
-Municipio de Almazora/Almassora;II. CIBERCRIMINALIDAD (infracciones penales cometidas en/por medio ciber);Enero-junio 2023;70
-Municipio de Almazora/Almassora;12.-Estafas informáticas;Enero-junio 2023;63
-Municipio de Almazora/Almassora;13.-Otros ciberdelitos;Enero-junio 2023;7
-Municipio de Almazora/Almassora;III. TOTAL INFRACCIONES PENALES;Enero-junio 2023;806
-Municipio de Benicarló;I. CRIMINALIDAD CONVENCIONAL;Enero-junio 2023;852
-Municipio de Benicarló;1. Homicidios dolosos y asesinatos consumados;Enero-junio 2023;0
-Municipio de Benicarló;2. Homicidios dolosos y asesinatos en grado tentativa;Enero-junio 2023;0
-Municipio de Benicarló;3. Delitos graves y menos graves de lesiones y riña tumultuaria;Enero-junio 2023;5
-Municipio de Benicarló;4. Secuestro;Enero-junio 2023;0
-Municipio de Benicarló;5. Delitos contra la libertad sexual;Enero-junio 2023;9
-Municipio de Benicarló;5.1.-Agresión sexual con penetración;Enero-junio 2023;0
-Municipio de Benicarló;5.2.-Resto de delitos contra la libertad sexual;Enero-junio 2023;9
-Municipio de Benicarló;6. Robos con violencia e intimidación;Enero-junio 2023;21
-Municipio de Benicarló;7. Robos con fuerza en domicilios, establecimientos y otras instalaciones;Enero-junio 2023;47
-Municipio de Benicarló;7.1.-Robos con fuerza en domicilios;Enero-junio 2023;31
-Municipio de Benicarló;8. Hurtos;Enero-junio 2023;278
-Municipio de Benicarló;9. Sustracciones de vehículos;Enero-junio 2023;4
-Municipio de Benicarló;10. Tráfico de drogas;Enero-junio 2023;3
-Municipio de Benicarló;11. Resto de criminalidad convencional;Enero-junio 2023;485
-Municipio de Benicarló;II. CIBERCRIMINALIDAD (infracciones penales cometidas en/por medio ciber);Enero-junio 2023;94
-Municipio de Benicarló;12.-Estafas informáticas;Enero-junio 2023;73
-Municipio de Benicarló;13.-Otros ciberdelitos;Enero-junio 2023;21
-Municipio de Benicarló;III. TOTAL INFRACCIONES PENALES;Enero-junio 2023;946
-Municipio de Borriana/Burriana;I. CRIMINALIDAD CONVENCIONAL;Enero-junio 2023;833
-Municipio de Borriana/Burriana;1. Homicidios dolosos y asesinatos consumados;Enero-junio 2023;0
-Municipio de Borriana/Burriana;2. Homicidios dolosos y asesinatos en grado tentativa;Enero-junio 2023;1
-Municipio de Borriana/Burriana;3. Delitos graves y menos graves de lesiones y riña tumultuaria;Enero-junio 2023;31
-Municipio de Borriana/Burriana;4. Secuestro;Enero-junio 2023;0
-Municipio de Borriana/Burriana;5. Delitos contra la libertad sexual;Enero-junio 2023;10
-Municipio de Borriana/Burriana;5.1.-Agresión sexual con penetración;Enero-junio 2023;2
-Municipio de Borriana/Burriana;5.2.-Resto de delitos contra la libertad sexual;Enero-junio 2023;8
-Municipio de Borriana/Burriana;6. Robos con violencia e intimidación;Enero-junio 2023;8
-Municipio de Borriana/Burriana;7. Robos con fuerza en domicilios, establecimientos y otras instalaciones;Enero-junio 2023;67
-Municipio de Borriana/Burriana;7.1.-Robos con fuerza en domicilios;Enero-junio 2023;59
-Municipio de Borriana/Burriana;8. Hurtos;Enero-junio 2023;182
-Municipio de Borriana/Burriana;9. Sustracciones de vehículos;Enero-junio 2023;3
-Municipio de Borriana/Burriana;10. Tráfico de drogas;Enero-junio 2023;4
-Municipio de Borriana/Burriana;11. Resto de criminalidad convencional;Enero-junio 2023;527
-Municipio de Borriana/Burriana;II. CIBERCRIMINALIDAD (infracciones penales cometidas en/por medio ciber);Enero-junio 2023;114
-Municipio de Borriana/Burriana;12.-Estafas informáticas;Enero-junio 2023;100
-Municipio de Borriana/Burriana;13.-Otros ciberdelitos;Enero-junio 2023;14
-Municipio de Borriana/Burriana;III. TOTAL INFRACCIONES PENALES;Enero-junio 2023;947
-Municipio de Castellón de la Plana/Castelló de la Plana;I. CRIMINALIDAD CONVENCIONAL;Enero-junio 2023;3.147
-Municipio de Castellón de la Plana/Castelló de la Plana;1. Homicidios dolosos y asesinatos consumados;Enero-junio 2023;0
-Municipio de Castellón de la Plana/Castelló de la Plana;2. Homicidios dolosos y asesinatos en grado tentativa;Enero-junio 2023;6
-Municipio de Castellón de la Plana/Castelló de la Plana;3. Delitos graves y menos graves de lesiones y riña tumultuaria;Enero-junio 2023;49
-Municipio de Castellón de la Plana/Castelló de la Plana;4. Secuestro;Enero-junio 2023;0
-Municipio de Castellón de la Plana/Castelló de la Plana;5. Delitos contra la libertad sexual;Enero-junio 2023;50
-Municipio de Castellón de la Plana/Castelló de la Plana;5.1.-Agresión sexual con penetración;Enero-junio 2023;2
-Municipio de Castellón de la Plana/Castelló de la Plana;5.2.-Resto de delitos contra la libertad sexual;Enero-junio 2023;48
-Municipio de Castellón de la Plana/Castelló de la Plana;6. Robos con violencia e intimidación;Enero-junio 2023;75
-Municipio de Castellón de la Plana/Castelló de la Plana;7. Robos con fuerza en domicilios, establecimientos y otras instalaciones;Enero-junio 2023;247
-Municipio de Castellón de la Plana/Castelló de la Plana;7.1.-Robos con fuerza en domicilios;Enero-junio 2023;162
-Municipio de Castellón de la Plana/Castelló de la Plana;8. Hurtos;Enero-junio 2023;1.174
-Municipio de Castellón de la Plana/Castelló de la Plana;9. Sustracciones de vehículos;Enero-junio 2023;54
-Municipio de Castellón de la Plana/Castelló de la Plana;10. Tráfico de drogas;Enero-junio 2023;21
-Municipio de Castellón de la Plana/Castelló de la Plana;11. Resto de criminalidad convencional;Enero-junio 2023;1.471
-Municipio de Castellón de la Plana/Castelló de la Plana;II. CIBERCRIMINALIDAD (infracciones penales cometidas en/por medio ciber);Enero-junio 2023;570
-Municipio de Castellón de la Plana/Castelló de la Plana;12.-Estafas informáticas;Enero-junio 2023;519
-Municipio de Castellón de la Plana/Castelló de la Plana;13.-Otros ciberdelitos;Enero-junio 2023;51
-Municipio de Castellón de la Plana/Castelló de la Plana;III. TOTAL INFRACCIONES PENALES;Enero-junio 2023;3.717
-Municipio de Onda;I. CRIMINALIDAD CONVENCIONAL;Enero-junio 2023;471
-Municipio de Onda;1. Homicidios dolosos y asesinatos consumados;Enero-junio 2023;0
-Municipio de Onda;2. Homicidios dolosos y asesinatos en grado tentativa;Enero-junio 2023;0
-Municipio de Onda;3. Delitos graves y menos graves de lesiones y riña tumultuaria;Enero-junio 2023;22
-Municipio de Onda;4. Secuestro;Enero-junio 2023;0
-Municipio de Onda;5. Delitos contra la libertad sexual;Enero-junio 2023;12
-Municipio de Onda;5.1.-Agresión sexual con penetración;Enero-junio 2023;2
-Municipio de Onda;5.2.-Resto de delitos contra la libertad sexual;Enero-junio 2023;10
-Municipio de Onda;6. Robos con violencia e intimidación;Enero-junio 2023;14
-Municipio de Onda;7. Robos con fuerza en domicilios, establecimientos y otras instalaciones;Enero-junio 2023;29
-Municipio de Onda;7.1.-Robos con fuerza en domicilios;Enero-junio 2023;25
-Municipio de Onda;8. Hurtos;Enero-junio 2023;87
-Municipio de Onda;9. Sustracciones de vehículos;Enero-junio 2023;3
-Municipio de Onda;10. Tráfico de drogas;Enero-junio 2023;5
-Municipio de Onda;11. Resto de criminalidad convencional;Enero-junio 2023;299
-Municipio de Onda;II. CIBERCRIMINALIDAD (infracciones penales cometidas en/por medio ciber);Enero-junio 2023;87
-Municipio de Onda;12.-Estafas informáticas;Enero-junio 2023;78
-Municipio de Onda;13.-Otros ciberdelitos;Enero-junio 2023;9
-Municipio de Onda;III. TOTAL INFRACCIONES PENALES;Enero-junio 2023;558
-Municipio de Vall d'Uixó (la);I. CRIMINALIDAD CONVENCIONAL;Enero-junio 2023;585
-Municipio de Vall d'Uixó (la);1. Homicidios dolosos y asesinatos consumados;Enero-junio 2023;1
-Municipio de Vall d'Uixó (la);2. Homicidios dolosos y asesinatos en grado tentativa;Enero-junio 2023;0
-Municipio de Vall d'Uixó (la);3. Delitos graves y menos graves de lesiones y riña tumultuaria;Enero-junio 2023;15
-Municipio de Vall d'Uixó (la);4. Secuestro;Enero-junio 2023;0
-Municipio de Vall d'Uixó (la);5. Delitos contra la libertad sexual;Enero-junio 2023;4
-Municipio de Vall d'Uixó (la);5.1.-Agresión sexual con penetración;Enero-junio 2023;1
-Municipio de Vall d'Uixó (la);5.2.-Resto de delitos contra la libertad sexual;Enero-junio 2023;3
-Municipio de Vall d'Uixó (la);6. Robos con violencia e intimidación;Enero-junio 2023;9
-Municipio de Vall d'Uixó (la);7. Robos con fuerza en domicilios, establecimientos y otras instalaciones;Enero-junio 2023;74
-Municipio de Vall d'Uixó (la);7.1.-Robos con fuerza en domicilios;Enero-junio 2023;39
-Municipio de Vall d'Uixó (la);8. Hurtos;Enero-junio 2023;92
-Municipio de Vall d'Uixó (la);9. Sustracciones de vehículos;Enero-junio 2023;3
-Municipio de Vall d'Uixó (la);10. Tráfico de drogas;Enero-junio 2023;2
-Municipio de Vall d'Uixó (la);11. Resto de criminalidad convencional;Enero-junio 2023;385
-Municipio de Vall d'Uixó (la);II. CIBERCRIMINALIDAD (infracciones penales cometidas en/por medio ciber);Enero-junio 2023;85
-Municipio de Vall d'Uixó (la);12.-Estafas informáticas;Enero-junio 2023;70
-Municipio de Vall d'Uixó (la);13.-Otros ciberdelitos;Enero-junio 2023;15
-Municipio de Vall d'Uixó (la);III. TOTAL INFRACCIONES PENALES;Enero-junio 2023;670
-Municipio de Vila-real;I. CRIMINALIDAD CONVENCIONAL;Enero-junio 2023;669
-Municipio de Vila-real;1. Homicidios dolosos y asesinatos consumados;Enero-junio 2023;0
-Municipio de Vila-real;2. Homicidios dolosos y asesinatos en grado tentativa;Enero-junio 2023;1
-Municipio de Vila-real;3. Delitos graves y menos graves de lesiones y riña tumultuaria;Enero-junio 2023;10
-Municipio de Vila-real;4. Secuestro;Enero-junio 2023;0
-Municipio de Vila-real;5. Delitos contra la libertad sexual;Enero-junio 2023;5
-Municipio de Vila-real;5.1.-Agresión sexual con penetración;Enero-junio 2023;0
-Municipio de Vila-real;5.2.-Resto de delitos contra la libertad sexual;Enero-junio 2023;5
-Municipio de Vila-real;6. Robos con violencia e intimidación;Enero-junio 2023;7
-Municipio de Vila-real;7. Robos con fuerza en domicilios, establecimientos y otras instalaciones;Enero-junio 2023;69
-Municipio de Vila-real;7.1.-Robos con fuerza en domicilios;Enero-junio 2023;51
-Municipio de Vila-real;8. Hurtos;Enero-junio 2023;199
-Municipio de Vila-real;9. Sustracciones de vehículos;Enero-junio 2023;15
-Municipio de Vila-real;10. Tráfico de drogas;Enero-junio 2023;3
-Municipio de Vila-real;11. Resto de criminalidad convencional;Enero-junio 2023;360
-Municipio de Vila-real;II. CIBERCRIMINALIDAD (infracciones penales cometidas en/por medio ciber);Enero-junio 2023;150
-Municipio de Vila-real;12.-Estafas informáticas;Enero-junio 2023;139
-Municipio de Vila-real;13.-Otros ciberdelitos;Enero-junio 2023;11
-Municipio de Vila-real;III. TOTAL INFRACCIONES PENALES;Enero-junio 2023;819
-Municipio de Vinaròs;I. CRIMINALIDAD CONVENCIONAL;Enero-junio 2023;809
-Municipio de Vinaròs;1. Homicidios dolosos y asesinatos consumados;Enero-junio 2023;0
-Municipio de Vinaròs;2. Homicidios dolosos y asesinatos en grado tentativa;Enero-junio 2023;1
-Municipio de Vinaròs;3. Delitos graves y menos graves de lesiones y riña tumultuaria;Enero-junio 2023;8
-Municipio de Vinaròs;4. Secuestro;Enero-junio 2023;0
-Municipio de Vinaròs;5. Delitos contra la libertad sexual;Enero-junio 2023;5
-Municipio de Vinaròs;5.1.-Agresión sexual con penetración;Enero-junio 2023;0
-Municipio de Vinaròs;5.2.-Resto de delitos contra la libertad sexual;Enero-junio 2023;5
-Municipio de Vinaròs;6. Robos con violencia e intimidación;Enero-junio 2023;11
-Municipio de Vinaròs;7. Robos con fuerza en domicilios, establecimientos y otras instalaciones;Enero-junio 2023;73
-Municipio de Vinaròs;7.1.-Robos con fuerza en domicilios;Enero-junio 2023;55
-Municipio de Vinaròs;8. Hurtos;Enero-junio 2023;237
-Municipio de Vinaròs;9. Sustracciones de vehículos;Enero-junio 2023;0
-Municipio de Vinaròs;10. Tráfico de drogas;Enero-junio 2023;3
-Municipio de Vinaròs;11. Resto de criminalidad convencional;Enero-junio 2023;471
-Municipio de Vinaròs;II. CIBERCRIMINALIDAD (infracciones penales cometidas en/por medio ciber);Enero-junio 2023;105
-Municipio de Vinaròs;12.-Estafas informáticas;Enero-junio 2023;92
-Municipio de Vinaròs;13.-Otros ciberdelitos;Enero-junio 2023;13
-Municipio de Vinaròs;III. TOTAL INFRACCIONES PENALES;Enero-junio 2023;914
Provincia de VALENCIA/VALÈNCIA;I. CRIMINALIDAD CONVENCIONAL;Enero-junio 2023;62.549
Provincia de VALENCIA/VALÈNCIA;1. Homicidios dolosos y asesinatos consumados;Enero-junio 2023;9
Provincia de VALENCIA/VALÈNCIA;2. Homicidios dolosos y asesinatos en grado tentativa;Enero-junio 2023;34
Provincia de VALENCIA/VALÈNCIA;3. Delitos graves y menos graves de lesiones y riña tumultuaria;Enero-junio 2023;842
Provincia de VALENCIA/VALÈNCIA;4. Secuestro;Enero-junio 2023;6
Provincia de VALENCIA/VALÈNCIA;5. Delitos contra la libertad sexual;Enero-junio 2023;518
Provincia de VALENCIA/VALÈNCIA;5.1.-Agresión sexual con penetración;Enero-junio 2023;92
Provincia de VALENCIA/VALÈNCIA;5.2.-Resto de delitos contra la libertad sexual;Enero-junio 2023;426
Provincia de VALENCIA/VALÈNCIA;6. Robos con violencia e intimidación;Enero-junio 2023;1.811
Provincia de VALENCIA/VALÈNCIA;7. Robos con fuerza en domicilios, establecimientos y otras instalaciones;Enero-junio 2023;4.307
Provincia de VALENCIA/VALÈNCIA;7.1.-Robos con fuerza en domicilios;Enero-junio 2023;3.136
Provincia de VALENCIA/VALÈNCIA;8. Hurtos;Enero-junio 2023;21.122
Provincia de VALENCIA/VALÈNCIA;9. Sustracciones de vehículos;Enero-junio 2023;735
Provincia de VALENCIA/VALÈNCIA;10. Tráfico de drogas;Enero-junio 2023;620
Provincia de VALENCIA/VALÈNCIA;11. Resto de criminalidad convencional;Enero-junio 2023;32.545
Provincia de VALENCIA/VALÈNCIA;II. CIBERCRIMINALIDAD (infracciones penales cometidas en/por medio ciber);Enero-junio 2023;12.203
Provincia de VALENCIA/VALÈNCIA;12.-Estafas informáticas;Enero-junio 2023;10.242
Provincia de VALENCIA/VALÈNCIA;13.-Otros ciberdelitos;Enero-junio 2023;1.961
Provincia de VALENCIA/VALÈNCIA;III. TOTAL INFRACCIONES PENALES;Enero-junio 2023;74.752
-Municipio de Alaquàs;I. CRIMINALIDAD CONVENCIONAL;Enero-junio 2023;362
-Municipio de Alaquàs;1. Homicidios dolosos y asesinatos consumados;Enero-junio 2023;0
-Municipio de Alaquàs;2. Homicidios dolosos y asesinatos en grado tentativa;Enero-junio 2023;0
-Municipio de Alaquàs;3. Delitos graves y menos graves de lesiones y riña tumultuaria;Enero-junio 2023;5
-Municipio de Alaquàs;4. Secuestro;Enero-junio 2023;1
-Municipio de Alaquàs;5. Delitos contra la libertad sexual;Enero-junio 2023;1
-Municipio de Alaquàs;5.1.-Agresión sexual con penetración;Enero-junio 2023;0
-Municipio de Alaquàs;5.2.-Resto de delitos contra la libertad sexual;Enero-junio 2023;1
-Municipio de Alaquàs;6. Robos con violencia e intimidación;Enero-junio 2023;19
-Municipio de Alaquàs;7. Robos con fuerza en domicilios, establecimientos y otras instalaciones;Enero-junio 2023;27
-Municipio de Alaquàs;7.1.-Robos con fuerza en domicilios;Enero-junio 2023;11
-Municipio de Alaquàs;8. Hurtos;Enero-junio 2023;89
-Municipio de Alaquàs;9. Sustracciones de vehículos;Enero-junio 2023;1
-Municipio de Alaquàs;10. Tráfico de drogas;Enero-junio 2023;2
-Municipio de Alaquàs;11. Resto de criminalidad convencional;Enero-junio 2023;217
-Municipio de Alaquàs;II. CIBERCRIMINALIDAD (infracciones penales cometidas en/por medio ciber);Enero-junio 2023;84
-Municipio de Alaquàs;12.-Estafas informáticas;Enero-junio 2023;75
-Municipio de Alaquàs;13.-Otros ciberdelitos;Enero-junio 2023;9
-Municipio de Alaquàs;III. TOTAL INFRACCIONES PENALES;Enero-junio 2023;446
-Municipio de Alboraia/Alboraya;I. CRIMINALIDAD CONVENCIONAL;Enero-junio 2023;619
-Municipio de Alboraia/Alboraya;1. Homicidios dolosos y asesinatos consumados;Enero-junio 2023;0
-Municipio de Alboraia/Alboraya;2. Homicidios dolosos y asesinatos en grado tentativa;Enero-junio 2023;0
-Municipio de Alboraia/Alboraya;3. Delitos graves y menos graves de lesiones y riña tumultuaria;Enero-junio 2023;10
-Municipio de Alboraia/Alboraya;4. Secuestro;Enero-junio 2023;0
-Municipio de Alboraia/Alboraya;5. Delitos contra la libertad sexual;Enero-junio 2023;4
-Municipio de Alboraia/Alboraya;5.1.-Agresión sexual con penetración;Enero-junio 2023;0
-Municipio de Alboraia/Alboraya;5.2.-Resto de delitos contra la libertad sexual;Enero-junio 2023;4
-Municipio de Alboraia/Alboraya;6. Robos con violencia e intimidación;Enero-junio 2023;17
-Municipio de Alboraia/Alboraya;7. Robos con fuerza en domicilios, establecimientos y otras instalaciones;Enero-junio 2023;52
-Municipio de Alboraia/Alboraya;7.1.-Robos con fuerza en domicilios;Enero-junio 2023;28
-Municipio de Alboraia/Alboraya;8. Hurtos;Enero-junio 2023;215
-Municipio de Alboraia/Alboraya;9. Sustracciones de vehículos;Enero-junio 2023;8
-Municipio de Alboraia/Alboraya;10. Tráfico de drogas;Enero-junio 2023;2
-Municipio de Alboraia/Alboraya;11. Resto de criminalidad convencional;Enero-junio 2023;311
-Municipio de Alboraia/Alboraya;II. CIBERCRIMINALIDAD (infracciones penales cometidas en/por medio ciber);Enero-junio 2023;113
-Municipio de Alboraia/Alboraya;12.-Estafas informáticas;Enero-junio 2023;101
-Municipio de Alboraia/Alboraya;13.-Otros ciberdelitos;Enero-junio 2023;12
-Municipio de Alboraia/Alboraya;III. TOTAL INFRACCIONES PENALES;Enero-junio 2023;732
-Municipio de Aldaia;I. CRIMINALIDAD CONVENCIONAL;Enero-junio 2023;967
-Municipio de Aldaia;1. Homicidios dolosos y asesinatos consumados;Enero-junio 2023;0
-Municipio de Aldaia;2. Homicidios dolosos y asesinatos en grado tentativa;Enero-junio 2023;1
-Municipio de Aldaia;3. Delitos graves y menos graves de lesiones y riña tumultuaria;Enero-junio 2023;7
-Municipio de Aldaia;4. Secuestro;Enero-junio 2023;0
-Municipio de Aldaia;5. Delitos contra la libertad sexual;Enero-junio 2023;3
-Municipio de Aldaia;5.1.-Agresión sexual con penetración;Enero-junio 2023;0
-Municipio de Aldaia;5.2.-Resto de delitos contra la libertad sexual;Enero-junio 2023;3
-Municipio de Aldaia;6. Robos con violencia e intimidación;Enero-junio 2023;15
-Municipio de Aldaia;7. Robos con fuerza en domicilios, establecimientos y otras instalaciones;Enero-junio 2023;31
-Municipio de Aldaia;7.1.-Robos con fuerza en domicilios;Enero-junio 2023;11
-Municipio de Aldaia;8. Hurtos;Enero-junio 2023;570
-Municipio de Aldaia;9. Sustracciones de vehículos;Enero-junio 2023;5
-Municipio de Aldaia;10. Tráfico de drogas;Enero-junio 2023;6
-Municipio de Aldaia;11. Resto de criminalidad convencional;Enero-junio 2023;329
-Municipio de Aldaia;II. CIBERCRIMINALIDAD (infracciones penales cometidas en/por medio ciber);Enero-junio 2023;99
-Municipio de Aldaia;12.-Estafas informáticas;Enero-junio 2023;93
-Municipio de Aldaia;13.-Otros ciberdelitos;Enero-junio 2023;6
-Municipio de Aldaia;III. TOTAL INFRACCIONES PENALES;Enero-junio 2023;1.066
-Municipio de Alfafar;I. CRIMINALIDAD CONVENCIONAL;Enero-junio 2023;712
-Municipio de Alfafar;1. Homicidios dolosos y asesinatos consumados;Enero-junio 2023;0
-Municipio de Alfafar;2. Homicidios dolosos y asesinatos en grado tentativa;Enero-junio 2023;0
-Municipio de Alfafar;3. Delitos graves y menos graves de lesiones y riña tumultuaria;Enero-junio 2023;5
-Municipio de Alfafar;4. Secuestro;Enero-junio 2023;0
-Municipio de Alfafar;5. Delitos contra la libertad sexual;Enero-junio 2023;6
-Municipio de Alfafar;5.1.-Agresión sexual con penetración;Enero-junio 2023;1
-Municipio de Alfafar;5.2.-Resto de delitos contra la libertad sexual;Enero-junio 2023;5
-Municipio de Alfafar;6. Robos con violencia e intimidación;Enero-junio 2023;20
-Municipio de Alfafar;7. Robos con fuerza en domicilios, establecimientos y otras instalaciones;Enero-junio 2023;22
-Municipio de Alfafar;7.1.-Robos con fuerza en domicilios;Enero-junio 2023;14
-Municipio de Alfafar;8. Hurtos;Enero-junio 2023;260
-Municipio de Alfafar;9. Sustracciones de vehículos;Enero-junio 2023;5
-Municipio de Alfafar;10. Tráfico de drogas;Enero-junio 2023;0
-Municipio de Alfafar;11. Resto de criminalidad convencional;Enero-junio 2023;394
-Municipio de Alfafar;II. CIBERCRIMINALIDAD (infracciones penales cometidas en/por medio ciber);Enero-junio 2023;136
-Municipio de Alfafar;12.-Estafas informáticas;Enero-junio 2023;119
-Municipio de Alfafar;13.-Otros ciberdelitos;Enero-junio 2023;17
-Municipio de Alfafar;III. TOTAL INFRACCIONES PENALES;Enero-junio 2023;848
-Municipio de Algemesí;I. CRIMINALIDAD CONVENCIONAL;Enero-junio 2023;485
-Municipio de Algemesí;1. Homicidios dolosos y asesinatos consumados;Enero-junio 2023;0
-Municipio de Algemesí;2. Homicidios dolosos y asesinatos en grado tentativa;Enero-junio 2023;0
-Municipio de Algemesí;3. Delitos graves y menos graves de lesiones y riña tumultuaria;Enero-junio 2023;7
-Municipio de Algemesí;4. Secuestro;Enero-junio 2023;0
-Municipio de Algemesí;5. Delitos contra la libertad sexual;Enero-junio 2023;3
-Municipio de Algemesí;5.1.-Agresión sexual con penetración;Enero-junio 2023;1
-Municipio de Algemesí;5.2.-Resto de delitos contra la libertad sexual;Enero-junio 2023;2
-Municipio de Algemesí;6. Robos con violencia e intimidación;Enero-junio 2023;7
-Municipio de Algemesí;7. Robos con fuerza en domicilios, establecimientos y otras instalaciones;Enero-junio 2023;33
-Municipio de Algemesí;7.1.-Robos con fuerza en domicilios;Enero-junio 2023;27
-Municipio de Algemesí;8. Hurtos;Enero-junio 2023;123
-Municipio de Algemesí;9. Sustracciones de vehículos;Enero-junio 2023;3
-Municipio de Algemesí;10. Tráfico de drogas;Enero-junio 2023;7
-Municipio de Algemesí;11. Resto de criminalidad convencional;Enero-junio 2023;302
-Municipio de Algemesí;II. CIBERCRIMINALIDAD (infracciones penales cometidas en/por medio ciber);Enero-junio 2023;109
-Municipio de Algemesí;12.-Estafas informáticas;Enero-junio 2023;97
-Municipio de Algemesí;13.-Otros ciberdelitos;Enero-junio 2023;12
-Municipio de Algemesí;III. TOTAL INFRACCIONES PENALES;Enero-junio 2023;594
-Municipio de Alzira;I. CRIMINALIDAD CONVENCIONAL;Enero-junio 2023;1.176
-Municipio de Alzira;1. Homicidios dolosos y asesinatos consumados;Enero-junio 2023;0
-Municipio de Alzira;2. Homicidios dolosos y asesinatos en grado tentativa;Enero-junio 2023;1
-Municipio de Alzira;3. Delitos graves y menos graves de lesiones y riña tumultuaria;Enero-junio 2023;16
-Municipio de Alzira;4. Secuestro;Enero-junio 2023;0
-Municipio de Alzira;5. Delitos contra la libertad sexual;Enero-junio 2023;15
-Municipio de Alzira;5.1.-Agresión sexual con penetración;Enero-junio 2023;3
-Municipio de Alzira;5.2.-Resto de delitos contra la libertad sexual;Enero-junio 2023;12
-Municipio de Alzira;6. Robos con violencia e intimidación;Enero-junio 2023;22
-Municipio de Alzira;7. Robos con fuerza en domicilios, establecimientos y otras instalaciones;Enero-junio 2023;148
-Municipio de Alzira;7.1.-Robos con fuerza en domicilios;Enero-junio 2023;124
-Municipio de Alzira;8. Hurtos;Enero-junio 2023;358
-Municipio de Alzira;9. Sustracciones de vehículos;Enero-junio 2023;9
-Municipio de Alzira;10. Tráfico de drogas;Enero-junio 2023;13
-Municipio de Alzira;11. Resto de criminalidad convencional;Enero-junio 2023;594
-Municipio de Alzira;II. CIBERCRIMINALIDAD (infracciones penales cometidas en/por medio ciber);Enero-junio 2023;206
-Municipio de Alzira;12.-Estafas informáticas;Enero-junio 2023;180
-Municipio de Alzira;13.-Otros ciberdelitos;Enero-junio 2023;26
-Municipio de Alzira;III. TOTAL INFRACCIONES PENALES;Enero-junio 2023;1.382
-Municipio de Bétera;I. CRIMINALIDAD CONVENCIONAL;Enero-junio 2023;412
-Municipio de Bétera;1. Homicidios dolosos y asesinatos consumados;Enero-junio 2023;0
-Municipio de Bétera;2. Homicidios dolosos y asesinatos en grado tentativa;Enero-junio 2023;0
-Municipio de Bétera;3. Delitos graves y menos graves de lesiones y riña tumultuaria;Enero-junio 2023;9
-Municipio de Bétera;4. Secuestro;Enero-junio 2023;0
-Municipio de Bétera;5. Delitos contra la libertad sexual;Enero-junio 2023;7
-Municipio de Bétera;5.1.-Agresión sexual con penetración;Enero-junio 2023;0
-Municipio de Bétera;5.2.-Resto de delitos contra la libertad sexual;Enero-junio 2023;7
-Municipio de Bétera;6. Robos con violencia e intimidación;Enero-junio 2023;12
-Municipio de Bétera;7. Robos con fuerza en domicilios, establecimientos y otras instalaciones;Enero-junio 2023;51
-Municipio de Bétera;7.1.-Robos con fuerza en domicilios;Enero-junio 2023;46
-Municipio de Bétera;8. Hurtos;Enero-junio 2023;77
-Municipio de Bétera;9. Sustracciones de vehículos;Enero-junio 2023;8
-Municipio de Bétera;10. Tráfico de drogas;Enero-junio 2023;3
-Municipio de Bétera;11. Resto de criminalidad convencional;Enero-junio 2023;245
-Municipio de Bétera;II. CIBERCRIMINALIDAD (infracciones penales cometidas en/por medio ciber);Enero-junio 2023;112
-Municipio de Bétera;12.-Estafas informáticas;Enero-junio 2023;95
-Municipio de Bétera;13.-Otros ciberdelitos;Enero-junio 2023;17
-Municipio de Bétera;III. TOTAL INFRACCIONES PENALES;Enero-junio 2023;524
-Municipio de Burjassot;I. CRIMINALIDAD CONVENCIONAL;Enero-junio 2023;645
-Municipio de Burjassot;1. Homicidios dolosos y asesinatos consumados;Enero-junio 2023;0
-Municipio de Burjassot;2. Homicidios dolosos y asesinatos en grado tentativa;Enero-junio 2023;0
-Municipio de Burjassot;3. Delitos graves y menos graves de lesiones y riña tumultuaria;Enero-junio 2023;2
-Municipio de Burjassot;4. Secuestro;Enero-junio 2023;0
-Municipio de Burjassot;5. Delitos contra la libertad sexual;Enero-junio 2023;9
-Municipio de Burjassot;5.1.-Agresión sexual con penetración;Enero-junio 2023;0
-Municipio de Burjassot;5.2.-Resto de delitos contra la libertad sexual;Enero-junio 2023;9
-Municipio de Burjassot;6. Robos con violencia e intimidación;Enero-junio 2023;9
-Municipio de Burjassot;7. Robos con fuerza en domicilios, establecimientos y otras instalaciones;Enero-junio 2023;37
-Municipio de Burjassot;7.1.-Robos con fuerza en domicilios;Enero-junio 2023;32
-Municipio de Burjassot;8. Hurtos;Enero-junio 2023;200
-Municipio de Burjassot;9. Sustracciones de vehículos;Enero-junio 2023;8
-Municipio de Burjassot;10. Tráfico de drogas;Enero-junio 2023;5
-Municipio de Burjassot;11. Resto de criminalidad convencional;Enero-junio 2023;375
-Municipio de Burjassot;II. CIBERCRIMINALIDAD (infracciones penales cometidas en/por medio ciber);Enero-junio 2023;131
-Municipio de Burjassot;12.-Estafas informáticas;Enero-junio 2023;123
-Municipio de Burjassot;13.-Otros ciberdelitos;Enero-junio 2023;8
-Municipio de Burjassot;III. TOTAL INFRACCIONES PENALES;Enero-junio 2023;776
-Municipio de Carcaixent;I. CRIMINALIDAD CONVENCIONAL;Enero-junio 2023;441
-Municipio de Carcaixent;1. Homicidios dolosos y asesinatos consumados;Enero-junio 2023;0
-Municipio de Carcaixent;2. Homicidios dolosos y asesinatos en grado tentativa;Enero-junio 2023;0
-Municipio de Carcaixent;3. Delitos graves y menos graves de lesiones y riña tumultuaria;Enero-junio 2023;14
-Municipio de Carcaixent;4. Secuestro;Enero-junio 2023;0
-Municipio de Carcaixent;5. Delitos contra la libertad sexual;Enero-junio 2023;3
-Municipio de Carcaixent;5.1.-Agresión sexual con penetración;Enero-junio 2023;2
-Municipio de Carcaixent;5.2.-Resto de delitos contra la libertad sexual;Enero-junio 2023;1
-Municipio de Carcaixent;6. Robos con violencia e intimidación;Enero-junio 2023;5
-Municipio de Carcaixent;7. Robos con fuerza en domicilios, establecimientos y otras instalaciones;Enero-junio 2023;34
-Municipio de Carcaixent;7.1.-Robos con fuerza en domicilios;Enero-junio 2023;29
-Municipio de Carcaixent;8. Hurtos;Enero-junio 2023;139
-Municipio de Carcaixent;9. Sustracciones de vehículos;Enero-junio 2023;6
-Municipio de Carcaixent;10. Tráfico de drogas;Enero-junio 2023;3
-Municipio de Carcaixent;11. Resto de criminalidad convencional;Enero-junio 2023;237
-Municipio de Carcaixent;II. CIBERCRIMINALIDAD (infracciones penales cometidas en/por medio ciber);Enero-junio 2023;88
-Municipio de Carcaixent;12.-Estafas informáticas;Enero-junio 2023;71
-Municipio de Carcaixent;13.-Otros ciberdelitos;Enero-junio 2023;17
-Municipio de Carcaixent;III. TOTAL INFRACCIONES PENALES;Enero-junio 2023;529
-Municipio de Catarroja;I. CRIMINALIDAD CONVENCIONAL;Enero-junio 2023;409
-Municipio de Catarroja;1. Homicidios dolosos y asesinatos consumados;Enero-junio 2023;0
-Municipio de Catarroja;2. Homicidios dolosos y asesinatos en grado tentativa;Enero-junio 2023;0
-Municipio de Catarroja;3. Delitos graves y menos graves de lesiones y riña tumultuaria;Enero-junio 2023;6
-Municipio de Catarroja;4. Secuestro;Enero-junio 2023;0
-Municipio de Catarroja;5. Delitos contra la libertad sexual;Enero-junio 2023;1
-Municipio de Catarroja;5.1.-Agresión sexual con penetración;Enero-junio 2023;0
-Municipio de Catarroja;5.2.-Resto de delitos contra la libertad sexual;Enero-junio 2023;1
-Municipio de Catarroja;6. Robos con violencia e intimidación;Enero-junio 2023;13
-Municipio de Catarroja;7. Robos con fuerza en domicilios, establecimientos y otras instalaciones;Enero-junio 2023;42
-Municipio de Catarroja;7.1.-Robos con fuerza en domicilios;Enero-junio 2023;25
-Municipio de Catarroja;8. Hurtos;Enero-junio 2023;60
-Municipio de Catarroja;9. Sustracciones de vehículos;Enero-junio 2023;5
-Municipio de Catarroja;10. Tráfico de drogas;Enero-junio 2023;3
-Municipio de Catarroja;11. Resto de criminalidad convencional;Enero-junio 2023;279
-Municipio de Catarroja;II. CIBERCRIMINALIDAD (infracciones penales cometidas en/por medio ciber);Enero-junio 2023;111
-Municipio de Catarroja;12.-Estafas informáticas;Enero-junio 2023;94
-Municipio de Catarroja;13.-Otros ciberdelitos;Enero-junio 2023;17
-Municipio de Catarroja;III. TOTAL INFRACCIONES PENALES;Enero-junio 2023;520
-Municipio de Cullera;I. CRIMINALIDAD CONVENCIONAL;Enero-junio 2023;789
-Municipio de Cullera;1. Homicidios dolosos y asesinatos consumados;Enero-junio 2023;0
-Municipio de Cullera;2. Homicidios dolosos y asesinatos en grado tentativa;Enero-junio 2023;0
-Municipio de Cullera;3. Delitos graves y menos graves de lesiones y riña tumultuaria;Enero-junio 2023;11
-Municipio de Cullera;4. Secuestro;Enero-junio 2023;0
-Municipio de Cullera;5. Delitos contra la libertad sexual;Enero-junio 2023;7
-Municipio de Cullera;5.1.-Agresión sexual con penetración;Enero-junio 2023;3
-Municipio de Cullera;5.2.-Resto de delitos contra la libertad sexual;Enero-junio 2023;4
-Municipio de Cullera;6. Robos con violencia e intimidación;Enero-junio 2023;25
-Municipio de Cullera;7. Robos con fuerza en domicilios, establecimientos y otras instalaciones;Enero-junio 2023;66
-Municipio de Cullera;7.1.-Robos con fuerza en domicilios;Enero-junio 2023;59
-Municipio de Cullera;8. Hurtos;Enero-junio 2023;205
-Municipio de Cullera;9. Sustracciones de vehículos;Enero-junio 2023;14
-Municipio de Cullera;10. Tráfico de drogas;Enero-junio 2023;3
-Municipio de Cullera;11. Resto de criminalidad convencional;Enero-junio 2023;458
-Municipio de Cullera;II. CIBERCRIMINALIDAD (infracciones penales cometidas en/por medio ciber);Enero-junio 2023;128
-Municipio de Cullera;12.-Estafas informáticas;Enero-junio 2023;119
-Municipio de Cullera;13.-Otros ciberdelitos;Enero-junio 2023;9
-Municipio de Cullera;III. TOTAL INFRACCIONES PENALES;Enero-junio 2023;917
-Municipio de Gandia;I. CRIMINALIDAD CONVENCIONAL;Enero-junio 2023;1.841
-Municipio de Gandia;1. Homicidios dolosos y asesinatos consumados;Enero-junio 2023;1
-Municipio de Gandia;2. Homicidios dolosos y asesinatos en grado tentativa;Enero-junio 2023;2
-Municipio de Gandia;3. Delitos graves y menos graves de lesiones y riña tumultuaria;Enero-junio 2023;26
-Municipio de Gandia;4. Secuestro;Enero-junio 2023;0
-Municipio de Gandia;5. Delitos contra la libertad sexual;Enero-junio 2023;15
-Municipio de Gandia;5.1.-Agresión sexual con penetración;Enero-junio 2023;2
-Municipio de Gandia;5.2.-Resto de delitos contra la libertad sexual;Enero-junio 2023;13
-Municipio de Gandia;6. Robos con violencia e intimidación;Enero-junio 2023;40
-Municipio de Gandia;7. Robos con fuerza en domicilios, establecimientos y otras instalaciones;Enero-junio 2023;108
-Municipio de Gandia;7.1.-Robos con fuerza en domicilios;Enero-junio 2023;78
-Municipio de Gandia;8. Hurtos;Enero-junio 2023;533
-Municipio de Gandia;9. Sustracciones de vehículos;Enero-junio 2023;43
-Municipio de Gandia;10. Tráfico de drogas;Enero-junio 2023;30
-Municipio de Gandia;11. Resto de criminalidad convencional;Enero-junio 2023;1.043
-Municipio de Gandia;II. CIBERCRIMINALIDAD (infracciones penales cometidas en/por medio ciber);Enero-junio 2023;380
-Municipio de Gandia;12.-Estafas informáticas;Enero-junio 2023;351
-Municipio de Gandia;13.-Otros ciberdelitos;Enero-junio 2023;29
-Municipio de Gandia;III. TOTAL INFRACCIONES PENALES;Enero-junio 2023;2.221
-Municipio de Llíria;I. CRIMINALIDAD CONVENCIONAL;Enero-junio 2023;486
-Municipio de Llíria;1. Homicidios dolosos y asesinatos consumados;Enero-junio 2023;0
-Municipio de Llíria;2. Homicidios dolosos y asesinatos en grado tentativa;Enero-junio 2023;0
-Municipio de Llíria;3. Delitos graves y menos graves de lesiones y riña tumultuaria;Enero-junio 2023;8
-Municipio de Llíria;4. Secuestro;Enero-junio 2023;0
-Municipio de Llíria;5. Delitos contra la libertad sexual;Enero-junio 2023;2
-Municipio de Llíria;5.1.-Agresión sexual con penetración;Enero-junio 2023;0
-Municipio de Llíria;5.2.-Resto de delitos contra la libertad sexual;Enero-junio 2023;2
-Municipio de Llíria;6. Robos con violencia e intimidación;Enero-junio 2023;4
-Municipio de Llíria;7. Robos con fuerza en domicilios, establecimientos y otras instalaciones;Enero-junio 2023;66
-Municipio de Llíria;7.1.-Robos con fuerza en domicilios;Enero-junio 2023;60
-Municipio de Llíria;8. Hurtos;Enero-junio 2023;115
-Municipio de Llíria;9. Sustracciones de vehículos;Enero-junio 2023;3
-Municipio de Llíria;10. Tráfico de drogas;Enero-junio 2023;5
-Municipio de Llíria;11. Resto de criminalidad convencional;Enero-junio 2023;283
-Municipio de Llíria;II. CIBERCRIMINALIDAD (infracciones penales cometidas en/por medio ciber);Enero-junio 2023;121
-Municipio de Llíria;12.-Estafas informáticas;Enero-junio 2023;92
-Municipio de Llíria;13.-Otros ciberdelitos;Enero-junio 2023;29
-Municipio de Llíria;III. TOTAL INFRACCIONES PENALES;Enero-junio 2023;607
-Municipio de Manises;I. CRIMINALIDAD CONVENCIONAL;Enero-junio 2023;522
-Municipio de Manises;1. Homicidios dolosos y asesinatos consumados;Enero-junio 2023;0
-Municipio de Manises;2. Homicidios dolosos y asesinatos en grado tentativa;Enero-junio 2023;0
-Municipio de Manises;3. Delitos graves y menos graves de lesiones y riña tumultuaria;Enero-junio 2023;7
-Municipio de Manises;4. Secuestro;Enero-junio 2023;0
-Municipio de Manises;5. Delitos contra la libertad sexual;Enero-junio 2023;4
-Municipio de Manises;5.1.-Agresión sexual con penetración;Enero-junio 2023;0
-Municipio de Manises;5.2.-Resto de delitos contra la libertad sexual;Enero-junio 2023;4
-Municipio de Manises;6. Robos con violencia e intimidación;Enero-junio 2023;8
-Municipio de Manises;7. Robos con fuerza en domicilios, establecimientos y otras instalaciones;Enero-junio 2023;16
-Municipio de Manises;7.1.-Robos con fuerza en domicilios;Enero-junio 2023;14
-Municipio de Manises;8. Hurtos;Enero-junio 2023;180
-Municipio de Manises;9. Sustracciones de vehículos;Enero-junio 2023;22
-Municipio de Manises;10. Tráfico de drogas;Enero-junio 2023;27
-Municipio de Manises;11. Resto de criminalidad convencional;Enero-junio 2023;258
-Municipio de Manises;II. CIBERCRIMINALIDAD (infracciones penales cometidas en/por medio ciber);Enero-junio 2023;102
-Municipio de Manises;12.-Estafas informáticas;Enero-junio 2023;94
-Municipio de Manises;13.-Otros ciberdelitos;Enero-junio 2023;8
-Municipio de Manises;III. TOTAL INFRACCIONES PENALES;Enero-junio 2023;624
-Municipio de Mislata;I. CRIMINALIDAD CONVENCIONAL;Enero-junio 2023;632
-Municipio de Mislata;1. Homicidios dolosos y asesinatos consumados;Enero-junio 2023;0
-Municipio de Mislata;2. Homicidios dolosos y asesinatos en grado tentativa;Enero-junio 2023;0
-Municipio de Mislata;3. Delitos graves y menos graves de lesiones y riña tumultuaria;Enero-junio 2023;5
-Municipio de Mislata;4. Secuestro;Enero-junio 2023;0
-Municipio de Mislata;5. Delitos contra la libertad sexual;Enero-junio 2023;9
-Municipio de Mislata;5.1.-Agresión sexual con penetración;Enero-junio 2023;0
-Municipio de Mislata;5.2.-Resto de delitos contra la libertad sexual;Enero-junio 2023;9
-Municipio de Mislata;6. Robos con violencia e intimidación;Enero-junio 2023;21
-Municipio de Mislata;7. Robos con fuerza en domicilios, establecimientos y otras instalaciones;Enero-junio 2023;53
-Municipio de Mislata;7.1.-Robos con fuerza en domicilios;Enero-junio 2023;44
-Municipio de Mislata;8. Hurtos;Enero-junio 2023;169
-Municipio de Mislata;9. Sustracciones de vehículos;Enero-junio 2023;6
-Municipio de Mislata;10. Tráfico de drogas;Enero-junio 2023;4
-Municipio de Mislata;11. Resto de criminalidad convencional;Enero-junio 2023;365
-Municipio de Mislata;II. CIBERCRIMINALIDAD (infracciones penales cometidas en/por medio ciber);Enero-junio 2023;199
-Municipio de Mislata;12.-Estafas informáticas;Enero-junio 2023;186
-Municipio de Mislata;13.-Otros ciberdelitos;Enero-junio 2023;13
-Municipio de Mislata;III. TOTAL INFRACCIONES PENALES;Enero-junio 2023;831
-Municipio de Moncada;I. CRIMINALIDAD CONVENCIONAL;Enero-junio 2023;410
-Municipio de Moncada;1. Homicidios dolosos y asesinatos consumados;Enero-junio 2023;0
-Municipio de Moncada;2. Homicidios dolosos y asesinatos en grado tentativa;Enero-junio 2023;0
-Municipio de Moncada;3. Delitos graves y menos graves de lesiones y riña tumultuaria;Enero-junio 2023;10
-Municipio de Moncada;4. Secuestro;Enero-junio 2023;0
-Municipio de Moncada;5. Delitos contra la libertad sexual;Enero-junio 2023;3
-Municipio de Moncada;5.1.-Agresión sexual con penetración;Enero-junio 2023;1
-Municipio de Moncada;5.2.-Resto de delitos contra la libertad sexual;Enero-junio 2023;2
-Municipio de Moncada;6. Robos con violencia e intimidación;Enero-junio 2023;6
-Municipio de Moncada;7. Robos con fuerza en domicilios, establecimientos y otras instalaciones;Enero-junio 2023;48
-Municipio de Moncada;7.1.-Robos con fuerza en domicilios;Enero-junio 2023;39
-Municipio de Moncada;8. Hurtos;Enero-junio 2023;97
-Municipio de Moncada;9. Sustracciones de vehículos;Enero-junio 2023;8
-Municipio de Moncada;10. Tráfico de drogas;Enero-junio 2023;1
-Municipio de Moncada;11. Resto de criminalidad convencional;Enero-junio 2023;237
-Municipio de Moncada;II. CIBERCRIMINALIDAD (infracciones penales cometidas en/por medio ciber);Enero-junio 2023;58
-Municipio de Moncada;12.-Estafas informáticas;Enero-junio 2023;48
-Municipio de Moncada;13.-Otros ciberdelitos;Enero-junio 2023;10
-Municipio de Moncada;III. TOTAL INFRACCIONES PENALES;Enero-junio 2023;468
-Municipio de Oliva;I. CRIMINALIDAD CONVENCIONAL;Enero-junio 2023;494
-Municipio de Oliva;1. Homicidios dolosos y asesinatos consumados;Enero-junio 2023;0
-Municipio de Oliva;2. Homicidios dolosos y asesinatos en grado tentativa;Enero-junio 2023;0
-Municipio de Oliva;3. Delitos graves y menos graves de lesiones y riña tumultuaria;Enero-junio 2023;12
-Municipio de Oliva;4. Secuestro;Enero-junio 2023;0
-Municipio de Oliva;5. Delitos contra la libertad sexual;Enero-junio 2023;2
-Municipio de Oliva;5.1.-Agresión sexual con penetración;Enero-junio 2023;1
-Municipio de Oliva;5.2.-Resto de delitos contra la libertad sexual;Enero-junio 2023;1
-Municipio de Oliva;6. Robos con violencia e intimidación;Enero-junio 2023;3
-Municipio de Oliva;7. Robos con fuerza en domicilios, establecimientos y otras instalaciones;Enero-junio 2023;66
-Municipio de Oliva;7.1.-Robos con fuerza en domicilios;Enero-junio 2023;59
-Municipio de Oliva;8. Hurtos;Enero-junio 2023;79
-Municipio de Oliva;9. Sustracciones de vehículos;Enero-junio 2023;20
-Municipio de Oliva;10. Tráfico de drogas;Enero-junio 2023;2
-Municipio de Oliva;11. Resto de criminalidad convencional;Enero-junio 2023;310
-Municipio de Oliva;II. CIBERCRIMINALIDAD (infracciones penales cometidas en/por medio ciber);Enero-junio 2023;101
-Municipio de Oliva;12.-Estafas informáticas;Enero-junio 2023;92
-Municipio de Oliva;13.-Otros ciberdelitos;Enero-junio 2023;9
-Municipio de Oliva;III. TOTAL INFRACCIONES PENALES;Enero-junio 2023;595
-Municipio de Ontinyent;I. CRIMINALIDAD CONVENCIONAL;Enero-junio 2023;356
-Municipio de Ontinyent;1. Homicidios dolosos y asesinatos consumados;Enero-junio 2023;0
-Municipio de Ontinyent;2. Homicidios dolosos y asesinatos en grado tentativa;Enero-junio 2023;0
-Municipio de Ontinyent;3. Delitos graves y menos graves de lesiones y riña tumultuaria;Enero-junio 2023;6
-Municipio de Ontinyent;4. Secuestro;Enero-junio 2023;0
-Municipio de Ontinyent;5. Delitos contra la libertad sexual;Enero-junio 2023;4
-Municipio de Ontinyent;5.1.-Agresión sexual con penetración;Enero-junio 2023;0
-Municipio de Ontinyent;5.2.-Resto de delitos contra la libertad sexual;Enero-junio 2023;4
-Municipio de Ontinyent;6. Robos con violencia e intimidación;Enero-junio 2023;5
-Municipio de Ontinyent;7. Robos con fuerza en domicilios, establecimientos y otras instalaciones;Enero-junio 2023;26
-Municipio de Ontinyent;7.1.-Robos con fuerza en domicilios;Enero-junio 2023;23
-Municipio de Ontinyent;8. Hurtos;Enero-junio 2023;89
-Municipio de Ontinyent;9. Sustracciones de vehículos;Enero-junio 2023;1
-Municipio de Ontinyent;10. Tráfico de drogas;Enero-junio 2023;2
-Municipio de Ontinyent;11. Resto de criminalidad convencional;Enero-junio 2023;223
-Municipio de Ontinyent;II. CIBERCRIMINALIDAD (infracciones penales cometidas en/por medio ciber);Enero-junio 2023;174
-Municipio de Ontinyent;12.-Estafas informáticas;Enero-junio 2023;163
-Municipio de Ontinyent;13.-Otros ciberdelitos;Enero-junio 2023;11
-Municipio de Ontinyent;III. TOTAL INFRACCIONES PENALES;Enero-junio 2023;530
-Municipio de Paiporta;I. CRIMINALIDAD CONVENCIONAL;Enero-junio 2023;329
-Municipio de Paiporta;1. Homicidios dolosos y asesinatos consumados;Enero-junio 2023;0
-Municipio de Paiporta;2. Homicidios dolosos y asesinatos en grado tentativa;Enero-junio 2023;0
-Municipio de Paiporta;3. Delitos graves y menos graves de lesiones y riña tumultuaria;Enero-junio 2023;6
-Municipio de Paiporta;4. Secuestro;Enero-junio 2023;0
-Municipio de Paiporta;5. Delitos contra la libertad sexual;Enero-junio 2023;5
-Municipio de Paiporta;5.1.-Agresión sexual con penetración;Enero-junio 2023;2
-Municipio de Paiporta;5.2.-Resto de delitos contra la libertad sexual;Enero-junio 2023;3
-Municipio de Paiporta;6. Robos con violencia e intimidación;Enero-junio 2023;5
-Municipio de Paiporta;7. Robos con fuerza en domicilios, establecimientos y otras instalaciones;Enero-junio 2023;22
-Municipio de Paiporta;7.1.-Robos con fuerza en domicilios;Enero-junio 2023;17
-Municipio de Paiporta;8. Hurtos;Enero-junio 2023;68
-Municipio de Paiporta;9. Sustracciones de vehículos;Enero-junio 2023;11
-Municipio de Paiporta;10. Tráfico de drogas;Enero-junio 2023;6
-Municipio de Paiporta;11. Resto de criminalidad convencional;Enero-junio 2023;206
-Municipio de Paiporta;II. CIBERCRIMINALIDAD (infracciones penales cometidas en/por medio ciber);Enero-junio 2023;99
-Municipio de Paiporta;12.-Estafas informáticas;Enero-junio 2023;81
-Municipio de Paiporta;13.-Otros ciberdelitos;Enero-junio 2023;18
-Municipio de Paiporta;III. TOTAL INFRACCIONES PENALES;Enero-junio 2023;428
-Municipio de Paterna;I. CRIMINALIDAD CONVENCIONAL;Enero-junio 2023;1.274
-Municipio de Paterna;1. Homicidios dolosos y asesinatos consumados;Enero-junio 2023;0
-Municipio de Paterna;2. Homicidios dolosos y asesinatos en grado tentativa;Enero-junio 2023;3
-Municipio de Paterna;3. Delitos graves y menos graves de lesiones y riña tumultuaria;Enero-junio 2023;13
-Municipio de Paterna;4. Secuestro;Enero-junio 2023;0
-Municipio de Paterna;5. Delitos contra la libertad sexual;Enero-junio 2023;15
-Municipio de Paterna;5.1.-Agresión sexual con penetración;Enero-junio 2023;3
-Municipio de Paterna;5.2.-Resto de delitos contra la libertad sexual;Enero-junio 2023;12
-Municipio de Paterna;6. Robos con violencia e intimidación;Enero-junio 2023;24
-Municipio de Paterna;7. Robos con fuerza en domicilios, establecimientos y otras instalaciones;Enero-junio 2023;117
-Municipio de Paterna;7.1.-Robos con fuerza en domicilios;Enero-junio 2023;96
-Municipio de Paterna;8. Hurtos;Enero-junio 2023;339
-Municipio de Paterna;9. Sustracciones de vehículos;Enero-junio 2023;23
-Municipio de Paterna;10. Tráfico de drogas;Enero-junio 2023;9
-Municipio de Paterna;11. Resto de criminalidad convencional;Enero-junio 2023;731
-Municipio de Paterna;II. CIBERCRIMINALIDAD (infracciones penales cometidas en/por medio ciber);Enero-junio 2023;347
-Municipio de Paterna;12.-Estafas informáticas;Enero-junio 2023;319
-Municipio de Paterna;13.-Otros ciberdelitos;Enero-junio 2023;28
-Municipio de Paterna;III. TOTAL INFRACCIONES PENALES;Enero-junio 2023;1.621
-Municipio de Picassent;I. CRIMINALIDAD CONVENCIONAL;Enero-junio 2023;512
-Municipio de Picassent;1. Homicidios dolosos y asesinatos consumados;Enero-junio 2023;1
-Municipio de Picassent;2. Homicidios dolosos y asesinatos en grado tentativa;Enero-junio 2023;0
-Municipio de Picassent;3. Delitos graves y menos graves de lesiones y riña tumultuaria;Enero-junio 2023;7
-Municipio de Picassent;4. Secuestro;Enero-junio 2023;0
-Municipio de Picassent;5. Delitos contra la libertad sexual;Enero-junio 2023;11
-Municipio de Picassent;5.1.-Agresión sexual con penetración;Enero-junio 2023;1
-Municipio de Picassent;5.2.-Resto de delitos contra la libertad sexual;Enero-junio 2023;10
-Municipio de Picassent;6. Robos con violencia e intimidación;Enero-junio 2023;6
-Municipio de Picassent;7. Robos con fuerza en domicilios, establecimientos y otras instalaciones;Enero-junio 2023;38
-Municipio de Picassent;7.1.-Robos con fuerza en domicilios;Enero-junio 2023;28
-Municipio de Picassent;8. Hurtos;Enero-junio 2023;113
-Municipio de Picassent;9. Sustracciones de vehículos;Enero-junio 2023;4
-Municipio de Picassent;10. Tráfico de drogas;Enero-junio 2023;35
-Municipio de Picassent;11. Resto de criminalidad convencional;Enero-junio 2023;297
-Municipio de Picassent;II. CIBERCRIMINALIDAD (infracciones penales cometidas en/por medio ciber);Enero-junio 2023;47
-Municipio de Picassent;12.-Estafas informáticas;Enero-junio 2023;30
-Municipio de Picassent;13.-Otros ciberdelitos;Enero-junio 2023;17
-Municipio de Picassent;III. TOTAL INFRACCIONES PENALES;Enero-junio 2023;559
-Municipio de Pobla de Vallbona (la);I. CRIMINALIDAD CONVENCIONAL;Enero-junio 2023;445
-Municipio de Pobla de Vallbona (la);1. Homicidios dolosos y asesinatos consumados;Enero-junio 2023;0
-Municipio de Pobla de Vallbona (la);2. Homicidios dolosos y asesinatos en grado tentativa;Enero-junio 2023;1
-Municipio de Pobla de Vallbona (la);3. Delitos graves y menos graves de lesiones y riña tumultuaria;Enero-junio 2023;8
-Municipio de Pobla de Vallbona (la);4. Secuestro;Enero-junio 2023;0
-Municipio de Pobla de Vallbona (la);5. Delitos contra la libertad sexual;Enero-junio 2023;8
-Municipio de Pobla de Vallbona (la);5.1.-Agresión sexual con penetración;Enero-junio 2023;1
-Municipio de Pobla de Vallbona (la);5.2.-Resto de delitos contra la libertad sexual;Enero-junio 2023;7
-Municipio de Pobla de Vallbona (la);6. Robos con violencia e intimidación;Enero-junio 2023;4
-Municipio de Pobla de Vallbona (la);7. Robos con fuerza en domicilios, establecimientos y otras instalaciones;Enero-junio 2023;37
-Municipio de Pobla de Vallbona (la);7.1.-Robos con fuerza en domicilios;Enero-junio 2023;28
-Municipio de Pobla de Vallbona (la);8. Hurtos;Enero-junio 2023;93
-Municipio de Pobla de Vallbona (la);9. Sustracciones de vehículos;Enero-junio 2023;8
-Municipio de Pobla de Vallbona (la);10. Tráfico de drogas;Enero-junio 2023;6
-Municipio de Pobla de Vallbona (la);11. Resto de criminalidad convencional;Enero-junio 2023;280
-Municipio de Pobla de Vallbona (la);II. CIBERCRIMINALIDAD (infracciones penales cometidas en/por medio ciber);Enero-junio 2023;112
-Municipio de Pobla de Vallbona (la);12.-Estafas informáticas;Enero-junio 2023;82
-Municipio de Pobla de Vallbona (la);13.-Otros ciberdelitos;Enero-junio 2023;30
-Municipio de Pobla de Vallbona (la);III. TOTAL INFRACCIONES PENALES;Enero-junio 2023;557
-Municipio de Puçol;I. CRIMINALIDAD CONVENCIONAL;Enero-junio 2023;361
-Municipio de Puçol;1. Homicidios dolosos y asesinatos consumados;Enero-junio 2023;0
-Municipio de Puçol;2. Homicidios dolosos y asesinatos en grado tentativa;Enero-junio 2023;0
-Municipio de Puçol;3. Delitos graves y menos graves de lesiones y riña tumultuaria;Enero-junio 2023;7
-Municipio de Puçol;4. Secuestro;Enero-junio 2023;0
-Municipio de Puçol;5. Delitos contra la libertad sexual;Enero-junio 2023;4
-Municipio de Puçol;5.1.-Agresión sexual con penetración;Enero-junio 2023;0
-Municipio de Puçol;5.2.-Resto de delitos contra la libertad sexual;Enero-junio 2023;4
-Municipio de Puçol;6. Robos con violencia e intimidación;Enero-junio 2023;3
-Municipio de Puçol;7. Robos con fuerza en domicilios, establecimientos y otras instalaciones;Enero-junio 2023;14
-Municipio de Puçol;7.1.-Robos con fuerza en domicilios;Enero-junio 2023;6
-Municipio de Puçol;8. Hurtos;Enero-junio 2023;69
-Municipio de Puçol;9. Sustracciones de vehículos;Enero-junio 2023;1
-Municipio de Puçol;10. Tráfico de drogas;Enero-junio 2023;1
-Municipio de Puçol;11. Resto de criminalidad convencional;Enero-junio 2023;262
-Municipio de Puçol;II. CIBERCRIMINALIDAD (infracciones penales cometidas en/por medio ciber);Enero-junio 2023;32
-Municipio de Puçol;12.-Estafas informáticas;Enero-junio 2023;20
-Municipio de Puçol;13.-Otros ciberdelitos;Enero-junio 2023;12
-Municipio de Puçol;III. TOTAL INFRACCIONES PENALES;Enero-junio 2023;393
-Municipio de Quart de Poblet;I. CRIMINALIDAD CONVENCIONAL;Enero-junio 2023;513
-Municipio de Quart de Poblet;1. Homicidios dolosos y asesinatos consumados;Enero-junio 2023;0
-Municipio de Quart de Poblet;2. Homicidios dolosos y asesinatos en grado tentativa;Enero-junio 2023;1
-Municipio de Quart de Poblet;3. Delitos graves y menos graves de lesiones y riña tumultuaria;Enero-junio 2023;4
-Municipio de Quart de Poblet;4. Secuestro;Enero-junio 2023;0
-Municipio de Quart de Poblet;5. Delitos contra la libertad sexual;Enero-junio 2023;1
-Municipio de Quart de Poblet;5.1.-Agresión sexual con penetración;Enero-junio 2023;1
-Municipio de Quart de Poblet;5.2.-Resto de delitos contra la libertad sexual;Enero-junio 2023;0
-Municipio de Quart de Poblet;6. Robos con violencia e intimidación;Enero-junio 2023;13
-Municipio de Quart de Poblet;7. Robos con fuerza en domicilios, establecimientos y otras instalaciones;Enero-junio 2023;29
-Municipio de Quart de Poblet;7.1.-Robos con fuerza en domicilios;Enero-junio 2023;20
-Municipio de Quart de Poblet;8. Hurtos;Enero-junio 2023;149
-Municipio de Quart de Poblet;9. Sustracciones de vehículos;Enero-junio 2023;15
-Municipio de Quart de Poblet;10. Tráfico de drogas;Enero-junio 2023;1
-Municipio de Quart de Poblet;11. Resto de criminalidad convencional;Enero-junio 2023;300
-Municipio de Quart de Poblet;II. CIBERCRIMINALIDAD (infracciones penales cometidas en/por medio ciber);Enero-junio 2023;118
-Municipio de Quart de Poblet;12.-Estafas informáticas;Enero-junio 2023;106
-Municipio de Quart de Poblet;13.-Otros ciberdelitos;Enero-junio 2023;12
-Municipio de Quart de Poblet;III. TOTAL INFRACCIONES PENALES;Enero-junio 2023;631
-Municipio de Requena;I. CRIMINALIDAD CONVENCIONAL;Enero-junio 2023;437
-Municipio de Requena;1. Homicidios dolosos y asesinatos consumados;Enero-junio 2023;0
-Municipio de Requena;2. Homicidios dolosos y asesinatos en grado tentativa;Enero-junio 2023;0
-Municipio de Requena;3. Delitos graves y menos graves de lesiones y riña tumultuaria;Enero-junio 2023;14
-Municipio de Requena;4. Secuestro;Enero-junio 2023;0
-Municipio de Requena;5. Delitos contra la libertad sexual;Enero-junio 2023;1
-Municipio de Requena;5.1.-Agresión sexual con penetración;Enero-junio 2023;1
-Municipio de Requena;5.2.-Resto de delitos contra la libertad sexual;Enero-junio 2023;0
-Municipio de Requena;6. Robos con violencia e intimidación;Enero-junio 2023;8
-Municipio de Requena;7. Robos con fuerza en domicilios, establecimientos y otras instalaciones;Enero-junio 2023;25
-Municipio de Requena;7.1.-Robos con fuerza en domicilios;Enero-junio 2023;16
-Municipio de Requena;8. Hurtos;Enero-junio 2023;70
-Municipio de Requena;9. Sustracciones de vehículos;Enero-junio 2023;1
-Municipio de Requena;10. Tráfico de drogas;Enero-junio 2023;7
-Municipio de Requena;11. Resto de criminalidad convencional;Enero-junio 2023;311
-Municipio de Requena;II. CIBERCRIMINALIDAD (infracciones penales cometidas en/por medio ciber);Enero-junio 2023;89
-Municipio de Requena;12.-Estafas informáticas;Enero-junio 2023;73
-Municipio de Requena;13.-Otros ciberdelitos;Enero-junio 2023;16
-Municipio de Requena;III. TOTAL INFRACCIONES PENALES;Enero-junio 2023;526
-Municipio de Riba-roja de Túria;I. CRIMINALIDAD CONVENCIONAL;Enero-junio 2023;554
-Municipio de Riba-roja de Túria;1. Homicidios dolosos y asesinatos consumados;Enero-junio 2023;0
-Municipio de Riba-roja de Túria;2. Homicidios dolosos y asesinatos en grado tentativa;Enero-junio 2023;0
-Municipio de Riba-roja de Túria;3. Delitos graves y menos graves de lesiones y riña tumultuaria;Enero-junio 2023;10
-Municipio de Riba-roja de Túria;4. Secuestro;Enero-junio 2023;0
-Municipio de Riba-roja de Túria;5. Delitos contra la libertad sexual;Enero-junio 2023;3
-Municipio de Riba-roja de Túria;5.1.-Agresión sexual con penetración;Enero-junio 2023;0
-Municipio de Riba-roja de Túria;5.2.-Resto de delitos contra la libertad sexual;Enero-junio 2023;3
-Municipio de Riba-roja de Túria;6. Robos con violencia e intimidación;Enero-junio 2023;6
-Municipio de Riba-roja de Túria;7. Robos con fuerza en domicilios, establecimientos y otras instalaciones;Enero-junio 2023;47
-Municipio de Riba-roja de Túria;7.1.-Robos con fuerza en domicilios;Enero-junio 2023;42
-Municipio de Riba-roja de Túria;8. Hurtos;Enero-junio 2023;148
-Municipio de Riba-roja de Túria;9. Sustracciones de vehículos;Enero-junio 2023;5
-Municipio de Riba-roja de Túria;10. Tráfico de drogas;Enero-junio 2023;4
-Municipio de Riba-roja de Túria;11. Resto de criminalidad convencional;Enero-junio 2023;331
-Municipio de Riba-roja de Túria;II. CIBERCRIMINALIDAD (infracciones penales cometidas en/por medio ciber);Enero-junio 2023;91
-Municipio de Riba-roja de Túria;12.-Estafas informáticas;Enero-junio 2023;78
-Municipio de Riba-roja de Túria;13.-Otros ciberdelitos;Enero-junio 2023;13
-Municipio de Riba-roja de Túria;III. TOTAL INFRACCIONES PENALES;Enero-junio 2023;645
-Municipio de Sagunto/Sagunt;I. CRIMINALIDAD CONVENCIONAL;Enero-junio 2023;1.500
-Municipio de Sagunto/Sagunt;1. Homicidios dolosos y asesinatos consumados;Enero-junio 2023;0
-Municipio de Sagunto/Sagunt;2. Homicidios dolosos y asesinatos en grado tentativa;Enero-junio 2023;2
-Municipio de Sagunto/Sagunt;3. Delitos graves y menos graves de lesiones y riña tumultuaria;Enero-junio 2023;23
-Municipio de Sagunto/Sagunt;4. Secuestro;Enero-junio 2023;0
-Municipio de Sagunto/Sagunt;5. Delitos contra la libertad sexual;Enero-junio 2023;14
-Municipio de Sagunto/Sagunt;5.1.-Agresión sexual con penetración;Enero-junio 2023;1
-Municipio de Sagunto/Sagunt;5.2.-Resto de delitos contra la libertad sexual;Enero-junio 2023;13
-Municipio de Sagunto/Sagunt;6. Robos con violencia e intimidación;Enero-junio 2023;24
-Municipio de Sagunto/Sagunt;7. Robos con fuerza en domicilios, establecimientos y otras instalaciones;Enero-junio 2023;117
-Municipio de Sagunto/Sagunt;7.1.-Robos con fuerza en domicilios;Enero-junio 2023;102
-Municipio de Sagunto/Sagunt;8. Hurtos;Enero-junio 2023;419
-Municipio de Sagunto/Sagunt;9. Sustracciones de vehículos;Enero-junio 2023;23
-Municipio de Sagunto/Sagunt;10. Tráfico de drogas;Enero-junio 2023;9
-Municipio de Sagunto/Sagunt;11. Resto de criminalidad convencional;Enero-junio 2023;869
-Municipio de Sagunto/Sagunt;II. CIBERCRIMINALIDAD (infracciones penales cometidas en/por medio ciber);Enero-junio 2023;150
-Municipio de Sagunto/Sagunt;12.-Estafas informáticas;Enero-junio 2023;131
-Municipio de Sagunto/Sagunt;13.-Otros ciberdelitos;Enero-junio 2023;19
-Municipio de Sagunto/Sagunt;III. TOTAL INFRACCIONES PENALES;Enero-junio 2023;1.650
-Municipio de Sueca;I. CRIMINALIDAD CONVENCIONAL;Enero-junio 2023;706
-Municipio de Sueca;1. Homicidios dolosos y asesinatos consumados;Enero-junio 2023;0
-Municipio de Sueca;2. Homicidios dolosos y asesinatos en grado tentativa;Enero-junio 2023;0
-Municipio de Sueca;3. Delitos graves y menos graves de lesiones y riña tumultuaria;Enero-junio 2023;25
-Municipio de Sueca;4. Secuestro;Enero-junio 2023;0
-Municipio de Sueca;5. Delitos contra la libertad sexual;Enero-junio 2023;4
-Municipio de Sueca;5.1.-Agresión sexual con penetración;Enero-junio 2023;0
-Municipio de Sueca;5.2.-Resto de delitos contra la libertad sexual;Enero-junio 2023;4
-Municipio de Sueca;6. Robos con violencia e intimidación;Enero-junio 2023;12
-Municipio de Sueca;7. Robos con fuerza en domicilios, establecimientos y otras instalaciones;Enero-junio 2023;39
-Municipio de Sueca;7.1.-Robos con fuerza en domicilios;Enero-junio 2023;37
-Municipio de Sueca;8. Hurtos;Enero-junio 2023;169
-Municipio de Sueca;9. Sustracciones de vehículos;Enero-junio 2023;1
-Municipio de Sueca;10. Tráfico de drogas;Enero-junio 2023;4
-Municipio de Sueca;11. Resto de criminalidad convencional;Enero-junio 2023;452
-Municipio de Sueca;II. CIBERCRIMINALIDAD (infracciones penales cometidas en/por medio ciber);Enero-junio 2023;112
-Municipio de Sueca;12.-Estafas informáticas;Enero-junio 2023;93
-Municipio de Sueca;13.-Otros ciberdelitos;Enero-junio 2023;19
-Municipio de Sueca;III. TOTAL INFRACCIONES PENALES;Enero-junio 2023;818
-Municipio de Torrent;I. CRIMINALIDAD CONVENCIONAL;Enero-junio 2023;1.528
-Municipio de Torrent;1. Homicidios dolosos y asesinatos consumados;Enero-junio 2023;0
-Municipio de Torrent;2. Homicidios dolosos y asesinatos en grado tentativa;Enero-junio 2023;2
-Municipio de Torrent;3. Delitos graves y menos graves de lesiones y riña tumultuaria;Enero-junio 2023;15
-Municipio de Torrent;4. Secuestro;Enero-junio 2023;1
-Municipio de Torrent;5. Delitos contra la libertad sexual;Enero-junio 2023;5
-Municipio de Torrent;5.1.-Agresión sexual con penetración;Enero-junio 2023;3
-Municipio de Torrent;5.2.-Resto de delitos contra la libertad sexual;Enero-junio 2023;2
-Municipio de Torrent;6. Robos con violencia e intimidación;Enero-junio 2023;34
-Municipio de Torrent;7. Robos con fuerza en domicilios, establecimientos y otras instalaciones;Enero-junio 2023;105
-Municipio de Torrent;7.1.-Robos con fuerza en domicilios;Enero-junio 2023;79
-Municipio de Torrent;8. Hurtos;Enero-junio 2023;423
-Municipio de Torrent;9. Sustracciones de vehículos;Enero-junio 2023;26
-Municipio de Torrent;10. Tráfico de drogas;Enero-junio 2023;20
-Municipio de Torrent;11. Resto de criminalidad convencional;Enero-junio 2023;897
-Municipio de Torrent;II. CIBERCRIMINALIDAD (infracciones penales cometidas en/por medio ciber);Enero-junio 2023;373
-Municipio de Torrent;12.-Estafas informáticas;Enero-junio 2023;302
-Municipio de Torrent;13.-Otros ciberdelitos;Enero-junio 2023;71
-Municipio de Torrent;III. TOTAL INFRACCIONES PENALES;Enero-junio 2023;1.901
-Municipio de Valencia;I. CRIMINALIDAD CONVENCIONAL;Enero-junio 2023;28.277
-Municipio de Valencia;1. Homicidios dolosos y asesinatos consumados;Enero-junio 2023;3
-Municipio de Valencia;2. Homicidios dolosos y asesinatos en grado tentativa;Enero-junio 2023;14
-Municipio de Valencia;3. Delitos graves y menos graves de lesiones y riña tumultuaria;Enero-junio 2023;305
-Municipio de Valencia;4. Secuestro;Enero-junio 2023;3
-Municipio de Valencia;5. Delitos contra la libertad sexual;Enero-junio 2023;222
-Municipio de Valencia;5.1.-Agresión sexual con penetración;Enero-junio 2023;45
-Municipio de Valencia;5.2.-Resto de delitos contra la libertad sexual;Enero-junio 2023;177
-Municipio de Valencia;6. Robos con violencia e intimidación;Enero-junio 2023;1.219
-Municipio de Valencia;7. Robos con fuerza en domicilios, establecimientos y otras instalaciones;Enero-junio 2023;1.275
-Municipio de Valencia;7.1.-Robos con fuerza en domicilios;Enero-junio 2023;758
-Municipio de Valencia;8. Hurtos;Enero-junio 2023;12.652
-Municipio de Valencia;9. Sustracciones de vehículos;Enero-junio 2023;288
-Municipio de Valencia;10. Tráfico de drogas;Enero-junio 2023;299
-Municipio de Valencia;11. Resto de criminalidad convencional;Enero-junio 2023;11.997
-Municipio de Valencia;II. CIBERCRIMINALIDAD (infracciones penales cometidas en/por medio ciber);Enero-junio 2023;4.165
-Municipio de Valencia;12.-Estafas informáticas;Enero-junio 2023;3.738
-Municipio de Valencia;13.-Otros ciberdelitos;Enero-junio 2023;427
-Municipio de Valencia;III. TOTAL INFRACCIONES PENALES;Enero-junio 2023;32.442
-Municipio de Xàtiva;I. CRIMINALIDAD CONVENCIONAL;Enero-junio 2023;532
-Municipio de Xàtiva;1. Homicidios dolosos y asesinatos consumados;Enero-junio 2023;0
-Municipio de Xàtiva;2. Homicidios dolosos y asesinatos en grado tentativa;Enero-junio 2023;0
-Municipio de Xàtiva;3. Delitos graves y menos graves de lesiones y riña tumultuaria;Enero-junio 2023;11
-Municipio de Xàtiva;4. Secuestro;Enero-junio 2023;0
-Municipio de Xàtiva;5. Delitos contra la libertad sexual;Enero-junio 2023;2
-Municipio de Xàtiva;5.1.-Agresión sexual con penetración;Enero-junio 2023;0
-Municipio de Xàtiva;5.2.-Resto de delitos contra la libertad sexual;Enero-junio 2023;2
-Municipio de Xàtiva;6. Robos con violencia e intimidación;Enero-junio 2023;4
-Municipio de Xàtiva;7. Robos con fuerza en domicilios, establecimientos y otras instalaciones;Enero-junio 2023;44
-Municipio de Xàtiva;7.1.-Robos con fuerza en domicilios;Enero-junio 2023;31
-Municipio de Xàtiva;8. Hurtos;Enero-junio 2023;173
-Municipio de Xàtiva;9. Sustracciones de vehículos;Enero-junio 2023;4
-Municipio de Xàtiva;10. Tráfico de drogas;Enero-junio 2023;4
-Municipio de Xàtiva;11. Resto de criminalidad convencional;Enero-junio 2023;290
-Municipio de Xàtiva;II. CIBERCRIMINALIDAD (infracciones penales cometidas en/por medio ciber);Enero-junio 2023;99
-Municipio de Xàtiva;12.-Estafas informáticas;Enero-junio 2023;86
-Municipio de Xàtiva;13.-Otros ciberdelitos;Enero-junio 2023;13
-Municipio de Xàtiva;III. TOTAL INFRACCIONES PENALES;Enero-junio 2023;631
-Municipio de Xirivella;I. CRIMINALIDAD CONVENCIONAL;Enero-junio 2023;518
-Municipio de Xirivella;1. Homicidios dolosos y asesinatos consumados;Enero-junio 2023;0
-Municipio de Xirivella;2. Homicidios dolosos y asesinatos en grado tentativa;Enero-junio 2023;0
-Municipio de Xirivella;3. Delitos graves y menos graves de lesiones y riña tumultuaria;Enero-junio 2023;5
-Municipio de Xirivella;4. Secuestro;Enero-junio 2023;0
-Municipio de Xirivella;5. Delitos contra la libertad sexual;Enero-junio 2023;5
-Municipio de Xirivella;5.1.-Agresión sexual con penetración;Enero-junio 2023;1
-Municipio de Xirivella;5.2.-Resto de delitos contra la libertad sexual;Enero-junio 2023;4
-Municipio de Xirivella;6. Robos con violencia e intimidación;Enero-junio 2023;10
-Municipio de Xirivella;7. Robos con fuerza en domicilios, establecimientos y otras instalaciones;Enero-junio 2023;25
-Municipio de Xirivella;7.1.-Robos con fuerza en domicilios;Enero-junio 2023;16
-Municipio de Xirivella;8. Hurtos;Enero-junio 2023;150
-Municipio de Xirivella;9. Sustracciones de vehículos;Enero-junio 2023;5
-Municipio de Xirivella;10. Tráfico de drogas;Enero-junio 2023;0
-Municipio de Xirivella;11. Resto de criminalidad convencional;Enero-junio 2023;318
-Municipio de Xirivella;II. CIBERCRIMINALIDAD (infracciones penales cometidas en/por medio ciber);Enero-junio 2023;117
-Municipio de Xirivella;12.-Estafas informáticas;Enero-junio 2023;110
-Municipio de Xirivella;13.-Otros ciberdelitos;Enero-junio 2023;7
-Municipio de Xirivella;III. TOTAL INFRACCIONES PENALES;Enero-junio 2023;635
