Geografía;Tipología penal;Periodos:;Total
Provincia de ALICANTE/ALACANT;I. CRIMINALIDAD CONVENCIONAL;enero-junio 2025;43.654
Provincia de ALICANTE/ALACANT;1. Homicidios dolosos y asesinatos consumados;enero-junio 2025;5
Provincia de ALICANTE/ALACANT;2. Homicidios dolosos y asesinatos en grado tentativa;enero-junio 2025;34
Provincia de ALICANTE/ALACANT;3. Delitos graves y menos graves de lesiones y riña tumultuaria;enero-junio 2025;711
Provincia de ALICANTE/ALACANT;4. Secuestro;enero-junio 2025;5
Provincia de ALICANTE/ALACANT;5. Delitos contra la libertad sexual;enero-junio 2025;516
Provincia de ALICANTE/ALACANT;5.1.-Agresión sexual con penetración;enero-junio 2025;131
Provincia de ALICANTE/ALACANT;5.2.-Resto de delitos contra la libertad sexual;enero-junio 2025;385
Provincia de ALICANTE/ALACANT;6. Robos con violencia e intimidación;enero-junio 2025;1.094
Provincia de ALICANTE/ALACANT;7. Robos con fuerza en domicilios, establecimientos y otras instalaciones;enero-junio 2025;3.615
Provincia de ALICANTE/ALACANT;7.1.-Robos con fuerza en domicilios;enero-junio 2025;2.960
Provincia de ALICANTE/ALACANT;8. Hurtos;enero-junio 2025;13.070
Provincia de ALICANTE/ALACANT;9. Sustracciones de vehículos;enero-junio 2025;685
Provincia de ALICANTE/ALACANT;10. Tráfico de drogas;enero-junio 2025;566
Provincia de ALICANTE/ALACANT;11. Resto de criminalidad convencional;enero-junio 2025;23.353
Provincia de ALICANTE/ALACANT;II. CIBERCRIMINALIDAD (infracciones penales cometidas en/por medio ciber);enero-junio 2025;9.676
Provincia de ALICANTE/ALACANT;12.-Estafas informáticas;enero-junio 2025;8.117
Provincia de ALICANTE/ALACANT;13.-Otros ciberdelitos;enero-junio 2025;1.559
Provincia de ALICANTE/ALACANT;III. TOTAL INFRACCIONES PENALES;enero-junio 2025;53.330
03009 Alcoy/Alcoi;I. CRIMINALIDAD CONVENCIONAL;enero-junio 2025;802
03009 Alcoy/Alcoi;1. Homicidios dolosos y asesinatos consumados;enero-junio 2025;0
03009 Alcoy/Alcoi;2. Homicidios dolosos y asesinatos en grado tentativa;enero-junio 2025;1
03009 Alcoy/Alcoi;3. Delitos graves y menos graves de lesiones y riña tumultuaria;enero-junio 2025;11
03009 Alcoy/Alcoi;4. Secuestro;enero-junio 2025;0
03009 Alcoy/Alcoi;5. Delitos contra la libertad sexual;enero-junio 2025;11
03009 Alcoy/Alcoi;5.1.-Agresión sexual con penetración;enero-junio 2025;5
03009 Alcoy/Alcoi;5.2.-Resto de delitos contra la libertad sexual;enero-junio 2025;6
03009 Alcoy/Alcoi;6. Robos con violencia e intimidación;enero-junio 2025;18
03009 Alcoy/Alcoi;7. Robos con fuerza en domicilios, establecimientos y otras instalaciones;enero-junio 2025;53
03009 Alcoy/Alcoi;7.1.-Robos con fuerza en domicilios;enero-junio 2025;44
03009 Alcoy/Alcoi;8. Hurtos;enero-junio 2025;193
03009 Alcoy/Alcoi;9. Sustracciones de vehículos;enero-junio 2025;12
03009 Alcoy/Alcoi;10. Tráfico de drogas;enero-junio 2025;6
03009 Alcoy/Alcoi;11. Resto de criminalidad convencional;enero-junio 2025;497
03009 Alcoy/Alcoi;II. CIBERCRIMINALIDAD (infracciones penales cometidas en/por medio ciber);enero-junio 2025;343
03009 Alcoy/Alcoi;12.-Estafas informáticas;enero-junio 2025;292
03009 Alcoy/Alcoi;13.-Otros ciberdelitos;enero-junio 2025;51
03009 Alcoy/Alcoi;III. TOTAL INFRACCIONES PENALES;enero-junio 2025;1.145
03011 L'Alfàs del Pi;I. CRIMINALIDAD CONVENCIONAL;enero-junio 2025;492
03011 L'Alfàs del Pi;1. Homicidios dolosos y asesinatos consumados;enero-junio 2025;0
03011 L'Alfàs del Pi;2. Homicidios dolosos y asesinatos en grado tentativa;enero-junio 2025;0
03011 L'Alfàs del Pi;3. Delitos graves y menos graves de lesiones y riña tumultuaria;enero-junio 2025;8
03011 L'Alfàs del Pi;4. Secuestro;enero-junio 2025;0
03011 L'Alfàs del Pi;5. Delitos contra la libertad sexual;enero-junio 2025;1
03011 L'Alfàs del Pi;5.1.-Agresión sexual con penetración;enero-junio 2025;0
03011 L'Alfàs del Pi;5.2.-Resto de delitos contra la libertad sexual;enero-junio 2025;1
03011 L'Alfàs del Pi;6. Robos con violencia e intimidación;enero-junio 2025;10
03011 L'Alfàs del Pi;7. Robos con fuerza en domicilios, establecimientos y otras instalaciones;enero-junio 2025;59
03011 L'Alfàs del Pi;7.1.-Robos con fuerza en domicilios;enero-junio 2025;49
03011 L'Alfàs del Pi;8. Hurtos;enero-junio 2025;179
03011 L'Alfàs del Pi;9. Sustracciones de vehículos;enero-junio 2025;3
03011 L'Alfàs del Pi;10. Tráfico de drogas;enero-junio 2025;6
03011 L'Alfàs del Pi;11. Resto de criminalidad convencional;enero-junio 2025;226
03011 L'Alfàs del Pi;II. CIBERCRIMINALIDAD (infracciones penales cometidas en/por medio ciber);enero-junio 2025;88
03011 L'Alfàs del Pi;12.-Estafas informáticas;enero-junio 2025;81
03011 L'Alfàs del Pi;13.-Otros ciberdelitos;enero-junio 2025;7
03011 L'Alfàs del Pi;III. TOTAL INFRACCIONES PENALES;enero-junio 2025;580
03014 Alicante/Alacant;I. CRIMINALIDAD CONVENCIONAL;enero-junio 2025;11.033
03014 Alicante/Alacant;1. Homicidios dolosos y asesinatos consumados;enero-junio 2025;1
03014 Alicante/Alacant;2. Homicidios dolosos y asesinatos en grado tentativa;enero-junio 2025;6
03014 Alicante/Alacant;3. Delitos graves y menos graves de lesiones y riña tumultuaria;enero-junio 2025;183
03014 Alicante/Alacant;4. Secuestro;enero-junio 2025;1
03014 Alicante/Alacant;5. Delitos contra la libertad sexual;enero-junio 2025;168
03014 Alicante/Alacant;5.1.-Agresión sexual con penetración;enero-junio 2025;43
03014 Alicante/Alacant;5.2.-Resto de delitos contra la libertad sexual;enero-junio 2025;125
03014 Alicante/Alacant;6. Robos con violencia e intimidación;enero-junio 2025;434
03014 Alicante/Alacant;7. Robos con fuerza en domicilios, establecimientos y otras instalaciones;enero-junio 2025;477
03014 Alicante/Alacant;7.1.-Robos con fuerza en domicilios;enero-junio 2025;321
03014 Alicante/Alacant;8. Hurtos;enero-junio 2025;3.921
03014 Alicante/Alacant;9. Sustracciones de vehículos;enero-junio 2025;195
03014 Alicante/Alacant;10. Tráfico de drogas;enero-junio 2025;162
03014 Alicante/Alacant;11. Resto de criminalidad convencional;enero-junio 2025;5.485
03014 Alicante/Alacant;II. CIBERCRIMINALIDAD (infracciones penales cometidas en/por medio ciber);enero-junio 2025;2.225
03014 Alicante/Alacant;12.-Estafas informáticas;enero-junio 2025;1.732
03014 Alicante/Alacant;13.-Otros ciberdelitos;enero-junio 2025;493
03014 Alicante/Alacant;III. TOTAL INFRACCIONES PENALES;enero-junio 2025;13.258
03015 Almoradí;I. CRIMINALIDAD CONVENCIONAL;enero-junio 2025;444
03015 Almoradí;1. Homicidios dolosos y asesinatos consumados;enero-junio 2025;0
03015 Almoradí;2. Homicidios dolosos y asesinatos en grado tentativa;enero-junio 2025;0
03015 Almoradí;3. Delitos graves y menos graves de lesiones y riña tumultuaria;enero-junio 2025;8
03015 Almoradí;4. Secuestro;enero-junio 2025;0
03015 Almoradí;5. Delitos contra la libertad sexual;enero-junio 2025;2
03015 Almoradí;5.1.-Agresión sexual con penetración;enero-junio 2025;0
03015 Almoradí;5.2.-Resto de delitos contra la libertad sexual;enero-junio 2025;2
03015 Almoradí;6. Robos con violencia e intimidación;enero-junio 2025;5
03015 Almoradí;7. Robos con fuerza en domicilios, establecimientos y otras instalaciones;enero-junio 2025;43
03015 Almoradí;7.1.-Robos con fuerza en domicilios;enero-junio 2025;32
03015 Almoradí;8. Hurtos;enero-junio 2025;89
03015 Almoradí;9. Sustracciones de vehículos;enero-junio 2025;3
03015 Almoradí;10. Tráfico de drogas;enero-junio 2025;5
03015 Almoradí;11. Resto de criminalidad convencional;enero-junio 2025;289
03015 Almoradí;II. CIBERCRIMINALIDAD (infracciones penales cometidas en/por medio ciber);enero-junio 2025;67
03015 Almoradí;12.-Estafas informáticas;enero-junio 2025;59
03015 Almoradí;13.-Otros ciberdelitos;enero-junio 2025;8
03015 Almoradí;III. TOTAL INFRACCIONES PENALES;enero-junio 2025;511
03018 Altea;I. CRIMINALIDAD CONVENCIONAL;enero-junio 2025;598
03018 Altea;1. Homicidios dolosos y asesinatos consumados;enero-junio 2025;0
03018 Altea;2. Homicidios dolosos y asesinatos en grado tentativa;enero-junio 2025;1
03018 Altea;3. Delitos graves y menos graves de lesiones y riña tumultuaria;enero-junio 2025;11
03018 Altea;4. Secuestro;enero-junio 2025;0
03018 Altea;5. Delitos contra la libertad sexual;enero-junio 2025;7
03018 Altea;5.1.-Agresión sexual con penetración;enero-junio 2025;0
03018 Altea;5.2.-Resto de delitos contra la libertad sexual;enero-junio 2025;7
03018 Altea;6. Robos con violencia e intimidación;enero-junio 2025;12
03018 Altea;7. Robos con fuerza en domicilios, establecimientos y otras instalaciones;enero-junio 2025;62
03018 Altea;7.1.-Robos con fuerza en domicilios;enero-junio 2025;55
03018 Altea;8. Hurtos;enero-junio 2025;172
03018 Altea;9. Sustracciones de vehículos;enero-junio 2025;7
03018 Altea;10. Tráfico de drogas;enero-junio 2025;3
03018 Altea;11. Resto de criminalidad convencional;enero-junio 2025;323
03018 Altea;II. CIBERCRIMINALIDAD (infracciones penales cometidas en/por medio ciber);enero-junio 2025;110
03018 Altea;12.-Estafas informáticas;enero-junio 2025;90
03018 Altea;13.-Otros ciberdelitos;enero-junio 2025;20
03018 Altea;III. TOTAL INFRACCIONES PENALES;enero-junio 2025;708
03019 Aspe;I. CRIMINALIDAD CONVENCIONAL;enero-junio 2025;352
03019 Aspe;1. Homicidios dolosos y asesinatos consumados;enero-junio 2025;0
03019 Aspe;2. Homicidios dolosos y asesinatos en grado tentativa;enero-junio 2025;0
03019 Aspe;3. Delitos graves y menos graves de lesiones y riña tumultuaria;enero-junio 2025;6
03019 Aspe;4. Secuestro;enero-junio 2025;0
03019 Aspe;5. Delitos contra la libertad sexual;enero-junio 2025;3
03019 Aspe;5.1.-Agresión sexual con penetración;enero-junio 2025;0
03019 Aspe;5.2.-Resto de delitos contra la libertad sexual;enero-junio 2025;3
03019 Aspe;6. Robos con violencia e intimidación;enero-junio 2025;2
03019 Aspe;7. Robos con fuerza en domicilios, establecimientos y otras instalaciones;enero-junio 2025;15
03019 Aspe;7.1.-Robos con fuerza en domicilios;enero-junio 2025;14
03019 Aspe;8. Hurtos;enero-junio 2025;76
03019 Aspe;9. Sustracciones de vehículos;enero-junio 2025;4
03019 Aspe;10. Tráfico de drogas;enero-junio 2025;1
03019 Aspe;11. Resto de criminalidad convencional;enero-junio 2025;245
03019 Aspe;II. CIBERCRIMINALIDAD (infracciones penales cometidas en/por medio ciber);enero-junio 2025;95
03019 Aspe;12.-Estafas informáticas;enero-junio 2025;68
03019 Aspe;13.-Otros ciberdelitos;enero-junio 2025;27
03019 Aspe;III. TOTAL INFRACCIONES PENALES;enero-junio 2025;447
03031 Benidorm;I. CRIMINALIDAD CONVENCIONAL;enero-junio 2025;2.127
03031 Benidorm;1. Homicidios dolosos y asesinatos consumados;enero-junio 2025;0
03031 Benidorm;2. Homicidios dolosos y asesinatos en grado tentativa;enero-junio 2025;0
03031 Benidorm;3. Delitos graves y menos graves de lesiones y riña tumultuaria;enero-junio 2025;54
03031 Benidorm;4. Secuestro;enero-junio 2025;1
03031 Benidorm;5. Delitos contra la libertad sexual;enero-junio 2025;28
03031 Benidorm;5.1.-Agresión sexual con penetración;enero-junio 2025;10
03031 Benidorm;5.2.-Resto de delitos contra la libertad sexual;enero-junio 2025;18
03031 Benidorm;6. Robos con violencia e intimidación;enero-junio 2025;53
03031 Benidorm;7. Robos con fuerza en domicilios, establecimientos y otras instalaciones;enero-junio 2025;68
03031 Benidorm;7.1.-Robos con fuerza en domicilios;enero-junio 2025;32
03031 Benidorm;8. Hurtos;enero-junio 2025;811
03031 Benidorm;9. Sustracciones de vehículos;enero-junio 2025;28
03031 Benidorm;10. Tráfico de drogas;enero-junio 2025;90
03031 Benidorm;11. Resto de criminalidad convencional;enero-junio 2025;994
03031 Benidorm;II. CIBERCRIMINALIDAD (infracciones penales cometidas en/por medio ciber);enero-junio 2025;414
03031 Benidorm;12.-Estafas informáticas;enero-junio 2025;381
03031 Benidorm;13.-Otros ciberdelitos;enero-junio 2025;33
03031 Benidorm;III. TOTAL INFRACCIONES PENALES;enero-junio 2025;2.541
03047 Calp;I. CRIMINALIDAD CONVENCIONAL;enero-junio 2025;820
03047 Calp;1. Homicidios dolosos y asesinatos consumados;enero-junio 2025;0
03047 Calp;2. Homicidios dolosos y asesinatos en grado tentativa;enero-junio 2025;0
03047 Calp;3. Delitos graves y menos graves de lesiones y riña tumultuaria;enero-junio 2025;9
03047 Calp;4. Secuestro;enero-junio 2025;0
03047 Calp;5. Delitos contra la libertad sexual;enero-junio 2025;7
03047 Calp;5.1.-Agresión sexual con penetración;enero-junio 2025;2
03047 Calp;5.2.-Resto de delitos contra la libertad sexual;enero-junio 2025;5
03047 Calp;6. Robos con violencia e intimidación;enero-junio 2025;9
03047 Calp;7. Robos con fuerza en domicilios, establecimientos y otras instalaciones;enero-junio 2025;100
03047 Calp;7.1.-Robos con fuerza en domicilios;enero-junio 2025;87
03047 Calp;8. Hurtos;enero-junio 2025;237
03047 Calp;9. Sustracciones de vehículos;enero-junio 2025;6
03047 Calp;10. Tráfico de drogas;enero-junio 2025;1
03047 Calp;11. Resto de criminalidad convencional;enero-junio 2025;451
03047 Calp;II. CIBERCRIMINALIDAD (infracciones penales cometidas en/por medio ciber);enero-junio 2025;140
03047 Calp;12.-Estafas informáticas;enero-junio 2025;126
03047 Calp;13.-Otros ciberdelitos;enero-junio 2025;14
03047 Calp;III. TOTAL INFRACCIONES PENALES;enero-junio 2025;960
03050 Campello (el);I. CRIMINALIDAD CONVENCIONAL;enero-junio 2025;556
03050 Campello (el);1. Homicidios dolosos y asesinatos consumados;enero-junio 2025;0
03050 Campello (el);2. Homicidios dolosos y asesinatos en grado tentativa;enero-junio 2025;0
03050 Campello (el);3. Delitos graves y menos graves de lesiones y riña tumultuaria;enero-junio 2025;7
03050 Campello (el);4. Secuestro;enero-junio 2025;0
03050 Campello (el);5. Delitos contra la libertad sexual;enero-junio 2025;4
03050 Campello (el);5.1.-Agresión sexual con penetración;enero-junio 2025;1
03050 Campello (el);5.2.-Resto de delitos contra la libertad sexual;enero-junio 2025;3
03050 Campello (el);6. Robos con violencia e intimidación;enero-junio 2025;5
03050 Campello (el);7. Robos con fuerza en domicilios, establecimientos y otras instalaciones;enero-junio 2025;67
03050 Campello (el);7.1.-Robos con fuerza en domicilios;enero-junio 2025;58
03050 Campello (el);8. Hurtos;enero-junio 2025;159
03050 Campello (el);9. Sustracciones de vehículos;enero-junio 2025;1
03050 Campello (el);10. Tráfico de drogas;enero-junio 2025;3
03050 Campello (el);11. Resto de criminalidad convencional;enero-junio 2025;310
03050 Campello (el);II. CIBERCRIMINALIDAD (infracciones penales cometidas en/por medio ciber);enero-junio 2025;160
03050 Campello (el);12.-Estafas informáticas;enero-junio 2025;140
03050 Campello (el);13.-Otros ciberdelitos;enero-junio 2025;20
03050 Campello (el);III. TOTAL INFRACCIONES PENALES;enero-junio 2025;716
03059 Crevillent;I. CRIMINALIDAD CONVENCIONAL;enero-junio 2025;531
03059 Crevillent;1. Homicidios dolosos y asesinatos consumados;enero-junio 2025;0
03059 Crevillent;2. Homicidios dolosos y asesinatos en grado tentativa;enero-junio 2025;0
03059 Crevillent;3. Delitos graves y menos graves de lesiones y riña tumultuaria;enero-junio 2025;17
03059 Crevillent;4. Secuestro;enero-junio 2025;0
03059 Crevillent;5. Delitos contra la libertad sexual;enero-junio 2025;7
03059 Crevillent;5.1.-Agresión sexual con penetración;enero-junio 2025;2
03059 Crevillent;5.2.-Resto de delitos contra la libertad sexual;enero-junio 2025;5
03059 Crevillent;6. Robos con violencia e intimidación;enero-junio 2025;5
03059 Crevillent;7. Robos con fuerza en domicilios, establecimientos y otras instalaciones;enero-junio 2025;65
03059 Crevillent;7.1.-Robos con fuerza en domicilios;enero-junio 2025;60
03059 Crevillent;8. Hurtos;enero-junio 2025;119
03059 Crevillent;9. Sustracciones de vehículos;enero-junio 2025;9
03059 Crevillent;10. Tráfico de drogas;enero-junio 2025;5
03059 Crevillent;11. Resto de criminalidad convencional;enero-junio 2025;304
03059 Crevillent;II. CIBERCRIMINALIDAD (infracciones penales cometidas en/por medio ciber);enero-junio 2025;113
03059 Crevillent;12.-Estafas informáticas;enero-junio 2025;101
03059 Crevillent;13.-Otros ciberdelitos;enero-junio 2025;12
03059 Crevillent;III. TOTAL INFRACCIONES PENALES;enero-junio 2025;644
03063 Dénia;I. CRIMINALIDAD CONVENCIONAL;enero-junio 2025;990
03063 Dénia;1. Homicidios dolosos y asesinatos consumados;enero-junio 2025;0
03063 Dénia;2. Homicidios dolosos y asesinatos en grado tentativa;enero-junio 2025;0
03063 Dénia;3. Delitos graves y menos graves de lesiones y riña tumultuaria;enero-junio 2025;17
03063 Dénia;4. Secuestro;enero-junio 2025;0
03063 Dénia;5. Delitos contra la libertad sexual;enero-junio 2025;13
03063 Dénia;5.1.-Agresión sexual con penetración;enero-junio 2025;3
03063 Dénia;5.2.-Resto de delitos contra la libertad sexual;enero-junio 2025;10
03063 Dénia;6. Robos con violencia e intimidación;enero-junio 2025;13
03063 Dénia;7. Robos con fuerza en domicilios, establecimientos y otras instalaciones;enero-junio 2025;118
03063 Dénia;7.1.-Robos con fuerza en domicilios;enero-junio 2025;102
03063 Dénia;8. Hurtos;enero-junio 2025;313
03063 Dénia;9. Sustracciones de vehículos;enero-junio 2025;17
03063 Dénia;10. Tráfico de drogas;enero-junio 2025;18
03063 Dénia;11. Resto de criminalidad convencional;enero-junio 2025;481
03063 Dénia;II. CIBERCRIMINALIDAD (infracciones penales cometidas en/por medio ciber);enero-junio 2025;215
03063 Dénia;12.-Estafas informáticas;enero-junio 2025;198
03063 Dénia;13.-Otros ciberdelitos;enero-junio 2025;17
03063 Dénia;III. TOTAL INFRACCIONES PENALES;enero-junio 2025;1.205
03065 Elche/Elx;I. CRIMINALIDAD CONVENCIONAL;enero-junio 2025;3.960
03065 Elche/Elx;1. Homicidios dolosos y asesinatos consumados;enero-junio 2025;1
03065 Elche/Elx;2. Homicidios dolosos y asesinatos en grado tentativa;enero-junio 2025;5
03065 Elche/Elx;3. Delitos graves y menos graves de lesiones y riña tumultuaria;enero-junio 2025;34
03065 Elche/Elx;4. Secuestro;enero-junio 2025;0
03065 Elche/Elx;5. Delitos contra la libertad sexual;enero-junio 2025;48
03065 Elche/Elx;5.1.-Agresión sexual con penetración;enero-junio 2025;18
03065 Elche/Elx;5.2.-Resto de delitos contra la libertad sexual;enero-junio 2025;30
03065 Elche/Elx;6. Robos con violencia e intimidación;enero-junio 2025;86
03065 Elche/Elx;7. Robos con fuerza en domicilios, establecimientos y otras instalaciones;enero-junio 2025;232
03065 Elche/Elx;7.1.-Robos con fuerza en domicilios;enero-junio 2025;169
03065 Elche/Elx;8. Hurtos;enero-junio 2025;1.301
03065 Elche/Elx;9. Sustracciones de vehículos;enero-junio 2025;99
03065 Elche/Elx;10. Tráfico de drogas;enero-junio 2025;76
03065 Elche/Elx;11. Resto de criminalidad convencional;enero-junio 2025;2.078
03065 Elche/Elx;II. CIBERCRIMINALIDAD (infracciones penales cometidas en/por medio ciber);enero-junio 2025;955
03065 Elche/Elx;12.-Estafas informáticas;enero-junio 2025;775
03065 Elche/Elx;13.-Otros ciberdelitos;enero-junio 2025;180
03065 Elche/Elx;III. TOTAL INFRACCIONES PENALES;enero-junio 2025;4.915
03066 Elda;I. CRIMINALIDAD CONVENCIONAL;enero-junio 2025;838
03066 Elda;1. Homicidios dolosos y asesinatos consumados;enero-junio 2025;0
03066 Elda;2. Homicidios dolosos y asesinatos en grado tentativa;enero-junio 2025;0
03066 Elda;3. Delitos graves y menos graves de lesiones y riña tumultuaria;enero-junio 2025;19
03066 Elda;4. Secuestro;enero-junio 2025;2
03066 Elda;5. Delitos contra la libertad sexual;enero-junio 2025;7
03066 Elda;5.1.-Agresión sexual con penetración;enero-junio 2025;2
03066 Elda;5.2.-Resto de delitos contra la libertad sexual;enero-junio 2025;5
03066 Elda;6. Robos con violencia e intimidación;enero-junio 2025;16
03066 Elda;7. Robos con fuerza en domicilios, establecimientos y otras instalaciones;enero-junio 2025;59
03066 Elda;7.1.-Robos con fuerza en domicilios;enero-junio 2025;43
03066 Elda;8. Hurtos;enero-junio 2025;192
03066 Elda;9. Sustracciones de vehículos;enero-junio 2025;15
03066 Elda;10. Tráfico de drogas;enero-junio 2025;16
03066 Elda;11. Resto de criminalidad convencional;enero-junio 2025;512
03066 Elda;II. CIBERCRIMINALIDAD (infracciones penales cometidas en/por medio ciber);enero-junio 2025;296
03066 Elda;12.-Estafas informáticas;enero-junio 2025;231
03066 Elda;13.-Otros ciberdelitos;enero-junio 2025;65
03066 Elda;III. TOTAL INFRACCIONES PENALES;enero-junio 2025;1.134
03079 Ibi;I. CRIMINALIDAD CONVENCIONAL;enero-junio 2025;279
03079 Ibi;1. Homicidios dolosos y asesinatos consumados;enero-junio 2025;0
03079 Ibi;2. Homicidios dolosos y asesinatos en grado tentativa;enero-junio 2025;0
03079 Ibi;3. Delitos graves y menos graves de lesiones y riña tumultuaria;enero-junio 2025;5
03079 Ibi;4. Secuestro;enero-junio 2025;0
03079 Ibi;5. Delitos contra la libertad sexual;enero-junio 2025;4
03079 Ibi;5.1.-Agresión sexual con penetración;enero-junio 2025;0
03079 Ibi;5.2.-Resto de delitos contra la libertad sexual;enero-junio 2025;4
03079 Ibi;6. Robos con violencia e intimidación;enero-junio 2025;5
03079 Ibi;7. Robos con fuerza en domicilios, establecimientos y otras instalaciones;enero-junio 2025;25
03079 Ibi;7.1.-Robos con fuerza en domicilios;enero-junio 2025;21
03079 Ibi;8. Hurtos;enero-junio 2025;61
03079 Ibi;9. Sustracciones de vehículos;enero-junio 2025;2
03079 Ibi;10. Tráfico de drogas;enero-junio 2025;1
03079 Ibi;11. Resto de criminalidad convencional;enero-junio 2025;176
03079 Ibi;II. CIBERCRIMINALIDAD (infracciones penales cometidas en/por medio ciber);enero-junio 2025;152
03079 Ibi;12.-Estafas informáticas;enero-junio 2025;131
03079 Ibi;13.-Otros ciberdelitos;enero-junio 2025;21
03079 Ibi;III. TOTAL INFRACCIONES PENALES;enero-junio 2025;431
03082 Jávea/Xàbia;I. CRIMINALIDAD CONVENCIONAL;enero-junio 2025;719
03082 Jávea/Xàbia;1. Homicidios dolosos y asesinatos consumados;enero-junio 2025;0
03082 Jávea/Xàbia;2. Homicidios dolosos y asesinatos en grado tentativa;enero-junio 2025;1
03082 Jávea/Xàbia;3. Delitos graves y menos graves de lesiones y riña tumultuaria;enero-junio 2025;13
03082 Jávea/Xàbia;4. Secuestro;enero-junio 2025;0
03082 Jávea/Xàbia;5. Delitos contra la libertad sexual;enero-junio 2025;1
03082 Jávea/Xàbia;5.1.-Agresión sexual con penetración;enero-junio 2025;0
03082 Jávea/Xàbia;5.2.-Resto de delitos contra la libertad sexual;enero-junio 2025;1
03082 Jávea/Xàbia;6. Robos con violencia e intimidación;enero-junio 2025;8
03082 Jávea/Xàbia;7. Robos con fuerza en domicilios, establecimientos y otras instalaciones;enero-junio 2025;122
03082 Jávea/Xàbia;7.1.-Robos con fuerza en domicilios;enero-junio 2025;116
03082 Jávea/Xàbia;8. Hurtos;enero-junio 2025;184
03082 Jávea/Xàbia;9. Sustracciones de vehículos;enero-junio 2025;13
03082 Jávea/Xàbia;10. Tráfico de drogas;enero-junio 2025;3
03082 Jávea/Xàbia;11. Resto de criminalidad convencional;enero-junio 2025;374
03082 Jávea/Xàbia;II. CIBERCRIMINALIDAD (infracciones penales cometidas en/por medio ciber);enero-junio 2025;105
03082 Jávea/Xàbia;12.-Estafas informáticas;enero-junio 2025;89
03082 Jávea/Xàbia;13.-Otros ciberdelitos;enero-junio 2025;16
03082 Jávea/Xàbia;III. TOTAL INFRACCIONES PENALES;enero-junio 2025;824
03090 Mutxamel;I. CRIMINALIDAD CONVENCIONAL;enero-junio 2025;307
03090 Mutxamel;1. Homicidios dolosos y asesinatos consumados;enero-junio 2025;0
03090 Mutxamel;2. Homicidios dolosos y asesinatos en grado tentativa;enero-junio 2025;0
03090 Mutxamel;3. Delitos graves y menos graves de lesiones y riña tumultuaria;enero-junio 2025;6
03090 Mutxamel;4. Secuestro;enero-junio 2025;0
03090 Mutxamel;5. Delitos contra la libertad sexual;enero-junio 2025;6
03090 Mutxamel;5.1.-Agresión sexual con penetración;enero-junio 2025;1
03090 Mutxamel;5.2.-Resto de delitos contra la libertad sexual;enero-junio 2025;5
03090 Mutxamel;6. Robos con violencia e intimidación;enero-junio 2025;3
03090 Mutxamel;7. Robos con fuerza en domicilios, establecimientos y otras instalaciones;enero-junio 2025;20
03090 Mutxamel;7.1.-Robos con fuerza en domicilios;enero-junio 2025;18
03090 Mutxamel;8. Hurtos;enero-junio 2025;55
03090 Mutxamel;9. Sustracciones de vehículos;enero-junio 2025;2
03090 Mutxamel;10. Tráfico de drogas;enero-junio 2025;3
03090 Mutxamel;11. Resto de criminalidad convencional;enero-junio 2025;212
03090 Mutxamel;II. CIBERCRIMINALIDAD (infracciones penales cometidas en/por medio ciber);enero-junio 2025;148
03090 Mutxamel;12.-Estafas informáticas;enero-junio 2025;125
03090 Mutxamel;13.-Otros ciberdelitos;enero-junio 2025;23
03090 Mutxamel;III. TOTAL INFRACCIONES PENALES;enero-junio 2025;455
03093 Novelda;I. CRIMINALIDAD CONVENCIONAL;enero-junio 2025;355
03093 Novelda;1. Homicidios dolosos y asesinatos consumados;enero-junio 2025;0
03093 Novelda;2. Homicidios dolosos y asesinatos en grado tentativa;enero-junio 2025;0
03093 Novelda;3. Delitos graves y menos graves de lesiones y riña tumultuaria;enero-junio 2025;6
03093 Novelda;4. Secuestro;enero-junio 2025;0
03093 Novelda;5. Delitos contra la libertad sexual;enero-junio 2025;5
03093 Novelda;5.1.-Agresión sexual con penetración;enero-junio 2025;1
03093 Novelda;5.2.-Resto de delitos contra la libertad sexual;enero-junio 2025;4
03093 Novelda;6. Robos con violencia e intimidación;enero-junio 2025;6
03093 Novelda;7. Robos con fuerza en domicilios, establecimientos y otras instalaciones;enero-junio 2025;31
03093 Novelda;7.1.-Robos con fuerza en domicilios;enero-junio 2025;26
03093 Novelda;8. Hurtos;enero-junio 2025;90
03093 Novelda;9. Sustracciones de vehículos;enero-junio 2025;2
03093 Novelda;10. Tráfico de drogas;enero-junio 2025;3
03093 Novelda;11. Resto de criminalidad convencional;enero-junio 2025;212
03093 Novelda;II. CIBERCRIMINALIDAD (infracciones penales cometidas en/por medio ciber);enero-junio 2025;119
03093 Novelda;12.-Estafas informáticas;enero-junio 2025;97
03093 Novelda;13.-Otros ciberdelitos;enero-junio 2025;22
03093 Novelda;III. TOTAL INFRACCIONES PENALES;enero-junio 2025;474
03099 Orihuela;I. CRIMINALIDAD CONVENCIONAL;enero-junio 2025;2.146
03099 Orihuela;1. Homicidios dolosos y asesinatos consumados;enero-junio 2025;0
03099 Orihuela;2. Homicidios dolosos y asesinatos en grado tentativa;enero-junio 2025;4
03099 Orihuela;3. Delitos graves y menos graves de lesiones y riña tumultuaria;enero-junio 2025;28
03099 Orihuela;4. Secuestro;enero-junio 2025;1
03099 Orihuela;5. Delitos contra la libertad sexual;enero-junio 2025;17
03099 Orihuela;5.1.-Agresión sexual con penetración;enero-junio 2025;1
03099 Orihuela;5.2.-Resto de delitos contra la libertad sexual;enero-junio 2025;16
03099 Orihuela;6. Robos con violencia e intimidación;enero-junio 2025;57
03099 Orihuela;7. Robos con fuerza en domicilios, establecimientos y otras instalaciones;enero-junio 2025;369
03099 Orihuela;7.1.-Robos con fuerza en domicilios;enero-junio 2025;323
03099 Orihuela;8. Hurtos;enero-junio 2025;654
03099 Orihuela;9. Sustracciones de vehículos;enero-junio 2025;58
03099 Orihuela;10. Tráfico de drogas;enero-junio 2025;21
03099 Orihuela;11. Resto de criminalidad convencional;enero-junio 2025;937
03099 Orihuela;II. CIBERCRIMINALIDAD (infracciones penales cometidas en/por medio ciber);enero-junio 2025;309
03099 Orihuela;12.-Estafas informáticas;enero-junio 2025;273
03099 Orihuela;13.-Otros ciberdelitos;enero-junio 2025;36
03099 Orihuela;III. TOTAL INFRACCIONES PENALES;enero-junio 2025;2.455
03104 Petrer;I. CRIMINALIDAD CONVENCIONAL;enero-junio 2025;309
03104 Petrer;1. Homicidios dolosos y asesinatos consumados;enero-junio 2025;0
03104 Petrer;2. Homicidios dolosos y asesinatos en grado tentativa;enero-junio 2025;0
03104 Petrer;3. Delitos graves y menos graves de lesiones y riña tumultuaria;enero-junio 2025;6
03104 Petrer;4. Secuestro;enero-junio 2025;0
03104 Petrer;5. Delitos contra la libertad sexual;enero-junio 2025;5
03104 Petrer;5.1.-Agresión sexual con penetración;enero-junio 2025;3
03104 Petrer;5.2.-Resto de delitos contra la libertad sexual;enero-junio 2025;2
03104 Petrer;6. Robos con violencia e intimidación;enero-junio 2025;4
03104 Petrer;7. Robos con fuerza en domicilios, establecimientos y otras instalaciones;enero-junio 2025;27
03104 Petrer;7.1.-Robos con fuerza en domicilios;enero-junio 2025;25
03104 Petrer;8. Hurtos;enero-junio 2025;75
03104 Petrer;9. Sustracciones de vehículos;enero-junio 2025;6
03104 Petrer;10. Tráfico de drogas;enero-junio 2025;4
03104 Petrer;11. Resto de criminalidad convencional;enero-junio 2025;182
03104 Petrer;II. CIBERCRIMINALIDAD (infracciones penales cometidas en/por medio ciber);enero-junio 2025;133
03104 Petrer;12.-Estafas informáticas;enero-junio 2025;98
03104 Petrer;13.-Otros ciberdelitos;enero-junio 2025;35
03104 Petrer;III. TOTAL INFRACCIONES PENALES;enero-junio 2025;442
03902 Pilar de la Horadada;I. CRIMINALIDAD CONVENCIONAL;enero-junio 2025;639
03902 Pilar de la Horadada;1. Homicidios dolosos y asesinatos consumados;enero-junio 2025;1
03902 Pilar de la Horadada;2. Homicidios dolosos y asesinatos en grado tentativa;enero-junio 2025;0
03902 Pilar de la Horadada;3. Delitos graves y menos graves de lesiones y riña tumultuaria;enero-junio 2025;9
03902 Pilar de la Horadada;4. Secuestro;enero-junio 2025;0
03902 Pilar de la Horadada;5. Delitos contra la libertad sexual;enero-junio 2025;9
03902 Pilar de la Horadada;5.1.-Agresión sexual con penetración;enero-junio 2025;3
03902 Pilar de la Horadada;5.2.-Resto de delitos contra la libertad sexual;enero-junio 2025;6
03902 Pilar de la Horadada;6. Robos con violencia e intimidación;enero-junio 2025;17
03902 Pilar de la Horadada;7. Robos con fuerza en domicilios, establecimientos y otras instalaciones;enero-junio 2025;86
03902 Pilar de la Horadada;7.1.-Robos con fuerza en domicilios;enero-junio 2025;71
03902 Pilar de la Horadada;8. Hurtos;enero-junio 2025;170
03902 Pilar de la Horadada;9. Sustracciones de vehículos;enero-junio 2025;13
03902 Pilar de la Horadada;10. Tráfico de drogas;enero-junio 2025;14
03902 Pilar de la Horadada;11. Resto de criminalidad convencional;enero-junio 2025;320
03902 Pilar de la Horadada;II. CIBERCRIMINALIDAD (infracciones penales cometidas en/por medio ciber);enero-junio 2025;127
03902 Pilar de la Horadada;12.-Estafas informáticas;enero-junio 2025;106
03902 Pilar de la Horadada;13.-Otros ciberdelitos;enero-junio 2025;21
03902 Pilar de la Horadada;III. TOTAL INFRACCIONES PENALES;enero-junio 2025;766
03122 San Vicente del Raspeig/Sant Vicent del Raspeig;I. CRIMINALIDAD CONVENCIONAL;enero-junio 2025;964
03122 San Vicente del Raspeig/Sant Vicent del Raspeig;1. Homicidios dolosos y asesinatos consumados;enero-junio 2025;0
03122 San Vicente del Raspeig/Sant Vicent del Raspeig;2. Homicidios dolosos y asesinatos en grado tentativa;enero-junio 2025;3
03122 San Vicente del Raspeig/Sant Vicent del Raspeig;3. Delitos graves y menos graves de lesiones y riña tumultuaria;enero-junio 2025;14
03122 San Vicente del Raspeig/Sant Vicent del Raspeig;4. Secuestro;enero-junio 2025;0
03122 San Vicente del Raspeig/Sant Vicent del Raspeig;5. Delitos contra la libertad sexual;enero-junio 2025;12
03122 San Vicente del Raspeig/Sant Vicent del Raspeig;5.1.-Agresión sexual con penetración;enero-junio 2025;3
03122 San Vicente del Raspeig/Sant Vicent del Raspeig;5.2.-Resto de delitos contra la libertad sexual;enero-junio 2025;9
03122 San Vicente del Raspeig/Sant Vicent del Raspeig;6. Robos con violencia e intimidación;enero-junio 2025;11
03122 San Vicente del Raspeig/Sant Vicent del Raspeig;7. Robos con fuerza en domicilios, establecimientos y otras instalaciones;enero-junio 2025;54
03122 San Vicente del Raspeig/Sant Vicent del Raspeig;7.1.-Robos con fuerza en domicilios;enero-junio 2025;46
03122 San Vicente del Raspeig/Sant Vicent del Raspeig;8. Hurtos;enero-junio 2025;263
03122 San Vicente del Raspeig/Sant Vicent del Raspeig;9. Sustracciones de vehículos;enero-junio 2025;11
03122 San Vicente del Raspeig/Sant Vicent del Raspeig;10. Tráfico de drogas;enero-junio 2025;4
03122 San Vicente del Raspeig/Sant Vicent del Raspeig;11. Resto de criminalidad convencional;enero-junio 2025;592
03122 San Vicente del Raspeig/Sant Vicent del Raspeig;II. CIBERCRIMINALIDAD (infracciones penales cometidas en/por medio ciber);enero-junio 2025;341
03122 San Vicente del Raspeig/Sant Vicent del Raspeig;12.-Estafas informáticas;enero-junio 2025;276
03122 San Vicente del Raspeig/Sant Vicent del Raspeig;13.-Otros ciberdelitos;enero-junio 2025;65
03122 San Vicente del Raspeig/Sant Vicent del Raspeig;III. TOTAL INFRACCIONES PENALES;enero-junio 2025;1.305
03119 Sant Joan d'Alacant;I. CRIMINALIDAD CONVENCIONAL;enero-junio 2025;415
03119 Sant Joan d'Alacant;1. Homicidios dolosos y asesinatos consumados;enero-junio 2025;0
03119 Sant Joan d'Alacant;2. Homicidios dolosos y asesinatos en grado tentativa;enero-junio 2025;0
03119 Sant Joan d'Alacant;3. Delitos graves y menos graves de lesiones y riña tumultuaria;enero-junio 2025;7
03119 Sant Joan d'Alacant;4. Secuestro;enero-junio 2025;0
03119 Sant Joan d'Alacant;5. Delitos contra la libertad sexual;enero-junio 2025;5
03119 Sant Joan d'Alacant;5.1.-Agresión sexual con penetración;enero-junio 2025;2
03119 Sant Joan d'Alacant;5.2.-Resto de delitos contra la libertad sexual;enero-junio 2025;3
03119 Sant Joan d'Alacant;6. Robos con violencia e intimidación;enero-junio 2025;5
03119 Sant Joan d'Alacant;7. Robos con fuerza en domicilios, establecimientos y otras instalaciones;enero-junio 2025;34
03119 Sant Joan d'Alacant;7.1.-Robos con fuerza en domicilios;enero-junio 2025;24
03119 Sant Joan d'Alacant;8. Hurtos;enero-junio 2025;134
03119 Sant Joan d'Alacant;9. Sustracciones de vehículos;enero-junio 2025;4
03119 Sant Joan d'Alacant;10. Tráfico de drogas;enero-junio 2025;3
03119 Sant Joan d'Alacant;11. Resto de criminalidad convencional;enero-junio 2025;223
03119 Sant Joan d'Alacant;II. CIBERCRIMINALIDAD (infracciones penales cometidas en/por medio ciber);enero-junio 2025;154
03119 Sant Joan d'Alacant;12.-Estafas informáticas;enero-junio 2025;136
03119 Sant Joan d'Alacant;13.-Otros ciberdelitos;enero-junio 2025;18
03119 Sant Joan d'Alacant;III. TOTAL INFRACCIONES PENALES;enero-junio 2025;569
03121 Santa Pola;I. CRIMINALIDAD CONVENCIONAL;enero-junio 2025;893
03121 Santa Pola;1. Homicidios dolosos y asesinatos consumados;enero-junio 2025;0
03121 Santa Pola;2. Homicidios dolosos y asesinatos en grado tentativa;enero-junio 2025;1
03121 Santa Pola;3. Delitos graves y menos graves de lesiones y riña tumultuaria;enero-junio 2025;9
03121 Santa Pola;4. Secuestro;enero-junio 2025;0
03121 Santa Pola;5. Delitos contra la libertad sexual;enero-junio 2025;14
03121 Santa Pola;5.1.-Agresión sexual con penetración;enero-junio 2025;2
03121 Santa Pola;5.2.-Resto de delitos contra la libertad sexual;enero-junio 2025;12
03121 Santa Pola;6. Robos con violencia e intimidación;enero-junio 2025;18
03121 Santa Pola;7. Robos con fuerza en domicilios, establecimientos y otras instalaciones;enero-junio 2025;58
03121 Santa Pola;7.1.-Robos con fuerza en domicilios;enero-junio 2025;53
03121 Santa Pola;8. Hurtos;enero-junio 2025;259
03121 Santa Pola;9. Sustracciones de vehículos;enero-junio 2025;7
03121 Santa Pola;10. Tráfico de drogas;enero-junio 2025;10
03121 Santa Pola;11. Resto de criminalidad convencional;enero-junio 2025;517
03121 Santa Pola;II. CIBERCRIMINALIDAD (infracciones penales cometidas en/por medio ciber);enero-junio 2025;262
03121 Santa Pola;12.-Estafas informáticas;enero-junio 2025;225
03121 Santa Pola;13.-Otros ciberdelitos;enero-junio 2025;37
03121 Santa Pola;III. TOTAL INFRACCIONES PENALES;enero-junio 2025;1.155
03133 Torrevieja;I. CRIMINALIDAD CONVENCIONAL;enero-junio 2025;4.344
03133 Torrevieja;1. Homicidios dolosos y asesinatos consumados;enero-junio 2025;0
03133 Torrevieja;2. Homicidios dolosos y asesinatos en grado tentativa;enero-junio 2025;2
03133 Torrevieja;3. Delitos graves y menos graves de lesiones y riña tumultuaria;enero-junio 2025;67
03133 Torrevieja;4. Secuestro;enero-junio 2025;0
03133 Torrevieja;5. Delitos contra la libertad sexual;enero-junio 2025;44
03133 Torrevieja;5.1.-Agresión sexual con penetración;enero-junio 2025;11
03133 Torrevieja;5.2.-Resto de delitos contra la libertad sexual;enero-junio 2025;33
03133 Torrevieja;6. Robos con violencia e intimidación;enero-junio 2025;153
03133 Torrevieja;7. Robos con fuerza en domicilios, establecimientos y otras instalaciones;enero-junio 2025;313
03133 Torrevieja;7.1.-Robos con fuerza en domicilios;enero-junio 2025;278
03133 Torrevieja;8. Hurtos;enero-junio 2025;1.337
03133 Torrevieja;9. Sustracciones de vehículos;enero-junio 2025;51
03133 Torrevieja;10. Tráfico de drogas;enero-junio 2025;53
03133 Torrevieja;11. Resto de criminalidad convencional;enero-junio 2025;2.324
03133 Torrevieja;II. CIBERCRIMINALIDAD (infracciones penales cometidas en/por medio ciber);enero-junio 2025;475
03133 Torrevieja;12.-Estafas informáticas;enero-junio 2025;406
03133 Torrevieja;13.-Otros ciberdelitos;enero-junio 2025;69
03133 Torrevieja;III. TOTAL INFRACCIONES PENALES;enero-junio 2025;4.819
03139 Villajoyosa/Vila Joiosa (la);I. CRIMINALIDAD CONVENCIONAL;enero-junio 2025;829
03139 Villajoyosa/Vila Joiosa (la);1. Homicidios dolosos y asesinatos consumados;enero-junio 2025;0
03139 Villajoyosa/Vila Joiosa (la);2. Homicidios dolosos y asesinatos en grado tentativa;enero-junio 2025;5
03139 Villajoyosa/Vila Joiosa (la);3. Delitos graves y menos graves de lesiones y riña tumultuaria;enero-junio 2025;12
03139 Villajoyosa/Vila Joiosa (la);4. Secuestro;enero-junio 2025;0
03139 Villajoyosa/Vila Joiosa (la);5. Delitos contra la libertad sexual;enero-junio 2025;11
03139 Villajoyosa/Vila Joiosa (la);5.1.-Agresión sexual con penetración;enero-junio 2025;2
03139 Villajoyosa/Vila Joiosa (la);5.2.-Resto de delitos contra la libertad sexual;enero-junio 2025;9
03139 Villajoyosa/Vila Joiosa (la);6. Robos con violencia e intimidación;enero-junio 2025;3
03139 Villajoyosa/Vila Joiosa (la);7. Robos con fuerza en domicilios, establecimientos y otras instalaciones;enero-junio 2025;41
03139 Villajoyosa/Vila Joiosa (la);7.1.-Robos con fuerza en domicilios;enero-junio 2025;29
03139 Villajoyosa/Vila Joiosa (la);8. Hurtos;enero-junio 2025;258
03139 Villajoyosa/Vila Joiosa (la);9. Sustracciones de vehículos;enero-junio 2025;19
03139 Villajoyosa/Vila Joiosa (la);10. Tráfico de drogas;enero-junio 2025;3
03139 Villajoyosa/Vila Joiosa (la);11. Resto de criminalidad convencional;enero-junio 2025;477
03139 Villajoyosa/Vila Joiosa (la);II. CIBERCRIMINALIDAD (infracciones penales cometidas en/por medio ciber);enero-junio 2025;190
03139 Villajoyosa/Vila Joiosa (la);12.-Estafas informáticas;enero-junio 2025;172
03139 Villajoyosa/Vila Joiosa (la);13.-Otros ciberdelitos;enero-junio 2025;18
03139 Villajoyosa/Vila Joiosa (la);III. TOTAL INFRACCIONES PENALES;enero-junio 2025;1.019
03140 Villena;I. CRIMINALIDAD CONVENCIONAL;enero-junio 2025;521
03140 Villena;1. Homicidios dolosos y asesinatos consumados;enero-junio 2025;1
03140 Villena;2. Homicidios dolosos y asesinatos en grado tentativa;enero-junio 2025;1
03140 Villena;3. Delitos graves y menos graves de lesiones y riña tumultuaria;enero-junio 2025;12
03140 Villena;4. Secuestro;enero-junio 2025;0
03140 Villena;5. Delitos contra la libertad sexual;enero-junio 2025;5
03140 Villena;5.1.-Agresión sexual con penetración;enero-junio 2025;0
03140 Villena;5.2.-Resto de delitos contra la libertad sexual;enero-junio 2025;5
03140 Villena;6. Robos con violencia e intimidación;enero-junio 2025;2
03140 Villena;7. Robos con fuerza en domicilios, establecimientos y otras instalaciones;enero-junio 2025;95
03140 Villena;7.1.-Robos con fuerza en domicilios;enero-junio 2025;80
03140 Villena;8. Hurtos;enero-junio 2025;86
03140 Villena;9. Sustracciones de vehículos;enero-junio 2025;1
03140 Villena;10. Tráfico de drogas;enero-junio 2025;6
03140 Villena;11. Resto de criminalidad convencional;enero-junio 2025;312
03140 Villena;II. CIBERCRIMINALIDAD (infracciones penales cometidas en/por medio ciber);enero-junio 2025;121
03140 Villena;12.-Estafas informáticas;enero-junio 2025;111
03140 Villena;13.-Otros ciberdelitos;enero-junio 2025;10
03140 Villena;III. TOTAL INFRACCIONES PENALES;enero-junio 2025;642
Provincia de CASTELLÓN/CASTELLÓ;I. CRIMINALIDAD CONVENCIONAL;enero-junio 2025;11.429
Provincia de CASTELLÓN/CASTELLÓ;1. Homicidios dolosos y asesinatos consumados;enero-junio 2025;3
Provincia de CASTELLÓN/CASTELLÓ;2. Homicidios dolosos y asesinatos en grado tentativa;enero-junio 2025;13
Provincia de CASTELLÓN/CASTELLÓ;3. Delitos graves y menos graves de lesiones y riña tumultuaria;enero-junio 2025;199
Provincia de CASTELLÓN/CASTELLÓ;4. Secuestro;enero-junio 2025;1
Provincia de CASTELLÓN/CASTELLÓ;5. Delitos contra la libertad sexual;enero-junio 2025;128
Provincia de CASTELLÓN/CASTELLÓ;5.1.-Agresión sexual con penetración;enero-junio 2025;22
Provincia de CASTELLÓN/CASTELLÓ;5.2.-Resto de delitos contra la libertad sexual;enero-junio 2025;106
Provincia de CASTELLÓN/CASTELLÓ;6. Robos con violencia e intimidación;enero-junio 2025;189
Provincia de CASTELLÓN/CASTELLÓ;7. Robos con fuerza en domicilios, establecimientos y otras instalaciones;enero-junio 2025;985
Provincia de CASTELLÓN/CASTELLÓ;7.1.-Robos con fuerza en domicilios;enero-junio 2025;729
Provincia de CASTELLÓN/CASTELLÓ;8. Hurtos;enero-junio 2025;2.961
Provincia de CASTELLÓN/CASTELLÓ;9. Sustracciones de vehículos;enero-junio 2025;95
Provincia de CASTELLÓN/CASTELLÓ;10. Tráfico de drogas;enero-junio 2025;76
Provincia de CASTELLÓN/CASTELLÓ;11. Resto de criminalidad convencional;enero-junio 2025;6.779
Provincia de CASTELLÓN/CASTELLÓ;II. CIBERCRIMINALIDAD (infracciones penales cometidas en/por medio ciber);enero-junio 2025;2.688
Provincia de CASTELLÓN/CASTELLÓ;12.-Estafas informáticas;enero-junio 2025;2.281
Provincia de CASTELLÓN/CASTELLÓ;13.-Otros ciberdelitos;enero-junio 2025;407
Provincia de CASTELLÓN/CASTELLÓ;III. TOTAL INFRACCIONES PENALES;enero-junio 2025;14.117
12009 Almazora/Almassora;I. CRIMINALIDAD CONVENCIONAL;enero-junio 2025;793
12009 Almazora/Almassora;1. Homicidios dolosos y asesinatos consumados;enero-junio 2025;0
12009 Almazora/Almassora;2. Homicidios dolosos y asesinatos en grado tentativa;enero-junio 2025;0
12009 Almazora/Almassora;3. Delitos graves y menos graves de lesiones y riña tumultuaria;enero-junio 2025;16
12009 Almazora/Almassora;4. Secuestro;enero-junio 2025;0
12009 Almazora/Almassora;5. Delitos contra la libertad sexual;enero-junio 2025;2
12009 Almazora/Almassora;5.1.-Agresión sexual con penetración;enero-junio 2025;0
12009 Almazora/Almassora;5.2.-Resto de delitos contra la libertad sexual;enero-junio 2025;2
12009 Almazora/Almassora;6. Robos con violencia e intimidación;enero-junio 2025;6
12009 Almazora/Almassora;7. Robos con fuerza en domicilios, establecimientos y otras instalaciones;enero-junio 2025;68
12009 Almazora/Almassora;7.1.-Robos con fuerza en domicilios;enero-junio 2025;56
12009 Almazora/Almassora;8. Hurtos;enero-junio 2025;152
12009 Almazora/Almassora;9. Sustracciones de vehículos;enero-junio 2025;7
12009 Almazora/Almassora;10. Tráfico de drogas;enero-junio 2025;7
12009 Almazora/Almassora;11. Resto de criminalidad convencional;enero-junio 2025;535
12009 Almazora/Almassora;II. CIBERCRIMINALIDAD (infracciones penales cometidas en/por medio ciber);enero-junio 2025;94
12009 Almazora/Almassora;12.-Estafas informáticas;enero-junio 2025;73
12009 Almazora/Almassora;13.-Otros ciberdelitos;enero-junio 2025;21
12009 Almazora/Almassora;III. TOTAL INFRACCIONES PENALES;enero-junio 2025;887
12027 Benicarló;I. CRIMINALIDAD CONVENCIONAL;enero-junio 2025;771
12027 Benicarló;1. Homicidios dolosos y asesinatos consumados;enero-junio 2025;0
12027 Benicarló;2. Homicidios dolosos y asesinatos en grado tentativa;enero-junio 2025;1
12027 Benicarló;3. Delitos graves y menos graves de lesiones y riña tumultuaria;enero-junio 2025;7
12027 Benicarló;4. Secuestro;enero-junio 2025;0
12027 Benicarló;5. Delitos contra la libertad sexual;enero-junio 2025;8
12027 Benicarló;5.1.-Agresión sexual con penetración;enero-junio 2025;2
12027 Benicarló;5.2.-Resto de delitos contra la libertad sexual;enero-junio 2025;6
12027 Benicarló;6. Robos con violencia e intimidación;enero-junio 2025;23
12027 Benicarló;7. Robos con fuerza en domicilios, establecimientos y otras instalaciones;enero-junio 2025;39
12027 Benicarló;7.1.-Robos con fuerza en domicilios;enero-junio 2025;30
12027 Benicarló;8. Hurtos;enero-junio 2025;250
12027 Benicarló;9. Sustracciones de vehículos;enero-junio 2025;3
12027 Benicarló;10. Tráfico de drogas;enero-junio 2025;4
12027 Benicarló;11. Resto de criminalidad convencional;enero-junio 2025;436
12027 Benicarló;II. CIBERCRIMINALIDAD (infracciones penales cometidas en/por medio ciber);enero-junio 2025;213
12027 Benicarló;12.-Estafas informáticas;enero-junio 2025;180
12027 Benicarló;13.-Otros ciberdelitos;enero-junio 2025;33
12027 Benicarló;III. TOTAL INFRACCIONES PENALES;enero-junio 2025;984
12028 Benicasim/Benicàssim;I. CRIMINALIDAD CONVENCIONAL;enero-junio 2025;369
12028 Benicasim/Benicàssim;1. Homicidios dolosos y asesinatos consumados;enero-junio 2025;1
12028 Benicasim/Benicàssim;2. Homicidios dolosos y asesinatos en grado tentativa;enero-junio 2025;0
12028 Benicasim/Benicàssim;3. Delitos graves y menos graves de lesiones y riña tumultuaria;enero-junio 2025;4
12028 Benicasim/Benicàssim;4. Secuestro;enero-junio 2025;0
12028 Benicasim/Benicàssim;5. Delitos contra la libertad sexual;enero-junio 2025;2
12028 Benicasim/Benicàssim;5.1.-Agresión sexual con penetración;enero-junio 2025;1
12028 Benicasim/Benicàssim;5.2.-Resto de delitos contra la libertad sexual;enero-junio 2025;1
12028 Benicasim/Benicàssim;6. Robos con violencia e intimidación;enero-junio 2025;8
12028 Benicasim/Benicàssim;7. Robos con fuerza en domicilios, establecimientos y otras instalaciones;enero-junio 2025;27
12028 Benicasim/Benicàssim;7.1.-Robos con fuerza en domicilios;enero-junio 2025;21
12028 Benicasim/Benicàssim;8. Hurtos;enero-junio 2025;73
12028 Benicasim/Benicàssim;9. Sustracciones de vehículos;enero-junio 2025;1
12028 Benicasim/Benicàssim;10. Tráfico de drogas;enero-junio 2025;3
12028 Benicasim/Benicàssim;11. Resto de criminalidad convencional;enero-junio 2025;250
12028 Benicasim/Benicàssim;II. CIBERCRIMINALIDAD (infracciones penales cometidas en/por medio ciber);enero-junio 2025;115
12028 Benicasim/Benicàssim;12.-Estafas informáticas;enero-junio 2025;107
12028 Benicasim/Benicàssim;13.-Otros ciberdelitos;enero-junio 2025;8
12028 Benicasim/Benicàssim;III. TOTAL INFRACCIONES PENALES;enero-junio 2025;484
12032 Borriana/Burriana;I. CRIMINALIDAD CONVENCIONAL;enero-junio 2025;823
12032 Borriana/Burriana;1. Homicidios dolosos y asesinatos consumados;enero-junio 2025;0
12032 Borriana/Burriana;2. Homicidios dolosos y asesinatos en grado tentativa;enero-junio 2025;3
12032 Borriana/Burriana;3. Delitos graves y menos graves de lesiones y riña tumultuaria;enero-junio 2025;8
12032 Borriana/Burriana;4. Secuestro;enero-junio 2025;1
12032 Borriana/Burriana;5. Delitos contra la libertad sexual;enero-junio 2025;19
12032 Borriana/Burriana;5.1.-Agresión sexual con penetración;enero-junio 2025;6
12032 Borriana/Burriana;5.2.-Resto de delitos contra la libertad sexual;enero-junio 2025;13
12032 Borriana/Burriana;6. Robos con violencia e intimidación;enero-junio 2025;18
12032 Borriana/Burriana;7. Robos con fuerza en domicilios, establecimientos y otras instalaciones;enero-junio 2025;90
12032 Borriana/Burriana;7.1.-Robos con fuerza en domicilios;enero-junio 2025;66
12032 Borriana/Burriana;8. Hurtos;enero-junio 2025;173
12032 Borriana/Burriana;9. Sustracciones de vehículos;enero-junio 2025;4
12032 Borriana/Burriana;10. Tráfico de drogas;enero-junio 2025;5
12032 Borriana/Burriana;11. Resto de criminalidad convencional;enero-junio 2025;502
12032 Borriana/Burriana;II. CIBERCRIMINALIDAD (infracciones penales cometidas en/por medio ciber);enero-junio 2025;245
12032 Borriana/Burriana;12.-Estafas informáticas;enero-junio 2025;218
12032 Borriana/Burriana;13.-Otros ciberdelitos;enero-junio 2025;27
12032 Borriana/Burriana;III. TOTAL INFRACCIONES PENALES;enero-junio 2025;1.068
12040 Castellón de la Plana/Castelló de la Plana;I. CRIMINALIDAD CONVENCIONAL;enero-junio 2025;3.200
12040 Castellón de la Plana/Castelló de la Plana;1. Homicidios dolosos y asesinatos consumados;enero-junio 2025;0
12040 Castellón de la Plana/Castelló de la Plana;2. Homicidios dolosos y asesinatos en grado tentativa;enero-junio 2025;3
12040 Castellón de la Plana/Castelló de la Plana;3. Delitos graves y menos graves de lesiones y riña tumultuaria;enero-junio 2025;69
12040 Castellón de la Plana/Castelló de la Plana;4. Secuestro;enero-junio 2025;0
12040 Castellón de la Plana/Castelló de la Plana;5. Delitos contra la libertad sexual;enero-junio 2025;48
12040 Castellón de la Plana/Castelló de la Plana;5.1.-Agresión sexual con penetración;enero-junio 2025;4
12040 Castellón de la Plana/Castelló de la Plana;5.2.-Resto de delitos contra la libertad sexual;enero-junio 2025;44
12040 Castellón de la Plana/Castelló de la Plana;6. Robos con violencia e intimidación;enero-junio 2025;71
12040 Castellón de la Plana/Castelló de la Plana;7. Robos con fuerza en domicilios, establecimientos y otras instalaciones;enero-junio 2025;286
12040 Castellón de la Plana/Castelló de la Plana;7.1.-Robos con fuerza en domicilios;enero-junio 2025;209
12040 Castellón de la Plana/Castelló de la Plana;8. Hurtos;enero-junio 2025;1.148
12040 Castellón de la Plana/Castelló de la Plana;9. Sustracciones de vehículos;enero-junio 2025;43
12040 Castellón de la Plana/Castelló de la Plana;10. Tráfico de drogas;enero-junio 2025;24
12040 Castellón de la Plana/Castelló de la Plana;11. Resto de criminalidad convencional;enero-junio 2025;1.508
12040 Castellón de la Plana/Castelló de la Plana;II. CIBERCRIMINALIDAD (infracciones penales cometidas en/por medio ciber);enero-junio 2025;755
12040 Castellón de la Plana/Castelló de la Plana;12.-Estafas informáticas;enero-junio 2025;636
12040 Castellón de la Plana/Castelló de la Plana;13.-Otros ciberdelitos;enero-junio 2025;119
12040 Castellón de la Plana/Castelló de la Plana;III. TOTAL INFRACCIONES PENALES;enero-junio 2025;3.955
12084 Onda;I. CRIMINALIDAD CONVENCIONAL;enero-junio 2025;409
12084 Onda;1. Homicidios dolosos y asesinatos consumados;enero-junio 2025;1
12084 Onda;2. Homicidios dolosos y asesinatos en grado tentativa;enero-junio 2025;0
12084 Onda;3. Delitos graves y menos graves de lesiones y riña tumultuaria;enero-junio 2025;5
12084 Onda;4. Secuestro;enero-junio 2025;0
12084 Onda;5. Delitos contra la libertad sexual;enero-junio 2025;4
12084 Onda;5.1.-Agresión sexual con penetración;enero-junio 2025;0
12084 Onda;5.2.-Resto de delitos contra la libertad sexual;enero-junio 2025;4
12084 Onda;6. Robos con violencia e intimidación;enero-junio 2025;2
12084 Onda;7. Robos con fuerza en domicilios, establecimientos y otras instalaciones;enero-junio 2025;29
12084 Onda;7.1.-Robos con fuerza en domicilios;enero-junio 2025;22
12084 Onda;8. Hurtos;enero-junio 2025;68
12084 Onda;9. Sustracciones de vehículos;enero-junio 2025;2
12084 Onda;10. Tráfico de drogas;enero-junio 2025;3
12084 Onda;11. Resto de criminalidad convencional;enero-junio 2025;295
12084 Onda;II. CIBERCRIMINALIDAD (infracciones penales cometidas en/por medio ciber);enero-junio 2025;67
12084 Onda;12.-Estafas informáticas;enero-junio 2025;49
12084 Onda;13.-Otros ciberdelitos;enero-junio 2025;18
12084 Onda;III. TOTAL INFRACCIONES PENALES;enero-junio 2025;476
12126 Vall d'Uixó (la);I. CRIMINALIDAD CONVENCIONAL;enero-junio 2025;550
12126 Vall d'Uixó (la);1. Homicidios dolosos y asesinatos consumados;enero-junio 2025;0
12126 Vall d'Uixó (la);2. Homicidios dolosos y asesinatos en grado tentativa;enero-junio 2025;0
12126 Vall d'Uixó (la);3. Delitos graves y menos graves de lesiones y riña tumultuaria;enero-junio 2025;9
12126 Vall d'Uixó (la);4. Secuestro;enero-junio 2025;0
12126 Vall d'Uixó (la);5. Delitos contra la libertad sexual;enero-junio 2025;4
12126 Vall d'Uixó (la);5.1.-Agresión sexual con penetración;enero-junio 2025;1
12126 Vall d'Uixó (la);5.2.-Resto de delitos contra la libertad sexual;enero-junio 2025;3
12126 Vall d'Uixó (la);6. Robos con violencia e intimidación;enero-junio 2025;4
12126 Vall d'Uixó (la);7. Robos con fuerza en domicilios, establecimientos y otras instalaciones;enero-junio 2025;49
12126 Vall d'Uixó (la);7.1.-Robos con fuerza en domicilios;enero-junio 2025;32
12126 Vall d'Uixó (la);8. Hurtos;enero-junio 2025;162
12126 Vall d'Uixó (la);9. Sustracciones de vehículos;enero-junio 2025;3
12126 Vall d'Uixó (la);10. Tráfico de drogas;enero-junio 2025;0
12126 Vall d'Uixó (la);11. Resto de criminalidad convencional;enero-junio 2025;319
12126 Vall d'Uixó (la);II. CIBERCRIMINALIDAD (infracciones penales cometidas en/por medio ciber);enero-junio 2025;138
12126 Vall d'Uixó (la);12.-Estafas informáticas;enero-junio 2025;115
12126 Vall d'Uixó (la);13.-Otros ciberdelitos;enero-junio 2025;23
12126 Vall d'Uixó (la);III. TOTAL INFRACCIONES PENALES;enero-junio 2025;688
12135 Vila-real;I. CRIMINALIDAD CONVENCIONAL;enero-junio 2025;623
12135 Vila-real;1. Homicidios dolosos y asesinatos consumados;enero-junio 2025;1
12135 Vila-real;2. Homicidios dolosos y asesinatos en grado tentativa;enero-junio 2025;0
12135 Vila-real;3. Delitos graves y menos graves de lesiones y riña tumultuaria;enero-junio 2025;9
12135 Vila-real;4. Secuestro;enero-junio 2025;0
12135 Vila-real;5. Delitos contra la libertad sexual;enero-junio 2025;5
12135 Vila-real;5.1.-Agresión sexual con penetración;enero-junio 2025;1
12135 Vila-real;5.2.-Resto de delitos contra la libertad sexual;enero-junio 2025;4
12135 Vila-real;6. Robos con violencia e intimidación;enero-junio 2025;5
12135 Vila-real;7. Robos con fuerza en domicilios, establecimientos y otras instalaciones;enero-junio 2025;55
12135 Vila-real;7.1.-Robos con fuerza en domicilios;enero-junio 2025;36
12135 Vila-real;8. Hurtos;enero-junio 2025;153
12135 Vila-real;9. Sustracciones de vehículos;enero-junio 2025;13
12135 Vila-real;10. Tráfico de drogas;enero-junio 2025;4
12135 Vila-real;11. Resto de criminalidad convencional;enero-junio 2025;378
12135 Vila-real;II. CIBERCRIMINALIDAD (infracciones penales cometidas en/por medio ciber);enero-junio 2025;175
12135 Vila-real;12.-Estafas informáticas;enero-junio 2025;155
12135 Vila-real;13.-Otros ciberdelitos;enero-junio 2025;20
12135 Vila-real;III. TOTAL INFRACCIONES PENALES;enero-junio 2025;798
12138 Vinaròs;I. CRIMINALIDAD CONVENCIONAL;enero-junio 2025;695
12138 Vinaròs;1. Homicidios dolosos y asesinatos consumados;enero-junio 2025;0
12138 Vinaròs;2. Homicidios dolosos y asesinatos en grado tentativa;enero-junio 2025;1
12138 Vinaròs;3. Delitos graves y menos graves de lesiones y riña tumultuaria;enero-junio 2025;12
12138 Vinaròs;4. Secuestro;enero-junio 2025;0
12138 Vinaròs;5. Delitos contra la libertad sexual;enero-junio 2025;8
12138 Vinaròs;5.1.-Agresión sexual con penetración;enero-junio 2025;4
12138 Vinaròs;5.2.-Resto de delitos contra la libertad sexual;enero-junio 2025;4
12138 Vinaròs;6. Robos con violencia e intimidación;enero-junio 2025;8
12138 Vinaròs;7. Robos con fuerza en domicilios, establecimientos y otras instalaciones;enero-junio 2025;52
12138 Vinaròs;7.1.-Robos con fuerza en domicilios;enero-junio 2025;43
12138 Vinaròs;8. Hurtos;enero-junio 2025;173
12138 Vinaròs;9. Sustracciones de vehículos;enero-junio 2025;5
12138 Vinaròs;10. Tráfico de drogas;enero-junio 2025;8
12138 Vinaròs;11. Resto de criminalidad convencional;enero-junio 2025;428
12138 Vinaròs;II. CIBERCRIMINALIDAD (infracciones penales cometidas en/por medio ciber);enero-junio 2025;134
12138 Vinaròs;12.-Estafas informáticas;enero-junio 2025;113
12138 Vinaròs;13.-Otros ciberdelitos;enero-junio 2025;21
12138 Vinaròs;III. TOTAL INFRACCIONES PENALES;enero-junio 2025;829
Provincia de VALENCIA/VALÈNCIA;I. CRIMINALIDAD CONVENCIONAL;enero-junio 2025;59.003
Provincia de VALENCIA/VALÈNCIA;1. Homicidios dolosos y asesinatos consumados;enero-junio 2025;11
Provincia de VALENCIA/VALÈNCIA;2. Homicidios dolosos y asesinatos en grado tentativa;enero-junio 2025;43
Provincia de VALENCIA/VALÈNCIA;3. Delitos graves y menos graves de lesiones y riña tumultuaria;enero-junio 2025;917
Provincia de VALENCIA/VALÈNCIA;4. Secuestro;enero-junio 2025;1
Provincia de VALENCIA/VALÈNCIA;5. Delitos contra la libertad sexual;enero-junio 2025;615
Provincia de VALENCIA/VALÈNCIA;5.1.-Agresión sexual con penetración;enero-junio 2025;115
Provincia de VALENCIA/VALÈNCIA;5.2.-Resto de delitos contra la libertad sexual;enero-junio 2025;500
Provincia de VALENCIA/VALÈNCIA;6. Robos con violencia e intimidación;enero-junio 2025;1.667
Provincia de VALENCIA/VALÈNCIA;7. Robos con fuerza en domicilios, establecimientos y otras instalaciones;enero-junio 2025;3.461
Provincia de VALENCIA/VALÈNCIA;7.1.-Robos con fuerza en domicilios;enero-junio 2025;2.709
Provincia de VALENCIA/VALÈNCIA;8. Hurtos;enero-junio 2025;19.350
Provincia de VALENCIA/VALÈNCIA;9. Sustracciones de vehículos;enero-junio 2025;843
Provincia de VALENCIA/VALÈNCIA;10. Tráfico de drogas;enero-junio 2025;686
Provincia de VALENCIA/VALÈNCIA;11. Resto de criminalidad convencional;enero-junio 2025;31.409
Provincia de VALENCIA/VALÈNCIA;II. CIBERCRIMINALIDAD (infracciones penales cometidas en/por medio ciber);enero-junio 2025;14.297
Provincia de VALENCIA/VALÈNCIA;12.-Estafas informáticas;enero-junio 2025;12.391
Provincia de VALENCIA/VALÈNCIA;13.-Otros ciberdelitos;enero-junio 2025;1.906
Provincia de VALENCIA/VALÈNCIA;III. TOTAL INFRACCIONES PENALES;enero-junio 2025;73.300
46005 Alaquàs;I. CRIMINALIDAD CONVENCIONAL;enero-junio 2025;388
46005 Alaquàs;1. Homicidios dolosos y asesinatos consumados;enero-junio 2025;0
46005 Alaquàs;2. Homicidios dolosos y asesinatos en grado tentativa;enero-junio 2025;0
46005 Alaquàs;3. Delitos graves y menos graves de lesiones y riña tumultuaria;enero-junio 2025;4
46005 Alaquàs;4. Secuestro;enero-junio 2025;0
46005 Alaquàs;5. Delitos contra la libertad sexual;enero-junio 2025;4
46005 Alaquàs;5.1.-Agresión sexual con penetración;enero-junio 2025;0
46005 Alaquàs;5.2.-Resto de delitos contra la libertad sexual;enero-junio 2025;4
46005 Alaquàs;6. Robos con violencia e intimidación;enero-junio 2025;16
46005 Alaquàs;7. Robos con fuerza en domicilios, establecimientos y otras instalaciones;enero-junio 2025;20
46005 Alaquàs;7.1.-Robos con fuerza en domicilios;enero-junio 2025;11
46005 Alaquàs;8. Hurtos;enero-junio 2025;113
46005 Alaquàs;9. Sustracciones de vehículos;enero-junio 2025;4
46005 Alaquàs;10. Tráfico de drogas;enero-junio 2025;6
46005 Alaquàs;11. Resto de criminalidad convencional;enero-junio 2025;221
46005 Alaquàs;II. CIBERCRIMINALIDAD (infracciones penales cometidas en/por medio ciber);enero-junio 2025;104
46005 Alaquàs;12.-Estafas informáticas;enero-junio 2025;97
46005 Alaquàs;13.-Otros ciberdelitos;enero-junio 2025;7
46005 Alaquàs;III. TOTAL INFRACCIONES PENALES;enero-junio 2025;492
46013 Alboraia/Alboraya;I. CRIMINALIDAD CONVENCIONAL;enero-junio 2025;939
46013 Alboraia/Alboraya;1. Homicidios dolosos y asesinatos consumados;enero-junio 2025;0
46013 Alboraia/Alboraya;2. Homicidios dolosos y asesinatos en grado tentativa;enero-junio 2025;0
46013 Alboraia/Alboraya;3. Delitos graves y menos graves de lesiones y riña tumultuaria;enero-junio 2025;3
46013 Alboraia/Alboraya;4. Secuestro;enero-junio 2025;0
46013 Alboraia/Alboraya;5. Delitos contra la libertad sexual;enero-junio 2025;13
46013 Alboraia/Alboraya;5.1.-Agresión sexual con penetración;enero-junio 2025;2
46013 Alboraia/Alboraya;5.2.-Resto de delitos contra la libertad sexual;enero-junio 2025;11
46013 Alboraia/Alboraya;6. Robos con violencia e intimidación;enero-junio 2025;21
46013 Alboraia/Alboraya;7. Robos con fuerza en domicilios, establecimientos y otras instalaciones;enero-junio 2025;39
46013 Alboraia/Alboraya;7.1.-Robos con fuerza en domicilios;enero-junio 2025;31
46013 Alboraia/Alboraya;8. Hurtos;enero-junio 2025;270
46013 Alboraia/Alboraya;9. Sustracciones de vehículos;enero-junio 2025;14
46013 Alboraia/Alboraya;10. Tráfico de drogas;enero-junio 2025;2
46013 Alboraia/Alboraya;11. Resto de criminalidad convencional;enero-junio 2025;577
46013 Alboraia/Alboraya;II. CIBERCRIMINALIDAD (infracciones penales cometidas en/por medio ciber);enero-junio 2025;143
46013 Alboraia/Alboraya;12.-Estafas informáticas;enero-junio 2025;125
46013 Alboraia/Alboraya;13.-Otros ciberdelitos;enero-junio 2025;18
46013 Alboraia/Alboraya;III. TOTAL INFRACCIONES PENALES;enero-junio 2025;1.082
46021 Aldaia;I. CRIMINALIDAD CONVENCIONAL;enero-junio 2025;641
46021 Aldaia;1. Homicidios dolosos y asesinatos consumados;enero-junio 2025;0
46021 Aldaia;2. Homicidios dolosos y asesinatos en grado tentativa;enero-junio 2025;0
46021 Aldaia;3. Delitos graves y menos graves de lesiones y riña tumultuaria;enero-junio 2025;10
46021 Aldaia;4. Secuestro;enero-junio 2025;0
46021 Aldaia;5. Delitos contra la libertad sexual;enero-junio 2025;5
46021 Aldaia;5.1.-Agresión sexual con penetración;enero-junio 2025;1
46021 Aldaia;5.2.-Resto de delitos contra la libertad sexual;enero-junio 2025;4
46021 Aldaia;6. Robos con violencia e intimidación;enero-junio 2025;10
46021 Aldaia;7. Robos con fuerza en domicilios, establecimientos y otras instalaciones;enero-junio 2025;37
46021 Aldaia;7.1.-Robos con fuerza en domicilios;enero-junio 2025;28
46021 Aldaia;8. Hurtos;enero-junio 2025;248
46021 Aldaia;9. Sustracciones de vehículos;enero-junio 2025;16
46021 Aldaia;10. Tráfico de drogas;enero-junio 2025;3
46021 Aldaia;11. Resto de criminalidad convencional;enero-junio 2025;312
46021 Aldaia;II. CIBERCRIMINALIDAD (infracciones penales cometidas en/por medio ciber);enero-junio 2025;128
46021 Aldaia;12.-Estafas informáticas;enero-junio 2025;114
46021 Aldaia;13.-Otros ciberdelitos;enero-junio 2025;14
46021 Aldaia;III. TOTAL INFRACCIONES PENALES;enero-junio 2025;769
46022 Alfafar;I. CRIMINALIDAD CONVENCIONAL;enero-junio 2025;598
46022 Alfafar;1. Homicidios dolosos y asesinatos consumados;enero-junio 2025;0
46022 Alfafar;2. Homicidios dolosos y asesinatos en grado tentativa;enero-junio 2025;1
46022 Alfafar;3. Delitos graves y menos graves de lesiones y riña tumultuaria;enero-junio 2025;7
46022 Alfafar;4. Secuestro;enero-junio 2025;0
46022 Alfafar;5. Delitos contra la libertad sexual;enero-junio 2025;8
46022 Alfafar;5.1.-Agresión sexual con penetración;enero-junio 2025;1
46022 Alfafar;5.2.-Resto de delitos contra la libertad sexual;enero-junio 2025;7
46022 Alfafar;6. Robos con violencia e intimidación;enero-junio 2025;22
46022 Alfafar;7. Robos con fuerza en domicilios, establecimientos y otras instalaciones;enero-junio 2025;20
46022 Alfafar;7.1.-Robos con fuerza en domicilios;enero-junio 2025;8
46022 Alfafar;8. Hurtos;enero-junio 2025;173
46022 Alfafar;9. Sustracciones de vehículos;enero-junio 2025;7
46022 Alfafar;10. Tráfico de drogas;enero-junio 2025;1
46022 Alfafar;11. Resto de criminalidad convencional;enero-junio 2025;359
46022 Alfafar;II. CIBERCRIMINALIDAD (infracciones penales cometidas en/por medio ciber);enero-junio 2025;174
46022 Alfafar;12.-Estafas informáticas;enero-junio 2025;154
46022 Alfafar;13.-Otros ciberdelitos;enero-junio 2025;20
46022 Alfafar;III. TOTAL INFRACCIONES PENALES;enero-junio 2025;772
46029 Algemesí;I. CRIMINALIDAD CONVENCIONAL;enero-junio 2025;669
46029 Algemesí;1. Homicidios dolosos y asesinatos consumados;enero-junio 2025;2
46029 Algemesí;2. Homicidios dolosos y asesinatos en grado tentativa;enero-junio 2025;1
46029 Algemesí;3. Delitos graves y menos graves de lesiones y riña tumultuaria;enero-junio 2025;10
46029 Algemesí;4. Secuestro;enero-junio 2025;0
46029 Algemesí;5. Delitos contra la libertad sexual;enero-junio 2025;7
46029 Algemesí;5.1.-Agresión sexual con penetración;enero-junio 2025;1
46029 Algemesí;5.2.-Resto de delitos contra la libertad sexual;enero-junio 2025;6
46029 Algemesí;6. Robos con violencia e intimidación;enero-junio 2025;16
46029 Algemesí;7. Robos con fuerza en domicilios, establecimientos y otras instalaciones;enero-junio 2025;50
46029 Algemesí;7.1.-Robos con fuerza en domicilios;enero-junio 2025;39
46029 Algemesí;8. Hurtos;enero-junio 2025;158
46029 Algemesí;9. Sustracciones de vehículos;enero-junio 2025;31
46029 Algemesí;10. Tráfico de drogas;enero-junio 2025;2
46029 Algemesí;11. Resto de criminalidad convencional;enero-junio 2025;392
46029 Algemesí;II. CIBERCRIMINALIDAD (infracciones penales cometidas en/por medio ciber);enero-junio 2025;110
46029 Algemesí;12.-Estafas informáticas;enero-junio 2025;94
46029 Algemesí;13.-Otros ciberdelitos;enero-junio 2025;16
46029 Algemesí;III. TOTAL INFRACCIONES PENALES;enero-junio 2025;779
46017 Alzira;I. CRIMINALIDAD CONVENCIONAL;enero-junio 2025;1.227
46017 Alzira;1. Homicidios dolosos y asesinatos consumados;enero-junio 2025;0
46017 Alzira;2. Homicidios dolosos y asesinatos en grado tentativa;enero-junio 2025;1
46017 Alzira;3. Delitos graves y menos graves de lesiones y riña tumultuaria;enero-junio 2025;28
46017 Alzira;4. Secuestro;enero-junio 2025;0
46017 Alzira;5. Delitos contra la libertad sexual;enero-junio 2025;22
46017 Alzira;5.1.-Agresión sexual con penetración;enero-junio 2025;0
46017 Alzira;5.2.-Resto de delitos contra la libertad sexual;enero-junio 2025;22
46017 Alzira;6. Robos con violencia e intimidación;enero-junio 2025;30
46017 Alzira;7. Robos con fuerza en domicilios, establecimientos y otras instalaciones;enero-junio 2025;136
46017 Alzira;7.1.-Robos con fuerza en domicilios;enero-junio 2025;109
46017 Alzira;8. Hurtos;enero-junio 2025;329
46017 Alzira;9. Sustracciones de vehículos;enero-junio 2025;11
46017 Alzira;10. Tráfico de drogas;enero-junio 2025;8
46017 Alzira;11. Resto de criminalidad convencional;enero-junio 2025;662
46017 Alzira;II. CIBERCRIMINALIDAD (infracciones penales cometidas en/por medio ciber);enero-junio 2025;247
46017 Alzira;12.-Estafas informáticas;enero-junio 2025;213
46017 Alzira;13.-Otros ciberdelitos;enero-junio 2025;34
46017 Alzira;III. TOTAL INFRACCIONES PENALES;enero-junio 2025;1.474
46070 Bétera;I. CRIMINALIDAD CONVENCIONAL;enero-junio 2025;377
46070 Bétera;1. Homicidios dolosos y asesinatos consumados;enero-junio 2025;0
46070 Bétera;2. Homicidios dolosos y asesinatos en grado tentativa;enero-junio 2025;0
46070 Bétera;3. Delitos graves y menos graves de lesiones y riña tumultuaria;enero-junio 2025;4
46070 Bétera;4. Secuestro;enero-junio 2025;0
46070 Bétera;5. Delitos contra la libertad sexual;enero-junio 2025;5
46070 Bétera;5.1.-Agresión sexual con penetración;enero-junio 2025;0
46070 Bétera;5.2.-Resto de delitos contra la libertad sexual;enero-junio 2025;5
46070 Bétera;6. Robos con violencia e intimidación;enero-junio 2025;5
46070 Bétera;7. Robos con fuerza en domicilios, establecimientos y otras instalaciones;enero-junio 2025;29
46070 Bétera;7.1.-Robos con fuerza en domicilios;enero-junio 2025;26
46070 Bétera;8. Hurtos;enero-junio 2025;70
46070 Bétera;9. Sustracciones de vehículos;enero-junio 2025;1
46070 Bétera;10. Tráfico de drogas;enero-junio 2025;2
46070 Bétera;11. Resto de criminalidad convencional;enero-junio 2025;261
46070 Bétera;II. CIBERCRIMINALIDAD (infracciones penales cometidas en/por medio ciber);enero-junio 2025;163
46070 Bétera;12.-Estafas informáticas;enero-junio 2025;132
46070 Bétera;13.-Otros ciberdelitos;enero-junio 2025;31
46070 Bétera;III. TOTAL INFRACCIONES PENALES;enero-junio 2025;540
46078 Burjassot;I. CRIMINALIDAD CONVENCIONAL;enero-junio 2025;620
46078 Burjassot;1. Homicidios dolosos y asesinatos consumados;enero-junio 2025;0
46078 Burjassot;2. Homicidios dolosos y asesinatos en grado tentativa;enero-junio 2025;4
46078 Burjassot;3. Delitos graves y menos graves de lesiones y riña tumultuaria;enero-junio 2025;10
46078 Burjassot;4. Secuestro;enero-junio 2025;0
46078 Burjassot;5. Delitos contra la libertad sexual;enero-junio 2025;5
46078 Burjassot;5.1.-Agresión sexual con penetración;enero-junio 2025;1
46078 Burjassot;5.2.-Resto de delitos contra la libertad sexual;enero-junio 2025;4
46078 Burjassot;6. Robos con violencia e intimidación;enero-junio 2025;17
46078 Burjassot;7. Robos con fuerza en domicilios, establecimientos y otras instalaciones;enero-junio 2025;39
46078 Burjassot;7.1.-Robos con fuerza en domicilios;enero-junio 2025;28
46078 Burjassot;8. Hurtos;enero-junio 2025;181
46078 Burjassot;9. Sustracciones de vehículos;enero-junio 2025;12
46078 Burjassot;10. Tráfico de drogas;enero-junio 2025;6
46078 Burjassot;11. Resto de criminalidad convencional;enero-junio 2025;346
46078 Burjassot;II. CIBERCRIMINALIDAD (infracciones penales cometidas en/por medio ciber);enero-junio 2025;175
46078 Burjassot;12.-Estafas informáticas;enero-junio 2025;151
46078 Burjassot;13.-Otros ciberdelitos;enero-junio 2025;24
46078 Burjassot;III. TOTAL INFRACCIONES PENALES;enero-junio 2025;795
46083 Carcaixent;I. CRIMINALIDAD CONVENCIONAL;enero-junio 2025;422
46083 Carcaixent;1. Homicidios dolosos y asesinatos consumados;enero-junio 2025;0
46083 Carcaixent;2. Homicidios dolosos y asesinatos en grado tentativa;enero-junio 2025;0
46083 Carcaixent;3. Delitos graves y menos graves de lesiones y riña tumultuaria;enero-junio 2025;7
46083 Carcaixent;4. Secuestro;enero-junio 2025;0
46083 Carcaixent;5. Delitos contra la libertad sexual;enero-junio 2025;7
46083 Carcaixent;5.1.-Agresión sexual con penetración;enero-junio 2025;1
46083 Carcaixent;5.2.-Resto de delitos contra la libertad sexual;enero-junio 2025;6
46083 Carcaixent;6. Robos con violencia e intimidación;enero-junio 2025;6
46083 Carcaixent;7. Robos con fuerza en domicilios, establecimientos y otras instalaciones;enero-junio 2025;35
46083 Carcaixent;7.1.-Robos con fuerza en domicilios;enero-junio 2025;33
46083 Carcaixent;8. Hurtos;enero-junio 2025;125
46083 Carcaixent;9. Sustracciones de vehículos;enero-junio 2025;4
46083 Carcaixent;10. Tráfico de drogas;enero-junio 2025;1
46083 Carcaixent;11. Resto de criminalidad convencional;enero-junio 2025;237
46083 Carcaixent;II. CIBERCRIMINALIDAD (infracciones penales cometidas en/por medio ciber);enero-junio 2025;110
46083 Carcaixent;12.-Estafas informáticas;enero-junio 2025;78
46083 Carcaixent;13.-Otros ciberdelitos;enero-junio 2025;32
46083 Carcaixent;III. TOTAL INFRACCIONES PENALES;enero-junio 2025;532
46094 Catarroja;I. CRIMINALIDAD CONVENCIONAL;enero-junio 2025;457
46094 Catarroja;1. Homicidios dolosos y asesinatos consumados;enero-junio 2025;0
46094 Catarroja;2. Homicidios dolosos y asesinatos en grado tentativa;enero-junio 2025;0
46094 Catarroja;3. Delitos graves y menos graves de lesiones y riña tumultuaria;enero-junio 2025;5
46094 Catarroja;4. Secuestro;enero-junio 2025;0
46094 Catarroja;5. Delitos contra la libertad sexual;enero-junio 2025;5
46094 Catarroja;5.1.-Agresión sexual con penetración;enero-junio 2025;1
46094 Catarroja;5.2.-Resto de delitos contra la libertad sexual;enero-junio 2025;4
46094 Catarroja;6. Robos con violencia e intimidación;enero-junio 2025;13
46094 Catarroja;7. Robos con fuerza en domicilios, establecimientos y otras instalaciones;enero-junio 2025;40
46094 Catarroja;7.1.-Robos con fuerza en domicilios;enero-junio 2025;16
46094 Catarroja;8. Hurtos;enero-junio 2025;96
46094 Catarroja;9. Sustracciones de vehículos;enero-junio 2025;11
46094 Catarroja;10. Tráfico de drogas;enero-junio 2025;2
46094 Catarroja;11. Resto de criminalidad convencional;enero-junio 2025;285
46094 Catarroja;II. CIBERCRIMINALIDAD (infracciones penales cometidas en/por medio ciber);enero-junio 2025;157
46094 Catarroja;12.-Estafas informáticas;enero-junio 2025;136
46094 Catarroja;13.-Otros ciberdelitos;enero-junio 2025;21
46094 Catarroja;III. TOTAL INFRACCIONES PENALES;enero-junio 2025;614
46105 Cullera;I. CRIMINALIDAD CONVENCIONAL;enero-junio 2025;670
46105 Cullera;1. Homicidios dolosos y asesinatos consumados;enero-junio 2025;0
46105 Cullera;2. Homicidios dolosos y asesinatos en grado tentativa;enero-junio 2025;0
46105 Cullera;3. Delitos graves y menos graves de lesiones y riña tumultuaria;enero-junio 2025;12
46105 Cullera;4. Secuestro;enero-junio 2025;0
46105 Cullera;5. Delitos contra la libertad sexual;enero-junio 2025;4
46105 Cullera;5.1.-Agresión sexual con penetración;enero-junio 2025;0
46105 Cullera;5.2.-Resto de delitos contra la libertad sexual;enero-junio 2025;4
46105 Cullera;6. Robos con violencia e intimidación;enero-junio 2025;13
46105 Cullera;7. Robos con fuerza en domicilios, establecimientos y otras instalaciones;enero-junio 2025;59
46105 Cullera;7.1.-Robos con fuerza en domicilios;enero-junio 2025;52
46105 Cullera;8. Hurtos;enero-junio 2025;169
46105 Cullera;9. Sustracciones de vehículos;enero-junio 2025;7
46105 Cullera;10. Tráfico de drogas;enero-junio 2025;11
46105 Cullera;11. Resto de criminalidad convencional;enero-junio 2025;395
46105 Cullera;II. CIBERCRIMINALIDAD (infracciones penales cometidas en/por medio ciber);enero-junio 2025;115
46105 Cullera;12.-Estafas informáticas;enero-junio 2025;103
46105 Cullera;13.-Otros ciberdelitos;enero-junio 2025;12
46105 Cullera;III. TOTAL INFRACCIONES PENALES;enero-junio 2025;785
46131 Gandia;I. CRIMINALIDAD CONVENCIONAL;enero-junio 2025;1.985
46131 Gandia;1. Homicidios dolosos y asesinatos consumados;enero-junio 2025;1
46131 Gandia;2. Homicidios dolosos y asesinatos en grado tentativa;enero-junio 2025;2
46131 Gandia;3. Delitos graves y menos graves de lesiones y riña tumultuaria;enero-junio 2025;31
46131 Gandia;4. Secuestro;enero-junio 2025;0
46131 Gandia;5. Delitos contra la libertad sexual;enero-junio 2025;18
46131 Gandia;5.1.-Agresión sexual con penetración;enero-junio 2025;3
46131 Gandia;5.2.-Resto de delitos contra la libertad sexual;enero-junio 2025;15
46131 Gandia;6. Robos con violencia e intimidación;enero-junio 2025;55
46131 Gandia;7. Robos con fuerza en domicilios, establecimientos y otras instalaciones;enero-junio 2025;118
46131 Gandia;7.1.-Robos con fuerza en domicilios;enero-junio 2025;88
46131 Gandia;8. Hurtos;enero-junio 2025;600
46131 Gandia;9. Sustracciones de vehículos;enero-junio 2025;15
46131 Gandia;10. Tráfico de drogas;enero-junio 2025;35
46131 Gandia;11. Resto de criminalidad convencional;enero-junio 2025;1.110
46131 Gandia;II. CIBERCRIMINALIDAD (infracciones penales cometidas en/por medio ciber);enero-junio 2025;387
46131 Gandia;12.-Estafas informáticas;enero-junio 2025;371
46131 Gandia;13.-Otros ciberdelitos;enero-junio 2025;16
46131 Gandia;III. TOTAL INFRACCIONES PENALES;enero-junio 2025;2.372
46147 Llíria;I. CRIMINALIDAD CONVENCIONAL;enero-junio 2025;612
46147 Llíria;1. Homicidios dolosos y asesinatos consumados;enero-junio 2025;0
46147 Llíria;2. Homicidios dolosos y asesinatos en grado tentativa;enero-junio 2025;0
46147 Llíria;3. Delitos graves y menos graves de lesiones y riña tumultuaria;enero-junio 2025;12
46147 Llíria;4. Secuestro;enero-junio 2025;0
46147 Llíria;5. Delitos contra la libertad sexual;enero-junio 2025;10
46147 Llíria;5.1.-Agresión sexual con penetración;enero-junio 2025;2
46147 Llíria;5.2.-Resto de delitos contra la libertad sexual;enero-junio 2025;8
46147 Llíria;6. Robos con violencia e intimidación;enero-junio 2025;16
46147 Llíria;7. Robos con fuerza en domicilios, establecimientos y otras instalaciones;enero-junio 2025;58
46147 Llíria;7.1.-Robos con fuerza en domicilios;enero-junio 2025;49
46147 Llíria;8. Hurtos;enero-junio 2025;126
46147 Llíria;9. Sustracciones de vehículos;enero-junio 2025;8
46147 Llíria;10. Tráfico de drogas;enero-junio 2025;4
46147 Llíria;11. Resto de criminalidad convencional;enero-junio 2025;378
46147 Llíria;II. CIBERCRIMINALIDAD (infracciones penales cometidas en/por medio ciber);enero-junio 2025;173
46147 Llíria;12.-Estafas informáticas;enero-junio 2025;146
46147 Llíria;13.-Otros ciberdelitos;enero-junio 2025;27
46147 Llíria;III. TOTAL INFRACCIONES PENALES;enero-junio 2025;785
46159 Manises;I. CRIMINALIDAD CONVENCIONAL;enero-junio 2025;565
46159 Manises;1. Homicidios dolosos y asesinatos consumados;enero-junio 2025;0
46159 Manises;2. Homicidios dolosos y asesinatos en grado tentativa;enero-junio 2025;0
46159 Manises;3. Delitos graves y menos graves de lesiones y riña tumultuaria;enero-junio 2025;7
46159 Manises;4. Secuestro;enero-junio 2025;0
46159 Manises;5. Delitos contra la libertad sexual;enero-junio 2025;8
46159 Manises;5.1.-Agresión sexual con penetración;enero-junio 2025;1
46159 Manises;5.2.-Resto de delitos contra la libertad sexual;enero-junio 2025;7
46159 Manises;6. Robos con violencia e intimidación;enero-junio 2025;10
46159 Manises;7. Robos con fuerza en domicilios, establecimientos y otras instalaciones;enero-junio 2025;22
46159 Manises;7.1.-Robos con fuerza en domicilios;enero-junio 2025;12
46159 Manises;8. Hurtos;enero-junio 2025;139
46159 Manises;9. Sustracciones de vehículos;enero-junio 2025;38
46159 Manises;10. Tráfico de drogas;enero-junio 2025;38
46159 Manises;11. Resto de criminalidad convencional;enero-junio 2025;303
46159 Manises;II. CIBERCRIMINALIDAD (infracciones penales cometidas en/por medio ciber);enero-junio 2025;126
46159 Manises;12.-Estafas informáticas;enero-junio 2025;110
46159 Manises;13.-Otros ciberdelitos;enero-junio 2025;16
46159 Manises;III. TOTAL INFRACCIONES PENALES;enero-junio 2025;691
46169 Mislata;I. CRIMINALIDAD CONVENCIONAL;enero-junio 2025;648
46169 Mislata;1. Homicidios dolosos y asesinatos consumados;enero-junio 2025;0
46169 Mislata;2. Homicidios dolosos y asesinatos en grado tentativa;enero-junio 2025;0
46169 Mislata;3. Delitos graves y menos graves de lesiones y riña tumultuaria;enero-junio 2025;9
46169 Mislata;4. Secuestro;enero-junio 2025;0
46169 Mislata;5. Delitos contra la libertad sexual;enero-junio 2025;8
46169 Mislata;5.1.-Agresión sexual con penetración;enero-junio 2025;2
46169 Mislata;5.2.-Resto de delitos contra la libertad sexual;enero-junio 2025;6
46169 Mislata;6. Robos con violencia e intimidación;enero-junio 2025;9
46169 Mislata;7. Robos con fuerza en domicilios, establecimientos y otras instalaciones;enero-junio 2025;47
46169 Mislata;7.1.-Robos con fuerza en domicilios;enero-junio 2025;36
46169 Mislata;8. Hurtos;enero-junio 2025;216
46169 Mislata;9. Sustracciones de vehículos;enero-junio 2025;8
46169 Mislata;10. Tráfico de drogas;enero-junio 2025;0
46169 Mislata;11. Resto de criminalidad convencional;enero-junio 2025;351
46169 Mislata;II. CIBERCRIMINALIDAD (infracciones penales cometidas en/por medio ciber);enero-junio 2025;272
46169 Mislata;12.-Estafas informáticas;enero-junio 2025;234
46169 Mislata;13.-Otros ciberdelitos;enero-junio 2025;38
46169 Mislata;III. TOTAL INFRACCIONES PENALES;enero-junio 2025;920
46171 Moncada;I. CRIMINALIDAD CONVENCIONAL;enero-junio 2025;329
46171 Moncada;1. Homicidios dolosos y asesinatos consumados;enero-junio 2025;0
46171 Moncada;2. Homicidios dolosos y asesinatos en grado tentativa;enero-junio 2025;0
46171 Moncada;3. Delitos graves y menos graves de lesiones y riña tumultuaria;enero-junio 2025;4
46171 Moncada;4. Secuestro;enero-junio 2025;0
46171 Moncada;5. Delitos contra la libertad sexual;enero-junio 2025;3
46171 Moncada;5.1.-Agresión sexual con penetración;enero-junio 2025;1
46171 Moncada;5.2.-Resto de delitos contra la libertad sexual;enero-junio 2025;2
46171 Moncada;6. Robos con violencia e intimidación;enero-junio 2025;7
46171 Moncada;7. Robos con fuerza en domicilios, establecimientos y otras instalaciones;enero-junio 2025;29
46171 Moncada;7.1.-Robos con fuerza en domicilios;enero-junio 2025;22
46171 Moncada;8. Hurtos;enero-junio 2025;94
46171 Moncada;9. Sustracciones de vehículos;enero-junio 2025;1
46171 Moncada;10. Tráfico de drogas;enero-junio 2025;2
46171 Moncada;11. Resto de criminalidad convencional;enero-junio 2025;189
46171 Moncada;II. CIBERCRIMINALIDAD (infracciones penales cometidas en/por medio ciber);enero-junio 2025;76
46171 Moncada;12.-Estafas informáticas;enero-junio 2025;64
46171 Moncada;13.-Otros ciberdelitos;enero-junio 2025;12
46171 Moncada;III. TOTAL INFRACCIONES PENALES;enero-junio 2025;405
46181 Oliva;I. CRIMINALIDAD CONVENCIONAL;enero-junio 2025;532
46181 Oliva;1. Homicidios dolosos y asesinatos consumados;enero-junio 2025;0
46181 Oliva;2. Homicidios dolosos y asesinatos en grado tentativa;enero-junio 2025;0
46181 Oliva;3. Delitos graves y menos graves de lesiones y riña tumultuaria;enero-junio 2025;9
46181 Oliva;4. Secuestro;enero-junio 2025;0
46181 Oliva;5. Delitos contra la libertad sexual;enero-junio 2025;2
46181 Oliva;5.1.-Agresión sexual con penetración;enero-junio 2025;1
46181 Oliva;5.2.-Resto de delitos contra la libertad sexual;enero-junio 2025;1
46181 Oliva;6. Robos con violencia e intimidación;enero-junio 2025;13
46181 Oliva;7. Robos con fuerza en domicilios, establecimientos y otras instalaciones;enero-junio 2025;58
46181 Oliva;7.1.-Robos con fuerza en domicilios;enero-junio 2025;54
46181 Oliva;8. Hurtos;enero-junio 2025;100
46181 Oliva;9. Sustracciones de vehículos;enero-junio 2025;6
46181 Oliva;10. Tráfico de drogas;enero-junio 2025;5
46181 Oliva;11. Resto de criminalidad convencional;enero-junio 2025;339
46181 Oliva;II. CIBERCRIMINALIDAD (infracciones penales cometidas en/por medio ciber);enero-junio 2025;114
46181 Oliva;12.-Estafas informáticas;enero-junio 2025;103
46181 Oliva;13.-Otros ciberdelitos;enero-junio 2025;11
46181 Oliva;III. TOTAL INFRACCIONES PENALES;enero-junio 2025;646
46184 Ontinyent;I. CRIMINALIDAD CONVENCIONAL;enero-junio 2025;357
46184 Ontinyent;1. Homicidios dolosos y asesinatos consumados;enero-junio 2025;0
46184 Ontinyent;2. Homicidios dolosos y asesinatos en grado tentativa;enero-junio 2025;0
46184 Ontinyent;3. Delitos graves y menos graves de lesiones y riña tumultuaria;enero-junio 2025;9
46184 Ontinyent;4. Secuestro;enero-junio 2025;0
46184 Ontinyent;5. Delitos contra la libertad sexual;enero-junio 2025;10
46184 Ontinyent;5.1.-Agresión sexual con penetración;enero-junio 2025;3
46184 Ontinyent;5.2.-Resto de delitos contra la libertad sexual;enero-junio 2025;7
46184 Ontinyent;6. Robos con violencia e intimidación;enero-junio 2025;3
46184 Ontinyent;7. Robos con fuerza en domicilios, establecimientos y otras instalaciones;enero-junio 2025;40
46184 Ontinyent;7.1.-Robos con fuerza en domicilios;enero-junio 2025;32
46184 Ontinyent;8. Hurtos;enero-junio 2025;64
46184 Ontinyent;9. Sustracciones de vehículos;enero-junio 2025;7
46184 Ontinyent;10. Tráfico de drogas;enero-junio 2025;4
46184 Ontinyent;11. Resto de criminalidad convencional;enero-junio 2025;220
46184 Ontinyent;II. CIBERCRIMINALIDAD (infracciones penales cometidas en/por medio ciber);enero-junio 2025;120
46184 Ontinyent;12.-Estafas informáticas;enero-junio 2025;111
46184 Ontinyent;13.-Otros ciberdelitos;enero-junio 2025;9
46184 Ontinyent;III. TOTAL INFRACCIONES PENALES;enero-junio 2025;477
46186 Paiporta;I. CRIMINALIDAD CONVENCIONAL;enero-junio 2025;316
46186 Paiporta;1. Homicidios dolosos y asesinatos consumados;enero-junio 2025;0
46186 Paiporta;2. Homicidios dolosos y asesinatos en grado tentativa;enero-junio 2025;0
46186 Paiporta;3. Delitos graves y menos graves de lesiones y riña tumultuaria;enero-junio 2025;2
46186 Paiporta;4. Secuestro;enero-junio 2025;0
46186 Paiporta;5. Delitos contra la libertad sexual;enero-junio 2025;6
46186 Paiporta;5.1.-Agresión sexual con penetración;enero-junio 2025;2
46186 Paiporta;5.2.-Resto de delitos contra la libertad sexual;enero-junio 2025;4
46186 Paiporta;6. Robos con violencia e intimidación;enero-junio 2025;4
46186 Paiporta;7. Robos con fuerza en domicilios, establecimientos y otras instalaciones;enero-junio 2025;12
46186 Paiporta;7.1.-Robos con fuerza en domicilios;enero-junio 2025;9
46186 Paiporta;8. Hurtos;enero-junio 2025;70
46186 Paiporta;9. Sustracciones de vehículos;enero-junio 2025;15
46186 Paiporta;10. Tráfico de drogas;enero-junio 2025;3
46186 Paiporta;11. Resto de criminalidad convencional;enero-junio 2025;204
46186 Paiporta;II. CIBERCRIMINALIDAD (infracciones penales cometidas en/por medio ciber);enero-junio 2025;183
46186 Paiporta;12.-Estafas informáticas;enero-junio 2025;161
46186 Paiporta;13.-Otros ciberdelitos;enero-junio 2025;22
46186 Paiporta;III. TOTAL INFRACCIONES PENALES;enero-junio 2025;499
46190 Paterna;I. CRIMINALIDAD CONVENCIONAL;enero-junio 2025;1.194
46190 Paterna;1. Homicidios dolosos y asesinatos consumados;enero-junio 2025;0
46190 Paterna;2. Homicidios dolosos y asesinatos en grado tentativa;enero-junio 2025;0
46190 Paterna;3. Delitos graves y menos graves de lesiones y riña tumultuaria;enero-junio 2025;7
46190 Paterna;4. Secuestro;enero-junio 2025;0
46190 Paterna;5. Delitos contra la libertad sexual;enero-junio 2025;14
46190 Paterna;5.1.-Agresión sexual con penetración;enero-junio 2025;2
46190 Paterna;5.2.-Resto de delitos contra la libertad sexual;enero-junio 2025;12
46190 Paterna;6. Robos con violencia e intimidación;enero-junio 2025;33
46190 Paterna;7. Robos con fuerza en domicilios, establecimientos y otras instalaciones;enero-junio 2025;91
46190 Paterna;7.1.-Robos con fuerza en domicilios;enero-junio 2025;82
46190 Paterna;8. Hurtos;enero-junio 2025;298
46190 Paterna;9. Sustracciones de vehículos;enero-junio 2025;27
46190 Paterna;10. Tráfico de drogas;enero-junio 2025;14
46190 Paterna;11. Resto de criminalidad convencional;enero-junio 2025;710
46190 Paterna;II. CIBERCRIMINALIDAD (infracciones penales cometidas en/por medio ciber);enero-junio 2025;443
46190 Paterna;12.-Estafas informáticas;enero-junio 2025;364
46190 Paterna;13.-Otros ciberdelitos;enero-junio 2025;79
46190 Paterna;III. TOTAL INFRACCIONES PENALES;enero-junio 2025;1.637
46194 Picassent;I. CRIMINALIDAD CONVENCIONAL;enero-junio 2025;404
46194 Picassent;1. Homicidios dolosos y asesinatos consumados;enero-junio 2025;0
46194 Picassent;2. Homicidios dolosos y asesinatos en grado tentativa;enero-junio 2025;1
46194 Picassent;3. Delitos graves y menos graves de lesiones y riña tumultuaria;enero-junio 2025;11
46194 Picassent;4. Secuestro;enero-junio 2025;0
46194 Picassent;5. Delitos contra la libertad sexual;enero-junio 2025;5
46194 Picassent;5.1.-Agresión sexual con penetración;enero-junio 2025;1
46194 Picassent;5.2.-Resto de delitos contra la libertad sexual;enero-junio 2025;4
46194 Picassent;6. Robos con violencia e intimidación;enero-junio 2025;10
46194 Picassent;7. Robos con fuerza en domicilios, establecimientos y otras instalaciones;enero-junio 2025;23
46194 Picassent;7.1.-Robos con fuerza en domicilios;enero-junio 2025;17
46194 Picassent;8. Hurtos;enero-junio 2025;95
46194 Picassent;9. Sustracciones de vehículos;enero-junio 2025;5
46194 Picassent;10. Tráfico de drogas;enero-junio 2025;17
46194 Picassent;11. Resto de criminalidad convencional;enero-junio 2025;237
46194 Picassent;II. CIBERCRIMINALIDAD (infracciones penales cometidas en/por medio ciber);enero-junio 2025;75
46194 Picassent;12.-Estafas informáticas;enero-junio 2025;52
46194 Picassent;13.-Otros ciberdelitos;enero-junio 2025;23
46194 Picassent;III. TOTAL INFRACCIONES PENALES;enero-junio 2025;479
46202 Pobla de Vallbona (la);I. CRIMINALIDAD CONVENCIONAL;enero-junio 2025;377
46202 Pobla de Vallbona (la);1. Homicidios dolosos y asesinatos consumados;enero-junio 2025;0
46202 Pobla de Vallbona (la);2. Homicidios dolosos y asesinatos en grado tentativa;enero-junio 2025;0
46202 Pobla de Vallbona (la);3. Delitos graves y menos graves de lesiones y riña tumultuaria;enero-junio 2025;9
46202 Pobla de Vallbona (la);4. Secuestro;enero-junio 2025;0
46202 Pobla de Vallbona (la);5. Delitos contra la libertad sexual;enero-junio 2025;5
46202 Pobla de Vallbona (la);5.1.-Agresión sexual con penetración;enero-junio 2025;4
46202 Pobla de Vallbona (la);5.2.-Resto de delitos contra la libertad sexual;enero-junio 2025;1
46202 Pobla de Vallbona (la);6. Robos con violencia e intimidación;enero-junio 2025;4
46202 Pobla de Vallbona (la);7. Robos con fuerza en domicilios, establecimientos y otras instalaciones;enero-junio 2025;32
46202 Pobla de Vallbona (la);7.1.-Robos con fuerza en domicilios;enero-junio 2025;24
46202 Pobla de Vallbona (la);8. Hurtos;enero-junio 2025;79
46202 Pobla de Vallbona (la);9. Sustracciones de vehículos;enero-junio 2025;2
46202 Pobla de Vallbona (la);10. Tráfico de drogas;enero-junio 2025;2
46202 Pobla de Vallbona (la);11. Resto de criminalidad convencional;enero-junio 2025;244
46202 Pobla de Vallbona (la);II. CIBERCRIMINALIDAD (infracciones penales cometidas en/por medio ciber);enero-junio 2025;214
46202 Pobla de Vallbona (la);12.-Estafas informáticas;enero-junio 2025;190
46202 Pobla de Vallbona (la);13.-Otros ciberdelitos;enero-junio 2025;24
46202 Pobla de Vallbona (la);III. TOTAL INFRACCIONES PENALES;enero-junio 2025;591
46205 Puçol;I. CRIMINALIDAD CONVENCIONAL;enero-junio 2025;283
46205 Puçol;1. Homicidios dolosos y asesinatos consumados;enero-junio 2025;0
46205 Puçol;2. Homicidios dolosos y asesinatos en grado tentativa;enero-junio 2025;0
46205 Puçol;3. Delitos graves y menos graves de lesiones y riña tumultuaria;enero-junio 2025;6
46205 Puçol;4. Secuestro;enero-junio 2025;0
46205 Puçol;5. Delitos contra la libertad sexual;enero-junio 2025;3
46205 Puçol;5.1.-Agresión sexual con penetración;enero-junio 2025;1
46205 Puçol;5.2.-Resto de delitos contra la libertad sexual;enero-junio 2025;2
46205 Puçol;6. Robos con violencia e intimidación;enero-junio 2025;3
46205 Puçol;7. Robos con fuerza en domicilios, establecimientos y otras instalaciones;enero-junio 2025;14
46205 Puçol;7.1.-Robos con fuerza en domicilios;enero-junio 2025;9
46205 Puçol;8. Hurtos;enero-junio 2025;57
46205 Puçol;9. Sustracciones de vehículos;enero-junio 2025;1
46205 Puçol;10. Tráfico de drogas;enero-junio 2025;1
46205 Puçol;11. Resto de criminalidad convencional;enero-junio 2025;198
46205 Puçol;II. CIBERCRIMINALIDAD (infracciones penales cometidas en/por medio ciber);enero-junio 2025;34
46205 Puçol;12.-Estafas informáticas;enero-junio 2025;30
46205 Puçol;13.-Otros ciberdelitos;enero-junio 2025;4
46205 Puçol;III. TOTAL INFRACCIONES PENALES;enero-junio 2025;317
46102 Quart de Poblet;I. CRIMINALIDAD CONVENCIONAL;enero-junio 2025;448
46102 Quart de Poblet;1. Homicidios dolosos y asesinatos consumados;enero-junio 2025;0
46102 Quart de Poblet;2. Homicidios dolosos y asesinatos en grado tentativa;enero-junio 2025;0
46102 Quart de Poblet;3. Delitos graves y menos graves de lesiones y riña tumultuaria;enero-junio 2025;4
46102 Quart de Poblet;4. Secuestro;enero-junio 2025;0
46102 Quart de Poblet;5. Delitos contra la libertad sexual;enero-junio 2025;6
46102 Quart de Poblet;5.1.-Agresión sexual con penetración;enero-junio 2025;0
46102 Quart de Poblet;5.2.-Resto de delitos contra la libertad sexual;enero-junio 2025;6
46102 Quart de Poblet;6. Robos con violencia e intimidación;enero-junio 2025;8
46102 Quart de Poblet;7. Robos con fuerza en domicilios, establecimientos y otras instalaciones;enero-junio 2025;28
46102 Quart de Poblet;7.1.-Robos con fuerza en domicilios;enero-junio 2025;14
46102 Quart de Poblet;8. Hurtos;enero-junio 2025;129
46102 Quart de Poblet;9. Sustracciones de vehículos;enero-junio 2025;13
46102 Quart de Poblet;10. Tráfico de drogas;enero-junio 2025;0
46102 Quart de Poblet;11. Resto de criminalidad convencional;enero-junio 2025;260
46102 Quart de Poblet;II. CIBERCRIMINALIDAD (infracciones penales cometidas en/por medio ciber);enero-junio 2025;147
46102 Quart de Poblet;12.-Estafas informáticas;enero-junio 2025;131
46102 Quart de Poblet;13.-Otros ciberdelitos;enero-junio 2025;16
46102 Quart de Poblet;III. TOTAL INFRACCIONES PENALES;enero-junio 2025;595
46213 Requena;I. CRIMINALIDAD CONVENCIONAL;enero-junio 2025;386
46213 Requena;1. Homicidios dolosos y asesinatos consumados;enero-junio 2025;0
46213 Requena;2. Homicidios dolosos y asesinatos en grado tentativa;enero-junio 2025;0
46213 Requena;3. Delitos graves y menos graves de lesiones y riña tumultuaria;enero-junio 2025;5
46213 Requena;4. Secuestro;enero-junio 2025;0
46213 Requena;5. Delitos contra la libertad sexual;enero-junio 2025;4
46213 Requena;5.1.-Agresión sexual con penetración;enero-junio 2025;1
46213 Requena;5.2.-Resto de delitos contra la libertad sexual;enero-junio 2025;3
46213 Requena;6. Robos con violencia e intimidación;enero-junio 2025;4
46213 Requena;7. Robos con fuerza en domicilios, establecimientos y otras instalaciones;enero-junio 2025;26
46213 Requena;7.1.-Robos con fuerza en domicilios;enero-junio 2025;24
46213 Requena;8. Hurtos;enero-junio 2025;75
46213 Requena;9. Sustracciones de vehículos;enero-junio 2025;4
46213 Requena;10. Tráfico de drogas;enero-junio 2025;7
46213 Requena;11. Resto de criminalidad convencional;enero-junio 2025;261
46213 Requena;II. CIBERCRIMINALIDAD (infracciones penales cometidas en/por medio ciber);enero-junio 2025;94
46213 Requena;12.-Estafas informáticas;enero-junio 2025;89
46213 Requena;13.-Otros ciberdelitos;enero-junio 2025;5
46213 Requena;III. TOTAL INFRACCIONES PENALES;enero-junio 2025;480
46214 Riba-roja de Túria;I. CRIMINALIDAD CONVENCIONAL;enero-junio 2025;594
46214 Riba-roja de Túria;1. Homicidios dolosos y asesinatos consumados;enero-junio 2025;0
46214 Riba-roja de Túria;2. Homicidios dolosos y asesinatos en grado tentativa;enero-junio 2025;0
46214 Riba-roja de Túria;3. Delitos graves y menos graves de lesiones y riña tumultuaria;enero-junio 2025;24
46214 Riba-roja de Túria;4. Secuestro;enero-junio 2025;0
46214 Riba-roja de Túria;5. Delitos contra la libertad sexual;enero-junio 2025;3
46214 Riba-roja de Túria;5.1.-Agresión sexual con penetración;enero-junio 2025;1
46214 Riba-roja de Túria;5.2.-Resto de delitos contra la libertad sexual;enero-junio 2025;2
46214 Riba-roja de Túria;6. Robos con violencia e intimidación;enero-junio 2025;7
46214 Riba-roja de Túria;7. Robos con fuerza en domicilios, establecimientos y otras instalaciones;enero-junio 2025;27
46214 Riba-roja de Túria;7.1.-Robos con fuerza en domicilios;enero-junio 2025;20
46214 Riba-roja de Túria;8. Hurtos;enero-junio 2025;154
46214 Riba-roja de Túria;9. Sustracciones de vehículos;enero-junio 2025;24
46214 Riba-roja de Túria;10. Tráfico de drogas;enero-junio 2025;5
46214 Riba-roja de Túria;11. Resto de criminalidad convencional;enero-junio 2025;350
46214 Riba-roja de Túria;II. CIBERCRIMINALIDAD (infracciones penales cometidas en/por medio ciber);enero-junio 2025;191
46214 Riba-roja de Túria;12.-Estafas informáticas;enero-junio 2025;160
46214 Riba-roja de Túria;13.-Otros ciberdelitos;enero-junio 2025;31
46214 Riba-roja de Túria;III. TOTAL INFRACCIONES PENALES;enero-junio 2025;785
46220 Sagunto/Sagunt;I. CRIMINALIDAD CONVENCIONAL;enero-junio 2025;1.444
46220 Sagunto/Sagunt;1. Homicidios dolosos y asesinatos consumados;enero-junio 2025;1
46220 Sagunto/Sagunt;2. Homicidios dolosos y asesinatos en grado tentativa;enero-junio 2025;2
46220 Sagunto/Sagunt;3. Delitos graves y menos graves de lesiones y riña tumultuaria;enero-junio 2025;26
46220 Sagunto/Sagunt;4. Secuestro;enero-junio 2025;0
46220 Sagunto/Sagunt;5. Delitos contra la libertad sexual;enero-junio 2025;22
46220 Sagunto/Sagunt;5.1.-Agresión sexual con penetración;enero-junio 2025;1
46220 Sagunto/Sagunt;5.2.-Resto de delitos contra la libertad sexual;enero-junio 2025;21
46220 Sagunto/Sagunt;6. Robos con violencia e intimidación;enero-junio 2025;22
46220 Sagunto/Sagunt;7. Robos con fuerza en domicilios, establecimientos y otras instalaciones;enero-junio 2025;88
46220 Sagunto/Sagunt;7.1.-Robos con fuerza en domicilios;enero-junio 2025;75
46220 Sagunto/Sagunt;8. Hurtos;enero-junio 2025;368
46220 Sagunto/Sagunt;9. Sustracciones de vehículos;enero-junio 2025;22
46220 Sagunto/Sagunt;10. Tráfico de drogas;enero-junio 2025;14
46220 Sagunto/Sagunt;11. Resto de criminalidad convencional;enero-junio 2025;879
46220 Sagunto/Sagunt;II. CIBERCRIMINALIDAD (infracciones penales cometidas en/por medio ciber);enero-junio 2025;299
46220 Sagunto/Sagunt;12.-Estafas informáticas;enero-junio 2025;258
46220 Sagunto/Sagunt;13.-Otros ciberdelitos;enero-junio 2025;41
46220 Sagunto/Sagunt;III. TOTAL INFRACCIONES PENALES;enero-junio 2025;1.743
46230 Silla;I. CRIMINALIDAD CONVENCIONAL;enero-junio 2025;392
46230 Silla;1. Homicidios dolosos y asesinatos consumados;enero-junio 2025;0
46230 Silla;2. Homicidios dolosos y asesinatos en grado tentativa;enero-junio 2025;0
46230 Silla;3. Delitos graves y menos graves de lesiones y riña tumultuaria;enero-junio 2025;7
46230 Silla;4. Secuestro;enero-junio 2025;0
46230 Silla;5. Delitos contra la libertad sexual;enero-junio 2025;1
46230 Silla;5.1.-Agresión sexual con penetración;enero-junio 2025;0
46230 Silla;5.2.-Resto de delitos contra la libertad sexual;enero-junio 2025;1
46230 Silla;6. Robos con violencia e intimidación;enero-junio 2025;5
46230 Silla;7. Robos con fuerza en domicilios, establecimientos y otras instalaciones;enero-junio 2025;23
46230 Silla;7.1.-Robos con fuerza en domicilios;enero-junio 2025;19
46230 Silla;8. Hurtos;enero-junio 2025;77
46230 Silla;9. Sustracciones de vehículos;enero-junio 2025;3
46230 Silla;10. Tráfico de drogas;enero-junio 2025;5
46230 Silla;11. Resto de criminalidad convencional;enero-junio 2025;271
46230 Silla;II. CIBERCRIMINALIDAD (infracciones penales cometidas en/por medio ciber);enero-junio 2025;77
46230 Silla;12.-Estafas informáticas;enero-junio 2025;67
46230 Silla;13.-Otros ciberdelitos;enero-junio 2025;10
46230 Silla;III. TOTAL INFRACCIONES PENALES;enero-junio 2025;469
46235 Sueca;I. CRIMINALIDAD CONVENCIONAL;enero-junio 2025;680
46235 Sueca;1. Homicidios dolosos y asesinatos consumados;enero-junio 2025;0
46235 Sueca;2. Homicidios dolosos y asesinatos en grado tentativa;enero-junio 2025;0
46235 Sueca;3. Delitos graves y menos graves de lesiones y riña tumultuaria;enero-junio 2025;13
46235 Sueca;4. Secuestro;enero-junio 2025;0
46235 Sueca;5. Delitos contra la libertad sexual;enero-junio 2025;3
46235 Sueca;5.1.-Agresión sexual con penetración;enero-junio 2025;0
46235 Sueca;5.2.-Resto de delitos contra la libertad sexual;enero-junio 2025;3
46235 Sueca;6. Robos con violencia e intimidación;enero-junio 2025;16
46235 Sueca;7. Robos con fuerza en domicilios, establecimientos y otras instalaciones;enero-junio 2025;69
46235 Sueca;7.1.-Robos con fuerza en domicilios;enero-junio 2025;48
46235 Sueca;8. Hurtos;enero-junio 2025;159
46235 Sueca;9. Sustracciones de vehículos;enero-junio 2025;5
46235 Sueca;10. Tráfico de drogas;enero-junio 2025;5
46235 Sueca;11. Resto de criminalidad convencional;enero-junio 2025;410
46235 Sueca;II. CIBERCRIMINALIDAD (infracciones penales cometidas en/por medio ciber);enero-junio 2025;155
46235 Sueca;12.-Estafas informáticas;enero-junio 2025;136
46235 Sueca;13.-Otros ciberdelitos;enero-junio 2025;19
46235 Sueca;III. TOTAL INFRACCIONES PENALES;enero-junio 2025;835
46244 Torrent;I. CRIMINALIDAD CONVENCIONAL;enero-junio 2025;1.467
46244 Torrent;1. Homicidios dolosos y asesinatos consumados;enero-junio 2025;0
46244 Torrent;2. Homicidios dolosos y asesinatos en grado tentativa;enero-junio 2025;1
46244 Torrent;3. Delitos graves y menos graves de lesiones y riña tumultuaria;enero-junio 2025;13
46244 Torrent;4. Secuestro;enero-junio 2025;0
46244 Torrent;5. Delitos contra la libertad sexual;enero-junio 2025;11
46244 Torrent;5.1.-Agresión sexual con penetración;enero-junio 2025;6
46244 Torrent;5.2.-Resto de delitos contra la libertad sexual;enero-junio 2025;5
46244 Torrent;6. Robos con violencia e intimidación;enero-junio 2025;28
46244 Torrent;7. Robos con fuerza en domicilios, establecimientos y otras instalaciones;enero-junio 2025;131
46244 Torrent;7.1.-Robos con fuerza en domicilios;enero-junio 2025;101
46244 Torrent;8. Hurtos;enero-junio 2025;370
46244 Torrent;9. Sustracciones de vehículos;enero-junio 2025;14
46244 Torrent;10. Tráfico de drogas;enero-junio 2025;13
46244 Torrent;11. Resto de criminalidad convencional;enero-junio 2025;886
46244 Torrent;II. CIBERCRIMINALIDAD (infracciones penales cometidas en/por medio ciber);enero-junio 2025;468
46244 Torrent;12.-Estafas informáticas;enero-junio 2025;395
46244 Torrent;13.-Otros ciberdelitos;enero-junio 2025;73
46244 Torrent;III. TOTAL INFRACCIONES PENALES;enero-junio 2025;1.935
46250 Valencia;I. CRIMINALIDAD CONVENCIONAL;enero-junio 2025;25.824
46250 Valencia;1. Homicidios dolosos y asesinatos consumados;enero-junio 2025;4
46250 Valencia;2. Homicidios dolosos y asesinatos en grado tentativa;enero-junio 2025;17
46250 Valencia;3. Delitos graves y menos graves de lesiones y riña tumultuaria;enero-junio 2025;346
46250 Valencia;4. Secuestro;enero-junio 2025;0
46250 Valencia;5. Delitos contra la libertad sexual;enero-junio 2025;246
46250 Valencia;5.1.-Agresión sexual con penetración;enero-junio 2025;55
46250 Valencia;5.2.-Resto de delitos contra la libertad sexual;enero-junio 2025;191
46250 Valencia;6. Robos con violencia e intimidación;enero-junio 2025;1.032
46250 Valencia;7. Robos con fuerza en domicilios, establecimientos y otras instalaciones;enero-junio 2025;861
46250 Valencia;7.1.-Robos con fuerza en domicilios;enero-junio 2025;668
46250 Valencia;8. Hurtos;enero-junio 2025;11.537
46250 Valencia;9. Sustracciones de vehículos;enero-junio 2025;353
46250 Valencia;10. Tráfico de drogas;enero-junio 2025;382
46250 Valencia;11. Resto de criminalidad convencional;enero-junio 2025;11.046
46250 Valencia;II. CIBERCRIMINALIDAD (infracciones penales cometidas en/por medio ciber);enero-junio 2025;5.108
46250 Valencia;12.-Estafas informáticas;enero-junio 2025;4.513
46250 Valencia;13.-Otros ciberdelitos;enero-junio 2025;595
46250 Valencia;III. TOTAL INFRACCIONES PENALES;enero-junio 2025;30.932
46145 Xàtiva;I. CRIMINALIDAD CONVENCIONAL;enero-junio 2025;582
46145 Xàtiva;1. Homicidios dolosos y asesinatos consumados;enero-junio 2025;0
46145 Xàtiva;2. Homicidios dolosos y asesinatos en grado tentativa;enero-junio 2025;0
46145 Xàtiva;3. Delitos graves y menos graves de lesiones y riña tumultuaria;enero-junio 2025;9
46145 Xàtiva;4. Secuestro;enero-junio 2025;0
46145 Xàtiva;5. Delitos contra la libertad sexual;enero-junio 2025;3
46145 Xàtiva;5.1.-Agresión sexual con penetración;enero-junio 2025;0
46145 Xàtiva;5.2.-Resto de delitos contra la libertad sexual;enero-junio 2025;3
46145 Xàtiva;6. Robos con violencia e intimidación;enero-junio 2025;11
46145 Xàtiva;7. Robos con fuerza en domicilios, establecimientos y otras instalaciones;enero-junio 2025;47
46145 Xàtiva;7.1.-Robos con fuerza en domicilios;enero-junio 2025;37
46145 Xàtiva;8. Hurtos;enero-junio 2025;162
46145 Xàtiva;9. Sustracciones de vehículos;enero-junio 2025;3
46145 Xàtiva;10. Tráfico de drogas;enero-junio 2025;3
46145 Xàtiva;11. Resto de criminalidad convencional;enero-junio 2025;344
46145 Xàtiva;II. CIBERCRIMINALIDAD (infracciones penales cometidas en/por medio ciber);enero-junio 2025;105
46145 Xàtiva;12.-Estafas informáticas;enero-junio 2025;92
46145 Xàtiva;13.-Otros ciberdelitos;enero-junio 2025;13
46145 Xàtiva;III. TOTAL INFRACCIONES PENALES;enero-junio 2025;687
46110 Xirivella;I. CRIMINALIDAD CONVENCIONAL;enero-junio 2025;540
46110 Xirivella;1. Homicidios dolosos y asesinatos consumados;enero-junio 2025;0
46110 Xirivella;2. Homicidios dolosos y asesinatos en grado tentativa;enero-junio 2025;0
46110 Xirivella;3. Delitos graves y menos graves de lesiones y riña tumultuaria;enero-junio 2025;12
46110 Xirivella;4. Secuestro;enero-junio 2025;0
46110 Xirivella;5. Delitos contra la libertad sexual;enero-junio 2025;8
46110 Xirivella;5.1.-Agresión sexual con penetración;enero-junio 2025;0
46110 Xirivella;5.2.-Resto de delitos contra la libertad sexual;enero-junio 2025;8
46110 Xirivella;6. Robos con violencia e intimidación;enero-junio 2025;15
46110 Xirivella;7. Robos con fuerza en domicilios, establecimientos y otras instalaciones;enero-junio 2025;26
46110 Xirivella;7.1.-Robos con fuerza en domicilios;enero-junio 2025;20
46110 Xirivella;8. Hurtos;enero-junio 2025;177
46110 Xirivella;9. Sustracciones de vehículos;enero-junio 2025;6
46110 Xirivella;10. Tráfico de drogas;enero-junio 2025;7
46110 Xirivella;11. Resto de criminalidad convencional;enero-junio 2025;289
46110 Xirivella;II. CIBERCRIMINALIDAD (infracciones penales cometidas en/por medio ciber);enero-junio 2025;163
46110 Xirivella;12.-Estafas informáticas;enero-junio 2025;138
46110 Xirivella;13.-Otros ciberdelitos;enero-junio 2025;25
46110 Xirivella;III. TOTAL INFRACCIONES PENALES;enero-junio 2025;703
