Geografía;Tipología penal;Periodos:;Total
Provincia de ALICANTE/ALACANT;I. CRIMINALIDAD CONVENCIONAL;enero-junio 2024;42.113
Provincia de ALICANTE/ALACANT;1. Homicidios dolosos y asesinatos consumados;enero-junio 2024;7
Provincia de ALICANTE/ALACANT;2. Homicidios dolosos y asesinatos en grado tentativa;enero-junio 2024;31
Provincia de ALICANTE/ALACANT;3. Delitos graves y menos graves de lesiones y riña tumultuaria;enero-junio 2024;672
Provincia de ALICANTE/ALACANT;4. Secuestro;enero-junio 2024;2
Provincia de ALICANTE/ALACANT;5. Delitos contra la libertad sexual;enero-junio 2024;498
Provincia de ALICANTE/ALACANT;5.1.-Agresión sexual con penetración;enero-junio 2024;117
Provincia de ALICANTE/ALACANT;5.2.-Resto de delitos contra la libertad sexual;enero-junio 2024;381
Provincia de ALICANTE/ALACANT;6. Robos con violencia e intimidación;enero-junio 2024;1.010
Provincia de ALICANTE/ALACANT;7. Robos con fuerza en domicilios, establecimientos y otras instalaciones;enero-junio 2024;3.395
Provincia de ALICANTE/ALACANT;7.1.-Robos con fuerza en domicilios;enero-junio 2024;2.668
Provincia de ALICANTE/ALACANT;8. Hurtos;enero-junio 2024;12.485
Provincia de ALICANTE/ALACANT;9. Sustracciones de vehículos;enero-junio 2024;705
Provincia de ALICANTE/ALACANT;10. Tráfico de drogas;enero-junio 2024;587
Provincia de ALICANTE/ALACANT;11. Resto de criminalidad convencional;enero-junio 2024;22.721
Provincia de ALICANTE/ALACANT;II. CIBERCRIMINALIDAD (infracciones penales cometidas en/por medio ciber);enero-junio 2024;8.841
Provincia de ALICANTE/ALACANT;12.-Estafas informáticas;enero-junio 2024;7.686
Provincia de ALICANTE/ALACANT;13.-Otros ciberdelitos;enero-junio 2024;1.155
Provincia de ALICANTE/ALACANT;III. TOTAL INFRACCIONES PENALES;enero-junio 2024;50.954
03009 Alcoy/Alcoi;I. CRIMINALIDAD CONVENCIONAL;enero-junio 2024;892
03009 Alcoy/Alcoi;1. Homicidios dolosos y asesinatos consumados;enero-junio 2024;0
03009 Alcoy/Alcoi;2. Homicidios dolosos y asesinatos en grado tentativa;enero-junio 2024;0
03009 Alcoy/Alcoi;3. Delitos graves y menos graves de lesiones y riña tumultuaria;enero-junio 2024;10
03009 Alcoy/Alcoi;4. Secuestro;enero-junio 2024;0
03009 Alcoy/Alcoi;5. Delitos contra la libertad sexual;enero-junio 2024;10
03009 Alcoy/Alcoi;5.1.-Agresión sexual con penetración;enero-junio 2024;5
03009 Alcoy/Alcoi;5.2.-Resto de delitos contra la libertad sexual;enero-junio 2024;5
03009 Alcoy/Alcoi;6. Robos con violencia e intimidación;enero-junio 2024;30
03009 Alcoy/Alcoi;7. Robos con fuerza en domicilios, establecimientos y otras instalaciones;enero-junio 2024;66
03009 Alcoy/Alcoi;7.1.-Robos con fuerza en domicilios;enero-junio 2024;39
03009 Alcoy/Alcoi;8. Hurtos;enero-junio 2024;241
03009 Alcoy/Alcoi;9. Sustracciones de vehículos;enero-junio 2024;11
03009 Alcoy/Alcoi;10. Tráfico de drogas;enero-junio 2024;4
03009 Alcoy/Alcoi;11. Resto de criminalidad convencional;enero-junio 2024;520
03009 Alcoy/Alcoi;II. CIBERCRIMINALIDAD (infracciones penales cometidas en/por medio ciber);enero-junio 2024;325
03009 Alcoy/Alcoi;12.-Estafas informáticas;enero-junio 2024;299
03009 Alcoy/Alcoi;13.-Otros ciberdelitos;enero-junio 2024;26
03009 Alcoy/Alcoi;III. TOTAL INFRACCIONES PENALES;enero-junio 2024;1.217
03011 L'Alfàs del Pi;I. CRIMINALIDAD CONVENCIONAL;enero-junio 2024;505
03011 L'Alfàs del Pi;1. Homicidios dolosos y asesinatos consumados;enero-junio 2024;1
03011 L'Alfàs del Pi;2. Homicidios dolosos y asesinatos en grado tentativa;enero-junio 2024;0
03011 L'Alfàs del Pi;3. Delitos graves y menos graves de lesiones y riña tumultuaria;enero-junio 2024;1
03011 L'Alfàs del Pi;4. Secuestro;enero-junio 2024;0
03011 L'Alfàs del Pi;5. Delitos contra la libertad sexual;enero-junio 2024;5
03011 L'Alfàs del Pi;5.1.-Agresión sexual con penetración;enero-junio 2024;2
03011 L'Alfàs del Pi;5.2.-Resto de delitos contra la libertad sexual;enero-junio 2024;3
03011 L'Alfàs del Pi;6. Robos con violencia e intimidación;enero-junio 2024;8
03011 L'Alfàs del Pi;7. Robos con fuerza en domicilios, establecimientos y otras instalaciones;enero-junio 2024;65
03011 L'Alfàs del Pi;7.1.-Robos con fuerza en domicilios;enero-junio 2024;50
03011 L'Alfàs del Pi;8. Hurtos;enero-junio 2024;169
03011 L'Alfàs del Pi;9. Sustracciones de vehículos;enero-junio 2024;10
03011 L'Alfàs del Pi;10. Tráfico de drogas;enero-junio 2024;5
03011 L'Alfàs del Pi;11. Resto de criminalidad convencional;enero-junio 2024;241
03011 L'Alfàs del Pi;II. CIBERCRIMINALIDAD (infracciones penales cometidas en/por medio ciber);enero-junio 2024;82
03011 L'Alfàs del Pi;12.-Estafas informáticas;enero-junio 2024;76
03011 L'Alfàs del Pi;13.-Otros ciberdelitos;enero-junio 2024;6
03011 L'Alfàs del Pi;III. TOTAL INFRACCIONES PENALES;enero-junio 2024;587
03014 Alicante/Alacant;I. CRIMINALIDAD CONVENCIONAL;enero-junio 2024;9.874
03014 Alicante/Alacant;1. Homicidios dolosos y asesinatos consumados;enero-junio 2024;1
03014 Alicante/Alacant;2. Homicidios dolosos y asesinatos en grado tentativa;enero-junio 2024;8
03014 Alicante/Alacant;3. Delitos graves y menos graves de lesiones y riña tumultuaria;enero-junio 2024;134
03014 Alicante/Alacant;4. Secuestro;enero-junio 2024;1
03014 Alicante/Alacant;5. Delitos contra la libertad sexual;enero-junio 2024;114
03014 Alicante/Alacant;5.1.-Agresión sexual con penetración;enero-junio 2024;28
03014 Alicante/Alacant;5.2.-Resto de delitos contra la libertad sexual;enero-junio 2024;86
03014 Alicante/Alacant;6. Robos con violencia e intimidación;enero-junio 2024;377
03014 Alicante/Alacant;7. Robos con fuerza en domicilios, establecimientos y otras instalaciones;enero-junio 2024;361
03014 Alicante/Alacant;7.1.-Robos con fuerza en domicilios;enero-junio 2024;286
03014 Alicante/Alacant;8. Hurtos;enero-junio 2024;3.461
03014 Alicante/Alacant;9. Sustracciones de vehículos;enero-junio 2024;169
03014 Alicante/Alacant;10. Tráfico de drogas;enero-junio 2024;172
03014 Alicante/Alacant;11. Resto de criminalidad convencional;enero-junio 2024;5.076
03014 Alicante/Alacant;II. CIBERCRIMINALIDAD (infracciones penales cometidas en/por medio ciber);enero-junio 2024;1.973
03014 Alicante/Alacant;12.-Estafas informáticas;enero-junio 2024;1.649
03014 Alicante/Alacant;13.-Otros ciberdelitos;enero-junio 2024;324
03014 Alicante/Alacant;III. TOTAL INFRACCIONES PENALES;enero-junio 2024;11.847
03015 Almoradí;I. CRIMINALIDAD CONVENCIONAL;enero-junio 2024;375
03015 Almoradí;1. Homicidios dolosos y asesinatos consumados;enero-junio 2024;0
03015 Almoradí;2. Homicidios dolosos y asesinatos en grado tentativa;enero-junio 2024;1
03015 Almoradí;3. Delitos graves y menos graves de lesiones y riña tumultuaria;enero-junio 2024;7
03015 Almoradí;4. Secuestro;enero-junio 2024;0
03015 Almoradí;5. Delitos contra la libertad sexual;enero-junio 2024;7
03015 Almoradí;5.1.-Agresión sexual con penetración;enero-junio 2024;3
03015 Almoradí;5.2.-Resto de delitos contra la libertad sexual;enero-junio 2024;4
03015 Almoradí;6. Robos con violencia e intimidación;enero-junio 2024;3
03015 Almoradí;7. Robos con fuerza en domicilios, establecimientos y otras instalaciones;enero-junio 2024;30
03015 Almoradí;7.1.-Robos con fuerza en domicilios;enero-junio 2024;28
03015 Almoradí;8. Hurtos;enero-junio 2024;87
03015 Almoradí;9. Sustracciones de vehículos;enero-junio 2024;5
03015 Almoradí;10. Tráfico de drogas;enero-junio 2024;4
03015 Almoradí;11. Resto de criminalidad convencional;enero-junio 2024;231
03015 Almoradí;II. CIBERCRIMINALIDAD (infracciones penales cometidas en/por medio ciber);enero-junio 2024;90
03015 Almoradí;12.-Estafas informáticas;enero-junio 2024;73
03015 Almoradí;13.-Otros ciberdelitos;enero-junio 2024;17
03015 Almoradí;III. TOTAL INFRACCIONES PENALES;enero-junio 2024;465
03018 Altea;I. CRIMINALIDAD CONVENCIONAL;enero-junio 2024;567
03018 Altea;1. Homicidios dolosos y asesinatos consumados;enero-junio 2024;0
03018 Altea;2. Homicidios dolosos y asesinatos en grado tentativa;enero-junio 2024;1
03018 Altea;3. Delitos graves y menos graves de lesiones y riña tumultuaria;enero-junio 2024;8
03018 Altea;4. Secuestro;enero-junio 2024;0
03018 Altea;5. Delitos contra la libertad sexual;enero-junio 2024;1
03018 Altea;5.1.-Agresión sexual con penetración;enero-junio 2024;0
03018 Altea;5.2.-Resto de delitos contra la libertad sexual;enero-junio 2024;1
03018 Altea;6. Robos con violencia e intimidación;enero-junio 2024;9
03018 Altea;7. Robos con fuerza en domicilios, establecimientos y otras instalaciones;enero-junio 2024;70
03018 Altea;7.1.-Robos con fuerza en domicilios;enero-junio 2024;63
03018 Altea;8. Hurtos;enero-junio 2024;125
03018 Altea;9. Sustracciones de vehículos;enero-junio 2024;13
03018 Altea;10. Tráfico de drogas;enero-junio 2024;7
03018 Altea;11. Resto de criminalidad convencional;enero-junio 2024;333
03018 Altea;II. CIBERCRIMINALIDAD (infracciones penales cometidas en/por medio ciber);enero-junio 2024;103
03018 Altea;12.-Estafas informáticas;enero-junio 2024;92
03018 Altea;13.-Otros ciberdelitos;enero-junio 2024;11
03018 Altea;III. TOTAL INFRACCIONES PENALES;enero-junio 2024;670
03019 Aspe;I. CRIMINALIDAD CONVENCIONAL;enero-junio 2024;342
03019 Aspe;1. Homicidios dolosos y asesinatos consumados;enero-junio 2024;0
03019 Aspe;2. Homicidios dolosos y asesinatos en grado tentativa;enero-junio 2024;0
03019 Aspe;3. Delitos graves y menos graves de lesiones y riña tumultuaria;enero-junio 2024;7
03019 Aspe;4. Secuestro;enero-junio 2024;0
03019 Aspe;5. Delitos contra la libertad sexual;enero-junio 2024;4
03019 Aspe;5.1.-Agresión sexual con penetración;enero-junio 2024;2
03019 Aspe;5.2.-Resto de delitos contra la libertad sexual;enero-junio 2024;2
03019 Aspe;6. Robos con violencia e intimidación;enero-junio 2024;5
03019 Aspe;7. Robos con fuerza en domicilios, establecimientos y otras instalaciones;enero-junio 2024;29
03019 Aspe;7.1.-Robos con fuerza en domicilios;enero-junio 2024;25
03019 Aspe;8. Hurtos;enero-junio 2024;68
03019 Aspe;9. Sustracciones de vehículos;enero-junio 2024;2
03019 Aspe;10. Tráfico de drogas;enero-junio 2024;7
03019 Aspe;11. Resto de criminalidad convencional;enero-junio 2024;220
03019 Aspe;II. CIBERCRIMINALIDAD (infracciones penales cometidas en/por medio ciber);enero-junio 2024;75
03019 Aspe;12.-Estafas informáticas;enero-junio 2024;58
03019 Aspe;13.-Otros ciberdelitos;enero-junio 2024;17
03019 Aspe;III. TOTAL INFRACCIONES PENALES;enero-junio 2024;417
03031 Benidorm;I. CRIMINALIDAD CONVENCIONAL;enero-junio 2024;2.362
03031 Benidorm;1. Homicidios dolosos y asesinatos consumados;enero-junio 2024;0
03031 Benidorm;2. Homicidios dolosos y asesinatos en grado tentativa;enero-junio 2024;2
03031 Benidorm;3. Delitos graves y menos graves de lesiones y riña tumultuaria;enero-junio 2024;73
03031 Benidorm;4. Secuestro;enero-junio 2024;0
03031 Benidorm;5. Delitos contra la libertad sexual;enero-junio 2024;24
03031 Benidorm;5.1.-Agresión sexual con penetración;enero-junio 2024;7
03031 Benidorm;5.2.-Resto de delitos contra la libertad sexual;enero-junio 2024;17
03031 Benidorm;6. Robos con violencia e intimidación;enero-junio 2024;67
03031 Benidorm;7. Robos con fuerza en domicilios, establecimientos y otras instalaciones;enero-junio 2024;80
03031 Benidorm;7.1.-Robos con fuerza en domicilios;enero-junio 2024;49
03031 Benidorm;8. Hurtos;enero-junio 2024;885
03031 Benidorm;9. Sustracciones de vehículos;enero-junio 2024;21
03031 Benidorm;10. Tráfico de drogas;enero-junio 2024;95
03031 Benidorm;11. Resto de criminalidad convencional;enero-junio 2024;1.115
03031 Benidorm;II. CIBERCRIMINALIDAD (infracciones penales cometidas en/por medio ciber);enero-junio 2024;388
03031 Benidorm;12.-Estafas informáticas;enero-junio 2024;356
03031 Benidorm;13.-Otros ciberdelitos;enero-junio 2024;32
03031 Benidorm;III. TOTAL INFRACCIONES PENALES;enero-junio 2024;2.750
03047 Calp;I. CRIMINALIDAD CONVENCIONAL;enero-junio 2024;779
03047 Calp;1. Homicidios dolosos y asesinatos consumados;enero-junio 2024;1
03047 Calp;2. Homicidios dolosos y asesinatos en grado tentativa;enero-junio 2024;0
03047 Calp;3. Delitos graves y menos graves de lesiones y riña tumultuaria;enero-junio 2024;11
03047 Calp;4. Secuestro;enero-junio 2024;0
03047 Calp;5. Delitos contra la libertad sexual;enero-junio 2024;13
03047 Calp;5.1.-Agresión sexual con penetración;enero-junio 2024;2
03047 Calp;5.2.-Resto de delitos contra la libertad sexual;enero-junio 2024;11
03047 Calp;6. Robos con violencia e intimidación;enero-junio 2024;12
03047 Calp;7. Robos con fuerza en domicilios, establecimientos y otras instalaciones;enero-junio 2024;100
03047 Calp;7.1.-Robos con fuerza en domicilios;enero-junio 2024;75
03047 Calp;8. Hurtos;enero-junio 2024;241
03047 Calp;9. Sustracciones de vehículos;enero-junio 2024;9
03047 Calp;10. Tráfico de drogas;enero-junio 2024;2
03047 Calp;11. Resto de criminalidad convencional;enero-junio 2024;390
03047 Calp;II. CIBERCRIMINALIDAD (infracciones penales cometidas en/por medio ciber);enero-junio 2024;183
03047 Calp;12.-Estafas informáticas;enero-junio 2024;168
03047 Calp;13.-Otros ciberdelitos;enero-junio 2024;15
03047 Calp;III. TOTAL INFRACCIONES PENALES;enero-junio 2024;962
03050 Campello (el);I. CRIMINALIDAD CONVENCIONAL;enero-junio 2024;503
03050 Campello (el);1. Homicidios dolosos y asesinatos consumados;enero-junio 2024;0
03050 Campello (el);2. Homicidios dolosos y asesinatos en grado tentativa;enero-junio 2024;0
03050 Campello (el);3. Delitos graves y menos graves de lesiones y riña tumultuaria;enero-junio 2024;3
03050 Campello (el);4. Secuestro;enero-junio 2024;0
03050 Campello (el);5. Delitos contra la libertad sexual;enero-junio 2024;8
03050 Campello (el);5.1.-Agresión sexual con penetración;enero-junio 2024;2
03050 Campello (el);5.2.-Resto de delitos contra la libertad sexual;enero-junio 2024;6
03050 Campello (el);6. Robos con violencia e intimidación;enero-junio 2024;5
03050 Campello (el);7. Robos con fuerza en domicilios, establecimientos y otras instalaciones;enero-junio 2024;30
03050 Campello (el);7.1.-Robos con fuerza en domicilios;enero-junio 2024;22
03050 Campello (el);8. Hurtos;enero-junio 2024;179
03050 Campello (el);9. Sustracciones de vehículos;enero-junio 2024;6
03050 Campello (el);10. Tráfico de drogas;enero-junio 2024;11
03050 Campello (el);11. Resto de criminalidad convencional;enero-junio 2024;261
03050 Campello (el);II. CIBERCRIMINALIDAD (infracciones penales cometidas en/por medio ciber);enero-junio 2024;160
03050 Campello (el);12.-Estafas informáticas;enero-junio 2024;145
03050 Campello (el);13.-Otros ciberdelitos;enero-junio 2024;15
03050 Campello (el);III. TOTAL INFRACCIONES PENALES;enero-junio 2024;663
03059 Crevillent;I. CRIMINALIDAD CONVENCIONAL;enero-junio 2024;461
03059 Crevillent;1. Homicidios dolosos y asesinatos consumados;enero-junio 2024;0
03059 Crevillent;2. Homicidios dolosos y asesinatos en grado tentativa;enero-junio 2024;0
03059 Crevillent;3. Delitos graves y menos graves de lesiones y riña tumultuaria;enero-junio 2024;11
03059 Crevillent;4. Secuestro;enero-junio 2024;1
03059 Crevillent;5. Delitos contra la libertad sexual;enero-junio 2024;15
03059 Crevillent;5.1.-Agresión sexual con penetración;enero-junio 2024;3
03059 Crevillent;5.2.-Resto de delitos contra la libertad sexual;enero-junio 2024;12
03059 Crevillent;6. Robos con violencia e intimidación;enero-junio 2024;12
03059 Crevillent;7. Robos con fuerza en domicilios, establecimientos y otras instalaciones;enero-junio 2024;32
03059 Crevillent;7.1.-Robos con fuerza en domicilios;enero-junio 2024;28
03059 Crevillent;8. Hurtos;enero-junio 2024;101
03059 Crevillent;9. Sustracciones de vehículos;enero-junio 2024;8
03059 Crevillent;10. Tráfico de drogas;enero-junio 2024;5
03059 Crevillent;11. Resto de criminalidad convencional;enero-junio 2024;276
03059 Crevillent;II. CIBERCRIMINALIDAD (infracciones penales cometidas en/por medio ciber);enero-junio 2024;88
03059 Crevillent;12.-Estafas informáticas;enero-junio 2024;73
03059 Crevillent;13.-Otros ciberdelitos;enero-junio 2024;15
03059 Crevillent;III. TOTAL INFRACCIONES PENALES;enero-junio 2024;549
03063 Dénia;I. CRIMINALIDAD CONVENCIONAL;enero-junio 2024;951
03063 Dénia;1. Homicidios dolosos y asesinatos consumados;enero-junio 2024;0
03063 Dénia;2. Homicidios dolosos y asesinatos en grado tentativa;enero-junio 2024;1
03063 Dénia;3. Delitos graves y menos graves de lesiones y riña tumultuaria;enero-junio 2024;10
03063 Dénia;4. Secuestro;enero-junio 2024;0
03063 Dénia;5. Delitos contra la libertad sexual;enero-junio 2024;8
03063 Dénia;5.1.-Agresión sexual con penetración;enero-junio 2024;3
03063 Dénia;5.2.-Resto de delitos contra la libertad sexual;enero-junio 2024;5
03063 Dénia;6. Robos con violencia e intimidación;enero-junio 2024;17
03063 Dénia;7. Robos con fuerza en domicilios, establecimientos y otras instalaciones;enero-junio 2024;99
03063 Dénia;7.1.-Robos con fuerza en domicilios;enero-junio 2024;85
03063 Dénia;8. Hurtos;enero-junio 2024;282
03063 Dénia;9. Sustracciones de vehículos;enero-junio 2024;40
03063 Dénia;10. Tráfico de drogas;enero-junio 2024;21
03063 Dénia;11. Resto de criminalidad convencional;enero-junio 2024;473
03063 Dénia;II. CIBERCRIMINALIDAD (infracciones penales cometidas en/por medio ciber);enero-junio 2024;233
03063 Dénia;12.-Estafas informáticas;enero-junio 2024;220
03063 Dénia;13.-Otros ciberdelitos;enero-junio 2024;13
03063 Dénia;III. TOTAL INFRACCIONES PENALES;enero-junio 2024;1.184
03065 Elche/Elx;I. CRIMINALIDAD CONVENCIONAL;enero-junio 2024;4.028
03065 Elche/Elx;1. Homicidios dolosos y asesinatos consumados;enero-junio 2024;0
03065 Elche/Elx;2. Homicidios dolosos y asesinatos en grado tentativa;enero-junio 2024;4
03065 Elche/Elx;3. Delitos graves y menos graves de lesiones y riña tumultuaria;enero-junio 2024;50
03065 Elche/Elx;4. Secuestro;enero-junio 2024;0
03065 Elche/Elx;5. Delitos contra la libertad sexual;enero-junio 2024;65
03065 Elche/Elx;5.1.-Agresión sexual con penetración;enero-junio 2024;20
03065 Elche/Elx;5.2.-Resto de delitos contra la libertad sexual;enero-junio 2024;45
03065 Elche/Elx;6. Robos con violencia e intimidación;enero-junio 2024;85
03065 Elche/Elx;7. Robos con fuerza en domicilios, establecimientos y otras instalaciones;enero-junio 2024;257
03065 Elche/Elx;7.1.-Robos con fuerza en domicilios;enero-junio 2024;145
03065 Elche/Elx;8. Hurtos;enero-junio 2024;1.343
03065 Elche/Elx;9. Sustracciones de vehículos;enero-junio 2024;113
03065 Elche/Elx;10. Tráfico de drogas;enero-junio 2024;80
03065 Elche/Elx;11. Resto de criminalidad convencional;enero-junio 2024;2.031
03065 Elche/Elx;II. CIBERCRIMINALIDAD (infracciones penales cometidas en/por medio ciber);enero-junio 2024;798
03065 Elche/Elx;12.-Estafas informáticas;enero-junio 2024;701
03065 Elche/Elx;13.-Otros ciberdelitos;enero-junio 2024;97
03065 Elche/Elx;III. TOTAL INFRACCIONES PENALES;enero-junio 2024;4.826
03066 Elda;I. CRIMINALIDAD CONVENCIONAL;enero-junio 2024;888
03066 Elda;1. Homicidios dolosos y asesinatos consumados;enero-junio 2024;1
03066 Elda;2. Homicidios dolosos y asesinatos en grado tentativa;enero-junio 2024;2
03066 Elda;3. Delitos graves y menos graves de lesiones y riña tumultuaria;enero-junio 2024;15
03066 Elda;4. Secuestro;enero-junio 2024;0
03066 Elda;5. Delitos contra la libertad sexual;enero-junio 2024;9
03066 Elda;5.1.-Agresión sexual con penetración;enero-junio 2024;4
03066 Elda;5.2.-Resto de delitos contra la libertad sexual;enero-junio 2024;5
03066 Elda;6. Robos con violencia e intimidación;enero-junio 2024;22
03066 Elda;7. Robos con fuerza en domicilios, establecimientos y otras instalaciones;enero-junio 2024;67
03066 Elda;7.1.-Robos con fuerza en domicilios;enero-junio 2024;38
03066 Elda;8. Hurtos;enero-junio 2024;242
03066 Elda;9. Sustracciones de vehículos;enero-junio 2024;18
03066 Elda;10. Tráfico de drogas;enero-junio 2024;15
03066 Elda;11. Resto de criminalidad convencional;enero-junio 2024;497
03066 Elda;II. CIBERCRIMINALIDAD (infracciones penales cometidas en/por medio ciber);enero-junio 2024;232
03066 Elda;12.-Estafas informáticas;enero-junio 2024;206
03066 Elda;13.-Otros ciberdelitos;enero-junio 2024;26
03066 Elda;III. TOTAL INFRACCIONES PENALES;enero-junio 2024;1.120
03079 Ibi;I. CRIMINALIDAD CONVENCIONAL;enero-junio 2024;285
03079 Ibi;1. Homicidios dolosos y asesinatos consumados;enero-junio 2024;0
03079 Ibi;2. Homicidios dolosos y asesinatos en grado tentativa;enero-junio 2024;1
03079 Ibi;3. Delitos graves y menos graves de lesiones y riña tumultuaria;enero-junio 2024;3
03079 Ibi;4. Secuestro;enero-junio 2024;0
03079 Ibi;5. Delitos contra la libertad sexual;enero-junio 2024;3
03079 Ibi;5.1.-Agresión sexual con penetración;enero-junio 2024;0
03079 Ibi;5.2.-Resto de delitos contra la libertad sexual;enero-junio 2024;3
03079 Ibi;6. Robos con violencia e intimidación;enero-junio 2024;6
03079 Ibi;7. Robos con fuerza en domicilios, establecimientos y otras instalaciones;enero-junio 2024;25
03079 Ibi;7.1.-Robos con fuerza en domicilios;enero-junio 2024;18
03079 Ibi;8. Hurtos;enero-junio 2024;66
03079 Ibi;9. Sustracciones de vehículos;enero-junio 2024;2
03079 Ibi;10. Tráfico de drogas;enero-junio 2024;2
03079 Ibi;11. Resto de criminalidad convencional;enero-junio 2024;177
03079 Ibi;II. CIBERCRIMINALIDAD (infracciones penales cometidas en/por medio ciber);enero-junio 2024;132
03079 Ibi;12.-Estafas informáticas;enero-junio 2024;114
03079 Ibi;13.-Otros ciberdelitos;enero-junio 2024;18
03079 Ibi;III. TOTAL INFRACCIONES PENALES;enero-junio 2024;417
03082 Jávea/Xàbia;I. CRIMINALIDAD CONVENCIONAL;enero-junio 2024;765
03082 Jávea/Xàbia;1. Homicidios dolosos y asesinatos consumados;enero-junio 2024;0
03082 Jávea/Xàbia;2. Homicidios dolosos y asesinatos en grado tentativa;enero-junio 2024;2
03082 Jávea/Xàbia;3. Delitos graves y menos graves de lesiones y riña tumultuaria;enero-junio 2024;22
03082 Jávea/Xàbia;4. Secuestro;enero-junio 2024;0
03082 Jávea/Xàbia;5. Delitos contra la libertad sexual;enero-junio 2024;5
03082 Jávea/Xàbia;5.1.-Agresión sexual con penetración;enero-junio 2024;0
03082 Jávea/Xàbia;5.2.-Resto de delitos contra la libertad sexual;enero-junio 2024;5
03082 Jávea/Xàbia;6. Robos con violencia e intimidación;enero-junio 2024;6
03082 Jávea/Xàbia;7. Robos con fuerza en domicilios, establecimientos y otras instalaciones;enero-junio 2024;141
03082 Jávea/Xàbia;7.1.-Robos con fuerza en domicilios;enero-junio 2024;99
03082 Jávea/Xàbia;8. Hurtos;enero-junio 2024;177
03082 Jávea/Xàbia;9. Sustracciones de vehículos;enero-junio 2024;14
03082 Jávea/Xàbia;10. Tráfico de drogas;enero-junio 2024;5
03082 Jávea/Xàbia;11. Resto de criminalidad convencional;enero-junio 2024;393
03082 Jávea/Xàbia;II. CIBERCRIMINALIDAD (infracciones penales cometidas en/por medio ciber);enero-junio 2024;146
03082 Jávea/Xàbia;12.-Estafas informáticas;enero-junio 2024;127
03082 Jávea/Xàbia;13.-Otros ciberdelitos;enero-junio 2024;19
03082 Jávea/Xàbia;III. TOTAL INFRACCIONES PENALES;enero-junio 2024;911
03090 Mutxamel;I. CRIMINALIDAD CONVENCIONAL;enero-junio 2024;243
03090 Mutxamel;1. Homicidios dolosos y asesinatos consumados;enero-junio 2024;0
03090 Mutxamel;2. Homicidios dolosos y asesinatos en grado tentativa;enero-junio 2024;0
03090 Mutxamel;3. Delitos graves y menos graves de lesiones y riña tumultuaria;enero-junio 2024;3
03090 Mutxamel;4. Secuestro;enero-junio 2024;0
03090 Mutxamel;5. Delitos contra la libertad sexual;enero-junio 2024;7
03090 Mutxamel;5.1.-Agresión sexual con penetración;enero-junio 2024;0
03090 Mutxamel;5.2.-Resto de delitos contra la libertad sexual;enero-junio 2024;7
03090 Mutxamel;6. Robos con violencia e intimidación;enero-junio 2024;3
03090 Mutxamel;7. Robos con fuerza en domicilios, establecimientos y otras instalaciones;enero-junio 2024;14
03090 Mutxamel;7.1.-Robos con fuerza en domicilios;enero-junio 2024;13
03090 Mutxamel;8. Hurtos;enero-junio 2024;47
03090 Mutxamel;9. Sustracciones de vehículos;enero-junio 2024;7
03090 Mutxamel;10. Tráfico de drogas;enero-junio 2024;5
03090 Mutxamel;11. Resto de criminalidad convencional;enero-junio 2024;157
03090 Mutxamel;II. CIBERCRIMINALIDAD (infracciones penales cometidas en/por medio ciber);enero-junio 2024;139
03090 Mutxamel;12.-Estafas informáticas;enero-junio 2024;125
03090 Mutxamel;13.-Otros ciberdelitos;enero-junio 2024;14
03090 Mutxamel;III. TOTAL INFRACCIONES PENALES;enero-junio 2024;382
03093 Novelda;I. CRIMINALIDAD CONVENCIONAL;enero-junio 2024;365
03093 Novelda;1. Homicidios dolosos y asesinatos consumados;enero-junio 2024;0
03093 Novelda;2. Homicidios dolosos y asesinatos en grado tentativa;enero-junio 2024;1
03093 Novelda;3. Delitos graves y menos graves de lesiones y riña tumultuaria;enero-junio 2024;11
03093 Novelda;4. Secuestro;enero-junio 2024;0
03093 Novelda;5. Delitos contra la libertad sexual;enero-junio 2024;8
03093 Novelda;5.1.-Agresión sexual con penetración;enero-junio 2024;0
03093 Novelda;5.2.-Resto de delitos contra la libertad sexual;enero-junio 2024;8
03093 Novelda;6. Robos con violencia e intimidación;enero-junio 2024;6
03093 Novelda;7. Robos con fuerza en domicilios, establecimientos y otras instalaciones;enero-junio 2024;34
03093 Novelda;7.1.-Robos con fuerza en domicilios;enero-junio 2024;30
03093 Novelda;8. Hurtos;enero-junio 2024;88
03093 Novelda;9. Sustracciones de vehículos;enero-junio 2024;1
03093 Novelda;10. Tráfico de drogas;enero-junio 2024;2
03093 Novelda;11. Resto de criminalidad convencional;enero-junio 2024;214
03093 Novelda;II. CIBERCRIMINALIDAD (infracciones penales cometidas en/por medio ciber);enero-junio 2024;34
03093 Novelda;12.-Estafas informáticas;enero-junio 2024;26
03093 Novelda;13.-Otros ciberdelitos;enero-junio 2024;8
03093 Novelda;III. TOTAL INFRACCIONES PENALES;enero-junio 2024;399
03099 Orihuela;I. CRIMINALIDAD CONVENCIONAL;enero-junio 2024;1.885
03099 Orihuela;1. Homicidios dolosos y asesinatos consumados;enero-junio 2024;0
03099 Orihuela;2. Homicidios dolosos y asesinatos en grado tentativa;enero-junio 2024;0
03099 Orihuela;3. Delitos graves y menos graves de lesiones y riña tumultuaria;enero-junio 2024;18
03099 Orihuela;4. Secuestro;enero-junio 2024;0
03099 Orihuela;5. Delitos contra la libertad sexual;enero-junio 2024;15
03099 Orihuela;5.1.-Agresión sexual con penetración;enero-junio 2024;4
03099 Orihuela;5.2.-Resto de delitos contra la libertad sexual;enero-junio 2024;11
03099 Orihuela;6. Robos con violencia e intimidación;enero-junio 2024;39
03099 Orihuela;7. Robos con fuerza en domicilios, establecimientos y otras instalaciones;enero-junio 2024;294
03099 Orihuela;7.1.-Robos con fuerza en domicilios;enero-junio 2024;273
03099 Orihuela;8. Hurtos;enero-junio 2024;548
03099 Orihuela;9. Sustracciones de vehículos;enero-junio 2024;51
03099 Orihuela;10. Tráfico de drogas;enero-junio 2024;14
03099 Orihuela;11. Resto de criminalidad convencional;enero-junio 2024;906
03099 Orihuela;II. CIBERCRIMINALIDAD (infracciones penales cometidas en/por medio ciber);enero-junio 2024;264
03099 Orihuela;12.-Estafas informáticas;enero-junio 2024;252
03099 Orihuela;13.-Otros ciberdelitos;enero-junio 2024;12
03099 Orihuela;III. TOTAL INFRACCIONES PENALES;enero-junio 2024;2.149
03104 Petrer;I. CRIMINALIDAD CONVENCIONAL;enero-junio 2024;366
03104 Petrer;1. Homicidios dolosos y asesinatos consumados;enero-junio 2024;0
03104 Petrer;2. Homicidios dolosos y asesinatos en grado tentativa;enero-junio 2024;1
03104 Petrer;3. Delitos graves y menos graves de lesiones y riña tumultuaria;enero-junio 2024;6
03104 Petrer;4. Secuestro;enero-junio 2024;0
03104 Petrer;5. Delitos contra la libertad sexual;enero-junio 2024;6
03104 Petrer;5.1.-Agresión sexual con penetración;enero-junio 2024;0
03104 Petrer;5.2.-Resto de delitos contra la libertad sexual;enero-junio 2024;6
03104 Petrer;6. Robos con violencia e intimidación;enero-junio 2024;15
03104 Petrer;7. Robos con fuerza en domicilios, establecimientos y otras instalaciones;enero-junio 2024;22
03104 Petrer;7.1.-Robos con fuerza en domicilios;enero-junio 2024;9
03104 Petrer;8. Hurtos;enero-junio 2024;88
03104 Petrer;9. Sustracciones de vehículos;enero-junio 2024;6
03104 Petrer;10. Tráfico de drogas;enero-junio 2024;4
03104 Petrer;11. Resto de criminalidad convencional;enero-junio 2024;218
03104 Petrer;II. CIBERCRIMINALIDAD (infracciones penales cometidas en/por medio ciber);enero-junio 2024;116
03104 Petrer;12.-Estafas informáticas;enero-junio 2024;106
03104 Petrer;13.-Otros ciberdelitos;enero-junio 2024;10
03104 Petrer;III. TOTAL INFRACCIONES PENALES;enero-junio 2024;482
03902 Pilar de la Horadada;I. CRIMINALIDAD CONVENCIONAL;enero-junio 2024;614
03902 Pilar de la Horadada;1. Homicidios dolosos y asesinatos consumados;enero-junio 2024;0
03902 Pilar de la Horadada;2. Homicidios dolosos y asesinatos en grado tentativa;enero-junio 2024;0
03902 Pilar de la Horadada;3. Delitos graves y menos graves de lesiones y riña tumultuaria;enero-junio 2024;11
03902 Pilar de la Horadada;4. Secuestro;enero-junio 2024;0
03902 Pilar de la Horadada;5. Delitos contra la libertad sexual;enero-junio 2024;4
03902 Pilar de la Horadada;5.1.-Agresión sexual con penetración;enero-junio 2024;1
03902 Pilar de la Horadada;5.2.-Resto de delitos contra la libertad sexual;enero-junio 2024;3
03902 Pilar de la Horadada;6. Robos con violencia e intimidación;enero-junio 2024;14
03902 Pilar de la Horadada;7. Robos con fuerza en domicilios, establecimientos y otras instalaciones;enero-junio 2024;93
03902 Pilar de la Horadada;7.1.-Robos con fuerza en domicilios;enero-junio 2024;83
03902 Pilar de la Horadada;8. Hurtos;enero-junio 2024;147
03902 Pilar de la Horadada;9. Sustracciones de vehículos;enero-junio 2024;5
03902 Pilar de la Horadada;10. Tráfico de drogas;enero-junio 2024;4
03902 Pilar de la Horadada;11. Resto de criminalidad convencional;enero-junio 2024;336
03902 Pilar de la Horadada;II. CIBERCRIMINALIDAD (infracciones penales cometidas en/por medio ciber);enero-junio 2024;118
03902 Pilar de la Horadada;12.-Estafas informáticas;enero-junio 2024;110
03902 Pilar de la Horadada;13.-Otros ciberdelitos;enero-junio 2024;8
03902 Pilar de la Horadada;III. TOTAL INFRACCIONES PENALES;enero-junio 2024;732
03122 San Vicente del Raspeig/Sant Vicent del Raspeig;I. CRIMINALIDAD CONVENCIONAL;enero-junio 2024;887
03122 San Vicente del Raspeig/Sant Vicent del Raspeig;1. Homicidios dolosos y asesinatos consumados;enero-junio 2024;0
03122 San Vicente del Raspeig/Sant Vicent del Raspeig;2. Homicidios dolosos y asesinatos en grado tentativa;enero-junio 2024;0
03122 San Vicente del Raspeig/Sant Vicent del Raspeig;3. Delitos graves y menos graves de lesiones y riña tumultuaria;enero-junio 2024;15
03122 San Vicente del Raspeig/Sant Vicent del Raspeig;4. Secuestro;enero-junio 2024;0
03122 San Vicente del Raspeig/Sant Vicent del Raspeig;5. Delitos contra la libertad sexual;enero-junio 2024;22
03122 San Vicente del Raspeig/Sant Vicent del Raspeig;5.1.-Agresión sexual con penetración;enero-junio 2024;5
03122 San Vicente del Raspeig/Sant Vicent del Raspeig;5.2.-Resto de delitos contra la libertad sexual;enero-junio 2024;17
03122 San Vicente del Raspeig/Sant Vicent del Raspeig;6. Robos con violencia e intimidación;enero-junio 2024;12
03122 San Vicente del Raspeig/Sant Vicent del Raspeig;7. Robos con fuerza en domicilios, establecimientos y otras instalaciones;enero-junio 2024;44
03122 San Vicente del Raspeig/Sant Vicent del Raspeig;7.1.-Robos con fuerza en domicilios;enero-junio 2024;32
03122 San Vicente del Raspeig/Sant Vicent del Raspeig;8. Hurtos;enero-junio 2024;272
03122 San Vicente del Raspeig/Sant Vicent del Raspeig;9. Sustracciones de vehículos;enero-junio 2024;13
03122 San Vicente del Raspeig/Sant Vicent del Raspeig;10. Tráfico de drogas;enero-junio 2024;6
03122 San Vicente del Raspeig/Sant Vicent del Raspeig;11. Resto de criminalidad convencional;enero-junio 2024;503
03122 San Vicente del Raspeig/Sant Vicent del Raspeig;II. CIBERCRIMINALIDAD (infracciones penales cometidas en/por medio ciber);enero-junio 2024;391
03122 San Vicente del Raspeig/Sant Vicent del Raspeig;12.-Estafas informáticas;enero-junio 2024;311
03122 San Vicente del Raspeig/Sant Vicent del Raspeig;13.-Otros ciberdelitos;enero-junio 2024;80
03122 San Vicente del Raspeig/Sant Vicent del Raspeig;III. TOTAL INFRACCIONES PENALES;enero-junio 2024;1.278
03119 Sant Joan d'Alacant;I. CRIMINALIDAD CONVENCIONAL;enero-junio 2024;411
03119 Sant Joan d'Alacant;1. Homicidios dolosos y asesinatos consumados;enero-junio 2024;0
03119 Sant Joan d'Alacant;2. Homicidios dolosos y asesinatos en grado tentativa;enero-junio 2024;0
03119 Sant Joan d'Alacant;3. Delitos graves y menos graves de lesiones y riña tumultuaria;enero-junio 2024;6
03119 Sant Joan d'Alacant;4. Secuestro;enero-junio 2024;0
03119 Sant Joan d'Alacant;5. Delitos contra la libertad sexual;enero-junio 2024;7
03119 Sant Joan d'Alacant;5.1.-Agresión sexual con penetración;enero-junio 2024;0
03119 Sant Joan d'Alacant;5.2.-Resto de delitos contra la libertad sexual;enero-junio 2024;7
03119 Sant Joan d'Alacant;6. Robos con violencia e intimidación;enero-junio 2024;4
03119 Sant Joan d'Alacant;7. Robos con fuerza en domicilios, establecimientos y otras instalaciones;enero-junio 2024;23
03119 Sant Joan d'Alacant;7.1.-Robos con fuerza en domicilios;enero-junio 2024;15
03119 Sant Joan d'Alacant;8. Hurtos;enero-junio 2024;122
03119 Sant Joan d'Alacant;9. Sustracciones de vehículos;enero-junio 2024;6
03119 Sant Joan d'Alacant;10. Tráfico de drogas;enero-junio 2024;4
03119 Sant Joan d'Alacant;11. Resto de criminalidad convencional;enero-junio 2024;239
03119 Sant Joan d'Alacant;II. CIBERCRIMINALIDAD (infracciones penales cometidas en/por medio ciber);enero-junio 2024;138
03119 Sant Joan d'Alacant;12.-Estafas informáticas;enero-junio 2024;118
03119 Sant Joan d'Alacant;13.-Otros ciberdelitos;enero-junio 2024;20
03119 Sant Joan d'Alacant;III. TOTAL INFRACCIONES PENALES;enero-junio 2024;549
03121 Santa Pola;I. CRIMINALIDAD CONVENCIONAL;enero-junio 2024;907
03121 Santa Pola;1. Homicidios dolosos y asesinatos consumados;enero-junio 2024;0
03121 Santa Pola;2. Homicidios dolosos y asesinatos en grado tentativa;enero-junio 2024;0
03121 Santa Pola;3. Delitos graves y menos graves de lesiones y riña tumultuaria;enero-junio 2024;10
03121 Santa Pola;4. Secuestro;enero-junio 2024;0
03121 Santa Pola;5. Delitos contra la libertad sexual;enero-junio 2024;10
03121 Santa Pola;5.1.-Agresión sexual con penetración;enero-junio 2024;2
03121 Santa Pola;5.2.-Resto de delitos contra la libertad sexual;enero-junio 2024;8
03121 Santa Pola;6. Robos con violencia e intimidación;enero-junio 2024;21
03121 Santa Pola;7. Robos con fuerza en domicilios, establecimientos y otras instalaciones;enero-junio 2024;53
03121 Santa Pola;7.1.-Robos con fuerza en domicilios;enero-junio 2024;43
03121 Santa Pola;8. Hurtos;enero-junio 2024;255
03121 Santa Pola;9. Sustracciones de vehículos;enero-junio 2024;16
03121 Santa Pola;10. Tráfico de drogas;enero-junio 2024;5
03121 Santa Pola;11. Resto de criminalidad convencional;enero-junio 2024;537
03121 Santa Pola;II. CIBERCRIMINALIDAD (infracciones penales cometidas en/por medio ciber);enero-junio 2024;293
03121 Santa Pola;12.-Estafas informáticas;enero-junio 2024;251
03121 Santa Pola;13.-Otros ciberdelitos;enero-junio 2024;42
03121 Santa Pola;III. TOTAL INFRACCIONES PENALES;enero-junio 2024;1.200
03133 Torrevieja;I. CRIMINALIDAD CONVENCIONAL;enero-junio 2024;3.857
03133 Torrevieja;1. Homicidios dolosos y asesinatos consumados;enero-junio 2024;1
03133 Torrevieja;2. Homicidios dolosos y asesinatos en grado tentativa;enero-junio 2024;1
03133 Torrevieja;3. Delitos graves y menos graves de lesiones y riña tumultuaria;enero-junio 2024;84
03133 Torrevieja;4. Secuestro;enero-junio 2024;0
03133 Torrevieja;5. Delitos contra la libertad sexual;enero-junio 2024;39
03133 Torrevieja;5.1.-Agresión sexual con penetración;enero-junio 2024;8
03133 Torrevieja;5.2.-Resto de delitos contra la libertad sexual;enero-junio 2024;31
03133 Torrevieja;6. Robos con violencia e intimidación;enero-junio 2024;101
03133 Torrevieja;7. Robos con fuerza en domicilios, establecimientos y otras instalaciones;enero-junio 2024;272
03133 Torrevieja;7.1.-Robos con fuerza en domicilios;enero-junio 2024;229
03133 Torrevieja;8. Hurtos;enero-junio 2024;1.076
03133 Torrevieja;9. Sustracciones de vehículos;enero-junio 2024;51
03133 Torrevieja;10. Tráfico de drogas;enero-junio 2024;42
03133 Torrevieja;11. Resto de criminalidad convencional;enero-junio 2024;2.190
03133 Torrevieja;II. CIBERCRIMINALIDAD (infracciones penales cometidas en/por medio ciber);enero-junio 2024;422
03133 Torrevieja;12.-Estafas informáticas;enero-junio 2024;360
03133 Torrevieja;13.-Otros ciberdelitos;enero-junio 2024;62
03133 Torrevieja;III. TOTAL INFRACCIONES PENALES;enero-junio 2024;4.279
03139 Villajoyosa/Vila Joiosa (la);I. CRIMINALIDAD CONVENCIONAL;enero-junio 2024;921
03139 Villajoyosa/Vila Joiosa (la);1. Homicidios dolosos y asesinatos consumados;enero-junio 2024;1
03139 Villajoyosa/Vila Joiosa (la);2. Homicidios dolosos y asesinatos en grado tentativa;enero-junio 2024;0
03139 Villajoyosa/Vila Joiosa (la);3. Delitos graves y menos graves de lesiones y riña tumultuaria;enero-junio 2024;9
03139 Villajoyosa/Vila Joiosa (la);4. Secuestro;enero-junio 2024;0
03139 Villajoyosa/Vila Joiosa (la);5. Delitos contra la libertad sexual;enero-junio 2024;7
03139 Villajoyosa/Vila Joiosa (la);5.1.-Agresión sexual con penetración;enero-junio 2024;1
03139 Villajoyosa/Vila Joiosa (la);5.2.-Resto de delitos contra la libertad sexual;enero-junio 2024;6
03139 Villajoyosa/Vila Joiosa (la);6. Robos con violencia e intimidación;enero-junio 2024;10
03139 Villajoyosa/Vila Joiosa (la);7. Robos con fuerza en domicilios, establecimientos y otras instalaciones;enero-junio 2024;60
03139 Villajoyosa/Vila Joiosa (la);7.1.-Robos con fuerza en domicilios;enero-junio 2024;27
03139 Villajoyosa/Vila Joiosa (la);8. Hurtos;enero-junio 2024;239
03139 Villajoyosa/Vila Joiosa (la);9. Sustracciones de vehículos;enero-junio 2024;14
03139 Villajoyosa/Vila Joiosa (la);10. Tráfico de drogas;enero-junio 2024;1
03139 Villajoyosa/Vila Joiosa (la);11. Resto de criminalidad convencional;enero-junio 2024;580
03139 Villajoyosa/Vila Joiosa (la);II. CIBERCRIMINALIDAD (infracciones penales cometidas en/por medio ciber);enero-junio 2024;162
03139 Villajoyosa/Vila Joiosa (la);12.-Estafas informáticas;enero-junio 2024;148
03139 Villajoyosa/Vila Joiosa (la);13.-Otros ciberdelitos;enero-junio 2024;14
03139 Villajoyosa/Vila Joiosa (la);III. TOTAL INFRACCIONES PENALES;enero-junio 2024;1.083
03140 Villena;I. CRIMINALIDAD CONVENCIONAL;enero-junio 2024;448
03140 Villena;1. Homicidios dolosos y asesinatos consumados;enero-junio 2024;0
03140 Villena;2. Homicidios dolosos y asesinatos en grado tentativa;enero-junio 2024;1
03140 Villena;3. Delitos graves y menos graves de lesiones y riña tumultuaria;enero-junio 2024;7
03140 Villena;4. Secuestro;enero-junio 2024;0
03140 Villena;5. Delitos contra la libertad sexual;enero-junio 2024;1
03140 Villena;5.1.-Agresión sexual con penetración;enero-junio 2024;0
03140 Villena;5.2.-Resto de delitos contra la libertad sexual;enero-junio 2024;1
03140 Villena;6. Robos con violencia e intimidación;enero-junio 2024;13
03140 Villena;7. Robos con fuerza en domicilios, establecimientos y otras instalaciones;enero-junio 2024;46
03140 Villena;7.1.-Robos con fuerza en domicilios;enero-junio 2024;31
03140 Villena;8. Hurtos;enero-junio 2024;93
03140 Villena;9. Sustracciones de vehículos;enero-junio 2024;2
03140 Villena;10. Tráfico de drogas;enero-junio 2024;15
03140 Villena;11. Resto de criminalidad convencional;enero-junio 2024;270
03140 Villena;II. CIBERCRIMINALIDAD (infracciones penales cometidas en/por medio ciber);enero-junio 2024;127
03140 Villena;12.-Estafas informáticas;enero-junio 2024;116
03140 Villena;13.-Otros ciberdelitos;enero-junio 2024;11
03140 Villena;III. TOTAL INFRACCIONES PENALES;enero-junio 2024;575
Provincia de CASTELLÓN/CASTELLÓ;I. CRIMINALIDAD CONVENCIONAL;enero-junio 2024;12.475
Provincia de CASTELLÓN/CASTELLÓ;1. Homicidios dolosos y asesinatos consumados;enero-junio 2024;0
Provincia de CASTELLÓN/CASTELLÓ;2. Homicidios dolosos y asesinatos en grado tentativa;enero-junio 2024;4
Provincia de CASTELLÓN/CASTELLÓ;3. Delitos graves y menos graves de lesiones y riña tumultuaria;enero-junio 2024;209
Provincia de CASTELLÓN/CASTELLÓ;4. Secuestro;enero-junio 2024;2
Provincia de CASTELLÓN/CASTELLÓ;5. Delitos contra la libertad sexual;enero-junio 2024;102
Provincia de CASTELLÓN/CASTELLÓ;5.1.-Agresión sexual con penetración;enero-junio 2024;27
Provincia de CASTELLÓN/CASTELLÓ;5.2.-Resto de delitos contra la libertad sexual;enero-junio 2024;75
Provincia de CASTELLÓN/CASTELLÓ;6. Robos con violencia e intimidación;enero-junio 2024;230
Provincia de CASTELLÓN/CASTELLÓ;7. Robos con fuerza en domicilios, establecimientos y otras instalaciones;enero-junio 2024;1.230
Provincia de CASTELLÓN/CASTELLÓ;7.1.-Robos con fuerza en domicilios;enero-junio 2024;957
Provincia de CASTELLÓN/CASTELLÓ;8. Hurtos;enero-junio 2024;2.971
Provincia de CASTELLÓN/CASTELLÓ;9. Sustracciones de vehículos;enero-junio 2024;110
Provincia de CASTELLÓN/CASTELLÓ;10. Tráfico de drogas;enero-junio 2024;84
Provincia de CASTELLÓN/CASTELLÓ;11. Resto de criminalidad convencional;enero-junio 2024;7.533
Provincia de CASTELLÓN/CASTELLÓ;II. CIBERCRIMINALIDAD (infracciones penales cometidas en/por medio ciber);enero-junio 2024;2.181
Provincia de CASTELLÓN/CASTELLÓ;12.-Estafas informáticas;enero-junio 2024;1.898
Provincia de CASTELLÓN/CASTELLÓ;13.-Otros ciberdelitos;enero-junio 2024;283
Provincia de CASTELLÓN/CASTELLÓ;III. TOTAL INFRACCIONES PENALES;enero-junio 2024;14.656
12009 Almazora/Almassora;I. CRIMINALIDAD CONVENCIONAL;enero-junio 2024;782
12009 Almazora/Almassora;1. Homicidios dolosos y asesinatos consumados;enero-junio 2024;0
12009 Almazora/Almassora;2. Homicidios dolosos y asesinatos en grado tentativa;enero-junio 2024;0
12009 Almazora/Almassora;3. Delitos graves y menos graves de lesiones y riña tumultuaria;enero-junio 2024;15
12009 Almazora/Almassora;4. Secuestro;enero-junio 2024;0
12009 Almazora/Almassora;5. Delitos contra la libertad sexual;enero-junio 2024;7
12009 Almazora/Almassora;5.1.-Agresión sexual con penetración;enero-junio 2024;0
12009 Almazora/Almassora;5.2.-Resto de delitos contra la libertad sexual;enero-junio 2024;7
12009 Almazora/Almassora;6. Robos con violencia e intimidación;enero-junio 2024;9
12009 Almazora/Almassora;7. Robos con fuerza en domicilios, establecimientos y otras instalaciones;enero-junio 2024;77
12009 Almazora/Almassora;7.1.-Robos con fuerza en domicilios;enero-junio 2024;67
12009 Almazora/Almassora;8. Hurtos;enero-junio 2024;131
12009 Almazora/Almassora;9. Sustracciones de vehículos;enero-junio 2024;2
12009 Almazora/Almassora;10. Tráfico de drogas;enero-junio 2024;4
12009 Almazora/Almassora;11. Resto de criminalidad convencional;enero-junio 2024;537
12009 Almazora/Almassora;II. CIBERCRIMINALIDAD (infracciones penales cometidas en/por medio ciber);enero-junio 2024;59
12009 Almazora/Almassora;12.-Estafas informáticas;enero-junio 2024;52
12009 Almazora/Almassora;13.-Otros ciberdelitos;enero-junio 2024;7
12009 Almazora/Almassora;III. TOTAL INFRACCIONES PENALES;enero-junio 2024;841
12027 Benicarló;I. CRIMINALIDAD CONVENCIONAL;enero-junio 2024;1.057
12027 Benicarló;1. Homicidios dolosos y asesinatos consumados;enero-junio 2024;0
12027 Benicarló;2. Homicidios dolosos y asesinatos en grado tentativa;enero-junio 2024;0
12027 Benicarló;3. Delitos graves y menos graves de lesiones y riña tumultuaria;enero-junio 2024;11
12027 Benicarló;4. Secuestro;enero-junio 2024;2
12027 Benicarló;5. Delitos contra la libertad sexual;enero-junio 2024;7
12027 Benicarló;5.1.-Agresión sexual con penetración;enero-junio 2024;2
12027 Benicarló;5.2.-Resto de delitos contra la libertad sexual;enero-junio 2024;5
12027 Benicarló;6. Robos con violencia e intimidación;enero-junio 2024;41
12027 Benicarló;7. Robos con fuerza en domicilios, establecimientos y otras instalaciones;enero-junio 2024;51
12027 Benicarló;7.1.-Robos con fuerza en domicilios;enero-junio 2024;42
12027 Benicarló;8. Hurtos;enero-junio 2024;324
12027 Benicarló;9. Sustracciones de vehículos;enero-junio 2024;2
12027 Benicarló;10. Tráfico de drogas;enero-junio 2024;5
12027 Benicarló;11. Resto de criminalidad convencional;enero-junio 2024;614
12027 Benicarló;II. CIBERCRIMINALIDAD (infracciones penales cometidas en/por medio ciber);enero-junio 2024;143
12027 Benicarló;12.-Estafas informáticas;enero-junio 2024;117
12027 Benicarló;13.-Otros ciberdelitos;enero-junio 2024;26
12027 Benicarló;III. TOTAL INFRACCIONES PENALES;enero-junio 2024;1.200
12032 Borriana/Burriana;I. CRIMINALIDAD CONVENCIONAL;enero-junio 2024;908
12032 Borriana/Burriana;1. Homicidios dolosos y asesinatos consumados;enero-junio 2024;0
12032 Borriana/Burriana;2. Homicidios dolosos y asesinatos en grado tentativa;enero-junio 2024;0
12032 Borriana/Burriana;3. Delitos graves y menos graves de lesiones y riña tumultuaria;enero-junio 2024;12
12032 Borriana/Burriana;4. Secuestro;enero-junio 2024;0
12032 Borriana/Burriana;5. Delitos contra la libertad sexual;enero-junio 2024;5
12032 Borriana/Burriana;5.1.-Agresión sexual con penetración;enero-junio 2024;2
12032 Borriana/Burriana;5.2.-Resto de delitos contra la libertad sexual;enero-junio 2024;3
12032 Borriana/Burriana;6. Robos con violencia e intimidación;enero-junio 2024;24
12032 Borriana/Burriana;7. Robos con fuerza en domicilios, establecimientos y otras instalaciones;enero-junio 2024;64
12032 Borriana/Burriana;7.1.-Robos con fuerza en domicilios;enero-junio 2024;59
12032 Borriana/Burriana;8. Hurtos;enero-junio 2024;221
12032 Borriana/Burriana;9. Sustracciones de vehículos;enero-junio 2024;9
12032 Borriana/Burriana;10. Tráfico de drogas;enero-junio 2024;4
12032 Borriana/Burriana;11. Resto de criminalidad convencional;enero-junio 2024;569
12032 Borriana/Burriana;II. CIBERCRIMINALIDAD (infracciones penales cometidas en/por medio ciber);enero-junio 2024;184
12032 Borriana/Burriana;12.-Estafas informáticas;enero-junio 2024;158
12032 Borriana/Burriana;13.-Otros ciberdelitos;enero-junio 2024;26
12032 Borriana/Burriana;III. TOTAL INFRACCIONES PENALES;enero-junio 2024;1.092
12040 Castellón de la Plana/Castelló de la Plana;I. CRIMINALIDAD CONVENCIONAL;enero-junio 2024;3.309
12040 Castellón de la Plana/Castelló de la Plana;1. Homicidios dolosos y asesinatos consumados;enero-junio 2024;0
12040 Castellón de la Plana/Castelló de la Plana;2. Homicidios dolosos y asesinatos en grado tentativa;enero-junio 2024;1
12040 Castellón de la Plana/Castelló de la Plana;3. Delitos graves y menos graves de lesiones y riña tumultuaria;enero-junio 2024;52
12040 Castellón de la Plana/Castelló de la Plana;4. Secuestro;enero-junio 2024;0
12040 Castellón de la Plana/Castelló de la Plana;5. Delitos contra la libertad sexual;enero-junio 2024;29
12040 Castellón de la Plana/Castelló de la Plana;5.1.-Agresión sexual con penetración;enero-junio 2024;9
12040 Castellón de la Plana/Castelló de la Plana;5.2.-Resto de delitos contra la libertad sexual;enero-junio 2024;20
12040 Castellón de la Plana/Castelló de la Plana;6. Robos con violencia e intimidación;enero-junio 2024;78
12040 Castellón de la Plana/Castelló de la Plana;7. Robos con fuerza en domicilios, establecimientos y otras instalaciones;enero-junio 2024;282
12040 Castellón de la Plana/Castelló de la Plana;7.1.-Robos con fuerza en domicilios;enero-junio 2024;195
12040 Castellón de la Plana/Castelló de la Plana;8. Hurtos;enero-junio 2024;1.034
12040 Castellón de la Plana/Castelló de la Plana;9. Sustracciones de vehículos;enero-junio 2024;51
12040 Castellón de la Plana/Castelló de la Plana;10. Tráfico de drogas;enero-junio 2024;29
12040 Castellón de la Plana/Castelló de la Plana;11. Resto de criminalidad convencional;enero-junio 2024;1.753
12040 Castellón de la Plana/Castelló de la Plana;II. CIBERCRIMINALIDAD (infracciones penales cometidas en/por medio ciber);enero-junio 2024;603
12040 Castellón de la Plana/Castelló de la Plana;12.-Estafas informáticas;enero-junio 2024;546
12040 Castellón de la Plana/Castelló de la Plana;13.-Otros ciberdelitos;enero-junio 2024;57
12040 Castellón de la Plana/Castelló de la Plana;III. TOTAL INFRACCIONES PENALES;enero-junio 2024;3.912
12084 Onda;I. CRIMINALIDAD CONVENCIONAL;enero-junio 2024;417
12084 Onda;1. Homicidios dolosos y asesinatos consumados;enero-junio 2024;0
12084 Onda;2. Homicidios dolosos y asesinatos en grado tentativa;enero-junio 2024;0
12084 Onda;3. Delitos graves y menos graves de lesiones y riña tumultuaria;enero-junio 2024;10
12084 Onda;4. Secuestro;enero-junio 2024;0
12084 Onda;5. Delitos contra la libertad sexual;enero-junio 2024;6
12084 Onda;5.1.-Agresión sexual con penetración;enero-junio 2024;3
12084 Onda;5.2.-Resto de delitos contra la libertad sexual;enero-junio 2024;3
12084 Onda;6. Robos con violencia e intimidación;enero-junio 2024;2
12084 Onda;7. Robos con fuerza en domicilios, establecimientos y otras instalaciones;enero-junio 2024;44
12084 Onda;7.1.-Robos con fuerza en domicilios;enero-junio 2024;24
12084 Onda;8. Hurtos;enero-junio 2024;58
12084 Onda;9. Sustracciones de vehículos;enero-junio 2024;2
12084 Onda;10. Tráfico de drogas;enero-junio 2024;2
12084 Onda;11. Resto de criminalidad convencional;enero-junio 2024;293
12084 Onda;II. CIBERCRIMINALIDAD (infracciones penales cometidas en/por medio ciber);enero-junio 2024;86
12084 Onda;12.-Estafas informáticas;enero-junio 2024;71
12084 Onda;13.-Otros ciberdelitos;enero-junio 2024;15
12084 Onda;III. TOTAL INFRACCIONES PENALES;enero-junio 2024;503
12126 Vall d'Uixó (la);I. CRIMINALIDAD CONVENCIONAL;enero-junio 2024;519
12126 Vall d'Uixó (la);1. Homicidios dolosos y asesinatos consumados;enero-junio 2024;0
12126 Vall d'Uixó (la);2. Homicidios dolosos y asesinatos en grado tentativa;enero-junio 2024;0
12126 Vall d'Uixó (la);3. Delitos graves y menos graves de lesiones y riña tumultuaria;enero-junio 2024;11
12126 Vall d'Uixó (la);4. Secuestro;enero-junio 2024;0
12126 Vall d'Uixó (la);5. Delitos contra la libertad sexual;enero-junio 2024;3
12126 Vall d'Uixó (la);5.1.-Agresión sexual con penetración;enero-junio 2024;0
12126 Vall d'Uixó (la);5.2.-Resto de delitos contra la libertad sexual;enero-junio 2024;3
12126 Vall d'Uixó (la);6. Robos con violencia e intimidación;enero-junio 2024;4
12126 Vall d'Uixó (la);7. Robos con fuerza en domicilios, establecimientos y otras instalaciones;enero-junio 2024;58
12126 Vall d'Uixó (la);7.1.-Robos con fuerza en domicilios;enero-junio 2024;39
12126 Vall d'Uixó (la);8. Hurtos;enero-junio 2024;112
12126 Vall d'Uixó (la);9. Sustracciones de vehículos;enero-junio 2024;4
12126 Vall d'Uixó (la);10. Tráfico de drogas;enero-junio 2024;2
12126 Vall d'Uixó (la);11. Resto de criminalidad convencional;enero-junio 2024;325
12126 Vall d'Uixó (la);II. CIBERCRIMINALIDAD (infracciones penales cometidas en/por medio ciber);enero-junio 2024;119
12126 Vall d'Uixó (la);12.-Estafas informáticas;enero-junio 2024;88
12126 Vall d'Uixó (la);13.-Otros ciberdelitos;enero-junio 2024;31
12126 Vall d'Uixó (la);III. TOTAL INFRACCIONES PENALES;enero-junio 2024;638
12135 Vila-real;I. CRIMINALIDAD CONVENCIONAL;enero-junio 2024;587
12135 Vila-real;1. Homicidios dolosos y asesinatos consumados;enero-junio 2024;0
12135 Vila-real;2. Homicidios dolosos y asesinatos en grado tentativa;enero-junio 2024;0
12135 Vila-real;3. Delitos graves y menos graves de lesiones y riña tumultuaria;enero-junio 2024;6
12135 Vila-real;4. Secuestro;enero-junio 2024;0
12135 Vila-real;5. Delitos contra la libertad sexual;enero-junio 2024;8
12135 Vila-real;5.1.-Agresión sexual con penetración;enero-junio 2024;1
12135 Vila-real;5.2.-Resto de delitos contra la libertad sexual;enero-junio 2024;7
12135 Vila-real;6. Robos con violencia e intimidación;enero-junio 2024;15
12135 Vila-real;7. Robos con fuerza en domicilios, establecimientos y otras instalaciones;enero-junio 2024;63
12135 Vila-real;7.1.-Robos con fuerza en domicilios;enero-junio 2024;48
12135 Vila-real;8. Hurtos;enero-junio 2024;156
12135 Vila-real;9. Sustracciones de vehículos;enero-junio 2024;11
12135 Vila-real;10. Tráfico de drogas;enero-junio 2024;4
12135 Vila-real;11. Resto de criminalidad convencional;enero-junio 2024;324
12135 Vila-real;II. CIBERCRIMINALIDAD (infracciones penales cometidas en/por medio ciber);enero-junio 2024;157
12135 Vila-real;12.-Estafas informáticas;enero-junio 2024;143
12135 Vila-real;13.-Otros ciberdelitos;enero-junio 2024;14
12135 Vila-real;III. TOTAL INFRACCIONES PENALES;enero-junio 2024;744
12138 Vinaròs;I. CRIMINALIDAD CONVENCIONAL;enero-junio 2024;907
12138 Vinaròs;1. Homicidios dolosos y asesinatos consumados;enero-junio 2024;0
12138 Vinaròs;2. Homicidios dolosos y asesinatos en grado tentativa;enero-junio 2024;0
12138 Vinaròs;3. Delitos graves y menos graves de lesiones y riña tumultuaria;enero-junio 2024;25
12138 Vinaròs;4. Secuestro;enero-junio 2024;0
12138 Vinaròs;5. Delitos contra la libertad sexual;enero-junio 2024;4
12138 Vinaròs;5.1.-Agresión sexual con penetración;enero-junio 2024;0
12138 Vinaròs;5.2.-Resto de delitos contra la libertad sexual;enero-junio 2024;4
12138 Vinaròs;6. Robos con violencia e intimidación;enero-junio 2024;9
12138 Vinaròs;7. Robos con fuerza en domicilios, establecimientos y otras instalaciones;enero-junio 2024;94
12138 Vinaròs;7.1.-Robos con fuerza en domicilios;enero-junio 2024;82
12138 Vinaròs;8. Hurtos;enero-junio 2024;238
12138 Vinaròs;9. Sustracciones de vehículos;enero-junio 2024;6
12138 Vinaròs;10. Tráfico de drogas;enero-junio 2024;4
12138 Vinaròs;11. Resto de criminalidad convencional;enero-junio 2024;527
12138 Vinaròs;II. CIBERCRIMINALIDAD (infracciones penales cometidas en/por medio ciber);enero-junio 2024;93
12138 Vinaròs;12.-Estafas informáticas;enero-junio 2024;76
12138 Vinaròs;13.-Otros ciberdelitos;enero-junio 2024;17
12138 Vinaròs;III. TOTAL INFRACCIONES PENALES;enero-junio 2024;1.000
Provincia de VALENCIA/VALÈNCIA;I. CRIMINALIDAD CONVENCIONAL;enero-junio 2024;63.158
Provincia de VALENCIA/VALÈNCIA;1. Homicidios dolosos y asesinatos consumados;enero-junio 2024;27
Provincia de VALENCIA/VALÈNCIA;2. Homicidios dolosos y asesinatos en grado tentativa;enero-junio 2024;38
Provincia de VALENCIA/VALÈNCIA;3. Delitos graves y menos graves de lesiones y riña tumultuaria;enero-junio 2024;873
Provincia de VALENCIA/VALÈNCIA;4. Secuestro;enero-junio 2024;0
Provincia de VALENCIA/VALÈNCIA;5. Delitos contra la libertad sexual;enero-junio 2024;593
Provincia de VALENCIA/VALÈNCIA;5.1.-Agresión sexual con penetración;enero-junio 2024;123
Provincia de VALENCIA/VALÈNCIA;5.2.-Resto de delitos contra la libertad sexual;enero-junio 2024;470
Provincia de VALENCIA/VALÈNCIA;6. Robos con violencia e intimidación;enero-junio 2024;1.771
Provincia de VALENCIA/VALÈNCIA;7. Robos con fuerza en domicilios, establecimientos y otras instalaciones;enero-junio 2024;4.272
Provincia de VALENCIA/VALÈNCIA;7.1.-Robos con fuerza en domicilios;enero-junio 2024;3.456
Provincia de VALENCIA/VALÈNCIA;8. Hurtos;enero-junio 2024;20.835
Provincia de VALENCIA/VALÈNCIA;9. Sustracciones de vehículos;enero-junio 2024;825
Provincia de VALENCIA/VALÈNCIA;10. Tráfico de drogas;enero-junio 2024;755
Provincia de VALENCIA/VALÈNCIA;11. Resto de criminalidad convencional;enero-junio 2024;33.169
Provincia de VALENCIA/VALÈNCIA;II. CIBERCRIMINALIDAD (infracciones penales cometidas en/por medio ciber);enero-junio 2024;12.672
Provincia de VALENCIA/VALÈNCIA;12.-Estafas informáticas;enero-junio 2024;11.092
Provincia de VALENCIA/VALÈNCIA;13.-Otros ciberdelitos;enero-junio 2024;1.580
Provincia de VALENCIA/VALÈNCIA;III. TOTAL INFRACCIONES PENALES;enero-junio 2024;75.830
46005 Alaquàs;I. CRIMINALIDAD CONVENCIONAL;enero-junio 2024;391
46005 Alaquàs;1. Homicidios dolosos y asesinatos consumados;enero-junio 2024;1
46005 Alaquàs;2. Homicidios dolosos y asesinatos en grado tentativa;enero-junio 2024;0
46005 Alaquàs;3. Delitos graves y menos graves de lesiones y riña tumultuaria;enero-junio 2024;4
46005 Alaquàs;4. Secuestro;enero-junio 2024;0
46005 Alaquàs;5. Delitos contra la libertad sexual;enero-junio 2024;4
46005 Alaquàs;5.1.-Agresión sexual con penetración;enero-junio 2024;1
46005 Alaquàs;5.2.-Resto de delitos contra la libertad sexual;enero-junio 2024;3
46005 Alaquàs;6. Robos con violencia e intimidación;enero-junio 2024;14
46005 Alaquàs;7. Robos con fuerza en domicilios, establecimientos y otras instalaciones;enero-junio 2024;21
46005 Alaquàs;7.1.-Robos con fuerza en domicilios;enero-junio 2024;18
46005 Alaquàs;8. Hurtos;enero-junio 2024;94
46005 Alaquàs;9. Sustracciones de vehículos;enero-junio 2024;6
46005 Alaquàs;10. Tráfico de drogas;enero-junio 2024;10
46005 Alaquàs;11. Resto de criminalidad convencional;enero-junio 2024;237
46005 Alaquàs;II. CIBERCRIMINALIDAD (infracciones penales cometidas en/por medio ciber);enero-junio 2024;96
46005 Alaquàs;12.-Estafas informáticas;enero-junio 2024;87
46005 Alaquàs;13.-Otros ciberdelitos;enero-junio 2024;9
46005 Alaquàs;III. TOTAL INFRACCIONES PENALES;enero-junio 2024;487
46013 Alboraia/Alboraya;I. CRIMINALIDAD CONVENCIONAL;enero-junio 2024;701
46013 Alboraia/Alboraya;1. Homicidios dolosos y asesinatos consumados;enero-junio 2024;0
46013 Alboraia/Alboraya;2. Homicidios dolosos y asesinatos en grado tentativa;enero-junio 2024;0
46013 Alboraia/Alboraya;3. Delitos graves y menos graves de lesiones y riña tumultuaria;enero-junio 2024;2
46013 Alboraia/Alboraya;4. Secuestro;enero-junio 2024;0
46013 Alboraia/Alboraya;5. Delitos contra la libertad sexual;enero-junio 2024;2
46013 Alboraia/Alboraya;5.1.-Agresión sexual con penetración;enero-junio 2024;1
46013 Alboraia/Alboraya;5.2.-Resto de delitos contra la libertad sexual;enero-junio 2024;1
46013 Alboraia/Alboraya;6. Robos con violencia e intimidación;enero-junio 2024;10
46013 Alboraia/Alboraya;7. Robos con fuerza en domicilios, establecimientos y otras instalaciones;enero-junio 2024;56
46013 Alboraia/Alboraya;7.1.-Robos con fuerza en domicilios;enero-junio 2024;45
46013 Alboraia/Alboraya;8. Hurtos;enero-junio 2024;245
46013 Alboraia/Alboraya;9. Sustracciones de vehículos;enero-junio 2024;6
46013 Alboraia/Alboraya;10. Tráfico de drogas;enero-junio 2024;3
46013 Alboraia/Alboraya;11. Resto de criminalidad convencional;enero-junio 2024;377
46013 Alboraia/Alboraya;II. CIBERCRIMINALIDAD (infracciones penales cometidas en/por medio ciber);enero-junio 2024;134
46013 Alboraia/Alboraya;12.-Estafas informáticas;enero-junio 2024;115
46013 Alboraia/Alboraya;13.-Otros ciberdelitos;enero-junio 2024;19
46013 Alboraia/Alboraya;III. TOTAL INFRACCIONES PENALES;enero-junio 2024;835
46021 Aldaia;I. CRIMINALIDAD CONVENCIONAL;enero-junio 2024;1.059
46021 Aldaia;1. Homicidios dolosos y asesinatos consumados;enero-junio 2024;0
46021 Aldaia;2. Homicidios dolosos y asesinatos en grado tentativa;enero-junio 2024;1
46021 Aldaia;3. Delitos graves y menos graves de lesiones y riña tumultuaria;enero-junio 2024;11
46021 Aldaia;4. Secuestro;enero-junio 2024;0
46021 Aldaia;5. Delitos contra la libertad sexual;enero-junio 2024;3
46021 Aldaia;5.1.-Agresión sexual con penetración;enero-junio 2024;0
46021 Aldaia;5.2.-Resto de delitos contra la libertad sexual;enero-junio 2024;3
46021 Aldaia;6. Robos con violencia e intimidación;enero-junio 2024;12
46021 Aldaia;7. Robos con fuerza en domicilios, establecimientos y otras instalaciones;enero-junio 2024;26
46021 Aldaia;7.1.-Robos con fuerza en domicilios;enero-junio 2024;18
46021 Aldaia;8. Hurtos;enero-junio 2024;620
46021 Aldaia;9. Sustracciones de vehículos;enero-junio 2024;24
46021 Aldaia;10. Tráfico de drogas;enero-junio 2024;1
46021 Aldaia;11. Resto de criminalidad convencional;enero-junio 2024;361
46021 Aldaia;II. CIBERCRIMINALIDAD (infracciones penales cometidas en/por medio ciber);enero-junio 2024;150
46021 Aldaia;12.-Estafas informáticas;enero-junio 2024;138
46021 Aldaia;13.-Otros ciberdelitos;enero-junio 2024;12
46021 Aldaia;III. TOTAL INFRACCIONES PENALES;enero-junio 2024;1.209
46022 Alfafar;I. CRIMINALIDAD CONVENCIONAL;enero-junio 2024;750
46022 Alfafar;1. Homicidios dolosos y asesinatos consumados;enero-junio 2024;1
46022 Alfafar;2. Homicidios dolosos y asesinatos en grado tentativa;enero-junio 2024;0
46022 Alfafar;3. Delitos graves y menos graves de lesiones y riña tumultuaria;enero-junio 2024;8
46022 Alfafar;4. Secuestro;enero-junio 2024;0
46022 Alfafar;5. Delitos contra la libertad sexual;enero-junio 2024;2
46022 Alfafar;5.1.-Agresión sexual con penetración;enero-junio 2024;0
46022 Alfafar;5.2.-Resto de delitos contra la libertad sexual;enero-junio 2024;2
46022 Alfafar;6. Robos con violencia e intimidación;enero-junio 2024;17
46022 Alfafar;7. Robos con fuerza en domicilios, establecimientos y otras instalaciones;enero-junio 2024;20
46022 Alfafar;7.1.-Robos con fuerza en domicilios;enero-junio 2024;13
46022 Alfafar;8. Hurtos;enero-junio 2024;256
46022 Alfafar;9. Sustracciones de vehículos;enero-junio 2024;5
46022 Alfafar;10. Tráfico de drogas;enero-junio 2024;1
46022 Alfafar;11. Resto de criminalidad convencional;enero-junio 2024;440
46022 Alfafar;II. CIBERCRIMINALIDAD (infracciones penales cometidas en/por medio ciber);enero-junio 2024;154
46022 Alfafar;12.-Estafas informáticas;enero-junio 2024;130
46022 Alfafar;13.-Otros ciberdelitos;enero-junio 2024;24
46022 Alfafar;III. TOTAL INFRACCIONES PENALES;enero-junio 2024;904
46029 Algemesí;I. CRIMINALIDAD CONVENCIONAL;enero-junio 2024;565
46029 Algemesí;1. Homicidios dolosos y asesinatos consumados;enero-junio 2024;1
46029 Algemesí;2. Homicidios dolosos y asesinatos en grado tentativa;enero-junio 2024;1
46029 Algemesí;3. Delitos graves y menos graves de lesiones y riña tumultuaria;enero-junio 2024;9
46029 Algemesí;4. Secuestro;enero-junio 2024;0
46029 Algemesí;5. Delitos contra la libertad sexual;enero-junio 2024;6
46029 Algemesí;5.1.-Agresión sexual con penetración;enero-junio 2024;3
46029 Algemesí;5.2.-Resto de delitos contra la libertad sexual;enero-junio 2024;3
46029 Algemesí;6. Robos con violencia e intimidación;enero-junio 2024;10
46029 Algemesí;7. Robos con fuerza en domicilios, establecimientos y otras instalaciones;enero-junio 2024;43
46029 Algemesí;7.1.-Robos con fuerza en domicilios;enero-junio 2024;31
46029 Algemesí;8. Hurtos;enero-junio 2024;119
46029 Algemesí;9. Sustracciones de vehículos;enero-junio 2024;3
46029 Algemesí;10. Tráfico de drogas;enero-junio 2024;2
46029 Algemesí;11. Resto de criminalidad convencional;enero-junio 2024;371
46029 Algemesí;II. CIBERCRIMINALIDAD (infracciones penales cometidas en/por medio ciber);enero-junio 2024;111
46029 Algemesí;12.-Estafas informáticas;enero-junio 2024;100
46029 Algemesí;13.-Otros ciberdelitos;enero-junio 2024;11
46029 Algemesí;III. TOTAL INFRACCIONES PENALES;enero-junio 2024;676
46017 Alzira;I. CRIMINALIDAD CONVENCIONAL;enero-junio 2024;1.215
46017 Alzira;1. Homicidios dolosos y asesinatos consumados;enero-junio 2024;2
46017 Alzira;2. Homicidios dolosos y asesinatos en grado tentativa;enero-junio 2024;1
46017 Alzira;3. Delitos graves y menos graves de lesiones y riña tumultuaria;enero-junio 2024;21
46017 Alzira;4. Secuestro;enero-junio 2024;0
46017 Alzira;5. Delitos contra la libertad sexual;enero-junio 2024;12
46017 Alzira;5.1.-Agresión sexual con penetración;enero-junio 2024;0
46017 Alzira;5.2.-Resto de delitos contra la libertad sexual;enero-junio 2024;12
46017 Alzira;6. Robos con violencia e intimidación;enero-junio 2024;26
46017 Alzira;7. Robos con fuerza en domicilios, establecimientos y otras instalaciones;enero-junio 2024;184
46017 Alzira;7.1.-Robos con fuerza en domicilios;enero-junio 2024;169
46017 Alzira;8. Hurtos;enero-junio 2024;291
46017 Alzira;9. Sustracciones de vehículos;enero-junio 2024;8
46017 Alzira;10. Tráfico de drogas;enero-junio 2024;9
46017 Alzira;11. Resto de criminalidad convencional;enero-junio 2024;661
46017 Alzira;II. CIBERCRIMINALIDAD (infracciones penales cometidas en/por medio ciber);enero-junio 2024;199
46017 Alzira;12.-Estafas informáticas;enero-junio 2024;179
46017 Alzira;13.-Otros ciberdelitos;enero-junio 2024;20
46017 Alzira;III. TOTAL INFRACCIONES PENALES;enero-junio 2024;1.414
46070 Bétera;I. CRIMINALIDAD CONVENCIONAL;enero-junio 2024;365
46070 Bétera;1. Homicidios dolosos y asesinatos consumados;enero-junio 2024;0
46070 Bétera;2. Homicidios dolosos y asesinatos en grado tentativa;enero-junio 2024;0
46070 Bétera;3. Delitos graves y menos graves de lesiones y riña tumultuaria;enero-junio 2024;7
46070 Bétera;4. Secuestro;enero-junio 2024;0
46070 Bétera;5. Delitos contra la libertad sexual;enero-junio 2024;6
46070 Bétera;5.1.-Agresión sexual con penetración;enero-junio 2024;1
46070 Bétera;5.2.-Resto de delitos contra la libertad sexual;enero-junio 2024;5
46070 Bétera;6. Robos con violencia e intimidación;enero-junio 2024;10
46070 Bétera;7. Robos con fuerza en domicilios, establecimientos y otras instalaciones;enero-junio 2024;54
46070 Bétera;7.1.-Robos con fuerza en domicilios;enero-junio 2024;51
46070 Bétera;8. Hurtos;enero-junio 2024;62
46070 Bétera;9. Sustracciones de vehículos;enero-junio 2024;10
46070 Bétera;10. Tráfico de drogas;enero-junio 2024;1
46070 Bétera;11. Resto de criminalidad convencional;enero-junio 2024;215
46070 Bétera;II. CIBERCRIMINALIDAD (infracciones penales cometidas en/por medio ciber);enero-junio 2024;154
46070 Bétera;12.-Estafas informáticas;enero-junio 2024;128
46070 Bétera;13.-Otros ciberdelitos;enero-junio 2024;26
46070 Bétera;III. TOTAL INFRACCIONES PENALES;enero-junio 2024;519
46078 Burjassot;I. CRIMINALIDAD CONVENCIONAL;enero-junio 2024;661
46078 Burjassot;1. Homicidios dolosos y asesinatos consumados;enero-junio 2024;0
46078 Burjassot;2. Homicidios dolosos y asesinatos en grado tentativa;enero-junio 2024;1
46078 Burjassot;3. Delitos graves y menos graves de lesiones y riña tumultuaria;enero-junio 2024;5
46078 Burjassot;4. Secuestro;enero-junio 2024;0
46078 Burjassot;5. Delitos contra la libertad sexual;enero-junio 2024;9
46078 Burjassot;5.1.-Agresión sexual con penetración;enero-junio 2024;1
46078 Burjassot;5.2.-Resto de delitos contra la libertad sexual;enero-junio 2024;8
46078 Burjassot;6. Robos con violencia e intimidación;enero-junio 2024;25
46078 Burjassot;7. Robos con fuerza en domicilios, establecimientos y otras instalaciones;enero-junio 2024;54
46078 Burjassot;7.1.-Robos con fuerza en domicilios;enero-junio 2024;34
46078 Burjassot;8. Hurtos;enero-junio 2024;183
46078 Burjassot;9. Sustracciones de vehículos;enero-junio 2024;7
46078 Burjassot;10. Tráfico de drogas;enero-junio 2024;9
46078 Burjassot;11. Resto de criminalidad convencional;enero-junio 2024;368
46078 Burjassot;II. CIBERCRIMINALIDAD (infracciones penales cometidas en/por medio ciber);enero-junio 2024;137
46078 Burjassot;12.-Estafas informáticas;enero-junio 2024;118
46078 Burjassot;13.-Otros ciberdelitos;enero-junio 2024;19
46078 Burjassot;III. TOTAL INFRACCIONES PENALES;enero-junio 2024;798
46083 Carcaixent;I. CRIMINALIDAD CONVENCIONAL;enero-junio 2024;435
46083 Carcaixent;1. Homicidios dolosos y asesinatos consumados;enero-junio 2024;0
46083 Carcaixent;2. Homicidios dolosos y asesinatos en grado tentativa;enero-junio 2024;0
46083 Carcaixent;3. Delitos graves y menos graves de lesiones y riña tumultuaria;enero-junio 2024;14
46083 Carcaixent;4. Secuestro;enero-junio 2024;0
46083 Carcaixent;5. Delitos contra la libertad sexual;enero-junio 2024;4
46083 Carcaixent;5.1.-Agresión sexual con penetración;enero-junio 2024;1
46083 Carcaixent;5.2.-Resto de delitos contra la libertad sexual;enero-junio 2024;3
46083 Carcaixent;6. Robos con violencia e intimidación;enero-junio 2024;9
46083 Carcaixent;7. Robos con fuerza en domicilios, establecimientos y otras instalaciones;enero-junio 2024;40
46083 Carcaixent;7.1.-Robos con fuerza en domicilios;enero-junio 2024;36
46083 Carcaixent;8. Hurtos;enero-junio 2024;136
46083 Carcaixent;9. Sustracciones de vehículos;enero-junio 2024;0
46083 Carcaixent;10. Tráfico de drogas;enero-junio 2024;0
46083 Carcaixent;11. Resto de criminalidad convencional;enero-junio 2024;232
46083 Carcaixent;II. CIBERCRIMINALIDAD (infracciones penales cometidas en/por medio ciber);enero-junio 2024;124
46083 Carcaixent;12.-Estafas informáticas;enero-junio 2024;102
46083 Carcaixent;13.-Otros ciberdelitos;enero-junio 2024;22
46083 Carcaixent;III. TOTAL INFRACCIONES PENALES;enero-junio 2024;559
46094 Catarroja;I. CRIMINALIDAD CONVENCIONAL;enero-junio 2024;477
46094 Catarroja;1. Homicidios dolosos y asesinatos consumados;enero-junio 2024;1
46094 Catarroja;2. Homicidios dolosos y asesinatos en grado tentativa;enero-junio 2024;0
46094 Catarroja;3. Delitos graves y menos graves de lesiones y riña tumultuaria;enero-junio 2024;5
46094 Catarroja;4. Secuestro;enero-junio 2024;0
46094 Catarroja;5. Delitos contra la libertad sexual;enero-junio 2024;9
46094 Catarroja;5.1.-Agresión sexual con penetración;enero-junio 2024;1
46094 Catarroja;5.2.-Resto de delitos contra la libertad sexual;enero-junio 2024;8
46094 Catarroja;6. Robos con violencia e intimidación;enero-junio 2024;17
46094 Catarroja;7. Robos con fuerza en domicilios, establecimientos y otras instalaciones;enero-junio 2024;35
46094 Catarroja;7.1.-Robos con fuerza en domicilios;enero-junio 2024;27
46094 Catarroja;8. Hurtos;enero-junio 2024;106
46094 Catarroja;9. Sustracciones de vehículos;enero-junio 2024;10
46094 Catarroja;10. Tráfico de drogas;enero-junio 2024;1
46094 Catarroja;11. Resto de criminalidad convencional;enero-junio 2024;293
46094 Catarroja;II. CIBERCRIMINALIDAD (infracciones penales cometidas en/por medio ciber);enero-junio 2024;145
46094 Catarroja;12.-Estafas informáticas;enero-junio 2024;123
46094 Catarroja;13.-Otros ciberdelitos;enero-junio 2024;22
46094 Catarroja;III. TOTAL INFRACCIONES PENALES;enero-junio 2024;622
46105 Cullera;I. CRIMINALIDAD CONVENCIONAL;enero-junio 2024;753
46105 Cullera;1. Homicidios dolosos y asesinatos consumados;enero-junio 2024;1
46105 Cullera;2. Homicidios dolosos y asesinatos en grado tentativa;enero-junio 2024;0
46105 Cullera;3. Delitos graves y menos graves de lesiones y riña tumultuaria;enero-junio 2024;10
46105 Cullera;4. Secuestro;enero-junio 2024;0
46105 Cullera;5. Delitos contra la libertad sexual;enero-junio 2024;8
46105 Cullera;5.1.-Agresión sexual con penetración;enero-junio 2024;0
46105 Cullera;5.2.-Resto de delitos contra la libertad sexual;enero-junio 2024;8
46105 Cullera;6. Robos con violencia e intimidación;enero-junio 2024;6
46105 Cullera;7. Robos con fuerza en domicilios, establecimientos y otras instalaciones;enero-junio 2024;46
46105 Cullera;7.1.-Robos con fuerza en domicilios;enero-junio 2024;32
46105 Cullera;8. Hurtos;enero-junio 2024;214
46105 Cullera;9. Sustracciones de vehículos;enero-junio 2024;13
46105 Cullera;10. Tráfico de drogas;enero-junio 2024;3
46105 Cullera;11. Resto de criminalidad convencional;enero-junio 2024;452
46105 Cullera;II. CIBERCRIMINALIDAD (infracciones penales cometidas en/por medio ciber);enero-junio 2024;125
46105 Cullera;12.-Estafas informáticas;enero-junio 2024;108
46105 Cullera;13.-Otros ciberdelitos;enero-junio 2024;17
46105 Cullera;III. TOTAL INFRACCIONES PENALES;enero-junio 2024;878
46131 Gandia;I. CRIMINALIDAD CONVENCIONAL;enero-junio 2024;1.932
46131 Gandia;1. Homicidios dolosos y asesinatos consumados;enero-junio 2024;1
46131 Gandia;2. Homicidios dolosos y asesinatos en grado tentativa;enero-junio 2024;2
46131 Gandia;3. Delitos graves y menos graves de lesiones y riña tumultuaria;enero-junio 2024;26
46131 Gandia;4. Secuestro;enero-junio 2024;0
46131 Gandia;5. Delitos contra la libertad sexual;enero-junio 2024;24
46131 Gandia;5.1.-Agresión sexual con penetración;enero-junio 2024;5
46131 Gandia;5.2.-Resto de delitos contra la libertad sexual;enero-junio 2024;19
46131 Gandia;6. Robos con violencia e intimidación;enero-junio 2024;33
46131 Gandia;7. Robos con fuerza en domicilios, establecimientos y otras instalaciones;enero-junio 2024;128
46131 Gandia;7.1.-Robos con fuerza en domicilios;enero-junio 2024;89
46131 Gandia;8. Hurtos;enero-junio 2024;541
46131 Gandia;9. Sustracciones de vehículos;enero-junio 2024;33
46131 Gandia;10. Tráfico de drogas;enero-junio 2024;34
46131 Gandia;11. Resto de criminalidad convencional;enero-junio 2024;1.110
46131 Gandia;II. CIBERCRIMINALIDAD (infracciones penales cometidas en/por medio ciber);enero-junio 2024;409
46131 Gandia;12.-Estafas informáticas;enero-junio 2024;384
46131 Gandia;13.-Otros ciberdelitos;enero-junio 2024;25
46131 Gandia;III. TOTAL INFRACCIONES PENALES;enero-junio 2024;2.341
46147 Llíria;I. CRIMINALIDAD CONVENCIONAL;enero-junio 2024;650
46147 Llíria;1. Homicidios dolosos y asesinatos consumados;enero-junio 2024;0
46147 Llíria;2. Homicidios dolosos y asesinatos en grado tentativa;enero-junio 2024;1
46147 Llíria;3. Delitos graves y menos graves de lesiones y riña tumultuaria;enero-junio 2024;14
46147 Llíria;4. Secuestro;enero-junio 2024;0
46147 Llíria;5. Delitos contra la libertad sexual;enero-junio 2024;6
46147 Llíria;5.1.-Agresión sexual con penetración;enero-junio 2024;1
46147 Llíria;5.2.-Resto de delitos contra la libertad sexual;enero-junio 2024;5
46147 Llíria;6. Robos con violencia e intimidación;enero-junio 2024;11
46147 Llíria;7. Robos con fuerza en domicilios, establecimientos y otras instalaciones;enero-junio 2024;101
46147 Llíria;7.1.-Robos con fuerza en domicilios;enero-junio 2024;95
46147 Llíria;8. Hurtos;enero-junio 2024;123
46147 Llíria;9. Sustracciones de vehículos;enero-junio 2024;1
46147 Llíria;10. Tráfico de drogas;enero-junio 2024;3
46147 Llíria;11. Resto de criminalidad convencional;enero-junio 2024;390
46147 Llíria;II. CIBERCRIMINALIDAD (infracciones penales cometidas en/por medio ciber);enero-junio 2024;117
46147 Llíria;12.-Estafas informáticas;enero-junio 2024;91
46147 Llíria;13.-Otros ciberdelitos;enero-junio 2024;26
46147 Llíria;III. TOTAL INFRACCIONES PENALES;enero-junio 2024;767
46159 Manises;I. CRIMINALIDAD CONVENCIONAL;enero-junio 2024;561
46159 Manises;1. Homicidios dolosos y asesinatos consumados;enero-junio 2024;0
46159 Manises;2. Homicidios dolosos y asesinatos en grado tentativa;enero-junio 2024;1
46159 Manises;3. Delitos graves y menos graves de lesiones y riña tumultuaria;enero-junio 2024;5
46159 Manises;4. Secuestro;enero-junio 2024;0
46159 Manises;5. Delitos contra la libertad sexual;enero-junio 2024;10
46159 Manises;5.1.-Agresión sexual con penetración;enero-junio 2024;1
46159 Manises;5.2.-Resto de delitos contra la libertad sexual;enero-junio 2024;9
46159 Manises;6. Robos con violencia e intimidación;enero-junio 2024;7
46159 Manises;7. Robos con fuerza en domicilios, establecimientos y otras instalaciones;enero-junio 2024;24
46159 Manises;7.1.-Robos con fuerza en domicilios;enero-junio 2024;16
46159 Manises;8. Hurtos;enero-junio 2024;171
46159 Manises;9. Sustracciones de vehículos;enero-junio 2024;49
46159 Manises;10. Tráfico de drogas;enero-junio 2024;33
46159 Manises;11. Resto de criminalidad convencional;enero-junio 2024;261
46159 Manises;II. CIBERCRIMINALIDAD (infracciones penales cometidas en/por medio ciber);enero-junio 2024;100
46159 Manises;12.-Estafas informáticas;enero-junio 2024;86
46159 Manises;13.-Otros ciberdelitos;enero-junio 2024;14
46159 Manises;III. TOTAL INFRACCIONES PENALES;enero-junio 2024;661
46169 Mislata;I. CRIMINALIDAD CONVENCIONAL;enero-junio 2024;692
46169 Mislata;1. Homicidios dolosos y asesinatos consumados;enero-junio 2024;0
46169 Mislata;2. Homicidios dolosos y asesinatos en grado tentativa;enero-junio 2024;1
46169 Mislata;3. Delitos graves y menos graves de lesiones y riña tumultuaria;enero-junio 2024;6
46169 Mislata;4. Secuestro;enero-junio 2024;0
46169 Mislata;5. Delitos contra la libertad sexual;enero-junio 2024;13
46169 Mislata;5.1.-Agresión sexual con penetración;enero-junio 2024;2
46169 Mislata;5.2.-Resto de delitos contra la libertad sexual;enero-junio 2024;11
46169 Mislata;6. Robos con violencia e intimidación;enero-junio 2024;14
46169 Mislata;7. Robos con fuerza en domicilios, establecimientos y otras instalaciones;enero-junio 2024;44
46169 Mislata;7.1.-Robos con fuerza en domicilios;enero-junio 2024;35
46169 Mislata;8. Hurtos;enero-junio 2024;193
46169 Mislata;9. Sustracciones de vehículos;enero-junio 2024;13
46169 Mislata;10. Tráfico de drogas;enero-junio 2024;1
46169 Mislata;11. Resto de criminalidad convencional;enero-junio 2024;407
46169 Mislata;II. CIBERCRIMINALIDAD (infracciones penales cometidas en/por medio ciber);enero-junio 2024;214
46169 Mislata;12.-Estafas informáticas;enero-junio 2024;200
46169 Mislata;13.-Otros ciberdelitos;enero-junio 2024;14
46169 Mislata;III. TOTAL INFRACCIONES PENALES;enero-junio 2024;906
46171 Moncada;I. CRIMINALIDAD CONVENCIONAL;enero-junio 2024;353
46171 Moncada;1. Homicidios dolosos y asesinatos consumados;enero-junio 2024;0
46171 Moncada;2. Homicidios dolosos y asesinatos en grado tentativa;enero-junio 2024;0
46171 Moncada;3. Delitos graves y menos graves de lesiones y riña tumultuaria;enero-junio 2024;2
46171 Moncada;4. Secuestro;enero-junio 2024;0
46171 Moncada;5. Delitos contra la libertad sexual;enero-junio 2024;2
46171 Moncada;5.1.-Agresión sexual con penetración;enero-junio 2024;0
46171 Moncada;5.2.-Resto de delitos contra la libertad sexual;enero-junio 2024;2
46171 Moncada;6. Robos con violencia e intimidación;enero-junio 2024;5
46171 Moncada;7. Robos con fuerza en domicilios, establecimientos y otras instalaciones;enero-junio 2024;40
46171 Moncada;7.1.-Robos con fuerza en domicilios;enero-junio 2024;34
46171 Moncada;8. Hurtos;enero-junio 2024;80
46171 Moncada;9. Sustracciones de vehículos;enero-junio 2024;4
46171 Moncada;10. Tráfico de drogas;enero-junio 2024;0
46171 Moncada;11. Resto de criminalidad convencional;enero-junio 2024;220
46171 Moncada;II. CIBERCRIMINALIDAD (infracciones penales cometidas en/por medio ciber);enero-junio 2024;104
46171 Moncada;12.-Estafas informáticas;enero-junio 2024;87
46171 Moncada;13.-Otros ciberdelitos;enero-junio 2024;17
46171 Moncada;III. TOTAL INFRACCIONES PENALES;enero-junio 2024;457
46181 Oliva;I. CRIMINALIDAD CONVENCIONAL;enero-junio 2024;598
46181 Oliva;1. Homicidios dolosos y asesinatos consumados;enero-junio 2024;0
46181 Oliva;2. Homicidios dolosos y asesinatos en grado tentativa;enero-junio 2024;0
46181 Oliva;3. Delitos graves y menos graves de lesiones y riña tumultuaria;enero-junio 2024;10
46181 Oliva;4. Secuestro;enero-junio 2024;0
46181 Oliva;5. Delitos contra la libertad sexual;enero-junio 2024;5
46181 Oliva;5.1.-Agresión sexual con penetración;enero-junio 2024;0
46181 Oliva;5.2.-Resto de delitos contra la libertad sexual;enero-junio 2024;5
46181 Oliva;6. Robos con violencia e intimidación;enero-junio 2024;8
46181 Oliva;7. Robos con fuerza en domicilios, establecimientos y otras instalaciones;enero-junio 2024;70
46181 Oliva;7.1.-Robos con fuerza en domicilios;enero-junio 2024;63
46181 Oliva;8. Hurtos;enero-junio 2024;149
46181 Oliva;9. Sustracciones de vehículos;enero-junio 2024;11
46181 Oliva;10. Tráfico de drogas;enero-junio 2024;4
46181 Oliva;11. Resto de criminalidad convencional;enero-junio 2024;341
46181 Oliva;II. CIBERCRIMINALIDAD (infracciones penales cometidas en/por medio ciber);enero-junio 2024;130
46181 Oliva;12.-Estafas informáticas;enero-junio 2024;112
46181 Oliva;13.-Otros ciberdelitos;enero-junio 2024;18
46181 Oliva;III. TOTAL INFRACCIONES PENALES;enero-junio 2024;728
46184 Ontinyent;I. CRIMINALIDAD CONVENCIONAL;enero-junio 2024;386
46184 Ontinyent;1. Homicidios dolosos y asesinatos consumados;enero-junio 2024;0
46184 Ontinyent;2. Homicidios dolosos y asesinatos en grado tentativa;enero-junio 2024;1
46184 Ontinyent;3. Delitos graves y menos graves de lesiones y riña tumultuaria;enero-junio 2024;3
46184 Ontinyent;4. Secuestro;enero-junio 2024;0
46184 Ontinyent;5. Delitos contra la libertad sexual;enero-junio 2024;3
46184 Ontinyent;5.1.-Agresión sexual con penetración;enero-junio 2024;2
46184 Ontinyent;5.2.-Resto de delitos contra la libertad sexual;enero-junio 2024;1
46184 Ontinyent;6. Robos con violencia e intimidación;enero-junio 2024;8
46184 Ontinyent;7. Robos con fuerza en domicilios, establecimientos y otras instalaciones;enero-junio 2024;47
46184 Ontinyent;7.1.-Robos con fuerza en domicilios;enero-junio 2024;43
46184 Ontinyent;8. Hurtos;enero-junio 2024;84
46184 Ontinyent;9. Sustracciones de vehículos;enero-junio 2024;6
46184 Ontinyent;10. Tráfico de drogas;enero-junio 2024;4
46184 Ontinyent;11. Resto de criminalidad convencional;enero-junio 2024;230
46184 Ontinyent;II. CIBERCRIMINALIDAD (infracciones penales cometidas en/por medio ciber);enero-junio 2024;151
46184 Ontinyent;12.-Estafas informáticas;enero-junio 2024;142
46184 Ontinyent;13.-Otros ciberdelitos;enero-junio 2024;9
46184 Ontinyent;III. TOTAL INFRACCIONES PENALES;enero-junio 2024;537
46186 Paiporta;I. CRIMINALIDAD CONVENCIONAL;enero-junio 2024;365
46186 Paiporta;1. Homicidios dolosos y asesinatos consumados;enero-junio 2024;0
46186 Paiporta;2. Homicidios dolosos y asesinatos en grado tentativa;enero-junio 2024;0
46186 Paiporta;3. Delitos graves y menos graves de lesiones y riña tumultuaria;enero-junio 2024;10
46186 Paiporta;4. Secuestro;enero-junio 2024;0
46186 Paiporta;5. Delitos contra la libertad sexual;enero-junio 2024;8
46186 Paiporta;5.1.-Agresión sexual con penetración;enero-junio 2024;2
46186 Paiporta;5.2.-Resto de delitos contra la libertad sexual;enero-junio 2024;6
46186 Paiporta;6. Robos con violencia e intimidación;enero-junio 2024;9
46186 Paiporta;7. Robos con fuerza en domicilios, establecimientos y otras instalaciones;enero-junio 2024;18
46186 Paiporta;7.1.-Robos con fuerza en domicilios;enero-junio 2024;13
46186 Paiporta;8. Hurtos;enero-junio 2024;83
46186 Paiporta;9. Sustracciones de vehículos;enero-junio 2024;4
46186 Paiporta;10. Tráfico de drogas;enero-junio 2024;5
46186 Paiporta;11. Resto de criminalidad convencional;enero-junio 2024;228
46186 Paiporta;II. CIBERCRIMINALIDAD (infracciones penales cometidas en/por medio ciber);enero-junio 2024;96
46186 Paiporta;12.-Estafas informáticas;enero-junio 2024;81
46186 Paiporta;13.-Otros ciberdelitos;enero-junio 2024;15
46186 Paiporta;III. TOTAL INFRACCIONES PENALES;enero-junio 2024;461
46190 Paterna;I. CRIMINALIDAD CONVENCIONAL;enero-junio 2024;1.384
46190 Paterna;1. Homicidios dolosos y asesinatos consumados;enero-junio 2024;0
46190 Paterna;2. Homicidios dolosos y asesinatos en grado tentativa;enero-junio 2024;0
46190 Paterna;3. Delitos graves y menos graves de lesiones y riña tumultuaria;enero-junio 2024;17
46190 Paterna;4. Secuestro;enero-junio 2024;0
46190 Paterna;5. Delitos contra la libertad sexual;enero-junio 2024;8
46190 Paterna;5.1.-Agresión sexual con penetración;enero-junio 2024;1
46190 Paterna;5.2.-Resto de delitos contra la libertad sexual;enero-junio 2024;7
46190 Paterna;6. Robos con violencia e intimidación;enero-junio 2024;50
46190 Paterna;7. Robos con fuerza en domicilios, establecimientos y otras instalaciones;enero-junio 2024;164
46190 Paterna;7.1.-Robos con fuerza en domicilios;enero-junio 2024;104
46190 Paterna;8. Hurtos;enero-junio 2024;319
46190 Paterna;9. Sustracciones de vehículos;enero-junio 2024;32
46190 Paterna;10. Tráfico de drogas;enero-junio 2024;7
46190 Paterna;11. Resto de criminalidad convencional;enero-junio 2024;787
46190 Paterna;II. CIBERCRIMINALIDAD (infracciones penales cometidas en/por medio ciber);enero-junio 2024;379
46190 Paterna;12.-Estafas informáticas;enero-junio 2024;334
46190 Paterna;13.-Otros ciberdelitos;enero-junio 2024;45
46190 Paterna;III. TOTAL INFRACCIONES PENALES;enero-junio 2024;1.763
46194 Picassent;I. CRIMINALIDAD CONVENCIONAL;enero-junio 2024;521
46194 Picassent;1. Homicidios dolosos y asesinatos consumados;enero-junio 2024;0
46194 Picassent;2. Homicidios dolosos y asesinatos en grado tentativa;enero-junio 2024;0
46194 Picassent;3. Delitos graves y menos graves de lesiones y riña tumultuaria;enero-junio 2024;8
46194 Picassent;4. Secuestro;enero-junio 2024;0
46194 Picassent;5. Delitos contra la libertad sexual;enero-junio 2024;4
46194 Picassent;5.1.-Agresión sexual con penetración;enero-junio 2024;1
46194 Picassent;5.2.-Resto de delitos contra la libertad sexual;enero-junio 2024;3
46194 Picassent;6. Robos con violencia e intimidación;enero-junio 2024;7
46194 Picassent;7. Robos con fuerza en domicilios, establecimientos y otras instalaciones;enero-junio 2024;27
46194 Picassent;7.1.-Robos con fuerza en domicilios;enero-junio 2024;23
46194 Picassent;8. Hurtos;enero-junio 2024;143
46194 Picassent;9. Sustracciones de vehículos;enero-junio 2024;5
46194 Picassent;10. Tráfico de drogas;enero-junio 2024;26
46194 Picassent;11. Resto de criminalidad convencional;enero-junio 2024;301
46194 Picassent;II. CIBERCRIMINALIDAD (infracciones penales cometidas en/por medio ciber);enero-junio 2024;36
46194 Picassent;12.-Estafas informáticas;enero-junio 2024;31
46194 Picassent;13.-Otros ciberdelitos;enero-junio 2024;5
46194 Picassent;III. TOTAL INFRACCIONES PENALES;enero-junio 2024;557
46202 Pobla de Vallbona (la);I. CRIMINALIDAD CONVENCIONAL;enero-junio 2024;390
46202 Pobla de Vallbona (la);1. Homicidios dolosos y asesinatos consumados;enero-junio 2024;0
46202 Pobla de Vallbona (la);2. Homicidios dolosos y asesinatos en grado tentativa;enero-junio 2024;1
46202 Pobla de Vallbona (la);3. Delitos graves y menos graves de lesiones y riña tumultuaria;enero-junio 2024;9
46202 Pobla de Vallbona (la);4. Secuestro;enero-junio 2024;0
46202 Pobla de Vallbona (la);5. Delitos contra la libertad sexual;enero-junio 2024;1
46202 Pobla de Vallbona (la);5.1.-Agresión sexual con penetración;enero-junio 2024;0
46202 Pobla de Vallbona (la);5.2.-Resto de delitos contra la libertad sexual;enero-junio 2024;1
46202 Pobla de Vallbona (la);6. Robos con violencia e intimidación;enero-junio 2024;2
46202 Pobla de Vallbona (la);7. Robos con fuerza en domicilios, establecimientos y otras instalaciones;enero-junio 2024;61
46202 Pobla de Vallbona (la);7.1.-Robos con fuerza en domicilios;enero-junio 2024;57
46202 Pobla de Vallbona (la);8. Hurtos;enero-junio 2024;73
46202 Pobla de Vallbona (la);9. Sustracciones de vehículos;enero-junio 2024;8
46202 Pobla de Vallbona (la);10. Tráfico de drogas;enero-junio 2024;2
46202 Pobla de Vallbona (la);11. Resto de criminalidad convencional;enero-junio 2024;233
46202 Pobla de Vallbona (la);II. CIBERCRIMINALIDAD (infracciones penales cometidas en/por medio ciber);enero-junio 2024;149
46202 Pobla de Vallbona (la);12.-Estafas informáticas;enero-junio 2024;124
46202 Pobla de Vallbona (la);13.-Otros ciberdelitos;enero-junio 2024;25
46202 Pobla de Vallbona (la);III. TOTAL INFRACCIONES PENALES;enero-junio 2024;539
46205 Puçol;I. CRIMINALIDAD CONVENCIONAL;enero-junio 2024;282
46205 Puçol;1. Homicidios dolosos y asesinatos consumados;enero-junio 2024;0
46205 Puçol;2. Homicidios dolosos y asesinatos en grado tentativa;enero-junio 2024;0
46205 Puçol;3. Delitos graves y menos graves de lesiones y riña tumultuaria;enero-junio 2024;3
46205 Puçol;4. Secuestro;enero-junio 2024;0
46205 Puçol;5. Delitos contra la libertad sexual;enero-junio 2024;3
46205 Puçol;5.1.-Agresión sexual con penetración;enero-junio 2024;2
46205 Puçol;5.2.-Resto de delitos contra la libertad sexual;enero-junio 2024;1
46205 Puçol;6. Robos con violencia e intimidación;enero-junio 2024;4
46205 Puçol;7. Robos con fuerza en domicilios, establecimientos y otras instalaciones;enero-junio 2024;17
46205 Puçol;7.1.-Robos con fuerza en domicilios;enero-junio 2024;15
46205 Puçol;8. Hurtos;enero-junio 2024;83
46205 Puçol;9. Sustracciones de vehículos;enero-junio 2024;0
46205 Puçol;10. Tráfico de drogas;enero-junio 2024;4
46205 Puçol;11. Resto de criminalidad convencional;enero-junio 2024;168
46205 Puçol;II. CIBERCRIMINALIDAD (infracciones penales cometidas en/por medio ciber);enero-junio 2024;31
46205 Puçol;12.-Estafas informáticas;enero-junio 2024;20
46205 Puçol;13.-Otros ciberdelitos;enero-junio 2024;11
46205 Puçol;III. TOTAL INFRACCIONES PENALES;enero-junio 2024;313
46102 Quart de Poblet;I. CRIMINALIDAD CONVENCIONAL;enero-junio 2024;486
46102 Quart de Poblet;1. Homicidios dolosos y asesinatos consumados;enero-junio 2024;2
46102 Quart de Poblet;2. Homicidios dolosos y asesinatos en grado tentativa;enero-junio 2024;1
46102 Quart de Poblet;3. Delitos graves y menos graves de lesiones y riña tumultuaria;enero-junio 2024;5
46102 Quart de Poblet;4. Secuestro;enero-junio 2024;0
46102 Quart de Poblet;5. Delitos contra la libertad sexual;enero-junio 2024;10
46102 Quart de Poblet;5.1.-Agresión sexual con penetración;enero-junio 2024;0
46102 Quart de Poblet;5.2.-Resto de delitos contra la libertad sexual;enero-junio 2024;10
46102 Quart de Poblet;6. Robos con violencia e intimidación;enero-junio 2024;18
46102 Quart de Poblet;7. Robos con fuerza en domicilios, establecimientos y otras instalaciones;enero-junio 2024;26
46102 Quart de Poblet;7.1.-Robos con fuerza en domicilios;enero-junio 2024;7
46102 Quart de Poblet;8. Hurtos;enero-junio 2024;132
46102 Quart de Poblet;9. Sustracciones de vehículos;enero-junio 2024;12
46102 Quart de Poblet;10. Tráfico de drogas;enero-junio 2024;2
46102 Quart de Poblet;11. Resto de criminalidad convencional;enero-junio 2024;278
46102 Quart de Poblet;II. CIBERCRIMINALIDAD (infracciones penales cometidas en/por medio ciber);enero-junio 2024;122
46102 Quart de Poblet;12.-Estafas informáticas;enero-junio 2024;104
46102 Quart de Poblet;13.-Otros ciberdelitos;enero-junio 2024;18
46102 Quart de Poblet;III. TOTAL INFRACCIONES PENALES;enero-junio 2024;608
46213 Requena;I. CRIMINALIDAD CONVENCIONAL;enero-junio 2024;511
46213 Requena;1. Homicidios dolosos y asesinatos consumados;enero-junio 2024;0
46213 Requena;2. Homicidios dolosos y asesinatos en grado tentativa;enero-junio 2024;0
46213 Requena;3. Delitos graves y menos graves de lesiones y riña tumultuaria;enero-junio 2024;13
46213 Requena;4. Secuestro;enero-junio 2024;0
46213 Requena;5. Delitos contra la libertad sexual;enero-junio 2024;2
46213 Requena;5.1.-Agresión sexual con penetración;enero-junio 2024;1
46213 Requena;5.2.-Resto de delitos contra la libertad sexual;enero-junio 2024;1
46213 Requena;6. Robos con violencia e intimidación;enero-junio 2024;3
46213 Requena;7. Robos con fuerza en domicilios, establecimientos y otras instalaciones;enero-junio 2024;40
46213 Requena;7.1.-Robos con fuerza en domicilios;enero-junio 2024;30
46213 Requena;8. Hurtos;enero-junio 2024;95
46213 Requena;9. Sustracciones de vehículos;enero-junio 2024;3
46213 Requena;10. Tráfico de drogas;enero-junio 2024;3
46213 Requena;11. Resto de criminalidad convencional;enero-junio 2024;352
46213 Requena;II. CIBERCRIMINALIDAD (infracciones penales cometidas en/por medio ciber);enero-junio 2024;99
46213 Requena;12.-Estafas informáticas;enero-junio 2024;89
46213 Requena;13.-Otros ciberdelitos;enero-junio 2024;10
46213 Requena;III. TOTAL INFRACCIONES PENALES;enero-junio 2024;610
46214 Riba-roja de Túria;I. CRIMINALIDAD CONVENCIONAL;enero-junio 2024;557
46214 Riba-roja de Túria;1. Homicidios dolosos y asesinatos consumados;enero-junio 2024;0
46214 Riba-roja de Túria;2. Homicidios dolosos y asesinatos en grado tentativa;enero-junio 2024;0
46214 Riba-roja de Túria;3. Delitos graves y menos graves de lesiones y riña tumultuaria;enero-junio 2024;9
46214 Riba-roja de Túria;4. Secuestro;enero-junio 2024;0
46214 Riba-roja de Túria;5. Delitos contra la libertad sexual;enero-junio 2024;6
46214 Riba-roja de Túria;5.1.-Agresión sexual con penetración;enero-junio 2024;2
46214 Riba-roja de Túria;5.2.-Resto de delitos contra la libertad sexual;enero-junio 2024;4
46214 Riba-roja de Túria;6. Robos con violencia e intimidación;enero-junio 2024;5
46214 Riba-roja de Túria;7. Robos con fuerza en domicilios, establecimientos y otras instalaciones;enero-junio 2024;44
46214 Riba-roja de Túria;7.1.-Robos con fuerza en domicilios;enero-junio 2024;37
46214 Riba-roja de Túria;8. Hurtos;enero-junio 2024;124
46214 Riba-roja de Túria;9. Sustracciones de vehículos;enero-junio 2024;4
46214 Riba-roja de Túria;10. Tráfico de drogas;enero-junio 2024;6
46214 Riba-roja de Túria;11. Resto de criminalidad convencional;enero-junio 2024;359
46214 Riba-roja de Túria;II. CIBERCRIMINALIDAD (infracciones penales cometidas en/por medio ciber);enero-junio 2024;116
46214 Riba-roja de Túria;12.-Estafas informáticas;enero-junio 2024;90
46214 Riba-roja de Túria;13.-Otros ciberdelitos;enero-junio 2024;26
46214 Riba-roja de Túria;III. TOTAL INFRACCIONES PENALES;enero-junio 2024;673
46220 Sagunto/Sagunt;I. CRIMINALIDAD CONVENCIONAL;enero-junio 2024;1.491
46220 Sagunto/Sagunt;1. Homicidios dolosos y asesinatos consumados;enero-junio 2024;1
46220 Sagunto/Sagunt;2. Homicidios dolosos y asesinatos en grado tentativa;enero-junio 2024;1
46220 Sagunto/Sagunt;3. Delitos graves y menos graves de lesiones y riña tumultuaria;enero-junio 2024;26
46220 Sagunto/Sagunt;4. Secuestro;enero-junio 2024;0
46220 Sagunto/Sagunt;5. Delitos contra la libertad sexual;enero-junio 2024;18
46220 Sagunto/Sagunt;5.1.-Agresión sexual con penetración;enero-junio 2024;5
46220 Sagunto/Sagunt;5.2.-Resto de delitos contra la libertad sexual;enero-junio 2024;13
46220 Sagunto/Sagunt;6. Robos con violencia e intimidación;enero-junio 2024;42
46220 Sagunto/Sagunt;7. Robos con fuerza en domicilios, establecimientos y otras instalaciones;enero-junio 2024;117
46220 Sagunto/Sagunt;7.1.-Robos con fuerza en domicilios;enero-junio 2024;89
46220 Sagunto/Sagunt;8. Hurtos;enero-junio 2024;435
46220 Sagunto/Sagunt;9. Sustracciones de vehículos;enero-junio 2024;21
46220 Sagunto/Sagunt;10. Tráfico de drogas;enero-junio 2024;10
46220 Sagunto/Sagunt;11. Resto de criminalidad convencional;enero-junio 2024;820
46220 Sagunto/Sagunt;II. CIBERCRIMINALIDAD (infracciones penales cometidas en/por medio ciber);enero-junio 2024;182
46220 Sagunto/Sagunt;12.-Estafas informáticas;enero-junio 2024;160
46220 Sagunto/Sagunt;13.-Otros ciberdelitos;enero-junio 2024;22
46220 Sagunto/Sagunt;III. TOTAL INFRACCIONES PENALES;enero-junio 2024;1.673
46235 Sueca;I. CRIMINALIDAD CONVENCIONAL;enero-junio 2024;796
46235 Sueca;1. Homicidios dolosos y asesinatos consumados;enero-junio 2024;0
46235 Sueca;2. Homicidios dolosos y asesinatos en grado tentativa;enero-junio 2024;2
46235 Sueca;3. Delitos graves y menos graves de lesiones y riña tumultuaria;enero-junio 2024;17
46235 Sueca;4. Secuestro;enero-junio 2024;0
46235 Sueca;5. Delitos contra la libertad sexual;enero-junio 2024;13
46235 Sueca;5.1.-Agresión sexual con penetración;enero-junio 2024;6
46235 Sueca;5.2.-Resto de delitos contra la libertad sexual;enero-junio 2024;7
46235 Sueca;6. Robos con violencia e intimidación;enero-junio 2024;12
46235 Sueca;7. Robos con fuerza en domicilios, establecimientos y otras instalaciones;enero-junio 2024;59
46235 Sueca;7.1.-Robos con fuerza en domicilios;enero-junio 2024;42
46235 Sueca;8. Hurtos;enero-junio 2024;176
46235 Sueca;9. Sustracciones de vehículos;enero-junio 2024;6
46235 Sueca;10. Tráfico de drogas;enero-junio 2024;5
46235 Sueca;11. Resto de criminalidad convencional;enero-junio 2024;506
46235 Sueca;II. CIBERCRIMINALIDAD (infracciones penales cometidas en/por medio ciber);enero-junio 2024;120
46235 Sueca;12.-Estafas informáticas;enero-junio 2024;102
46235 Sueca;13.-Otros ciberdelitos;enero-junio 2024;18
46235 Sueca;III. TOTAL INFRACCIONES PENALES;enero-junio 2024;916
46244 Torrent;I. CRIMINALIDAD CONVENCIONAL;enero-junio 2024;1.686
46244 Torrent;1. Homicidios dolosos y asesinatos consumados;enero-junio 2024;1
46244 Torrent;2. Homicidios dolosos y asesinatos en grado tentativa;enero-junio 2024;1
46244 Torrent;3. Delitos graves y menos graves de lesiones y riña tumultuaria;enero-junio 2024;21
46244 Torrent;4. Secuestro;enero-junio 2024;0
46244 Torrent;5. Delitos contra la libertad sexual;enero-junio 2024;12
46244 Torrent;5.1.-Agresión sexual con penetración;enero-junio 2024;4
46244 Torrent;5.2.-Resto de delitos contra la libertad sexual;enero-junio 2024;8
46244 Torrent;6. Robos con violencia e intimidación;enero-junio 2024;43
46244 Torrent;7. Robos con fuerza en domicilios, establecimientos y otras instalaciones;enero-junio 2024;112
46244 Torrent;7.1.-Robos con fuerza en domicilios;enero-junio 2024;88
46244 Torrent;8. Hurtos;enero-junio 2024;487
46244 Torrent;9. Sustracciones de vehículos;enero-junio 2024;25
46244 Torrent;10. Tráfico de drogas;enero-junio 2024;17
46244 Torrent;11. Resto de criminalidad convencional;enero-junio 2024;967
46244 Torrent;II. CIBERCRIMINALIDAD (infracciones penales cometidas en/por medio ciber);enero-junio 2024;445
46244 Torrent;12.-Estafas informáticas;enero-junio 2024;397
46244 Torrent;13.-Otros ciberdelitos;enero-junio 2024;48
46244 Torrent;III. TOTAL INFRACCIONES PENALES;enero-junio 2024;2.131
46250 Valencia;I. CRIMINALIDAD CONVENCIONAL;enero-junio 2024;27.490
46250 Valencia;1. Homicidios dolosos y asesinatos consumados;enero-junio 2024;8
46250 Valencia;2. Homicidios dolosos y asesinatos en grado tentativa;enero-junio 2024;13
46250 Valencia;3. Delitos graves y menos graves de lesiones y riña tumultuaria;enero-junio 2024;312
46250 Valencia;4. Secuestro;enero-junio 2024;0
46250 Valencia;5. Delitos contra la libertad sexual;enero-junio 2024;212
46250 Valencia;5.1.-Agresión sexual con penetración;enero-junio 2024;49
46250 Valencia;5.2.-Resto de delitos contra la libertad sexual;enero-junio 2024;163
46250 Valencia;6. Robos con violencia e intimidación;enero-junio 2024;1.127
46250 Valencia;7. Robos con fuerza en domicilios, establecimientos y otras instalaciones;enero-junio 2024;1.102
46250 Valencia;7.1.-Robos con fuerza en domicilios;enero-junio 2024;859
46250 Valencia;8. Hurtos;enero-junio 2024;12.175
46250 Valencia;9. Sustracciones de vehículos;enero-junio 2024;357
46250 Valencia;10. Tráfico de drogas;enero-junio 2024;433
46250 Valencia;11. Resto de criminalidad convencional;enero-junio 2024;11.751
46250 Valencia;II. CIBERCRIMINALIDAD (infracciones penales cometidas en/por medio ciber);enero-junio 2024;4.613
46250 Valencia;12.-Estafas informáticas;enero-junio 2024;4.092
46250 Valencia;13.-Otros ciberdelitos;enero-junio 2024;521
46250 Valencia;III. TOTAL INFRACCIONES PENALES;enero-junio 2024;32.103
46145 Xàtiva;I. CRIMINALIDAD CONVENCIONAL;enero-junio 2024;507
46145 Xàtiva;1. Homicidios dolosos y asesinatos consumados;enero-junio 2024;0
46145 Xàtiva;2. Homicidios dolosos y asesinatos en grado tentativa;enero-junio 2024;0
46145 Xàtiva;3. Delitos graves y menos graves de lesiones y riña tumultuaria;enero-junio 2024;10
46145 Xàtiva;4. Secuestro;enero-junio 2024;0
46145 Xàtiva;5. Delitos contra la libertad sexual;enero-junio 2024;4
46145 Xàtiva;5.1.-Agresión sexual con penetración;enero-junio 2024;3
46145 Xàtiva;5.2.-Resto de delitos contra la libertad sexual;enero-junio 2024;1
46145 Xàtiva;6. Robos con violencia e intimidación;enero-junio 2024;8
46145 Xàtiva;7. Robos con fuerza en domicilios, establecimientos y otras instalaciones;enero-junio 2024;24
46145 Xàtiva;7.1.-Robos con fuerza en domicilios;enero-junio 2024;21
46145 Xàtiva;8. Hurtos;enero-junio 2024;146
46145 Xàtiva;9. Sustracciones de vehículos;enero-junio 2024;2
46145 Xàtiva;10. Tráfico de drogas;enero-junio 2024;2
46145 Xàtiva;11. Resto de criminalidad convencional;enero-junio 2024;311
46145 Xàtiva;II. CIBERCRIMINALIDAD (infracciones penales cometidas en/por medio ciber);enero-junio 2024;122
46145 Xàtiva;12.-Estafas informáticas;enero-junio 2024;99
46145 Xàtiva;13.-Otros ciberdelitos;enero-junio 2024;23
46145 Xàtiva;III. TOTAL INFRACCIONES PENALES;enero-junio 2024;629
46110 Xirivella;I. CRIMINALIDAD CONVENCIONAL;enero-junio 2024;600
46110 Xirivella;1. Homicidios dolosos y asesinatos consumados;enero-junio 2024;0
46110 Xirivella;2. Homicidios dolosos y asesinatos en grado tentativa;enero-junio 2024;1
46110 Xirivella;3. Delitos graves y menos graves de lesiones y riña tumultuaria;enero-junio 2024;11
46110 Xirivella;4. Secuestro;enero-junio 2024;0
46110 Xirivella;5. Delitos contra la libertad sexual;enero-junio 2024;10
46110 Xirivella;5.1.-Agresión sexual con penetración;enero-junio 2024;3
46110 Xirivella;5.2.-Resto de delitos contra la libertad sexual;enero-junio 2024;7
46110 Xirivella;6. Robos con violencia e intimidación;enero-junio 2024;10
46110 Xirivella;7. Robos con fuerza en domicilios, establecimientos y otras instalaciones;enero-junio 2024;10
46110 Xirivella;7.1.-Robos con fuerza en domicilios;enero-junio 2024;9
46110 Xirivella;8. Hurtos;enero-junio 2024;198
46110 Xirivella;9. Sustracciones de vehículos;enero-junio 2024;7
46110 Xirivella;10. Tráfico de drogas;enero-junio 2024;5
46110 Xirivella;11. Resto de criminalidad convencional;enero-junio 2024;348
46110 Xirivella;II. CIBERCRIMINALIDAD (infracciones penales cometidas en/por medio ciber);enero-junio 2024;161
46110 Xirivella;12.-Estafas informáticas;enero-junio 2024;150
46110 Xirivella;13.-Otros ciberdelitos;enero-junio 2024;11
46110 Xirivella;III. TOTAL INFRACCIONES PENALES;enero-junio 2024;761
