Geografía;Tipología penal;Periodos:;Total
Provincia de ALICANTE/ALACANT;I. CRIMINALIDAD CONVENCIONAL;enero-septiembre 2025;69.758
Provincia de ALICANTE/ALACANT;1. Homicidios dolosos y asesinatos consumados;enero-septiembre 2025;11
Provincia de ALICANTE/ALACANT;2. Homicidios dolosos y asesinatos en grado tentativa;enero-septiembre 2025;54
Provincia de ALICANTE/ALACANT;3. Delitos graves y menos graves de lesiones y riña tumultuaria;enero-septiembre 2025;1.200
Provincia de ALICANTE/ALACANT;4. Secuestro;enero-septiembre 2025;7
Provincia de ALICANTE/ALACANT;5. Delitos contra la libertad sexual;enero-septiembre 2025;845
Provincia de ALICANTE/ALACANT;5.1.-Agresión sexual con penetración;enero-septiembre 2025;208
Provincia de ALICANTE/ALACANT;5.2.-Resto de delitos contra la libertad sexual;enero-septiembre 2025;637
Provincia de ALICANTE/ALACANT;6. Robos con violencia e intimidación;enero-septiembre 2025;1.788
Provincia de ALICANTE/ALACANT;7. Robos con fuerza en domicilios, establecimientos y otras instalaciones;enero-septiembre 2025;5.453
Provincia de ALICANTE/ALACANT;7.1.-Robos con fuerza en domicilios;enero-septiembre 2025;4.519
Provincia de ALICANTE/ALACANT;8. Hurtos;enero-septiembre 2025;21.555
Provincia de ALICANTE/ALACANT;9. Sustracciones de vehículos;enero-septiembre 2025;1.078
Provincia de ALICANTE/ALACANT;10. Tráfico de drogas;enero-septiembre 2025;898
Provincia de ALICANTE/ALACANT;11. Resto de criminalidad convencional;enero-septiembre 2025;36.869
Provincia de ALICANTE/ALACANT;II. CIBERCRIMINALIDAD (infracciones penales cometidas en/por medio ciber);enero-septiembre 2025;15.178
Provincia de ALICANTE/ALACANT;12.-Estafas informáticas;enero-septiembre 2025;12.947
Provincia de ALICANTE/ALACANT;13.-Otros ciberdelitos;enero-septiembre 2025;2.231
Provincia de ALICANTE/ALACANT;III. TOTAL INFRACCIONES PENALES;enero-septiembre 2025;84.936
03009 Alcoy/Alcoi;I. CRIMINALIDAD CONVENCIONAL;enero-septiembre 2025;1.183
03009 Alcoy/Alcoi;1. Homicidios dolosos y asesinatos consumados;enero-septiembre 2025;0
03009 Alcoy/Alcoi;2. Homicidios dolosos y asesinatos en grado tentativa;enero-septiembre 2025;1
03009 Alcoy/Alcoi;3. Delitos graves y menos graves de lesiones y riña tumultuaria;enero-septiembre 2025;18
03009 Alcoy/Alcoi;4. Secuestro;enero-septiembre 2025;0
03009 Alcoy/Alcoi;5. Delitos contra la libertad sexual;enero-septiembre 2025;18
03009 Alcoy/Alcoi;5.1.-Agresión sexual con penetración;enero-septiembre 2025;7
03009 Alcoy/Alcoi;5.2.-Resto de delitos contra la libertad sexual;enero-septiembre 2025;11
03009 Alcoy/Alcoi;6. Robos con violencia e intimidación;enero-septiembre 2025;26
03009 Alcoy/Alcoi;7. Robos con fuerza en domicilios, establecimientos y otras instalaciones;enero-septiembre 2025;83
03009 Alcoy/Alcoi;7.1.-Robos con fuerza en domicilios;enero-septiembre 2025;72
03009 Alcoy/Alcoi;8. Hurtos;enero-septiembre 2025;274
03009 Alcoy/Alcoi;9. Sustracciones de vehículos;enero-septiembre 2025;18
03009 Alcoy/Alcoi;10. Tráfico de drogas;enero-septiembre 2025;7
03009 Alcoy/Alcoi;11. Resto de criminalidad convencional;enero-septiembre 2025;738
03009 Alcoy/Alcoi;II. CIBERCRIMINALIDAD (infracciones penales cometidas en/por medio ciber);enero-septiembre 2025;501
03009 Alcoy/Alcoi;12.-Estafas informáticas;enero-septiembre 2025;432
03009 Alcoy/Alcoi;13.-Otros ciberdelitos;enero-septiembre 2025;69
03009 Alcoy/Alcoi;III. TOTAL INFRACCIONES PENALES;enero-septiembre 2025;1.684
03011 L'Alfàs del Pi;I. CRIMINALIDAD CONVENCIONAL;enero-septiembre 2025;755
03011 L'Alfàs del Pi;1. Homicidios dolosos y asesinatos consumados;enero-septiembre 2025;0
03011 L'Alfàs del Pi;2. Homicidios dolosos y asesinatos en grado tentativa;enero-septiembre 2025;0
03011 L'Alfàs del Pi;3. Delitos graves y menos graves de lesiones y riña tumultuaria;enero-septiembre 2025;13
03011 L'Alfàs del Pi;4. Secuestro;enero-septiembre 2025;0
03011 L'Alfàs del Pi;5. Delitos contra la libertad sexual;enero-septiembre 2025;4
03011 L'Alfàs del Pi;5.1.-Agresión sexual con penetración;enero-septiembre 2025;0
03011 L'Alfàs del Pi;5.2.-Resto de delitos contra la libertad sexual;enero-septiembre 2025;4
03011 L'Alfàs del Pi;6. Robos con violencia e intimidación;enero-septiembre 2025;20
03011 L'Alfàs del Pi;7. Robos con fuerza en domicilios, establecimientos y otras instalaciones;enero-septiembre 2025;85
03011 L'Alfàs del Pi;7.1.-Robos con fuerza en domicilios;enero-septiembre 2025;69
03011 L'Alfàs del Pi;8. Hurtos;enero-septiembre 2025;261
03011 L'Alfàs del Pi;9. Sustracciones de vehículos;enero-septiembre 2025;4
03011 L'Alfàs del Pi;10. Tráfico de drogas;enero-septiembre 2025;10
03011 L'Alfàs del Pi;11. Resto de criminalidad convencional;enero-septiembre 2025;358
03011 L'Alfàs del Pi;II. CIBERCRIMINALIDAD (infracciones penales cometidas en/por medio ciber);enero-septiembre 2025;127
03011 L'Alfàs del Pi;12.-Estafas informáticas;enero-septiembre 2025;115
03011 L'Alfàs del Pi;13.-Otros ciberdelitos;enero-septiembre 2025;12
03011 L'Alfàs del Pi;III. TOTAL INFRACCIONES PENALES;enero-septiembre 2025;882
03014 Alicante/Alacant;I. CRIMINALIDAD CONVENCIONAL;enero-septiembre 2025;17.400
03014 Alicante/Alacant;1. Homicidios dolosos y asesinatos consumados;enero-septiembre 2025;3
03014 Alicante/Alacant;2. Homicidios dolosos y asesinatos en grado tentativa;enero-septiembre 2025;12
03014 Alicante/Alacant;3. Delitos graves y menos graves de lesiones y riña tumultuaria;enero-septiembre 2025;293
03014 Alicante/Alacant;4. Secuestro;enero-septiembre 2025;2
03014 Alicante/Alacant;5. Delitos contra la libertad sexual;enero-septiembre 2025;251
03014 Alicante/Alacant;5.1.-Agresión sexual con penetración;enero-septiembre 2025;58
03014 Alicante/Alacant;5.2.-Resto de delitos contra la libertad sexual;enero-septiembre 2025;193
03014 Alicante/Alacant;6. Robos con violencia e intimidación;enero-septiembre 2025;698
03014 Alicante/Alacant;7. Robos con fuerza en domicilios, establecimientos y otras instalaciones;enero-septiembre 2025;712
03014 Alicante/Alacant;7.1.-Robos con fuerza en domicilios;enero-septiembre 2025;515
03014 Alicante/Alacant;8. Hurtos;enero-septiembre 2025;6.237
03014 Alicante/Alacant;9. Sustracciones de vehículos;enero-septiembre 2025;308
03014 Alicante/Alacant;10. Tráfico de drogas;enero-septiembre 2025;272
03014 Alicante/Alacant;11. Resto de criminalidad convencional;enero-septiembre 2025;8.612
03014 Alicante/Alacant;II. CIBERCRIMINALIDAD (infracciones penales cometidas en/por medio ciber);enero-septiembre 2025;3.449
03014 Alicante/Alacant;12.-Estafas informáticas;enero-septiembre 2025;2.753
03014 Alicante/Alacant;13.-Otros ciberdelitos;enero-septiembre 2025;696
03014 Alicante/Alacant;III. TOTAL INFRACCIONES PENALES;enero-septiembre 2025;20.849
03015 Almoradí;I. CRIMINALIDAD CONVENCIONAL;enero-septiembre 2025;716
03015 Almoradí;1. Homicidios dolosos y asesinatos consumados;enero-septiembre 2025;1
03015 Almoradí;2. Homicidios dolosos y asesinatos en grado tentativa;enero-septiembre 2025;0
03015 Almoradí;3. Delitos graves y menos graves de lesiones y riña tumultuaria;enero-septiembre 2025;16
03015 Almoradí;4. Secuestro;enero-septiembre 2025;0
03015 Almoradí;5. Delitos contra la libertad sexual;enero-septiembre 2025;7
03015 Almoradí;5.1.-Agresión sexual con penetración;enero-septiembre 2025;0
03015 Almoradí;5.2.-Resto de delitos contra la libertad sexual;enero-septiembre 2025;7
03015 Almoradí;6. Robos con violencia e intimidación;enero-septiembre 2025;15
03015 Almoradí;7. Robos con fuerza en domicilios, establecimientos y otras instalaciones;enero-septiembre 2025;63
03015 Almoradí;7.1.-Robos con fuerza en domicilios;enero-septiembre 2025;45
03015 Almoradí;8. Hurtos;enero-septiembre 2025;153
03015 Almoradí;9. Sustracciones de vehículos;enero-septiembre 2025;4
03015 Almoradí;10. Tráfico de drogas;enero-septiembre 2025;7
03015 Almoradí;11. Resto de criminalidad convencional;enero-septiembre 2025;450
03015 Almoradí;II. CIBERCRIMINALIDAD (infracciones penales cometidas en/por medio ciber);enero-septiembre 2025;116
03015 Almoradí;12.-Estafas informáticas;enero-septiembre 2025;102
03015 Almoradí;13.-Otros ciberdelitos;enero-septiembre 2025;14
03015 Almoradí;III. TOTAL INFRACCIONES PENALES;enero-septiembre 2025;832
03018 Altea;I. CRIMINALIDAD CONVENCIONAL;enero-septiembre 2025;965
03018 Altea;1. Homicidios dolosos y asesinatos consumados;enero-septiembre 2025;0
03018 Altea;2. Homicidios dolosos y asesinatos en grado tentativa;enero-septiembre 2025;1
03018 Altea;3. Delitos graves y menos graves de lesiones y riña tumultuaria;enero-septiembre 2025;20
03018 Altea;4. Secuestro;enero-septiembre 2025;0
03018 Altea;5. Delitos contra la libertad sexual;enero-septiembre 2025;13
03018 Altea;5.1.-Agresión sexual con penetración;enero-septiembre 2025;1
03018 Altea;5.2.-Resto de delitos contra la libertad sexual;enero-septiembre 2025;12
03018 Altea;6. Robos con violencia e intimidación;enero-septiembre 2025;16
03018 Altea;7. Robos con fuerza en domicilios, establecimientos y otras instalaciones;enero-septiembre 2025;93
03018 Altea;7.1.-Robos con fuerza en domicilios;enero-septiembre 2025;82
03018 Altea;8. Hurtos;enero-septiembre 2025;284
03018 Altea;9. Sustracciones de vehículos;enero-septiembre 2025;10
03018 Altea;10. Tráfico de drogas;enero-septiembre 2025;5
03018 Altea;11. Resto de criminalidad convencional;enero-septiembre 2025;523
03018 Altea;II. CIBERCRIMINALIDAD (infracciones penales cometidas en/por medio ciber);enero-septiembre 2025;164
03018 Altea;12.-Estafas informáticas;enero-septiembre 2025;133
03018 Altea;13.-Otros ciberdelitos;enero-septiembre 2025;31
03018 Altea;III. TOTAL INFRACCIONES PENALES;enero-septiembre 2025;1.129
03019 Aspe;I. CRIMINALIDAD CONVENCIONAL;enero-septiembre 2025;532
03019 Aspe;1. Homicidios dolosos y asesinatos consumados;enero-septiembre 2025;0
03019 Aspe;2. Homicidios dolosos y asesinatos en grado tentativa;enero-septiembre 2025;0
03019 Aspe;3. Delitos graves y menos graves de lesiones y riña tumultuaria;enero-septiembre 2025;10
03019 Aspe;4. Secuestro;enero-septiembre 2025;0
03019 Aspe;5. Delitos contra la libertad sexual;enero-septiembre 2025;3
03019 Aspe;5.1.-Agresión sexual con penetración;enero-septiembre 2025;0
03019 Aspe;5.2.-Resto de delitos contra la libertad sexual;enero-septiembre 2025;3
03019 Aspe;6. Robos con violencia e intimidación;enero-septiembre 2025;5
03019 Aspe;7. Robos con fuerza en domicilios, establecimientos y otras instalaciones;enero-septiembre 2025;23
03019 Aspe;7.1.-Robos con fuerza en domicilios;enero-septiembre 2025;22
03019 Aspe;8. Hurtos;enero-septiembre 2025;105
03019 Aspe;9. Sustracciones de vehículos;enero-septiembre 2025;4
03019 Aspe;10. Tráfico de drogas;enero-septiembre 2025;2
03019 Aspe;11. Resto de criminalidad convencional;enero-septiembre 2025;380
03019 Aspe;II. CIBERCRIMINALIDAD (infracciones penales cometidas en/por medio ciber);enero-septiembre 2025;148
03019 Aspe;12.-Estafas informáticas;enero-septiembre 2025;112
03019 Aspe;13.-Otros ciberdelitos;enero-septiembre 2025;36
03019 Aspe;III. TOTAL INFRACCIONES PENALES;enero-septiembre 2025;680
03031 Benidorm;I. CRIMINALIDAD CONVENCIONAL;enero-septiembre 2025;4.041
03031 Benidorm;1. Homicidios dolosos y asesinatos consumados;enero-septiembre 2025;1
03031 Benidorm;2. Homicidios dolosos y asesinatos en grado tentativa;enero-septiembre 2025;0
03031 Benidorm;3. Delitos graves y menos graves de lesiones y riña tumultuaria;enero-septiembre 2025;105
03031 Benidorm;4. Secuestro;enero-septiembre 2025;1
03031 Benidorm;5. Delitos contra la libertad sexual;enero-septiembre 2025;48
03031 Benidorm;5.1.-Agresión sexual con penetración;enero-septiembre 2025;17
03031 Benidorm;5.2.-Resto de delitos contra la libertad sexual;enero-septiembre 2025;31
03031 Benidorm;6. Robos con violencia e intimidación;enero-septiembre 2025;123
03031 Benidorm;7. Robos con fuerza en domicilios, establecimientos y otras instalaciones;enero-septiembre 2025;126
03031 Benidorm;7.1.-Robos con fuerza en domicilios;enero-septiembre 2025;76
03031 Benidorm;8. Hurtos;enero-septiembre 2025;1.713
03031 Benidorm;9. Sustracciones de vehículos;enero-septiembre 2025;43
03031 Benidorm;10. Tráfico de drogas;enero-septiembre 2025;120
03031 Benidorm;11. Resto de criminalidad convencional;enero-septiembre 2025;1.761
03031 Benidorm;II. CIBERCRIMINALIDAD (infracciones penales cometidas en/por medio ciber);enero-septiembre 2025;687
03031 Benidorm;12.-Estafas informáticas;enero-septiembre 2025;636
03031 Benidorm;13.-Otros ciberdelitos;enero-septiembre 2025;51
03031 Benidorm;III. TOTAL INFRACCIONES PENALES;enero-septiembre 2025;4.728
03047 Calp;I. CRIMINALIDAD CONVENCIONAL;enero-septiembre 2025;1.330
03047 Calp;1. Homicidios dolosos y asesinatos consumados;enero-septiembre 2025;0
03047 Calp;2. Homicidios dolosos y asesinatos en grado tentativa;enero-septiembre 2025;0
03047 Calp;3. Delitos graves y menos graves de lesiones y riña tumultuaria;enero-septiembre 2025;21
03047 Calp;4. Secuestro;enero-septiembre 2025;0
03047 Calp;5. Delitos contra la libertad sexual;enero-septiembre 2025;12
03047 Calp;5.1.-Agresión sexual con penetración;enero-septiembre 2025;4
03047 Calp;5.2.-Resto de delitos contra la libertad sexual;enero-septiembre 2025;8
03047 Calp;6. Robos con violencia e intimidación;enero-septiembre 2025;12
03047 Calp;7. Robos con fuerza en domicilios, establecimientos y otras instalaciones;enero-septiembre 2025;162
03047 Calp;7.1.-Robos con fuerza en domicilios;enero-septiembre 2025;139
03047 Calp;8. Hurtos;enero-septiembre 2025;428
03047 Calp;9. Sustracciones de vehículos;enero-septiembre 2025;15
03047 Calp;10. Tráfico de drogas;enero-septiembre 2025;3
03047 Calp;11. Resto de criminalidad convencional;enero-septiembre 2025;677
03047 Calp;II. CIBERCRIMINALIDAD (infracciones penales cometidas en/por medio ciber);enero-septiembre 2025;205
03047 Calp;12.-Estafas informáticas;enero-septiembre 2025;183
03047 Calp;13.-Otros ciberdelitos;enero-septiembre 2025;22
03047 Calp;III. TOTAL INFRACCIONES PENALES;enero-septiembre 2025;1.535
03050 Campello (el);I. CRIMINALIDAD CONVENCIONAL;enero-septiembre 2025;975
03050 Campello (el);1. Homicidios dolosos y asesinatos consumados;enero-septiembre 2025;0
03050 Campello (el);2. Homicidios dolosos y asesinatos en grado tentativa;enero-septiembre 2025;0
03050 Campello (el);3. Delitos graves y menos graves de lesiones y riña tumultuaria;enero-septiembre 2025;12
03050 Campello (el);4. Secuestro;enero-septiembre 2025;0
03050 Campello (el);5. Delitos contra la libertad sexual;enero-septiembre 2025;10
03050 Campello (el);5.1.-Agresión sexual con penetración;enero-septiembre 2025;3
03050 Campello (el);5.2.-Resto de delitos contra la libertad sexual;enero-septiembre 2025;7
03050 Campello (el);6. Robos con violencia e intimidación;enero-septiembre 2025;11
03050 Campello (el);7. Robos con fuerza en domicilios, establecimientos y otras instalaciones;enero-septiembre 2025;92
03050 Campello (el);7.1.-Robos con fuerza en domicilios;enero-septiembre 2025;82
03050 Campello (el);8. Hurtos;enero-septiembre 2025;326
03050 Campello (el);9. Sustracciones de vehículos;enero-septiembre 2025;4
03050 Campello (el);10. Tráfico de drogas;enero-septiembre 2025;5
03050 Campello (el);11. Resto de criminalidad convencional;enero-septiembre 2025;515
03050 Campello (el);II. CIBERCRIMINALIDAD (infracciones penales cometidas en/por medio ciber);enero-septiembre 2025;217
03050 Campello (el);12.-Estafas informáticas;enero-septiembre 2025;194
03050 Campello (el);13.-Otros ciberdelitos;enero-septiembre 2025;23
03050 Campello (el);III. TOTAL INFRACCIONES PENALES;enero-septiembre 2025;1.192
03059 Crevillent;I. CRIMINALIDAD CONVENCIONAL;enero-septiembre 2025;779
03059 Crevillent;1. Homicidios dolosos y asesinatos consumados;enero-septiembre 2025;0
03059 Crevillent;2. Homicidios dolosos y asesinatos en grado tentativa;enero-septiembre 2025;0
03059 Crevillent;3. Delitos graves y menos graves de lesiones y riña tumultuaria;enero-septiembre 2025;25
03059 Crevillent;4. Secuestro;enero-septiembre 2025;0
03059 Crevillent;5. Delitos contra la libertad sexual;enero-septiembre 2025;11
03059 Crevillent;5.1.-Agresión sexual con penetración;enero-septiembre 2025;3
03059 Crevillent;5.2.-Resto de delitos contra la libertad sexual;enero-septiembre 2025;8
03059 Crevillent;6. Robos con violencia e intimidación;enero-septiembre 2025;7
03059 Crevillent;7. Robos con fuerza en domicilios, establecimientos y otras instalaciones;enero-septiembre 2025;74
03059 Crevillent;7.1.-Robos con fuerza en domicilios;enero-septiembre 2025;67
03059 Crevillent;8. Hurtos;enero-septiembre 2025;177
03059 Crevillent;9. Sustracciones de vehículos;enero-septiembre 2025;12
03059 Crevillent;10. Tráfico de drogas;enero-septiembre 2025;10
03059 Crevillent;11. Resto de criminalidad convencional;enero-septiembre 2025;463
03059 Crevillent;II. CIBERCRIMINALIDAD (infracciones penales cometidas en/por medio ciber);enero-septiembre 2025;179
03059 Crevillent;12.-Estafas informáticas;enero-septiembre 2025;158
03059 Crevillent;13.-Otros ciberdelitos;enero-septiembre 2025;21
03059 Crevillent;III. TOTAL INFRACCIONES PENALES;enero-septiembre 2025;958
03063 Dénia;I. CRIMINALIDAD CONVENCIONAL;enero-septiembre 2025;1.608
03063 Dénia;1. Homicidios dolosos y asesinatos consumados;enero-septiembre 2025;0
03063 Dénia;2. Homicidios dolosos y asesinatos en grado tentativa;enero-septiembre 2025;0
03063 Dénia;3. Delitos graves y menos graves de lesiones y riña tumultuaria;enero-septiembre 2025;23
03063 Dénia;4. Secuestro;enero-septiembre 2025;0
03063 Dénia;5. Delitos contra la libertad sexual;enero-septiembre 2025;17
03063 Dénia;5.1.-Agresión sexual con penetración;enero-septiembre 2025;3
03063 Dénia;5.2.-Resto de delitos contra la libertad sexual;enero-septiembre 2025;14
03063 Dénia;6. Robos con violencia e intimidación;enero-septiembre 2025;18
03063 Dénia;7. Robos con fuerza en domicilios, establecimientos y otras instalaciones;enero-septiembre 2025;187
03063 Dénia;7.1.-Robos con fuerza en domicilios;enero-septiembre 2025;164
03063 Dénia;8. Hurtos;enero-septiembre 2025;527
03063 Dénia;9. Sustracciones de vehículos;enero-septiembre 2025;24
03063 Dénia;10. Tráfico de drogas;enero-septiembre 2025;27
03063 Dénia;11. Resto de criminalidad convencional;enero-septiembre 2025;785
03063 Dénia;II. CIBERCRIMINALIDAD (infracciones penales cometidas en/por medio ciber);enero-septiembre 2025;371
03063 Dénia;12.-Estafas informáticas;enero-septiembre 2025;340
03063 Dénia;13.-Otros ciberdelitos;enero-septiembre 2025;31
03063 Dénia;III. TOTAL INFRACCIONES PENALES;enero-septiembre 2025;1.979
03065 Elche/Elx;I. CRIMINALIDAD CONVENCIONAL;enero-septiembre 2025;6.102
03065 Elche/Elx;1. Homicidios dolosos y asesinatos consumados;enero-septiembre 2025;1
03065 Elche/Elx;2. Homicidios dolosos y asesinatos en grado tentativa;enero-septiembre 2025;6
03065 Elche/Elx;3. Delitos graves y menos graves de lesiones y riña tumultuaria;enero-septiembre 2025;66
03065 Elche/Elx;4. Secuestro;enero-septiembre 2025;0
03065 Elche/Elx;5. Delitos contra la libertad sexual;enero-septiembre 2025;79
03065 Elche/Elx;5.1.-Agresión sexual con penetración;enero-septiembre 2025;30
03065 Elche/Elx;5.2.-Resto de delitos contra la libertad sexual;enero-septiembre 2025;49
03065 Elche/Elx;6. Robos con violencia e intimidación;enero-septiembre 2025;124
03065 Elche/Elx;7. Robos con fuerza en domicilios, establecimientos y otras instalaciones;enero-septiembre 2025;368
03065 Elche/Elx;7.1.-Robos con fuerza en domicilios;enero-septiembre 2025;280
03065 Elche/Elx;8. Hurtos;enero-septiembre 2025;1.954
03065 Elche/Elx;9. Sustracciones de vehículos;enero-septiembre 2025;189
03065 Elche/Elx;10. Tráfico de drogas;enero-septiembre 2025;136
03065 Elche/Elx;11. Resto de criminalidad convencional;enero-septiembre 2025;3.179
03065 Elche/Elx;II. CIBERCRIMINALIDAD (infracciones penales cometidas en/por medio ciber);enero-septiembre 2025;1.448
03065 Elche/Elx;12.-Estafas informáticas;enero-septiembre 2025;1.197
03065 Elche/Elx;13.-Otros ciberdelitos;enero-septiembre 2025;251
03065 Elche/Elx;III. TOTAL INFRACCIONES PENALES;enero-septiembre 2025;7.550
03066 Elda;I. CRIMINALIDAD CONVENCIONAL;enero-septiembre 2025;1.265
03066 Elda;1. Homicidios dolosos y asesinatos consumados;enero-septiembre 2025;0
03066 Elda;2. Homicidios dolosos y asesinatos en grado tentativa;enero-septiembre 2025;2
03066 Elda;3. Delitos graves y menos graves de lesiones y riña tumultuaria;enero-septiembre 2025;21
03066 Elda;4. Secuestro;enero-septiembre 2025;2
03066 Elda;5. Delitos contra la libertad sexual;enero-septiembre 2025;10
03066 Elda;5.1.-Agresión sexual con penetración;enero-septiembre 2025;2
03066 Elda;5.2.-Resto de delitos contra la libertad sexual;enero-septiembre 2025;8
03066 Elda;6. Robos con violencia e intimidación;enero-septiembre 2025;27
03066 Elda;7. Robos con fuerza en domicilios, establecimientos y otras instalaciones;enero-septiembre 2025;81
03066 Elda;7.1.-Robos con fuerza en domicilios;enero-septiembre 2025;62
03066 Elda;8. Hurtos;enero-septiembre 2025;304
03066 Elda;9. Sustracciones de vehículos;enero-septiembre 2025;25
03066 Elda;10. Tráfico de drogas;enero-septiembre 2025;27
03066 Elda;11. Resto de criminalidad convencional;enero-septiembre 2025;766
03066 Elda;II. CIBERCRIMINALIDAD (infracciones penales cometidas en/por medio ciber);enero-septiembre 2025;444
03066 Elda;12.-Estafas informáticas;enero-septiembre 2025;353
03066 Elda;13.-Otros ciberdelitos;enero-septiembre 2025;91
03066 Elda;III. TOTAL INFRACCIONES PENALES;enero-septiembre 2025;1.709
03079 Ibi;I. CRIMINALIDAD CONVENCIONAL;enero-septiembre 2025;477
03079 Ibi;1. Homicidios dolosos y asesinatos consumados;enero-septiembre 2025;0
03079 Ibi;2. Homicidios dolosos y asesinatos en grado tentativa;enero-septiembre 2025;0
03079 Ibi;3. Delitos graves y menos graves de lesiones y riña tumultuaria;enero-septiembre 2025;7
03079 Ibi;4. Secuestro;enero-septiembre 2025;0
03079 Ibi;5. Delitos contra la libertad sexual;enero-septiembre 2025;6
03079 Ibi;5.1.-Agresión sexual con penetración;enero-septiembre 2025;2
03079 Ibi;5.2.-Resto de delitos contra la libertad sexual;enero-septiembre 2025;4
03079 Ibi;6. Robos con violencia e intimidación;enero-septiembre 2025;5
03079 Ibi;7. Robos con fuerza en domicilios, establecimientos y otras instalaciones;enero-septiembre 2025;34
03079 Ibi;7.1.-Robos con fuerza en domicilios;enero-septiembre 2025;27
03079 Ibi;8. Hurtos;enero-septiembre 2025;107
03079 Ibi;9. Sustracciones de vehículos;enero-septiembre 2025;4
03079 Ibi;10. Tráfico de drogas;enero-septiembre 2025;1
03079 Ibi;11. Resto de criminalidad convencional;enero-septiembre 2025;313
03079 Ibi;II. CIBERCRIMINALIDAD (infracciones penales cometidas en/por medio ciber);enero-septiembre 2025;226
03079 Ibi;12.-Estafas informáticas;enero-septiembre 2025;198
03079 Ibi;13.-Otros ciberdelitos;enero-septiembre 2025;28
03079 Ibi;III. TOTAL INFRACCIONES PENALES;enero-septiembre 2025;703
03082 Jávea/Xàbia;I. CRIMINALIDAD CONVENCIONAL;enero-septiembre 2025;1.329
03082 Jávea/Xàbia;1. Homicidios dolosos y asesinatos consumados;enero-septiembre 2025;0
03082 Jávea/Xàbia;2. Homicidios dolosos y asesinatos en grado tentativa;enero-septiembre 2025;1
03082 Jávea/Xàbia;3. Delitos graves y menos graves de lesiones y riña tumultuaria;enero-septiembre 2025;28
03082 Jávea/Xàbia;4. Secuestro;enero-septiembre 2025;0
03082 Jávea/Xàbia;5. Delitos contra la libertad sexual;enero-septiembre 2025;13
03082 Jávea/Xàbia;5.1.-Agresión sexual con penetración;enero-septiembre 2025;5
03082 Jávea/Xàbia;5.2.-Resto de delitos contra la libertad sexual;enero-septiembre 2025;8
03082 Jávea/Xàbia;6. Robos con violencia e intimidación;enero-septiembre 2025;16
03082 Jávea/Xàbia;7. Robos con fuerza en domicilios, establecimientos y otras instalaciones;enero-septiembre 2025;198
03082 Jávea/Xàbia;7.1.-Robos con fuerza en domicilios;enero-septiembre 2025;188
03082 Jávea/Xàbia;8. Hurtos;enero-septiembre 2025;411
03082 Jávea/Xàbia;9. Sustracciones de vehículos;enero-septiembre 2025;22
03082 Jávea/Xàbia;10. Tráfico de drogas;enero-septiembre 2025;5
03082 Jávea/Xàbia;11. Resto de criminalidad convencional;enero-septiembre 2025;635
03082 Jávea/Xàbia;II. CIBERCRIMINALIDAD (infracciones penales cometidas en/por medio ciber);enero-septiembre 2025;147
03082 Jávea/Xàbia;12.-Estafas informáticas;enero-septiembre 2025;125
03082 Jávea/Xàbia;13.-Otros ciberdelitos;enero-septiembre 2025;22
03082 Jávea/Xàbia;III. TOTAL INFRACCIONES PENALES;enero-septiembre 2025;1.476
03090 Mutxamel;I. CRIMINALIDAD CONVENCIONAL;enero-septiembre 2025;456
03090 Mutxamel;1. Homicidios dolosos y asesinatos consumados;enero-septiembre 2025;0
03090 Mutxamel;2. Homicidios dolosos y asesinatos en grado tentativa;enero-septiembre 2025;0
03090 Mutxamel;3. Delitos graves y menos graves de lesiones y riña tumultuaria;enero-septiembre 2025;14
03090 Mutxamel;4. Secuestro;enero-septiembre 2025;0
03090 Mutxamel;5. Delitos contra la libertad sexual;enero-septiembre 2025;8
03090 Mutxamel;5.1.-Agresión sexual con penetración;enero-septiembre 2025;3
03090 Mutxamel;5.2.-Resto de delitos contra la libertad sexual;enero-septiembre 2025;5
03090 Mutxamel;6. Robos con violencia e intimidación;enero-septiembre 2025;6
03090 Mutxamel;7. Robos con fuerza en domicilios, establecimientos y otras instalaciones;enero-septiembre 2025;31
03090 Mutxamel;7.1.-Robos con fuerza en domicilios;enero-septiembre 2025;29
03090 Mutxamel;8. Hurtos;enero-septiembre 2025;86
03090 Mutxamel;9. Sustracciones de vehículos;enero-septiembre 2025;3
03090 Mutxamel;10. Tráfico de drogas;enero-septiembre 2025;5
03090 Mutxamel;11. Resto de criminalidad convencional;enero-septiembre 2025;303
03090 Mutxamel;II. CIBERCRIMINALIDAD (infracciones penales cometidas en/por medio ciber);enero-septiembre 2025;226
03090 Mutxamel;12.-Estafas informáticas;enero-septiembre 2025;194
03090 Mutxamel;13.-Otros ciberdelitos;enero-septiembre 2025;32
03090 Mutxamel;III. TOTAL INFRACCIONES PENALES;enero-septiembre 2025;682
03093 Novelda;I. CRIMINALIDAD CONVENCIONAL;enero-septiembre 2025;562
03093 Novelda;1. Homicidios dolosos y asesinatos consumados;enero-septiembre 2025;0
03093 Novelda;2. Homicidios dolosos y asesinatos en grado tentativa;enero-septiembre 2025;0
03093 Novelda;3. Delitos graves y menos graves de lesiones y riña tumultuaria;enero-septiembre 2025;12
03093 Novelda;4. Secuestro;enero-septiembre 2025;0
03093 Novelda;5. Delitos contra la libertad sexual;enero-septiembre 2025;8
03093 Novelda;5.1.-Agresión sexual con penetración;enero-septiembre 2025;1
03093 Novelda;5.2.-Resto de delitos contra la libertad sexual;enero-septiembre 2025;7
03093 Novelda;6. Robos con violencia e intimidación;enero-septiembre 2025;13
03093 Novelda;7. Robos con fuerza en domicilios, establecimientos y otras instalaciones;enero-septiembre 2025;45
03093 Novelda;7.1.-Robos con fuerza en domicilios;enero-septiembre 2025;38
03093 Novelda;8. Hurtos;enero-septiembre 2025;127
03093 Novelda;9. Sustracciones de vehículos;enero-septiembre 2025;4
03093 Novelda;10. Tráfico de drogas;enero-septiembre 2025;5
03093 Novelda;11. Resto de criminalidad convencional;enero-septiembre 2025;348
03093 Novelda;II. CIBERCRIMINALIDAD (infracciones penales cometidas en/por medio ciber);enero-septiembre 2025;193
03093 Novelda;12.-Estafas informáticas;enero-septiembre 2025;156
03093 Novelda;13.-Otros ciberdelitos;enero-septiembre 2025;37
03093 Novelda;III. TOTAL INFRACCIONES PENALES;enero-septiembre 2025;755
03099 Orihuela;I. CRIMINALIDAD CONVENCIONAL;enero-septiembre 2025;3.308
03099 Orihuela;1. Homicidios dolosos y asesinatos consumados;enero-septiembre 2025;0
03099 Orihuela;2. Homicidios dolosos y asesinatos en grado tentativa;enero-septiembre 2025;6
03099 Orihuela;3. Delitos graves y menos graves de lesiones y riña tumultuaria;enero-septiembre 2025;48
03099 Orihuela;4. Secuestro;enero-septiembre 2025;1
03099 Orihuela;5. Delitos contra la libertad sexual;enero-septiembre 2025;35
03099 Orihuela;5.1.-Agresión sexual con penetración;enero-septiembre 2025;4
03099 Orihuela;5.2.-Resto de delitos contra la libertad sexual;enero-septiembre 2025;31
03099 Orihuela;6. Robos con violencia e intimidación;enero-septiembre 2025;96
03099 Orihuela;7. Robos con fuerza en domicilios, establecimientos y otras instalaciones;enero-septiembre 2025;495
03099 Orihuela;7.1.-Robos con fuerza en domicilios;enero-septiembre 2025;428
03099 Orihuela;8. Hurtos;enero-septiembre 2025;1.004
03099 Orihuela;9. Sustracciones de vehículos;enero-septiembre 2025;79
03099 Orihuela;10. Tráfico de drogas;enero-septiembre 2025;31
03099 Orihuela;11. Resto de criminalidad convencional;enero-septiembre 2025;1.513
03099 Orihuela;II. CIBERCRIMINALIDAD (infracciones penales cometidas en/por medio ciber);enero-septiembre 2025;527
03099 Orihuela;12.-Estafas informáticas;enero-septiembre 2025;475
03099 Orihuela;13.-Otros ciberdelitos;enero-septiembre 2025;52
03099 Orihuela;III. TOTAL INFRACCIONES PENALES;enero-septiembre 2025;3.835
03104 Petrer;I. CRIMINALIDAD CONVENCIONAL;enero-septiembre 2025;480
03104 Petrer;1. Homicidios dolosos y asesinatos consumados;enero-septiembre 2025;0
03104 Petrer;2. Homicidios dolosos y asesinatos en grado tentativa;enero-septiembre 2025;0
03104 Petrer;3. Delitos graves y menos graves de lesiones y riña tumultuaria;enero-septiembre 2025;8
03104 Petrer;4. Secuestro;enero-septiembre 2025;0
03104 Petrer;5. Delitos contra la libertad sexual;enero-septiembre 2025;5
03104 Petrer;5.1.-Agresión sexual con penetración;enero-septiembre 2025;3
03104 Petrer;5.2.-Resto de delitos contra la libertad sexual;enero-septiembre 2025;2
03104 Petrer;6. Robos con violencia e intimidación;enero-septiembre 2025;7
03104 Petrer;7. Robos con fuerza en domicilios, establecimientos y otras instalaciones;enero-septiembre 2025;38
03104 Petrer;7.1.-Robos con fuerza en domicilios;enero-septiembre 2025;36
03104 Petrer;8. Hurtos;enero-septiembre 2025;120
03104 Petrer;9. Sustracciones de vehículos;enero-septiembre 2025;7
03104 Petrer;10. Tráfico de drogas;enero-septiembre 2025;7
03104 Petrer;11. Resto de criminalidad convencional;enero-septiembre 2025;288
03104 Petrer;II. CIBERCRIMINALIDAD (infracciones penales cometidas en/por medio ciber);enero-septiembre 2025;202
03104 Petrer;12.-Estafas informáticas;enero-septiembre 2025;160
03104 Petrer;13.-Otros ciberdelitos;enero-septiembre 2025;42
03104 Petrer;III. TOTAL INFRACCIONES PENALES;enero-septiembre 2025;682
03902 Pilar de la Horadada;I. CRIMINALIDAD CONVENCIONAL;enero-septiembre 2025;1.076
03902 Pilar de la Horadada;1. Homicidios dolosos y asesinatos consumados;enero-septiembre 2025;1
03902 Pilar de la Horadada;2. Homicidios dolosos y asesinatos en grado tentativa;enero-septiembre 2025;5
03902 Pilar de la Horadada;3. Delitos graves y menos graves de lesiones y riña tumultuaria;enero-septiembre 2025;16
03902 Pilar de la Horadada;4. Secuestro;enero-septiembre 2025;0
03902 Pilar de la Horadada;5. Delitos contra la libertad sexual;enero-septiembre 2025;17
03902 Pilar de la Horadada;5.1.-Agresión sexual con penetración;enero-septiembre 2025;3
03902 Pilar de la Horadada;5.2.-Resto de delitos contra la libertad sexual;enero-septiembre 2025;14
03902 Pilar de la Horadada;6. Robos con violencia e intimidación;enero-septiembre 2025;32
03902 Pilar de la Horadada;7. Robos con fuerza en domicilios, establecimientos y otras instalaciones;enero-septiembre 2025;121
03902 Pilar de la Horadada;7.1.-Robos con fuerza en domicilios;enero-septiembre 2025;104
03902 Pilar de la Horadada;8. Hurtos;enero-septiembre 2025;323
03902 Pilar de la Horadada;9. Sustracciones de vehículos;enero-septiembre 2025;25
03902 Pilar de la Horadada;10. Tráfico de drogas;enero-septiembre 2025;18
03902 Pilar de la Horadada;11. Resto de criminalidad convencional;enero-septiembre 2025;518
03902 Pilar de la Horadada;II. CIBERCRIMINALIDAD (infracciones penales cometidas en/por medio ciber);enero-septiembre 2025;213
03902 Pilar de la Horadada;12.-Estafas informáticas;enero-septiembre 2025;185
03902 Pilar de la Horadada;13.-Otros ciberdelitos;enero-septiembre 2025;28
03902 Pilar de la Horadada;III. TOTAL INFRACCIONES PENALES;enero-septiembre 2025;1.289
03122 San Vicente del Raspeig/Sant Vicent del Raspeig;I. CRIMINALIDAD CONVENCIONAL;enero-septiembre 2025;1.480
03122 San Vicente del Raspeig/Sant Vicent del Raspeig;1. Homicidios dolosos y asesinatos consumados;enero-septiembre 2025;0
03122 San Vicente del Raspeig/Sant Vicent del Raspeig;2. Homicidios dolosos y asesinatos en grado tentativa;enero-septiembre 2025;3
03122 San Vicente del Raspeig/Sant Vicent del Raspeig;3. Delitos graves y menos graves de lesiones y riña tumultuaria;enero-septiembre 2025;24
03122 San Vicente del Raspeig/Sant Vicent del Raspeig;4. Secuestro;enero-septiembre 2025;0
03122 San Vicente del Raspeig/Sant Vicent del Raspeig;5. Delitos contra la libertad sexual;enero-septiembre 2025;26
03122 San Vicente del Raspeig/Sant Vicent del Raspeig;5.1.-Agresión sexual con penetración;enero-septiembre 2025;7
03122 San Vicente del Raspeig/Sant Vicent del Raspeig;5.2.-Resto de delitos contra la libertad sexual;enero-septiembre 2025;19
03122 San Vicente del Raspeig/Sant Vicent del Raspeig;6. Robos con violencia e intimidación;enero-septiembre 2025;21
03122 San Vicente del Raspeig/Sant Vicent del Raspeig;7. Robos con fuerza en domicilios, establecimientos y otras instalaciones;enero-septiembre 2025;79
03122 San Vicente del Raspeig/Sant Vicent del Raspeig;7.1.-Robos con fuerza en domicilios;enero-septiembre 2025;67
03122 San Vicente del Raspeig/Sant Vicent del Raspeig;8. Hurtos;enero-septiembre 2025;403
03122 San Vicente del Raspeig/Sant Vicent del Raspeig;9. Sustracciones de vehículos;enero-septiembre 2025;17
03122 San Vicente del Raspeig/Sant Vicent del Raspeig;10. Tráfico de drogas;enero-septiembre 2025;5
03122 San Vicente del Raspeig/Sant Vicent del Raspeig;11. Resto de criminalidad convencional;enero-septiembre 2025;902
03122 San Vicente del Raspeig/Sant Vicent del Raspeig;II. CIBERCRIMINALIDAD (infracciones penales cometidas en/por medio ciber);enero-septiembre 2025;538
03122 San Vicente del Raspeig/Sant Vicent del Raspeig;12.-Estafas informáticas;enero-septiembre 2025;458
03122 San Vicente del Raspeig/Sant Vicent del Raspeig;13.-Otros ciberdelitos;enero-septiembre 2025;80
03122 San Vicente del Raspeig/Sant Vicent del Raspeig;III. TOTAL INFRACCIONES PENALES;enero-septiembre 2025;2.018
03119 Sant Joan d'Alacant;I. CRIMINALIDAD CONVENCIONAL;enero-septiembre 2025;643
03119 Sant Joan d'Alacant;1. Homicidios dolosos y asesinatos consumados;enero-septiembre 2025;0
03119 Sant Joan d'Alacant;2. Homicidios dolosos y asesinatos en grado tentativa;enero-septiembre 2025;0
03119 Sant Joan d'Alacant;3. Delitos graves y menos graves de lesiones y riña tumultuaria;enero-septiembre 2025;12
03119 Sant Joan d'Alacant;4. Secuestro;enero-septiembre 2025;0
03119 Sant Joan d'Alacant;5. Delitos contra la libertad sexual;enero-septiembre 2025;7
03119 Sant Joan d'Alacant;5.1.-Agresión sexual con penetración;enero-septiembre 2025;2
03119 Sant Joan d'Alacant;5.2.-Resto de delitos contra la libertad sexual;enero-septiembre 2025;5
03119 Sant Joan d'Alacant;6. Robos con violencia e intimidación;enero-septiembre 2025;8
03119 Sant Joan d'Alacant;7. Robos con fuerza en domicilios, establecimientos y otras instalaciones;enero-septiembre 2025;51
03119 Sant Joan d'Alacant;7.1.-Robos con fuerza en domicilios;enero-septiembre 2025;38
03119 Sant Joan d'Alacant;8. Hurtos;enero-septiembre 2025;206
03119 Sant Joan d'Alacant;9. Sustracciones de vehículos;enero-septiembre 2025;8
03119 Sant Joan d'Alacant;10. Tráfico de drogas;enero-septiembre 2025;4
03119 Sant Joan d'Alacant;11. Resto de criminalidad convencional;enero-septiembre 2025;347
03119 Sant Joan d'Alacant;II. CIBERCRIMINALIDAD (infracciones penales cometidas en/por medio ciber);enero-septiembre 2025;232
03119 Sant Joan d'Alacant;12.-Estafas informáticas;enero-septiembre 2025;203
03119 Sant Joan d'Alacant;13.-Otros ciberdelitos;enero-septiembre 2025;29
03119 Sant Joan d'Alacant;III. TOTAL INFRACCIONES PENALES;enero-septiembre 2025;875
03121 Santa Pola;I. CRIMINALIDAD CONVENCIONAL;enero-septiembre 2025;1.417
03121 Santa Pola;1. Homicidios dolosos y asesinatos consumados;enero-septiembre 2025;0
03121 Santa Pola;2. Homicidios dolosos y asesinatos en grado tentativa;enero-septiembre 2025;1
03121 Santa Pola;3. Delitos graves y menos graves de lesiones y riña tumultuaria;enero-septiembre 2025;18
03121 Santa Pola;4. Secuestro;enero-septiembre 2025;0
03121 Santa Pola;5. Delitos contra la libertad sexual;enero-septiembre 2025;23
03121 Santa Pola;5.1.-Agresión sexual con penetración;enero-septiembre 2025;3
03121 Santa Pola;5.2.-Resto de delitos contra la libertad sexual;enero-septiembre 2025;20
03121 Santa Pola;6. Robos con violencia e intimidación;enero-septiembre 2025;32
03121 Santa Pola;7. Robos con fuerza en domicilios, establecimientos y otras instalaciones;enero-septiembre 2025;93
03121 Santa Pola;7.1.-Robos con fuerza en domicilios;enero-septiembre 2025;80
03121 Santa Pola;8. Hurtos;enero-septiembre 2025;408
03121 Santa Pola;9. Sustracciones de vehículos;enero-septiembre 2025;15
03121 Santa Pola;10. Tráfico de drogas;enero-septiembre 2025;17
03121 Santa Pola;11. Resto de criminalidad convencional;enero-septiembre 2025;810
03121 Santa Pola;II. CIBERCRIMINALIDAD (infracciones penales cometidas en/por medio ciber);enero-septiembre 2025;408
03121 Santa Pola;12.-Estafas informáticas;enero-septiembre 2025;354
03121 Santa Pola;13.-Otros ciberdelitos;enero-septiembre 2025;54
03121 Santa Pola;III. TOTAL INFRACCIONES PENALES;enero-septiembre 2025;1.825
03133 Torrevieja;I. CRIMINALIDAD CONVENCIONAL;enero-septiembre 2025;7.122
03133 Torrevieja;1. Homicidios dolosos y asesinatos consumados;enero-septiembre 2025;1
03133 Torrevieja;2. Homicidios dolosos y asesinatos en grado tentativa;enero-septiembre 2025;3
03133 Torrevieja;3. Delitos graves y menos graves de lesiones y riña tumultuaria;enero-septiembre 2025;108
03133 Torrevieja;4. Secuestro;enero-septiembre 2025;0
03133 Torrevieja;5. Delitos contra la libertad sexual;enero-septiembre 2025;67
03133 Torrevieja;5.1.-Agresión sexual con penetración;enero-septiembre 2025;19
03133 Torrevieja;5.2.-Resto de delitos contra la libertad sexual;enero-septiembre 2025;48
03133 Torrevieja;6. Robos con violencia e intimidación;enero-septiembre 2025;251
03133 Torrevieja;7. Robos con fuerza en domicilios, establecimientos y otras instalaciones;enero-septiembre 2025;509
03133 Torrevieja;7.1.-Robos con fuerza en domicilios;enero-septiembre 2025;443
03133 Torrevieja;8. Hurtos;enero-septiembre 2025;2.347
03133 Torrevieja;9. Sustracciones de vehículos;enero-septiembre 2025;75
03133 Torrevieja;10. Tráfico de drogas;enero-septiembre 2025;78
03133 Torrevieja;11. Resto de criminalidad convencional;enero-septiembre 2025;3.683
03133 Torrevieja;II. CIBERCRIMINALIDAD (infracciones penales cometidas en/por medio ciber);enero-septiembre 2025;748
03133 Torrevieja;12.-Estafas informáticas;enero-septiembre 2025;655
03133 Torrevieja;13.-Otros ciberdelitos;enero-septiembre 2025;93
03133 Torrevieja;III. TOTAL INFRACCIONES PENALES;enero-septiembre 2025;7.870
03139 Villajoyosa/Vila Joiosa (la);I. CRIMINALIDAD CONVENCIONAL;enero-septiembre 2025;1.394
03139 Villajoyosa/Vila Joiosa (la);1. Homicidios dolosos y asesinatos consumados;enero-septiembre 2025;0
03139 Villajoyosa/Vila Joiosa (la);2. Homicidios dolosos y asesinatos en grado tentativa;enero-septiembre 2025;5
03139 Villajoyosa/Vila Joiosa (la);3. Delitos graves y menos graves de lesiones y riña tumultuaria;enero-septiembre 2025;17
03139 Villajoyosa/Vila Joiosa (la);4. Secuestro;enero-septiembre 2025;0
03139 Villajoyosa/Vila Joiosa (la);5. Delitos contra la libertad sexual;enero-septiembre 2025;11
03139 Villajoyosa/Vila Joiosa (la);5.1.-Agresión sexual con penetración;enero-septiembre 2025;2
03139 Villajoyosa/Vila Joiosa (la);5.2.-Resto de delitos contra la libertad sexual;enero-septiembre 2025;9
03139 Villajoyosa/Vila Joiosa (la);6. Robos con violencia e intimidación;enero-septiembre 2025;11
03139 Villajoyosa/Vila Joiosa (la);7. Robos con fuerza en domicilios, establecimientos y otras instalaciones;enero-septiembre 2025;67
03139 Villajoyosa/Vila Joiosa (la);7.1.-Robos con fuerza en domicilios;enero-septiembre 2025;44
03139 Villajoyosa/Vila Joiosa (la);8. Hurtos;enero-septiembre 2025;416
03139 Villajoyosa/Vila Joiosa (la);9. Sustracciones de vehículos;enero-septiembre 2025;28
03139 Villajoyosa/Vila Joiosa (la);10. Tráfico de drogas;enero-septiembre 2025;5
03139 Villajoyosa/Vila Joiosa (la);11. Resto de criminalidad convencional;enero-septiembre 2025;834
03139 Villajoyosa/Vila Joiosa (la);II. CIBERCRIMINALIDAD (infracciones penales cometidas en/por medio ciber);enero-septiembre 2025;296
03139 Villajoyosa/Vila Joiosa (la);12.-Estafas informáticas;enero-septiembre 2025;265
03139 Villajoyosa/Vila Joiosa (la);13.-Otros ciberdelitos;enero-septiembre 2025;31
03139 Villajoyosa/Vila Joiosa (la);III. TOTAL INFRACCIONES PENALES;enero-septiembre 2025;1.690
03140 Villena;I. CRIMINALIDAD CONVENCIONAL;enero-septiembre 2025;800
03140 Villena;1. Homicidios dolosos y asesinatos consumados;enero-septiembre 2025;1
03140 Villena;2. Homicidios dolosos y asesinatos en grado tentativa;enero-septiembre 2025;1
03140 Villena;3. Delitos graves y menos graves de lesiones y riña tumultuaria;enero-septiembre 2025;18
03140 Villena;4. Secuestro;enero-septiembre 2025;0
03140 Villena;5. Delitos contra la libertad sexual;enero-septiembre 2025;12
03140 Villena;5.1.-Agresión sexual con penetración;enero-septiembre 2025;4
03140 Villena;5.2.-Resto de delitos contra la libertad sexual;enero-septiembre 2025;8
03140 Villena;6. Robos con violencia e intimidación;enero-septiembre 2025;11
03140 Villena;7. Robos con fuerza en domicilios, establecimientos y otras instalaciones;enero-septiembre 2025;118
03140 Villena;7.1.-Robos con fuerza en domicilios;enero-septiembre 2025;98
03140 Villena;8. Hurtos;enero-septiembre 2025;139
03140 Villena;9. Sustracciones de vehículos;enero-septiembre 2025;1
03140 Villena;10. Tráfico de drogas;enero-septiembre 2025;11
03140 Villena;11. Resto de criminalidad convencional;enero-septiembre 2025;488
03140 Villena;II. CIBERCRIMINALIDAD (infracciones penales cometidas en/por medio ciber);enero-septiembre 2025;217
03140 Villena;12.-Estafas informáticas;enero-septiembre 2025;201
03140 Villena;13.-Otros ciberdelitos;enero-septiembre 2025;16
03140 Villena;III. TOTAL INFRACCIONES PENALES;enero-septiembre 2025;1.017
Provincia de CASTELLÓN/CASTELLÓ;I. CRIMINALIDAD CONVENCIONAL;enero-septiembre 2025;18.264
Provincia de CASTELLÓN/CASTELLÓ;1. Homicidios dolosos y asesinatos consumados;enero-septiembre 2025;3
Provincia de CASTELLÓN/CASTELLÓ;2. Homicidios dolosos y asesinatos en grado tentativa;enero-septiembre 2025;17
Provincia de CASTELLÓN/CASTELLÓ;3. Delitos graves y menos graves de lesiones y riña tumultuaria;enero-septiembre 2025;319
Provincia de CASTELLÓN/CASTELLÓ;4. Secuestro;enero-septiembre 2025;1
Provincia de CASTELLÓN/CASTELLÓ;5. Delitos contra la libertad sexual;enero-septiembre 2025;217
Provincia de CASTELLÓN/CASTELLÓ;5.1.-Agresión sexual con penetración;enero-septiembre 2025;32
Provincia de CASTELLÓN/CASTELLÓ;5.2.-Resto de delitos contra la libertad sexual;enero-septiembre 2025;185
Provincia de CASTELLÓN/CASTELLÓ;6. Robos con violencia e intimidación;enero-septiembre 2025;295
Provincia de CASTELLÓN/CASTELLÓ;7. Robos con fuerza en domicilios, establecimientos y otras instalaciones;enero-septiembre 2025;1.553
Provincia de CASTELLÓN/CASTELLÓ;7.1.-Robos con fuerza en domicilios;enero-septiembre 2025;1.177
Provincia de CASTELLÓN/CASTELLÓ;8. Hurtos;enero-septiembre 2025;4.778
Provincia de CASTELLÓN/CASTELLÓ;9. Sustracciones de vehículos;enero-septiembre 2025;163
Provincia de CASTELLÓN/CASTELLÓ;10. Tráfico de drogas;enero-septiembre 2025;128
Provincia de CASTELLÓN/CASTELLÓ;11. Resto de criminalidad convencional;enero-septiembre 2025;10.790
Provincia de CASTELLÓN/CASTELLÓ;II. CIBERCRIMINALIDAD (infracciones penales cometidas en/por medio ciber);enero-septiembre 2025;4.314
Provincia de CASTELLÓN/CASTELLÓ;12.-Estafas informáticas;enero-septiembre 2025;3.723
Provincia de CASTELLÓN/CASTELLÓ;13.-Otros ciberdelitos;enero-septiembre 2025;591
Provincia de CASTELLÓN/CASTELLÓ;III. TOTAL INFRACCIONES PENALES;enero-septiembre 2025;22.578
12009 Almazora/Almassora;I. CRIMINALIDAD CONVENCIONAL;enero-septiembre 2025;1.181
12009 Almazora/Almassora;1. Homicidios dolosos y asesinatos consumados;enero-septiembre 2025;0
12009 Almazora/Almassora;2. Homicidios dolosos y asesinatos en grado tentativa;enero-septiembre 2025;0
12009 Almazora/Almassora;3. Delitos graves y menos graves de lesiones y riña tumultuaria;enero-septiembre 2025;20
12009 Almazora/Almassora;4. Secuestro;enero-septiembre 2025;0
12009 Almazora/Almassora;5. Delitos contra la libertad sexual;enero-septiembre 2025;5
12009 Almazora/Almassora;5.1.-Agresión sexual con penetración;enero-septiembre 2025;0
12009 Almazora/Almassora;5.2.-Resto de delitos contra la libertad sexual;enero-septiembre 2025;5
12009 Almazora/Almassora;6. Robos con violencia e intimidación;enero-septiembre 2025;13
12009 Almazora/Almassora;7. Robos con fuerza en domicilios, establecimientos y otras instalaciones;enero-septiembre 2025;93
12009 Almazora/Almassora;7.1.-Robos con fuerza en domicilios;enero-septiembre 2025;77
12009 Almazora/Almassora;8. Hurtos;enero-septiembre 2025;226
12009 Almazora/Almassora;9. Sustracciones de vehículos;enero-septiembre 2025;8
12009 Almazora/Almassora;10. Tráfico de drogas;enero-septiembre 2025;13
12009 Almazora/Almassora;11. Resto de criminalidad convencional;enero-septiembre 2025;803
12009 Almazora/Almassora;II. CIBERCRIMINALIDAD (infracciones penales cometidas en/por medio ciber);enero-septiembre 2025;127
12009 Almazora/Almassora;12.-Estafas informáticas;enero-septiembre 2025;101
12009 Almazora/Almassora;13.-Otros ciberdelitos;enero-septiembre 2025;26
12009 Almazora/Almassora;III. TOTAL INFRACCIONES PENALES;enero-septiembre 2025;1.308
12027 Benicarló;I. CRIMINALIDAD CONVENCIONAL;enero-septiembre 2025;1.211
12027 Benicarló;1. Homicidios dolosos y asesinatos consumados;enero-septiembre 2025;0
12027 Benicarló;2. Homicidios dolosos y asesinatos en grado tentativa;enero-septiembre 2025;3
12027 Benicarló;3. Delitos graves y menos graves de lesiones y riña tumultuaria;enero-septiembre 2025;14
12027 Benicarló;4. Secuestro;enero-septiembre 2025;0
12027 Benicarló;5. Delitos contra la libertad sexual;enero-septiembre 2025;14
12027 Benicarló;5.1.-Agresión sexual con penetración;enero-septiembre 2025;2
12027 Benicarló;5.2.-Resto de delitos contra la libertad sexual;enero-septiembre 2025;12
12027 Benicarló;6. Robos con violencia e intimidación;enero-septiembre 2025;33
12027 Benicarló;7. Robos con fuerza en domicilios, establecimientos y otras instalaciones;enero-septiembre 2025;64
12027 Benicarló;7.1.-Robos con fuerza en domicilios;enero-septiembre 2025;49
12027 Benicarló;8. Hurtos;enero-septiembre 2025;388
12027 Benicarló;9. Sustracciones de vehículos;enero-septiembre 2025;4
12027 Benicarló;10. Tráfico de drogas;enero-septiembre 2025;5
12027 Benicarló;11. Resto de criminalidad convencional;enero-septiembre 2025;686
12027 Benicarló;II. CIBERCRIMINALIDAD (infracciones penales cometidas en/por medio ciber);enero-septiembre 2025;322
12027 Benicarló;12.-Estafas informáticas;enero-septiembre 2025;280
12027 Benicarló;13.-Otros ciberdelitos;enero-septiembre 2025;42
12027 Benicarló;III. TOTAL INFRACCIONES PENALES;enero-septiembre 2025;1.533
12028 Benicasim/Benicàssim;I. CRIMINALIDAD CONVENCIONAL;enero-septiembre 2025;718
12028 Benicasim/Benicàssim;1. Homicidios dolosos y asesinatos consumados;enero-septiembre 2025;1
12028 Benicasim/Benicàssim;2. Homicidios dolosos y asesinatos en grado tentativa;enero-septiembre 2025;0
12028 Benicasim/Benicàssim;3. Delitos graves y menos graves de lesiones y riña tumultuaria;enero-septiembre 2025;8
12028 Benicasim/Benicàssim;4. Secuestro;enero-septiembre 2025;0
12028 Benicasim/Benicàssim;5. Delitos contra la libertad sexual;enero-septiembre 2025;8
12028 Benicasim/Benicàssim;5.1.-Agresión sexual con penetración;enero-septiembre 2025;2
12028 Benicasim/Benicàssim;5.2.-Resto de delitos contra la libertad sexual;enero-septiembre 2025;6
12028 Benicasim/Benicàssim;6. Robos con violencia e intimidación;enero-septiembre 2025;12
12028 Benicasim/Benicàssim;7. Robos con fuerza en domicilios, establecimientos y otras instalaciones;enero-septiembre 2025;41
12028 Benicasim/Benicàssim;7.1.-Robos con fuerza en domicilios;enero-septiembre 2025;34
12028 Benicasim/Benicàssim;8. Hurtos;enero-septiembre 2025;200
12028 Benicasim/Benicàssim;9. Sustracciones de vehículos;enero-septiembre 2025;3
12028 Benicasim/Benicàssim;10. Tráfico de drogas;enero-septiembre 2025;15
12028 Benicasim/Benicàssim;11. Resto de criminalidad convencional;enero-septiembre 2025;430
12028 Benicasim/Benicàssim;II. CIBERCRIMINALIDAD (infracciones penales cometidas en/por medio ciber);enero-septiembre 2025;191
12028 Benicasim/Benicàssim;12.-Estafas informáticas;enero-septiembre 2025;177
12028 Benicasim/Benicàssim;13.-Otros ciberdelitos;enero-septiembre 2025;14
12028 Benicasim/Benicàssim;III. TOTAL INFRACCIONES PENALES;enero-septiembre 2025;909
12032 Borriana/Burriana;I. CRIMINALIDAD CONVENCIONAL;enero-septiembre 2025;1.268
12032 Borriana/Burriana;1. Homicidios dolosos y asesinatos consumados;enero-septiembre 2025;0
12032 Borriana/Burriana;2. Homicidios dolosos y asesinatos en grado tentativa;enero-septiembre 2025;3
12032 Borriana/Burriana;3. Delitos graves y menos graves de lesiones y riña tumultuaria;enero-septiembre 2025;20
12032 Borriana/Burriana;4. Secuestro;enero-septiembre 2025;1
12032 Borriana/Burriana;5. Delitos contra la libertad sexual;enero-septiembre 2025;25
12032 Borriana/Burriana;5.1.-Agresión sexual con penetración;enero-septiembre 2025;7
12032 Borriana/Burriana;5.2.-Resto de delitos contra la libertad sexual;enero-septiembre 2025;18
12032 Borriana/Burriana;6. Robos con violencia e intimidación;enero-septiembre 2025;32
12032 Borriana/Burriana;7. Robos con fuerza en domicilios, establecimientos y otras instalaciones;enero-septiembre 2025;124
12032 Borriana/Burriana;7.1.-Robos con fuerza en domicilios;enero-septiembre 2025;96
12032 Borriana/Burriana;8. Hurtos;enero-septiembre 2025;303
12032 Borriana/Burriana;9. Sustracciones de vehículos;enero-septiembre 2025;9
12032 Borriana/Burriana;10. Tráfico de drogas;enero-septiembre 2025;13
12032 Borriana/Burriana;11. Resto de criminalidad convencional;enero-septiembre 2025;738
12032 Borriana/Burriana;II. CIBERCRIMINALIDAD (infracciones penales cometidas en/por medio ciber);enero-septiembre 2025;361
12032 Borriana/Burriana;12.-Estafas informáticas;enero-septiembre 2025;322
12032 Borriana/Burriana;13.-Otros ciberdelitos;enero-septiembre 2025;39
12032 Borriana/Burriana;III. TOTAL INFRACCIONES PENALES;enero-septiembre 2025;1.629
12040 Castellón de la Plana/Castelló de la Plana;I. CRIMINALIDAD CONVENCIONAL;enero-septiembre 2025;4.909
12040 Castellón de la Plana/Castelló de la Plana;1. Homicidios dolosos y asesinatos consumados;enero-septiembre 2025;0
12040 Castellón de la Plana/Castelló de la Plana;2. Homicidios dolosos y asesinatos en grado tentativa;enero-septiembre 2025;3
12040 Castellón de la Plana/Castelló de la Plana;3. Delitos graves y menos graves de lesiones y riña tumultuaria;enero-septiembre 2025;94
12040 Castellón de la Plana/Castelló de la Plana;4. Secuestro;enero-septiembre 2025;0
12040 Castellón de la Plana/Castelló de la Plana;5. Delitos contra la libertad sexual;enero-septiembre 2025;63
12040 Castellón de la Plana/Castelló de la Plana;5.1.-Agresión sexual con penetración;enero-septiembre 2025;6
12040 Castellón de la Plana/Castelló de la Plana;5.2.-Resto de delitos contra la libertad sexual;enero-septiembre 2025;57
12040 Castellón de la Plana/Castelló de la Plana;6. Robos con violencia e intimidación;enero-septiembre 2025;97
12040 Castellón de la Plana/Castelló de la Plana;7. Robos con fuerza en domicilios, establecimientos y otras instalaciones;enero-septiembre 2025;463
12040 Castellón de la Plana/Castelló de la Plana;7.1.-Robos con fuerza en domicilios;enero-septiembre 2025;340
12040 Castellón de la Plana/Castelló de la Plana;8. Hurtos;enero-septiembre 2025;1.738
12040 Castellón de la Plana/Castelló de la Plana;9. Sustracciones de vehículos;enero-septiembre 2025;78
12040 Castellón de la Plana/Castelló de la Plana;10. Tráfico de drogas;enero-septiembre 2025;36
12040 Castellón de la Plana/Castelló de la Plana;11. Resto de criminalidad convencional;enero-septiembre 2025;2.337
12040 Castellón de la Plana/Castelló de la Plana;II. CIBERCRIMINALIDAD (infracciones penales cometidas en/por medio ciber);enero-septiembre 2025;1.123
12040 Castellón de la Plana/Castelló de la Plana;12.-Estafas informáticas;enero-septiembre 2025;972
12040 Castellón de la Plana/Castelló de la Plana;13.-Otros ciberdelitos;enero-septiembre 2025;151
12040 Castellón de la Plana/Castelló de la Plana;III. TOTAL INFRACCIONES PENALES;enero-septiembre 2025;6.032
12084 Onda;I. CRIMINALIDAD CONVENCIONAL;enero-septiembre 2025;626
12084 Onda;1. Homicidios dolosos y asesinatos consumados;enero-septiembre 2025;1
12084 Onda;2. Homicidios dolosos y asesinatos en grado tentativa;enero-septiembre 2025;0
12084 Onda;3. Delitos graves y menos graves de lesiones y riña tumultuaria;enero-septiembre 2025;6
12084 Onda;4. Secuestro;enero-septiembre 2025;0
12084 Onda;5. Delitos contra la libertad sexual;enero-septiembre 2025;9
12084 Onda;5.1.-Agresión sexual con penetración;enero-septiembre 2025;0
12084 Onda;5.2.-Resto de delitos contra la libertad sexual;enero-septiembre 2025;9
12084 Onda;6. Robos con violencia e intimidación;enero-septiembre 2025;6
12084 Onda;7. Robos con fuerza en domicilios, establecimientos y otras instalaciones;enero-septiembre 2025;51
12084 Onda;7.1.-Robos con fuerza en domicilios;enero-septiembre 2025;38
12084 Onda;8. Hurtos;enero-septiembre 2025;88
12084 Onda;9. Sustracciones de vehículos;enero-septiembre 2025;3
12084 Onda;10. Tráfico de drogas;enero-septiembre 2025;5
12084 Onda;11. Resto de criminalidad convencional;enero-septiembre 2025;457
12084 Onda;II. CIBERCRIMINALIDAD (infracciones penales cometidas en/por medio ciber);enero-septiembre 2025;125
12084 Onda;12.-Estafas informáticas;enero-septiembre 2025;98
12084 Onda;13.-Otros ciberdelitos;enero-septiembre 2025;27
12084 Onda;III. TOTAL INFRACCIONES PENALES;enero-septiembre 2025;751
12126 Vall d'Uixó (la);I. CRIMINALIDAD CONVENCIONAL;enero-septiembre 2025;801
12126 Vall d'Uixó (la);1. Homicidios dolosos y asesinatos consumados;enero-septiembre 2025;0
12126 Vall d'Uixó (la);2. Homicidios dolosos y asesinatos en grado tentativa;enero-septiembre 2025;0
12126 Vall d'Uixó (la);3. Delitos graves y menos graves de lesiones y riña tumultuaria;enero-septiembre 2025;17
12126 Vall d'Uixó (la);4. Secuestro;enero-septiembre 2025;0
12126 Vall d'Uixó (la);5. Delitos contra la libertad sexual;enero-septiembre 2025;6
12126 Vall d'Uixó (la);5.1.-Agresión sexual con penetración;enero-septiembre 2025;2
12126 Vall d'Uixó (la);5.2.-Resto de delitos contra la libertad sexual;enero-septiembre 2025;4
12126 Vall d'Uixó (la);6. Robos con violencia e intimidación;enero-septiembre 2025;8
12126 Vall d'Uixó (la);7. Robos con fuerza en domicilios, establecimientos y otras instalaciones;enero-septiembre 2025;73
12126 Vall d'Uixó (la);7.1.-Robos con fuerza en domicilios;enero-septiembre 2025;54
12126 Vall d'Uixó (la);8. Hurtos;enero-septiembre 2025;228
12126 Vall d'Uixó (la);9. Sustracciones de vehículos;enero-septiembre 2025;5
12126 Vall d'Uixó (la);10. Tráfico de drogas;enero-septiembre 2025;0
12126 Vall d'Uixó (la);11. Resto de criminalidad convencional;enero-septiembre 2025;464
12126 Vall d'Uixó (la);II. CIBERCRIMINALIDAD (infracciones penales cometidas en/por medio ciber);enero-septiembre 2025;220
12126 Vall d'Uixó (la);12.-Estafas informáticas;enero-septiembre 2025;187
12126 Vall d'Uixó (la);13.-Otros ciberdelitos;enero-septiembre 2025;33
12126 Vall d'Uixó (la);III. TOTAL INFRACCIONES PENALES;enero-septiembre 2025;1.021
12135 Vila-real;I. CRIMINALIDAD CONVENCIONAL;enero-septiembre 2025;944
12135 Vila-real;1. Homicidios dolosos y asesinatos consumados;enero-septiembre 2025;1
12135 Vila-real;2. Homicidios dolosos y asesinatos en grado tentativa;enero-septiembre 2025;0
12135 Vila-real;3. Delitos graves y menos graves de lesiones y riña tumultuaria;enero-septiembre 2025;15
12135 Vila-real;4. Secuestro;enero-septiembre 2025;0
12135 Vila-real;5. Delitos contra la libertad sexual;enero-septiembre 2025;11
12135 Vila-real;5.1.-Agresión sexual con penetración;enero-septiembre 2025;2
12135 Vila-real;5.2.-Resto de delitos contra la libertad sexual;enero-septiembre 2025;9
12135 Vila-real;6. Robos con violencia e intimidación;enero-septiembre 2025;11
12135 Vila-real;7. Robos con fuerza en domicilios, establecimientos y otras instalaciones;enero-septiembre 2025;80
12135 Vila-real;7.1.-Robos con fuerza en domicilios;enero-septiembre 2025;59
12135 Vila-real;8. Hurtos;enero-septiembre 2025;221
12135 Vila-real;9. Sustracciones de vehículos;enero-septiembre 2025;17
12135 Vila-real;10. Tráfico de drogas;enero-septiembre 2025;4
12135 Vila-real;11. Resto de criminalidad convencional;enero-septiembre 2025;584
12135 Vila-real;II. CIBERCRIMINALIDAD (infracciones penales cometidas en/por medio ciber);enero-septiembre 2025;302
12135 Vila-real;12.-Estafas informáticas;enero-septiembre 2025;280
12135 Vila-real;13.-Otros ciberdelitos;enero-septiembre 2025;22
12135 Vila-real;III. TOTAL INFRACCIONES PENALES;enero-septiembre 2025;1.246
12138 Vinaròs;I. CRIMINALIDAD CONVENCIONAL;enero-septiembre 2025;1.114
12138 Vinaròs;1. Homicidios dolosos y asesinatos consumados;enero-septiembre 2025;0
12138 Vinaròs;2. Homicidios dolosos y asesinatos en grado tentativa;enero-septiembre 2025;1
12138 Vinaròs;3. Delitos graves y menos graves de lesiones y riña tumultuaria;enero-septiembre 2025;21
12138 Vinaròs;4. Secuestro;enero-septiembre 2025;0
12138 Vinaròs;5. Delitos contra la libertad sexual;enero-septiembre 2025;15
12138 Vinaròs;5.1.-Agresión sexual con penetración;enero-septiembre 2025;5
12138 Vinaròs;5.2.-Resto de delitos contra la libertad sexual;enero-septiembre 2025;10
12138 Vinaròs;6. Robos con violencia e intimidación;enero-septiembre 2025;14
12138 Vinaròs;7. Robos con fuerza en domicilios, establecimientos y otras instalaciones;enero-septiembre 2025;78
12138 Vinaròs;7.1.-Robos con fuerza en domicilios;enero-septiembre 2025;62
12138 Vinaròs;8. Hurtos;enero-septiembre 2025;283
12138 Vinaròs;9. Sustracciones de vehículos;enero-septiembre 2025;7
12138 Vinaròs;10. Tráfico de drogas;enero-septiembre 2025;9
12138 Vinaròs;11. Resto de criminalidad convencional;enero-septiembre 2025;686
12138 Vinaròs;II. CIBERCRIMINALIDAD (infracciones penales cometidas en/por medio ciber);enero-septiembre 2025;223
12138 Vinaròs;12.-Estafas informáticas;enero-septiembre 2025;185
12138 Vinaròs;13.-Otros ciberdelitos;enero-septiembre 2025;38
12138 Vinaròs;III. TOTAL INFRACCIONES PENALES;enero-septiembre 2025;1.337
Provincia de VALENCIA/VALÈNCIA;I. CRIMINALIDAD CONVENCIONAL;enero-septiembre 2025;92.636
Provincia de VALENCIA/VALÈNCIA;1. Homicidios dolosos y asesinatos consumados;enero-septiembre 2025;17
Provincia de VALENCIA/VALÈNCIA;2. Homicidios dolosos y asesinatos en grado tentativa;enero-septiembre 2025;65
Provincia de VALENCIA/VALÈNCIA;3. Delitos graves y menos graves de lesiones y riña tumultuaria;enero-septiembre 2025;1.524
Provincia de VALENCIA/VALÈNCIA;4. Secuestro;enero-septiembre 2025;1
Provincia de VALENCIA/VALÈNCIA;5. Delitos contra la libertad sexual;enero-septiembre 2025;1.000
Provincia de VALENCIA/VALÈNCIA;5.1.-Agresión sexual con penetración;enero-septiembre 2025;201
Provincia de VALENCIA/VALÈNCIA;5.2.-Resto de delitos contra la libertad sexual;enero-septiembre 2025;799
Provincia de VALENCIA/VALÈNCIA;6. Robos con violencia e intimidación;enero-septiembre 2025;2.621
Provincia de VALENCIA/VALÈNCIA;7. Robos con fuerza en domicilios, establecimientos y otras instalaciones;enero-septiembre 2025;5.659
Provincia de VALENCIA/VALÈNCIA;7.1.-Robos con fuerza en domicilios;enero-septiembre 2025;4.470
Provincia de VALENCIA/VALÈNCIA;8. Hurtos;enero-septiembre 2025;30.876
Provincia de VALENCIA/VALÈNCIA;9. Sustracciones de vehículos;enero-septiembre 2025;1.300
Provincia de VALENCIA/VALÈNCIA;10. Tráfico de drogas;enero-septiembre 2025;1.052
Provincia de VALENCIA/VALÈNCIA;11. Resto de criminalidad convencional;enero-septiembre 2025;48.521
Provincia de VALENCIA/VALÈNCIA;II. CIBERCRIMINALIDAD (infracciones penales cometidas en/por medio ciber);enero-septiembre 2025;22.312
Provincia de VALENCIA/VALÈNCIA;12.-Estafas informáticas;enero-septiembre 2025;19.683
Provincia de VALENCIA/VALÈNCIA;13.-Otros ciberdelitos;enero-septiembre 2025;2.629
Provincia de VALENCIA/VALÈNCIA;III. TOTAL INFRACCIONES PENALES;enero-septiembre 2025;114.948
46005 Alaquàs;I. CRIMINALIDAD CONVENCIONAL;enero-septiembre 2025;592
46005 Alaquàs;1. Homicidios dolosos y asesinatos consumados;enero-septiembre 2025;1
46005 Alaquàs;2. Homicidios dolosos y asesinatos en grado tentativa;enero-septiembre 2025;2
46005 Alaquàs;3. Delitos graves y menos graves de lesiones y riña tumultuaria;enero-septiembre 2025;9
46005 Alaquàs;4. Secuestro;enero-septiembre 2025;0
46005 Alaquàs;5. Delitos contra la libertad sexual;enero-septiembre 2025;7
46005 Alaquàs;5.1.-Agresión sexual con penetración;enero-septiembre 2025;0
46005 Alaquàs;5.2.-Resto de delitos contra la libertad sexual;enero-septiembre 2025;7
46005 Alaquàs;6. Robos con violencia e intimidación;enero-septiembre 2025;24
46005 Alaquàs;7. Robos con fuerza en domicilios, establecimientos y otras instalaciones;enero-septiembre 2025;40
46005 Alaquàs;7.1.-Robos con fuerza en domicilios;enero-septiembre 2025;23
46005 Alaquàs;8. Hurtos;enero-septiembre 2025;172
46005 Alaquàs;9. Sustracciones de vehículos;enero-septiembre 2025;8
46005 Alaquàs;10. Tráfico de drogas;enero-septiembre 2025;11
46005 Alaquàs;11. Resto de criminalidad convencional;enero-septiembre 2025;318
46005 Alaquàs;II. CIBERCRIMINALIDAD (infracciones penales cometidas en/por medio ciber);enero-septiembre 2025;165
46005 Alaquàs;12.-Estafas informáticas;enero-septiembre 2025;157
46005 Alaquàs;13.-Otros ciberdelitos;enero-septiembre 2025;8
46005 Alaquàs;III. TOTAL INFRACCIONES PENALES;enero-septiembre 2025;757
46013 Alboraia/Alboraya;I. CRIMINALIDAD CONVENCIONAL;enero-septiembre 2025;1.392
46013 Alboraia/Alboraya;1. Homicidios dolosos y asesinatos consumados;enero-septiembre 2025;0
46013 Alboraia/Alboraya;2. Homicidios dolosos y asesinatos en grado tentativa;enero-septiembre 2025;0
46013 Alboraia/Alboraya;3. Delitos graves y menos graves de lesiones y riña tumultuaria;enero-septiembre 2025;7
46013 Alboraia/Alboraya;4. Secuestro;enero-septiembre 2025;0
46013 Alboraia/Alboraya;5. Delitos contra la libertad sexual;enero-septiembre 2025;16
46013 Alboraia/Alboraya;5.1.-Agresión sexual con penetración;enero-septiembre 2025;2
46013 Alboraia/Alboraya;5.2.-Resto de delitos contra la libertad sexual;enero-septiembre 2025;14
46013 Alboraia/Alboraya;6. Robos con violencia e intimidación;enero-septiembre 2025;28
46013 Alboraia/Alboraya;7. Robos con fuerza en domicilios, establecimientos y otras instalaciones;enero-septiembre 2025;51
46013 Alboraia/Alboraya;7.1.-Robos con fuerza en domicilios;enero-septiembre 2025;40
46013 Alboraia/Alboraya;8. Hurtos;enero-septiembre 2025;475
46013 Alboraia/Alboraya;9. Sustracciones de vehículos;enero-septiembre 2025;20
46013 Alboraia/Alboraya;10. Tráfico de drogas;enero-septiembre 2025;2
46013 Alboraia/Alboraya;11. Resto de criminalidad convencional;enero-septiembre 2025;793
46013 Alboraia/Alboraya;II. CIBERCRIMINALIDAD (infracciones penales cometidas en/por medio ciber);enero-septiembre 2025;257
46013 Alboraia/Alboraya;12.-Estafas informáticas;enero-septiembre 2025;224
46013 Alboraia/Alboraya;13.-Otros ciberdelitos;enero-septiembre 2025;33
46013 Alboraia/Alboraya;III. TOTAL INFRACCIONES PENALES;enero-septiembre 2025;1.649
46021 Aldaia;I. CRIMINALIDAD CONVENCIONAL;enero-septiembre 2025;1.082
46021 Aldaia;1. Homicidios dolosos y asesinatos consumados;enero-septiembre 2025;0
46021 Aldaia;2. Homicidios dolosos y asesinatos en grado tentativa;enero-septiembre 2025;0
46021 Aldaia;3. Delitos graves y menos graves de lesiones y riña tumultuaria;enero-septiembre 2025;13
46021 Aldaia;4. Secuestro;enero-septiembre 2025;0
46021 Aldaia;5. Delitos contra la libertad sexual;enero-septiembre 2025;11
46021 Aldaia;5.1.-Agresión sexual con penetración;enero-septiembre 2025;2
46021 Aldaia;5.2.-Resto de delitos contra la libertad sexual;enero-septiembre 2025;9
46021 Aldaia;6. Robos con violencia e intimidación;enero-septiembre 2025;16
46021 Aldaia;7. Robos con fuerza en domicilios, establecimientos y otras instalaciones;enero-septiembre 2025;67
46021 Aldaia;7.1.-Robos con fuerza en domicilios;enero-septiembre 2025;51
46021 Aldaia;8. Hurtos;enero-septiembre 2025;463
46021 Aldaia;9. Sustracciones de vehículos;enero-septiembre 2025;20
46021 Aldaia;10. Tráfico de drogas;enero-septiembre 2025;5
46021 Aldaia;11. Resto de criminalidad convencional;enero-septiembre 2025;487
46021 Aldaia;II. CIBERCRIMINALIDAD (infracciones penales cometidas en/por medio ciber);enero-septiembre 2025;225
46021 Aldaia;12.-Estafas informáticas;enero-septiembre 2025;208
46021 Aldaia;13.-Otros ciberdelitos;enero-septiembre 2025;17
46021 Aldaia;III. TOTAL INFRACCIONES PENALES;enero-septiembre 2025;1.307
46022 Alfafar;I. CRIMINALIDAD CONVENCIONAL;enero-septiembre 2025;903
46022 Alfafar;1. Homicidios dolosos y asesinatos consumados;enero-septiembre 2025;0
46022 Alfafar;2. Homicidios dolosos y asesinatos en grado tentativa;enero-septiembre 2025;2
46022 Alfafar;3. Delitos graves y menos graves de lesiones y riña tumultuaria;enero-septiembre 2025;12
46022 Alfafar;4. Secuestro;enero-septiembre 2025;0
46022 Alfafar;5. Delitos contra la libertad sexual;enero-septiembre 2025;9
46022 Alfafar;5.1.-Agresión sexual con penetración;enero-septiembre 2025;1
46022 Alfafar;5.2.-Resto de delitos contra la libertad sexual;enero-septiembre 2025;8
46022 Alfafar;6. Robos con violencia e intimidación;enero-septiembre 2025;32
46022 Alfafar;7. Robos con fuerza en domicilios, establecimientos y otras instalaciones;enero-septiembre 2025;32
46022 Alfafar;7.1.-Robos con fuerza en domicilios;enero-septiembre 2025;15
46022 Alfafar;8. Hurtos;enero-septiembre 2025;269
46022 Alfafar;9. Sustracciones de vehículos;enero-septiembre 2025;14
46022 Alfafar;10. Tráfico de drogas;enero-septiembre 2025;1
46022 Alfafar;11. Resto de criminalidad convencional;enero-septiembre 2025;532
46022 Alfafar;II. CIBERCRIMINALIDAD (infracciones penales cometidas en/por medio ciber);enero-septiembre 2025;261
46022 Alfafar;12.-Estafas informáticas;enero-septiembre 2025;236
46022 Alfafar;13.-Otros ciberdelitos;enero-septiembre 2025;25
46022 Alfafar;III. TOTAL INFRACCIONES PENALES;enero-septiembre 2025;1.164
46029 Algemesí;I. CRIMINALIDAD CONVENCIONAL;enero-septiembre 2025;1.019
46029 Algemesí;1. Homicidios dolosos y asesinatos consumados;enero-septiembre 2025;2
46029 Algemesí;2. Homicidios dolosos y asesinatos en grado tentativa;enero-septiembre 2025;1
46029 Algemesí;3. Delitos graves y menos graves de lesiones y riña tumultuaria;enero-septiembre 2025;15
46029 Algemesí;4. Secuestro;enero-septiembre 2025;0
46029 Algemesí;5. Delitos contra la libertad sexual;enero-septiembre 2025;9
46029 Algemesí;5.1.-Agresión sexual con penetración;enero-septiembre 2025;2
46029 Algemesí;5.2.-Resto de delitos contra la libertad sexual;enero-septiembre 2025;7
46029 Algemesí;6. Robos con violencia e intimidación;enero-septiembre 2025;24
46029 Algemesí;7. Robos con fuerza en domicilios, establecimientos y otras instalaciones;enero-septiembre 2025;101
46029 Algemesí;7.1.-Robos con fuerza en domicilios;enero-septiembre 2025;82
46029 Algemesí;8. Hurtos;enero-septiembre 2025;241
46029 Algemesí;9. Sustracciones de vehículos;enero-septiembre 2025;34
46029 Algemesí;10. Tráfico de drogas;enero-septiembre 2025;8
46029 Algemesí;11. Resto de criminalidad convencional;enero-septiembre 2025;584
46029 Algemesí;II. CIBERCRIMINALIDAD (infracciones penales cometidas en/por medio ciber);enero-septiembre 2025;174
46029 Algemesí;12.-Estafas informáticas;enero-septiembre 2025;154
46029 Algemesí;13.-Otros ciberdelitos;enero-septiembre 2025;20
46029 Algemesí;III. TOTAL INFRACCIONES PENALES;enero-septiembre 2025;1.193
46017 Alzira;I. CRIMINALIDAD CONVENCIONAL;enero-septiembre 2025;1.905
46017 Alzira;1. Homicidios dolosos y asesinatos consumados;enero-septiembre 2025;0
46017 Alzira;2. Homicidios dolosos y asesinatos en grado tentativa;enero-septiembre 2025;2
46017 Alzira;3. Delitos graves y menos graves de lesiones y riña tumultuaria;enero-septiembre 2025;39
46017 Alzira;4. Secuestro;enero-septiembre 2025;0
46017 Alzira;5. Delitos contra la libertad sexual;enero-septiembre 2025;26
46017 Alzira;5.1.-Agresión sexual con penetración;enero-septiembre 2025;1
46017 Alzira;5.2.-Resto de delitos contra la libertad sexual;enero-septiembre 2025;25
46017 Alzira;6. Robos con violencia e intimidación;enero-septiembre 2025;45
46017 Alzira;7. Robos con fuerza en domicilios, establecimientos y otras instalaciones;enero-septiembre 2025;194
46017 Alzira;7.1.-Robos con fuerza en domicilios;enero-septiembre 2025;156
46017 Alzira;8. Hurtos;enero-septiembre 2025;495
46017 Alzira;9. Sustracciones de vehículos;enero-septiembre 2025;19
46017 Alzira;10. Tráfico de drogas;enero-septiembre 2025;14
46017 Alzira;11. Resto de criminalidad convencional;enero-septiembre 2025;1.071
46017 Alzira;II. CIBERCRIMINALIDAD (infracciones penales cometidas en/por medio ciber);enero-septiembre 2025;389
46017 Alzira;12.-Estafas informáticas;enero-septiembre 2025;352
46017 Alzira;13.-Otros ciberdelitos;enero-septiembre 2025;37
46017 Alzira;III. TOTAL INFRACCIONES PENALES;enero-septiembre 2025;2.294
46070 Bétera;I. CRIMINALIDAD CONVENCIONAL;enero-septiembre 2025;543
46070 Bétera;1. Homicidios dolosos y asesinatos consumados;enero-septiembre 2025;0
46070 Bétera;2. Homicidios dolosos y asesinatos en grado tentativa;enero-septiembre 2025;0
46070 Bétera;3. Delitos graves y menos graves de lesiones y riña tumultuaria;enero-septiembre 2025;6
46070 Bétera;4. Secuestro;enero-septiembre 2025;0
46070 Bétera;5. Delitos contra la libertad sexual;enero-septiembre 2025;5
46070 Bétera;5.1.-Agresión sexual con penetración;enero-septiembre 2025;0
46070 Bétera;5.2.-Resto de delitos contra la libertad sexual;enero-septiembre 2025;5
46070 Bétera;6. Robos con violencia e intimidación;enero-septiembre 2025;7
46070 Bétera;7. Robos con fuerza en domicilios, establecimientos y otras instalaciones;enero-septiembre 2025;54
46070 Bétera;7.1.-Robos con fuerza en domicilios;enero-septiembre 2025;48
46070 Bétera;8. Hurtos;enero-septiembre 2025;96
46070 Bétera;9. Sustracciones de vehículos;enero-septiembre 2025;4
46070 Bétera;10. Tráfico de drogas;enero-septiembre 2025;2
46070 Bétera;11. Resto de criminalidad convencional;enero-septiembre 2025;369
46070 Bétera;II. CIBERCRIMINALIDAD (infracciones penales cometidas en/por medio ciber);enero-septiembre 2025;253
46070 Bétera;12.-Estafas informáticas;enero-septiembre 2025;212
46070 Bétera;13.-Otros ciberdelitos;enero-septiembre 2025;41
46070 Bétera;III. TOTAL INFRACCIONES PENALES;enero-septiembre 2025;796
46078 Burjassot;I. CRIMINALIDAD CONVENCIONAL;enero-septiembre 2025;947
46078 Burjassot;1. Homicidios dolosos y asesinatos consumados;enero-septiembre 2025;0
46078 Burjassot;2. Homicidios dolosos y asesinatos en grado tentativa;enero-septiembre 2025;4
46078 Burjassot;3. Delitos graves y menos graves de lesiones y riña tumultuaria;enero-septiembre 2025;11
46078 Burjassot;4. Secuestro;enero-septiembre 2025;0
46078 Burjassot;5. Delitos contra la libertad sexual;enero-septiembre 2025;13
46078 Burjassot;5.1.-Agresión sexual con penetración;enero-septiembre 2025;3
46078 Burjassot;5.2.-Resto de delitos contra la libertad sexual;enero-septiembre 2025;10
46078 Burjassot;6. Robos con violencia e intimidación;enero-septiembre 2025;28
46078 Burjassot;7. Robos con fuerza en domicilios, establecimientos y otras instalaciones;enero-septiembre 2025;60
46078 Burjassot;7.1.-Robos con fuerza en domicilios;enero-septiembre 2025;37
46078 Burjassot;8. Hurtos;enero-septiembre 2025;299
46078 Burjassot;9. Sustracciones de vehículos;enero-septiembre 2025;16
46078 Burjassot;10. Tráfico de drogas;enero-septiembre 2025;8
46078 Burjassot;11. Resto de criminalidad convencional;enero-septiembre 2025;508
46078 Burjassot;II. CIBERCRIMINALIDAD (infracciones penales cometidas en/por medio ciber);enero-septiembre 2025;293
46078 Burjassot;12.-Estafas informáticas;enero-septiembre 2025;256
46078 Burjassot;13.-Otros ciberdelitos;enero-septiembre 2025;37
46078 Burjassot;III. TOTAL INFRACCIONES PENALES;enero-septiembre 2025;1.240
46083 Carcaixent;I. CRIMINALIDAD CONVENCIONAL;enero-septiembre 2025;667
46083 Carcaixent;1. Homicidios dolosos y asesinatos consumados;enero-septiembre 2025;0
46083 Carcaixent;2. Homicidios dolosos y asesinatos en grado tentativa;enero-septiembre 2025;0
46083 Carcaixent;3. Delitos graves y menos graves de lesiones y riña tumultuaria;enero-septiembre 2025;7
46083 Carcaixent;4. Secuestro;enero-septiembre 2025;0
46083 Carcaixent;5. Delitos contra la libertad sexual;enero-septiembre 2025;9
46083 Carcaixent;5.1.-Agresión sexual con penetración;enero-septiembre 2025;1
46083 Carcaixent;5.2.-Resto de delitos contra la libertad sexual;enero-septiembre 2025;8
46083 Carcaixent;6. Robos con violencia e intimidación;enero-septiembre 2025;9
46083 Carcaixent;7. Robos con fuerza en domicilios, establecimientos y otras instalaciones;enero-septiembre 2025;51
46083 Carcaixent;7.1.-Robos con fuerza en domicilios;enero-septiembre 2025;48
46083 Carcaixent;8. Hurtos;enero-septiembre 2025;207
46083 Carcaixent;9. Sustracciones de vehículos;enero-septiembre 2025;4
46083 Carcaixent;10. Tráfico de drogas;enero-septiembre 2025;2
46083 Carcaixent;11. Resto de criminalidad convencional;enero-septiembre 2025;378
46083 Carcaixent;II. CIBERCRIMINALIDAD (infracciones penales cometidas en/por medio ciber);enero-septiembre 2025;181
46083 Carcaixent;12.-Estafas informáticas;enero-septiembre 2025;134
46083 Carcaixent;13.-Otros ciberdelitos;enero-septiembre 2025;47
46083 Carcaixent;III. TOTAL INFRACCIONES PENALES;enero-septiembre 2025;848
46094 Catarroja;I. CRIMINALIDAD CONVENCIONAL;enero-septiembre 2025;701
46094 Catarroja;1. Homicidios dolosos y asesinatos consumados;enero-septiembre 2025;0
46094 Catarroja;2. Homicidios dolosos y asesinatos en grado tentativa;enero-septiembre 2025;1
46094 Catarroja;3. Delitos graves y menos graves de lesiones y riña tumultuaria;enero-septiembre 2025;10
46094 Catarroja;4. Secuestro;enero-septiembre 2025;0
46094 Catarroja;5. Delitos contra la libertad sexual;enero-septiembre 2025;7
46094 Catarroja;5.1.-Agresión sexual con penetración;enero-septiembre 2025;1
46094 Catarroja;5.2.-Resto de delitos contra la libertad sexual;enero-septiembre 2025;6
46094 Catarroja;6. Robos con violencia e intimidación;enero-septiembre 2025;21
46094 Catarroja;7. Robos con fuerza en domicilios, establecimientos y otras instalaciones;enero-septiembre 2025;58
46094 Catarroja;7.1.-Robos con fuerza en domicilios;enero-septiembre 2025;27
46094 Catarroja;8. Hurtos;enero-septiembre 2025;137
46094 Catarroja;9. Sustracciones de vehículos;enero-septiembre 2025;21
46094 Catarroja;10. Tráfico de drogas;enero-septiembre 2025;3
46094 Catarroja;11. Resto de criminalidad convencional;enero-septiembre 2025;443
46094 Catarroja;II. CIBERCRIMINALIDAD (infracciones penales cometidas en/por medio ciber);enero-septiembre 2025;238
46094 Catarroja;12.-Estafas informáticas;enero-septiembre 2025;210
46094 Catarroja;13.-Otros ciberdelitos;enero-septiembre 2025;28
46094 Catarroja;III. TOTAL INFRACCIONES PENALES;enero-septiembre 2025;939
46105 Cullera;I. CRIMINALIDAD CONVENCIONAL;enero-septiembre 2025;1.466
46105 Cullera;1. Homicidios dolosos y asesinatos consumados;enero-septiembre 2025;0
46105 Cullera;2. Homicidios dolosos y asesinatos en grado tentativa;enero-septiembre 2025;0
46105 Cullera;3. Delitos graves y menos graves de lesiones y riña tumultuaria;enero-septiembre 2025;29
46105 Cullera;4. Secuestro;enero-septiembre 2025;0
46105 Cullera;5. Delitos contra la libertad sexual;enero-septiembre 2025;9
46105 Cullera;5.1.-Agresión sexual con penetración;enero-septiembre 2025;1
46105 Cullera;5.2.-Resto de delitos contra la libertad sexual;enero-septiembre 2025;8
46105 Cullera;6. Robos con violencia e intimidación;enero-septiembre 2025;43
46105 Cullera;7. Robos con fuerza en domicilios, establecimientos y otras instalaciones;enero-septiembre 2025;89
46105 Cullera;7.1.-Robos con fuerza en domicilios;enero-septiembre 2025;78
46105 Cullera;8. Hurtos;enero-septiembre 2025;539
46105 Cullera;9. Sustracciones de vehículos;enero-septiembre 2025;11
46105 Cullera;10. Tráfico de drogas;enero-septiembre 2025;16
46105 Cullera;11. Resto de criminalidad convencional;enero-septiembre 2025;730
46105 Cullera;II. CIBERCRIMINALIDAD (infracciones penales cometidas en/por medio ciber);enero-septiembre 2025;190
46105 Cullera;12.-Estafas informáticas;enero-septiembre 2025;176
46105 Cullera;13.-Otros ciberdelitos;enero-septiembre 2025;14
46105 Cullera;III. TOTAL INFRACCIONES PENALES;enero-septiembre 2025;1.656
46131 Gandia;I. CRIMINALIDAD CONVENCIONAL;enero-septiembre 2025;3.332
46131 Gandia;1. Homicidios dolosos y asesinatos consumados;enero-septiembre 2025;1
46131 Gandia;2. Homicidios dolosos y asesinatos en grado tentativa;enero-septiembre 2025;3
46131 Gandia;3. Delitos graves y menos graves de lesiones y riña tumultuaria;enero-septiembre 2025;59
46131 Gandia;4. Secuestro;enero-septiembre 2025;0
46131 Gandia;5. Delitos contra la libertad sexual;enero-septiembre 2025;35
46131 Gandia;5.1.-Agresión sexual con penetración;enero-septiembre 2025;7
46131 Gandia;5.2.-Resto de delitos contra la libertad sexual;enero-septiembre 2025;28
46131 Gandia;6. Robos con violencia e intimidación;enero-septiembre 2025;82
46131 Gandia;7. Robos con fuerza en domicilios, establecimientos y otras instalaciones;enero-septiembre 2025;178
46131 Gandia;7.1.-Robos con fuerza en domicilios;enero-septiembre 2025;134
46131 Gandia;8. Hurtos;enero-septiembre 2025;1.002
46131 Gandia;9. Sustracciones de vehículos;enero-septiembre 2025;36
46131 Gandia;10. Tráfico de drogas;enero-septiembre 2025;63
46131 Gandia;11. Resto de criminalidad convencional;enero-septiembre 2025;1.873
46131 Gandia;II. CIBERCRIMINALIDAD (infracciones penales cometidas en/por medio ciber);enero-septiembre 2025;612
46131 Gandia;12.-Estafas informáticas;enero-septiembre 2025;588
46131 Gandia;13.-Otros ciberdelitos;enero-septiembre 2025;24
46131 Gandia;III. TOTAL INFRACCIONES PENALES;enero-septiembre 2025;3.944
46147 Llíria;I. CRIMINALIDAD CONVENCIONAL;enero-septiembre 2025;929
46147 Llíria;1. Homicidios dolosos y asesinatos consumados;enero-septiembre 2025;0
46147 Llíria;2. Homicidios dolosos y asesinatos en grado tentativa;enero-septiembre 2025;0
46147 Llíria;3. Delitos graves y menos graves de lesiones y riña tumultuaria;enero-septiembre 2025;25
46147 Llíria;4. Secuestro;enero-septiembre 2025;0
46147 Llíria;5. Delitos contra la libertad sexual;enero-septiembre 2025;17
46147 Llíria;5.1.-Agresión sexual con penetración;enero-septiembre 2025;3
46147 Llíria;5.2.-Resto de delitos contra la libertad sexual;enero-septiembre 2025;14
46147 Llíria;6. Robos con violencia e intimidación;enero-septiembre 2025;24
46147 Llíria;7. Robos con fuerza en domicilios, establecimientos y otras instalaciones;enero-septiembre 2025;82
46147 Llíria;7.1.-Robos con fuerza en domicilios;enero-septiembre 2025;72
46147 Llíria;8. Hurtos;enero-septiembre 2025;199
46147 Llíria;9. Sustracciones de vehículos;enero-septiembre 2025;10
46147 Llíria;10. Tráfico de drogas;enero-septiembre 2025;5
46147 Llíria;11. Resto de criminalidad convencional;enero-septiembre 2025;567
46147 Llíria;II. CIBERCRIMINALIDAD (infracciones penales cometidas en/por medio ciber);enero-septiembre 2025;271
46147 Llíria;12.-Estafas informáticas;enero-septiembre 2025;235
46147 Llíria;13.-Otros ciberdelitos;enero-septiembre 2025;36
46147 Llíria;III. TOTAL INFRACCIONES PENALES;enero-septiembre 2025;1.200
46159 Manises;I. CRIMINALIDAD CONVENCIONAL;enero-septiembre 2025;846
46159 Manises;1. Homicidios dolosos y asesinatos consumados;enero-septiembre 2025;0
46159 Manises;2. Homicidios dolosos y asesinatos en grado tentativa;enero-septiembre 2025;0
46159 Manises;3. Delitos graves y menos graves de lesiones y riña tumultuaria;enero-septiembre 2025;9
46159 Manises;4. Secuestro;enero-septiembre 2025;0
46159 Manises;5. Delitos contra la libertad sexual;enero-septiembre 2025;12
46159 Manises;5.1.-Agresión sexual con penetración;enero-septiembre 2025;2
46159 Manises;5.2.-Resto de delitos contra la libertad sexual;enero-septiembre 2025;10
46159 Manises;6. Robos con violencia e intimidación;enero-septiembre 2025;13
46159 Manises;7. Robos con fuerza en domicilios, establecimientos y otras instalaciones;enero-septiembre 2025;39
46159 Manises;7.1.-Robos con fuerza en domicilios;enero-septiembre 2025;20
46159 Manises;8. Hurtos;enero-septiembre 2025;209
46159 Manises;9. Sustracciones de vehículos;enero-septiembre 2025;68
46159 Manises;10. Tráfico de drogas;enero-septiembre 2025;44
46159 Manises;11. Resto de criminalidad convencional;enero-septiembre 2025;452
46159 Manises;II. CIBERCRIMINALIDAD (infracciones penales cometidas en/por medio ciber);enero-septiembre 2025;187
46159 Manises;12.-Estafas informáticas;enero-septiembre 2025;169
46159 Manises;13.-Otros ciberdelitos;enero-septiembre 2025;18
46159 Manises;III. TOTAL INFRACCIONES PENALES;enero-septiembre 2025;1.033
46169 Mislata;I. CRIMINALIDAD CONVENCIONAL;enero-septiembre 2025;1.004
46169 Mislata;1. Homicidios dolosos y asesinatos consumados;enero-septiembre 2025;0
46169 Mislata;2. Homicidios dolosos y asesinatos en grado tentativa;enero-septiembre 2025;1
46169 Mislata;3. Delitos graves y menos graves de lesiones y riña tumultuaria;enero-septiembre 2025;15
46169 Mislata;4. Secuestro;enero-septiembre 2025;0
46169 Mislata;5. Delitos contra la libertad sexual;enero-septiembre 2025;9
46169 Mislata;5.1.-Agresión sexual con penetración;enero-septiembre 2025;2
46169 Mislata;5.2.-Resto de delitos contra la libertad sexual;enero-septiembre 2025;7
46169 Mislata;6. Robos con violencia e intimidación;enero-septiembre 2025;16
46169 Mislata;7. Robos con fuerza en domicilios, establecimientos y otras instalaciones;enero-septiembre 2025;94
46169 Mislata;7.1.-Robos con fuerza en domicilios;enero-septiembre 2025;81
46169 Mislata;8. Hurtos;enero-septiembre 2025;308
46169 Mislata;9. Sustracciones de vehículos;enero-septiembre 2025;18
46169 Mislata;10. Tráfico de drogas;enero-septiembre 2025;0
46169 Mislata;11. Resto de criminalidad convencional;enero-septiembre 2025;543
46169 Mislata;II. CIBERCRIMINALIDAD (infracciones penales cometidas en/por medio ciber);enero-septiembre 2025;441
46169 Mislata;12.-Estafas informáticas;enero-septiembre 2025;389
46169 Mislata;13.-Otros ciberdelitos;enero-septiembre 2025;52
46169 Mislata;III. TOTAL INFRACCIONES PENALES;enero-septiembre 2025;1.445
46171 Moncada;I. CRIMINALIDAD CONVENCIONAL;enero-septiembre 2025;516
46171 Moncada;1. Homicidios dolosos y asesinatos consumados;enero-septiembre 2025;0
46171 Moncada;2. Homicidios dolosos y asesinatos en grado tentativa;enero-septiembre 2025;0
46171 Moncada;3. Delitos graves y menos graves de lesiones y riña tumultuaria;enero-septiembre 2025;9
46171 Moncada;4. Secuestro;enero-septiembre 2025;0
46171 Moncada;5. Delitos contra la libertad sexual;enero-septiembre 2025;6
46171 Moncada;5.1.-Agresión sexual con penetración;enero-septiembre 2025;1
46171 Moncada;5.2.-Resto de delitos contra la libertad sexual;enero-septiembre 2025;5
46171 Moncada;6. Robos con violencia e intimidación;enero-septiembre 2025;10
46171 Moncada;7. Robos con fuerza en domicilios, establecimientos y otras instalaciones;enero-septiembre 2025;37
46171 Moncada;7.1.-Robos con fuerza en domicilios;enero-septiembre 2025;28
46171 Moncada;8. Hurtos;enero-septiembre 2025;139
46171 Moncada;9. Sustracciones de vehículos;enero-septiembre 2025;3
46171 Moncada;10. Tráfico de drogas;enero-septiembre 2025;2
46171 Moncada;11. Resto de criminalidad convencional;enero-septiembre 2025;310
46171 Moncada;II. CIBERCRIMINALIDAD (infracciones penales cometidas en/por medio ciber);enero-septiembre 2025;147
46171 Moncada;12.-Estafas informáticas;enero-septiembre 2025;124
46171 Moncada;13.-Otros ciberdelitos;enero-septiembre 2025;23
46171 Moncada;III. TOTAL INFRACCIONES PENALES;enero-septiembre 2025;663
46181 Oliva;I. CRIMINALIDAD CONVENCIONAL;enero-septiembre 2025;840
46181 Oliva;1. Homicidios dolosos y asesinatos consumados;enero-septiembre 2025;0
46181 Oliva;2. Homicidios dolosos y asesinatos en grado tentativa;enero-septiembre 2025;0
46181 Oliva;3. Delitos graves y menos graves de lesiones y riña tumultuaria;enero-septiembre 2025;26
46181 Oliva;4. Secuestro;enero-septiembre 2025;0
46181 Oliva;5. Delitos contra la libertad sexual;enero-septiembre 2025;7
46181 Oliva;5.1.-Agresión sexual con penetración;enero-septiembre 2025;2
46181 Oliva;5.2.-Resto de delitos contra la libertad sexual;enero-septiembre 2025;5
46181 Oliva;6. Robos con violencia e intimidación;enero-septiembre 2025;18
46181 Oliva;7. Robos con fuerza en domicilios, establecimientos y otras instalaciones;enero-septiembre 2025;80
46181 Oliva;7.1.-Robos con fuerza en domicilios;enero-septiembre 2025;73
46181 Oliva;8. Hurtos;enero-septiembre 2025;160
46181 Oliva;9. Sustracciones de vehículos;enero-septiembre 2025;15
46181 Oliva;10. Tráfico de drogas;enero-septiembre 2025;7
46181 Oliva;11. Resto de criminalidad convencional;enero-septiembre 2025;527
46181 Oliva;II. CIBERCRIMINALIDAD (infracciones penales cometidas en/por medio ciber);enero-septiembre 2025;206
46181 Oliva;12.-Estafas informáticas;enero-septiembre 2025;190
46181 Oliva;13.-Otros ciberdelitos;enero-septiembre 2025;16
46181 Oliva;III. TOTAL INFRACCIONES PENALES;enero-septiembre 2025;1.046
46184 Ontinyent;I. CRIMINALIDAD CONVENCIONAL;enero-septiembre 2025;564
46184 Ontinyent;1. Homicidios dolosos y asesinatos consumados;enero-septiembre 2025;0
46184 Ontinyent;2. Homicidios dolosos y asesinatos en grado tentativa;enero-septiembre 2025;0
46184 Ontinyent;3. Delitos graves y menos graves de lesiones y riña tumultuaria;enero-septiembre 2025;15
46184 Ontinyent;4. Secuestro;enero-septiembre 2025;0
46184 Ontinyent;5. Delitos contra la libertad sexual;enero-septiembre 2025;13
46184 Ontinyent;5.1.-Agresión sexual con penetración;enero-septiembre 2025;6
46184 Ontinyent;5.2.-Resto de delitos contra la libertad sexual;enero-septiembre 2025;7
46184 Ontinyent;6. Robos con violencia e intimidación;enero-septiembre 2025;5
46184 Ontinyent;7. Robos con fuerza en domicilios, establecimientos y otras instalaciones;enero-septiembre 2025;70
46184 Ontinyent;7.1.-Robos con fuerza en domicilios;enero-septiembre 2025;61
46184 Ontinyent;8. Hurtos;enero-septiembre 2025;96
46184 Ontinyent;9. Sustracciones de vehículos;enero-septiembre 2025;14
46184 Ontinyent;10. Tráfico de drogas;enero-septiembre 2025;6
46184 Ontinyent;11. Resto de criminalidad convencional;enero-septiembre 2025;345
46184 Ontinyent;II. CIBERCRIMINALIDAD (infracciones penales cometidas en/por medio ciber);enero-septiembre 2025;168
46184 Ontinyent;12.-Estafas informáticas;enero-septiembre 2025;155
46184 Ontinyent;13.-Otros ciberdelitos;enero-septiembre 2025;13
46184 Ontinyent;III. TOTAL INFRACCIONES PENALES;enero-septiembre 2025;732
46186 Paiporta;I. CRIMINALIDAD CONVENCIONAL;enero-septiembre 2025;514
46186 Paiporta;1. Homicidios dolosos y asesinatos consumados;enero-septiembre 2025;0
46186 Paiporta;2. Homicidios dolosos y asesinatos en grado tentativa;enero-septiembre 2025;0
46186 Paiporta;3. Delitos graves y menos graves de lesiones y riña tumultuaria;enero-septiembre 2025;8
46186 Paiporta;4. Secuestro;enero-septiembre 2025;0
46186 Paiporta;5. Delitos contra la libertad sexual;enero-septiembre 2025;10
46186 Paiporta;5.1.-Agresión sexual con penetración;enero-septiembre 2025;3
46186 Paiporta;5.2.-Resto de delitos contra la libertad sexual;enero-septiembre 2025;7
46186 Paiporta;6. Robos con violencia e intimidación;enero-septiembre 2025;11
46186 Paiporta;7. Robos con fuerza en domicilios, establecimientos y otras instalaciones;enero-septiembre 2025;27
46186 Paiporta;7.1.-Robos con fuerza en domicilios;enero-septiembre 2025;20
46186 Paiporta;8. Hurtos;enero-septiembre 2025;108
46186 Paiporta;9. Sustracciones de vehículos;enero-septiembre 2025;17
46186 Paiporta;10. Tráfico de drogas;enero-septiembre 2025;3
46186 Paiporta;11. Resto de criminalidad convencional;enero-septiembre 2025;330
46186 Paiporta;II. CIBERCRIMINALIDAD (infracciones penales cometidas en/por medio ciber);enero-septiembre 2025;288
46186 Paiporta;12.-Estafas informáticas;enero-septiembre 2025;251
46186 Paiporta;13.-Otros ciberdelitos;enero-septiembre 2025;37
46186 Paiporta;III. TOTAL INFRACCIONES PENALES;enero-septiembre 2025;802
46190 Paterna;I. CRIMINALIDAD CONVENCIONAL;enero-septiembre 2025;1.784
46190 Paterna;1. Homicidios dolosos y asesinatos consumados;enero-septiembre 2025;1
46190 Paterna;2. Homicidios dolosos y asesinatos en grado tentativa;enero-septiembre 2025;0
46190 Paterna;3. Delitos graves y menos graves de lesiones y riña tumultuaria;enero-septiembre 2025;19
46190 Paterna;4. Secuestro;enero-septiembre 2025;0
46190 Paterna;5. Delitos contra la libertad sexual;enero-septiembre 2025;21
46190 Paterna;5.1.-Agresión sexual con penetración;enero-septiembre 2025;4
46190 Paterna;5.2.-Resto de delitos contra la libertad sexual;enero-septiembre 2025;17
46190 Paterna;6. Robos con violencia e intimidación;enero-septiembre 2025;46
46190 Paterna;7. Robos con fuerza en domicilios, establecimientos y otras instalaciones;enero-septiembre 2025;138
46190 Paterna;7.1.-Robos con fuerza en domicilios;enero-septiembre 2025;113
46190 Paterna;8. Hurtos;enero-septiembre 2025;448
46190 Paterna;9. Sustracciones de vehículos;enero-septiembre 2025;36
46190 Paterna;10. Tráfico de drogas;enero-septiembre 2025;19
46190 Paterna;11. Resto de criminalidad convencional;enero-septiembre 2025;1.056
46190 Paterna;II. CIBERCRIMINALIDAD (infracciones penales cometidas en/por medio ciber);enero-septiembre 2025;692
46190 Paterna;12.-Estafas informáticas;enero-septiembre 2025;572
46190 Paterna;13.-Otros ciberdelitos;enero-septiembre 2025;120
46190 Paterna;III. TOTAL INFRACCIONES PENALES;enero-septiembre 2025;2.476
46194 Picassent;I. CRIMINALIDAD CONVENCIONAL;enero-septiembre 2025;629
46194 Picassent;1. Homicidios dolosos y asesinatos consumados;enero-septiembre 2025;0
46194 Picassent;2. Homicidios dolosos y asesinatos en grado tentativa;enero-septiembre 2025;1
46194 Picassent;3. Delitos graves y menos graves de lesiones y riña tumultuaria;enero-septiembre 2025;13
46194 Picassent;4. Secuestro;enero-septiembre 2025;0
46194 Picassent;5. Delitos contra la libertad sexual;enero-septiembre 2025;11
46194 Picassent;5.1.-Agresión sexual con penetración;enero-septiembre 2025;1
46194 Picassent;5.2.-Resto de delitos contra la libertad sexual;enero-septiembre 2025;10
46194 Picassent;6. Robos con violencia e intimidación;enero-septiembre 2025;17
46194 Picassent;7. Robos con fuerza en domicilios, establecimientos y otras instalaciones;enero-septiembre 2025;36
46194 Picassent;7.1.-Robos con fuerza en domicilios;enero-septiembre 2025;28
46194 Picassent;8. Hurtos;enero-septiembre 2025;153
46194 Picassent;9. Sustracciones de vehículos;enero-septiembre 2025;9
46194 Picassent;10. Tráfico de drogas;enero-septiembre 2025;30
46194 Picassent;11. Resto de criminalidad convencional;enero-septiembre 2025;359
46194 Picassent;II. CIBERCRIMINALIDAD (infracciones penales cometidas en/por medio ciber);enero-septiembre 2025;121
46194 Picassent;12.-Estafas informáticas;enero-septiembre 2025;93
46194 Picassent;13.-Otros ciberdelitos;enero-septiembre 2025;28
46194 Picassent;III. TOTAL INFRACCIONES PENALES;enero-septiembre 2025;750
46202 Pobla de Vallbona (la);I. CRIMINALIDAD CONVENCIONAL;enero-septiembre 2025;576
46202 Pobla de Vallbona (la);1. Homicidios dolosos y asesinatos consumados;enero-septiembre 2025;0
46202 Pobla de Vallbona (la);2. Homicidios dolosos y asesinatos en grado tentativa;enero-septiembre 2025;0
46202 Pobla de Vallbona (la);3. Delitos graves y menos graves de lesiones y riña tumultuaria;enero-septiembre 2025;13
46202 Pobla de Vallbona (la);4. Secuestro;enero-septiembre 2025;0
46202 Pobla de Vallbona (la);5. Delitos contra la libertad sexual;enero-septiembre 2025;7
46202 Pobla de Vallbona (la);5.1.-Agresión sexual con penetración;enero-septiembre 2025;5
46202 Pobla de Vallbona (la);5.2.-Resto de delitos contra la libertad sexual;enero-septiembre 2025;2
46202 Pobla de Vallbona (la);6. Robos con violencia e intimidación;enero-septiembre 2025;8
46202 Pobla de Vallbona (la);7. Robos con fuerza en domicilios, establecimientos y otras instalaciones;enero-septiembre 2025;51
46202 Pobla de Vallbona (la);7.1.-Robos con fuerza en domicilios;enero-septiembre 2025;43
46202 Pobla de Vallbona (la);8. Hurtos;enero-septiembre 2025;129
46202 Pobla de Vallbona (la);9. Sustracciones de vehículos;enero-septiembre 2025;2
46202 Pobla de Vallbona (la);10. Tráfico de drogas;enero-septiembre 2025;4
46202 Pobla de Vallbona (la);11. Resto de criminalidad convencional;enero-septiembre 2025;362
46202 Pobla de Vallbona (la);II. CIBERCRIMINALIDAD (infracciones penales cometidas en/por medio ciber);enero-septiembre 2025;322
46202 Pobla de Vallbona (la);12.-Estafas informáticas;enero-septiembre 2025;283
46202 Pobla de Vallbona (la);13.-Otros ciberdelitos;enero-septiembre 2025;39
46202 Pobla de Vallbona (la);III. TOTAL INFRACCIONES PENALES;enero-septiembre 2025;898
46205 Puçol;I. CRIMINALIDAD CONVENCIONAL;enero-septiembre 2025;458
46205 Puçol;1. Homicidios dolosos y asesinatos consumados;enero-septiembre 2025;2
46205 Puçol;2. Homicidios dolosos y asesinatos en grado tentativa;enero-septiembre 2025;1
46205 Puçol;3. Delitos graves y menos graves de lesiones y riña tumultuaria;enero-septiembre 2025;6
46205 Puçol;4. Secuestro;enero-septiembre 2025;0
46205 Puçol;5. Delitos contra la libertad sexual;enero-septiembre 2025;3
46205 Puçol;5.1.-Agresión sexual con penetración;enero-septiembre 2025;1
46205 Puçol;5.2.-Resto de delitos contra la libertad sexual;enero-septiembre 2025;2
46205 Puçol;6. Robos con violencia e intimidación;enero-septiembre 2025;6
46205 Puçol;7. Robos con fuerza en domicilios, establecimientos y otras instalaciones;enero-septiembre 2025;18
46205 Puçol;7.1.-Robos con fuerza en domicilios;enero-septiembre 2025;12
46205 Puçol;8. Hurtos;enero-septiembre 2025;107
46205 Puçol;9. Sustracciones de vehículos;enero-septiembre 2025;4
46205 Puçol;10. Tráfico de drogas;enero-septiembre 2025;1
46205 Puçol;11. Resto de criminalidad convencional;enero-septiembre 2025;310
46205 Puçol;II. CIBERCRIMINALIDAD (infracciones penales cometidas en/por medio ciber);enero-septiembre 2025;42
46205 Puçol;12.-Estafas informáticas;enero-septiembre 2025;36
46205 Puçol;13.-Otros ciberdelitos;enero-septiembre 2025;6
46205 Puçol;III. TOTAL INFRACCIONES PENALES;enero-septiembre 2025;500
46102 Quart de Poblet;I. CRIMINALIDAD CONVENCIONAL;enero-septiembre 2025;687
46102 Quart de Poblet;1. Homicidios dolosos y asesinatos consumados;enero-septiembre 2025;0
46102 Quart de Poblet;2. Homicidios dolosos y asesinatos en grado tentativa;enero-septiembre 2025;0
46102 Quart de Poblet;3. Delitos graves y menos graves de lesiones y riña tumultuaria;enero-septiembre 2025;7
46102 Quart de Poblet;4. Secuestro;enero-septiembre 2025;0
46102 Quart de Poblet;5. Delitos contra la libertad sexual;enero-septiembre 2025;12
46102 Quart de Poblet;5.1.-Agresión sexual con penetración;enero-septiembre 2025;1
46102 Quart de Poblet;5.2.-Resto de delitos contra la libertad sexual;enero-septiembre 2025;11
46102 Quart de Poblet;6. Robos con violencia e intimidación;enero-septiembre 2025;11
46102 Quart de Poblet;7. Robos con fuerza en domicilios, establecimientos y otras instalaciones;enero-septiembre 2025;49
46102 Quart de Poblet;7.1.-Robos con fuerza en domicilios;enero-septiembre 2025;27
46102 Quart de Poblet;8. Hurtos;enero-septiembre 2025;174
46102 Quart de Poblet;9. Sustracciones de vehículos;enero-septiembre 2025;17
46102 Quart de Poblet;10. Tráfico de drogas;enero-septiembre 2025;1
46102 Quart de Poblet;11. Resto de criminalidad convencional;enero-septiembre 2025;416
46102 Quart de Poblet;II. CIBERCRIMINALIDAD (infracciones penales cometidas en/por medio ciber);enero-septiembre 2025;231
46102 Quart de Poblet;12.-Estafas informáticas;enero-septiembre 2025;208
46102 Quart de Poblet;13.-Otros ciberdelitos;enero-septiembre 2025;23
46102 Quart de Poblet;III. TOTAL INFRACCIONES PENALES;enero-septiembre 2025;918
46213 Requena;I. CRIMINALIDAD CONVENCIONAL;enero-septiembre 2025;578
46213 Requena;1. Homicidios dolosos y asesinatos consumados;enero-septiembre 2025;0
46213 Requena;2. Homicidios dolosos y asesinatos en grado tentativa;enero-septiembre 2025;0
46213 Requena;3. Delitos graves y menos graves de lesiones y riña tumultuaria;enero-septiembre 2025;11
46213 Requena;4. Secuestro;enero-septiembre 2025;0
46213 Requena;5. Delitos contra la libertad sexual;enero-septiembre 2025;4
46213 Requena;5.1.-Agresión sexual con penetración;enero-septiembre 2025;1
46213 Requena;5.2.-Resto de delitos contra la libertad sexual;enero-septiembre 2025;3
46213 Requena;6. Robos con violencia e intimidación;enero-septiembre 2025;5
46213 Requena;7. Robos con fuerza en domicilios, establecimientos y otras instalaciones;enero-septiembre 2025;32
46213 Requena;7.1.-Robos con fuerza en domicilios;enero-septiembre 2025;28
46213 Requena;8. Hurtos;enero-septiembre 2025;114
46213 Requena;9. Sustracciones de vehículos;enero-septiembre 2025;6
46213 Requena;10. Tráfico de drogas;enero-septiembre 2025;8
46213 Requena;11. Resto de criminalidad convencional;enero-septiembre 2025;398
46213 Requena;II. CIBERCRIMINALIDAD (infracciones penales cometidas en/por medio ciber);enero-septiembre 2025;166
46213 Requena;12.-Estafas informáticas;enero-septiembre 2025;159
46213 Requena;13.-Otros ciberdelitos;enero-septiembre 2025;7
46213 Requena;III. TOTAL INFRACCIONES PENALES;enero-septiembre 2025;744
46214 Riba-roja de Túria;I. CRIMINALIDAD CONVENCIONAL;enero-septiembre 2025;869
46214 Riba-roja de Túria;1. Homicidios dolosos y asesinatos consumados;enero-septiembre 2025;0
46214 Riba-roja de Túria;2. Homicidios dolosos y asesinatos en grado tentativa;enero-septiembre 2025;0
46214 Riba-roja de Túria;3. Delitos graves y menos graves de lesiones y riña tumultuaria;enero-septiembre 2025;35
46214 Riba-roja de Túria;4. Secuestro;enero-septiembre 2025;0
46214 Riba-roja de Túria;5. Delitos contra la libertad sexual;enero-septiembre 2025;7
46214 Riba-roja de Túria;5.1.-Agresión sexual con penetración;enero-septiembre 2025;1
46214 Riba-roja de Túria;5.2.-Resto de delitos contra la libertad sexual;enero-septiembre 2025;6
46214 Riba-roja de Túria;6. Robos con violencia e intimidación;enero-septiembre 2025;11
46214 Riba-roja de Túria;7. Robos con fuerza en domicilios, establecimientos y otras instalaciones;enero-septiembre 2025;39
46214 Riba-roja de Túria;7.1.-Robos con fuerza en domicilios;enero-septiembre 2025;28
46214 Riba-roja de Túria;8. Hurtos;enero-septiembre 2025;229
46214 Riba-roja de Túria;9. Sustracciones de vehículos;enero-septiembre 2025;30
46214 Riba-roja de Túria;10. Tráfico de drogas;enero-septiembre 2025;7
46214 Riba-roja de Túria;11. Resto de criminalidad convencional;enero-septiembre 2025;511
46214 Riba-roja de Túria;II. CIBERCRIMINALIDAD (infracciones penales cometidas en/por medio ciber);enero-septiembre 2025;309
46214 Riba-roja de Túria;12.-Estafas informáticas;enero-septiembre 2025;270
46214 Riba-roja de Túria;13.-Otros ciberdelitos;enero-septiembre 2025;39
46214 Riba-roja de Túria;III. TOTAL INFRACCIONES PENALES;enero-septiembre 2025;1.178
46220 Sagunto/Sagunt;I. CRIMINALIDAD CONVENCIONAL;enero-septiembre 2025;2.337
46220 Sagunto/Sagunt;1. Homicidios dolosos y asesinatos consumados;enero-septiembre 2025;1
46220 Sagunto/Sagunt;2. Homicidios dolosos y asesinatos en grado tentativa;enero-septiembre 2025;2
46220 Sagunto/Sagunt;3. Delitos graves y menos graves de lesiones y riña tumultuaria;enero-septiembre 2025;51
46220 Sagunto/Sagunt;4. Secuestro;enero-septiembre 2025;0
46220 Sagunto/Sagunt;5. Delitos contra la libertad sexual;enero-septiembre 2025;30
46220 Sagunto/Sagunt;5.1.-Agresión sexual con penetración;enero-septiembre 2025;1
46220 Sagunto/Sagunt;5.2.-Resto de delitos contra la libertad sexual;enero-septiembre 2025;29
46220 Sagunto/Sagunt;6. Robos con violencia e intimidación;enero-septiembre 2025;49
46220 Sagunto/Sagunt;7. Robos con fuerza en domicilios, establecimientos y otras instalaciones;enero-septiembre 2025;137
46220 Sagunto/Sagunt;7.1.-Robos con fuerza en domicilios;enero-septiembre 2025;118
46220 Sagunto/Sagunt;8. Hurtos;enero-septiembre 2025;606
46220 Sagunto/Sagunt;9. Sustracciones de vehículos;enero-septiembre 2025;36
46220 Sagunto/Sagunt;10. Tráfico de drogas;enero-septiembre 2025;19
46220 Sagunto/Sagunt;11. Resto de criminalidad convencional;enero-septiembre 2025;1.406
46220 Sagunto/Sagunt;II. CIBERCRIMINALIDAD (infracciones penales cometidas en/por medio ciber);enero-septiembre 2025;455
46220 Sagunto/Sagunt;12.-Estafas informáticas;enero-septiembre 2025;407
46220 Sagunto/Sagunt;13.-Otros ciberdelitos;enero-septiembre 2025;48
46220 Sagunto/Sagunt;III. TOTAL INFRACCIONES PENALES;enero-septiembre 2025;2.792
46230 Silla;I. CRIMINALIDAD CONVENCIONAL;enero-septiembre 2025;599
46230 Silla;1. Homicidios dolosos y asesinatos consumados;enero-septiembre 2025;0
46230 Silla;2. Homicidios dolosos y asesinatos en grado tentativa;enero-septiembre 2025;0
46230 Silla;3. Delitos graves y menos graves de lesiones y riña tumultuaria;enero-septiembre 2025;10
46230 Silla;4. Secuestro;enero-septiembre 2025;0
46230 Silla;5. Delitos contra la libertad sexual;enero-septiembre 2025;6
46230 Silla;5.1.-Agresión sexual con penetración;enero-septiembre 2025;0
46230 Silla;5.2.-Resto de delitos contra la libertad sexual;enero-septiembre 2025;6
46230 Silla;6. Robos con violencia e intimidación;enero-septiembre 2025;5
46230 Silla;7. Robos con fuerza en domicilios, establecimientos y otras instalaciones;enero-septiembre 2025;35
46230 Silla;7.1.-Robos con fuerza en domicilios;enero-septiembre 2025;27
46230 Silla;8. Hurtos;enero-septiembre 2025;127
46230 Silla;9. Sustracciones de vehículos;enero-septiembre 2025;9
46230 Silla;10. Tráfico de drogas;enero-septiembre 2025;8
46230 Silla;11. Resto de criminalidad convencional;enero-septiembre 2025;399
46230 Silla;II. CIBERCRIMINALIDAD (infracciones penales cometidas en/por medio ciber);enero-septiembre 2025;131
46230 Silla;12.-Estafas informáticas;enero-septiembre 2025;119
46230 Silla;13.-Otros ciberdelitos;enero-septiembre 2025;12
46230 Silla;III. TOTAL INFRACCIONES PENALES;enero-septiembre 2025;730
46235 Sueca;I. CRIMINALIDAD CONVENCIONAL;enero-septiembre 2025;1.084
46235 Sueca;1. Homicidios dolosos y asesinatos consumados;enero-septiembre 2025;0
46235 Sueca;2. Homicidios dolosos y asesinatos en grado tentativa;enero-septiembre 2025;0
46235 Sueca;3. Delitos graves y menos graves de lesiones y riña tumultuaria;enero-septiembre 2025;20
46235 Sueca;4. Secuestro;enero-septiembre 2025;0
46235 Sueca;5. Delitos contra la libertad sexual;enero-septiembre 2025;13
46235 Sueca;5.1.-Agresión sexual con penetración;enero-septiembre 2025;2
46235 Sueca;5.2.-Resto de delitos contra la libertad sexual;enero-septiembre 2025;11
46235 Sueca;6. Robos con violencia e intimidación;enero-septiembre 2025;25
46235 Sueca;7. Robos con fuerza en domicilios, establecimientos y otras instalaciones;enero-septiembre 2025;118
46235 Sueca;7.1.-Robos con fuerza en domicilios;enero-septiembre 2025;73
46235 Sueca;8. Hurtos;enero-septiembre 2025;248
46235 Sueca;9. Sustracciones de vehículos;enero-septiembre 2025;6
46235 Sueca;10. Tráfico de drogas;enero-septiembre 2025;8
46235 Sueca;11. Resto de criminalidad convencional;enero-septiembre 2025;646
46235 Sueca;II. CIBERCRIMINALIDAD (infracciones penales cometidas en/por medio ciber);enero-septiembre 2025;250
46235 Sueca;12.-Estafas informáticas;enero-septiembre 2025;222
46235 Sueca;13.-Otros ciberdelitos;enero-septiembre 2025;28
46235 Sueca;III. TOTAL INFRACCIONES PENALES;enero-septiembre 2025;1.334
46244 Torrent;I. CRIMINALIDAD CONVENCIONAL;enero-septiembre 2025;2.240
46244 Torrent;1. Homicidios dolosos y asesinatos consumados;enero-septiembre 2025;0
46244 Torrent;2. Homicidios dolosos y asesinatos en grado tentativa;enero-septiembre 2025;3
46244 Torrent;3. Delitos graves y menos graves de lesiones y riña tumultuaria;enero-septiembre 2025;30
46244 Torrent;4. Secuestro;enero-septiembre 2025;0
46244 Torrent;5. Delitos contra la libertad sexual;enero-septiembre 2025;18
46244 Torrent;5.1.-Agresión sexual con penetración;enero-septiembre 2025;9
46244 Torrent;5.2.-Resto de delitos contra la libertad sexual;enero-septiembre 2025;9
46244 Torrent;6. Robos con violencia e intimidación;enero-septiembre 2025;49
46244 Torrent;7. Robos con fuerza en domicilios, establecimientos y otras instalaciones;enero-septiembre 2025;170
46244 Torrent;7.1.-Robos con fuerza en domicilios;enero-septiembre 2025;126
46244 Torrent;8. Hurtos;enero-septiembre 2025;586
46244 Torrent;9. Sustracciones de vehículos;enero-septiembre 2025;18
46244 Torrent;10. Tráfico de drogas;enero-septiembre 2025;22
46244 Torrent;11. Resto de criminalidad convencional;enero-septiembre 2025;1.344
46244 Torrent;II. CIBERCRIMINALIDAD (infracciones penales cometidas en/por medio ciber);enero-septiembre 2025;735
46244 Torrent;12.-Estafas informáticas;enero-septiembre 2025;637
46244 Torrent;13.-Otros ciberdelitos;enero-septiembre 2025;98
46244 Torrent;III. TOTAL INFRACCIONES PENALES;enero-septiembre 2025;2.975
46250 Valencia;I. CRIMINALIDAD CONVENCIONAL;enero-septiembre 2025;39.793
46250 Valencia;1. Homicidios dolosos y asesinatos consumados;enero-septiembre 2025;4
46250 Valencia;2. Homicidios dolosos y asesinatos en grado tentativa;enero-septiembre 2025;23
46250 Valencia;3. Delitos graves y menos graves de lesiones y riña tumultuaria;enero-septiembre 2025;520
46250 Valencia;4. Secuestro;enero-septiembre 2025;0
46250 Valencia;5. Delitos contra la libertad sexual;enero-septiembre 2025;390
46250 Valencia;5.1.-Agresión sexual con penetración;enero-septiembre 2025;92
46250 Valencia;5.2.-Resto de delitos contra la libertad sexual;enero-septiembre 2025;298
46250 Valencia;6. Robos con violencia e intimidación;enero-septiembre 2025;1.586
46250 Valencia;7. Robos con fuerza en domicilios, establecimientos y otras instalaciones;enero-septiembre 2025;1.562
46250 Valencia;7.1.-Robos con fuerza en domicilios;enero-septiembre 2025;1.251
46250 Valencia;8. Hurtos;enero-septiembre 2025;18.095
46250 Valencia;9. Sustracciones de vehículos;enero-septiembre 2025;529
46250 Valencia;10. Tráfico de drogas;enero-septiembre 2025;585
46250 Valencia;11. Resto de criminalidad convencional;enero-septiembre 2025;16.499
46250 Valencia;II. CIBERCRIMINALIDAD (infracciones penales cometidas en/por medio ciber);enero-septiembre 2025;7.734
46250 Valencia;12.-Estafas informáticas;enero-septiembre 2025;6.900
46250 Valencia;13.-Otros ciberdelitos;enero-septiembre 2025;834
46250 Valencia;III. TOTAL INFRACCIONES PENALES;enero-septiembre 2025;47.527
46145 Xàtiva;I. CRIMINALIDAD CONVENCIONAL;enero-septiembre 2025;917
46145 Xàtiva;1. Homicidios dolosos y asesinatos consumados;enero-septiembre 2025;0
46145 Xàtiva;2. Homicidios dolosos y asesinatos en grado tentativa;enero-septiembre 2025;0
46145 Xàtiva;3. Delitos graves y menos graves de lesiones y riña tumultuaria;enero-septiembre 2025;21
46145 Xàtiva;4. Secuestro;enero-septiembre 2025;0
46145 Xàtiva;5. Delitos contra la libertad sexual;enero-septiembre 2025;6
46145 Xàtiva;5.1.-Agresión sexual con penetración;enero-septiembre 2025;0
46145 Xàtiva;5.2.-Resto de delitos contra la libertad sexual;enero-septiembre 2025;6
46145 Xàtiva;6. Robos con violencia e intimidación;enero-septiembre 2025;14
46145 Xàtiva;7. Robos con fuerza en domicilios, establecimientos y otras instalaciones;enero-septiembre 2025;76
46145 Xàtiva;7.1.-Robos con fuerza en domicilios;enero-septiembre 2025;64
46145 Xàtiva;8. Hurtos;enero-septiembre 2025;266
46145 Xàtiva;9. Sustracciones de vehículos;enero-septiembre 2025;10
46145 Xàtiva;10. Tráfico de drogas;enero-septiembre 2025;3
46145 Xàtiva;11. Resto de criminalidad convencional;enero-septiembre 2025;521
46145 Xàtiva;II. CIBERCRIMINALIDAD (infracciones penales cometidas en/por medio ciber);enero-septiembre 2025;181
46145 Xàtiva;12.-Estafas informáticas;enero-septiembre 2025;163
46145 Xàtiva;13.-Otros ciberdelitos;enero-septiembre 2025;18
46145 Xàtiva;III. TOTAL INFRACCIONES PENALES;enero-septiembre 2025;1.098
46110 Xirivella;I. CRIMINALIDAD CONVENCIONAL;enero-septiembre 2025;840
46110 Xirivella;1. Homicidios dolosos y asesinatos consumados;enero-septiembre 2025;0
46110 Xirivella;2. Homicidios dolosos y asesinatos en grado tentativa;enero-septiembre 2025;0
46110 Xirivella;3. Delitos graves y menos graves de lesiones y riña tumultuaria;enero-septiembre 2025;17
46110 Xirivella;4. Secuestro;enero-septiembre 2025;0
46110 Xirivella;5. Delitos contra la libertad sexual;enero-septiembre 2025;10
46110 Xirivella;5.1.-Agresión sexual con penetración;enero-septiembre 2025;0
46110 Xirivella;5.2.-Resto de delitos contra la libertad sexual;enero-septiembre 2025;10
46110 Xirivella;6. Robos con violencia e intimidación;enero-septiembre 2025;22
46110 Xirivella;7. Robos con fuerza en domicilios, establecimientos y otras instalaciones;enero-septiembre 2025;44
46110 Xirivella;7.1.-Robos con fuerza en domicilios;enero-septiembre 2025;30
46110 Xirivella;8. Hurtos;enero-septiembre 2025;252
46110 Xirivella;9. Sustracciones de vehículos;enero-septiembre 2025;9
46110 Xirivella;10. Tráfico de drogas;enero-septiembre 2025;11
46110 Xirivella;11. Resto de criminalidad convencional;enero-septiembre 2025;475
46110 Xirivella;II. CIBERCRIMINALIDAD (infracciones penales cometidas en/por medio ciber);enero-septiembre 2025;236
46110 Xirivella;12.-Estafas informáticas;enero-septiembre 2025;207
46110 Xirivella;13.-Otros ciberdelitos;enero-septiembre 2025;29
46110 Xirivella;III. TOTAL INFRACCIONES PENALES;enero-septiembre 2025;1.076
