Geografía;Tipología penal;Periodos:;Total
Provincia de ALICANTE/ALACANT;I. CRIMINALIDAD CONVENCIONAL;enero-septiembre 2024;66.488
Provincia de ALICANTE/ALACANT;1. Homicidios dolosos y asesinatos consumados;enero-septiembre 2024;13
Provincia de ALICANTE/ALACANT;2. Homicidios dolosos y asesinatos en grado tentativa;enero-septiembre 2024;42
Provincia de ALICANTE/ALACANT;3. Delitos graves y menos graves de lesiones y riña tumultuaria;enero-septiembre 2024;1.098
Provincia de ALICANTE/ALACANT;4. Secuestro;enero-septiembre 2024;6
Provincia de ALICANTE/ALACANT;5. Delitos contra la libertad sexual;enero-septiembre 2024;802
Provincia de ALICANTE/ALACANT;5.1.-Agresión sexual con penetración;enero-septiembre 2024;184
Provincia de ALICANTE/ALACANT;5.2.-Resto de delitos contra la libertad sexual;enero-septiembre 2024;618
Provincia de ALICANTE/ALACANT;6. Robos con violencia e intimidación;enero-septiembre 2024;1.679
Provincia de ALICANTE/ALACANT;7. Robos con fuerza en domicilios, establecimientos y otras instalaciones;enero-septiembre 2024;5.214
Provincia de ALICANTE/ALACANT;7.1.-Robos con fuerza en domicilios;enero-septiembre 2024;4.198
Provincia de ALICANTE/ALACANT;8. Hurtos;enero-septiembre 2024;20.322
Provincia de ALICANTE/ALACANT;9. Sustracciones de vehículos;enero-septiembre 2024;1.036
Provincia de ALICANTE/ALACANT;10. Tráfico de drogas;enero-septiembre 2024;897
Provincia de ALICANTE/ALACANT;11. Resto de criminalidad convencional;enero-septiembre 2024;35.379
Provincia de ALICANTE/ALACANT;II. CIBERCRIMINALIDAD (infracciones penales cometidas en/por medio ciber);enero-septiembre 2024;13.311
Provincia de ALICANTE/ALACANT;12.-Estafas informáticas;enero-septiembre 2024;11.546
Provincia de ALICANTE/ALACANT;13.-Otros ciberdelitos;enero-septiembre 2024;1.765
Provincia de ALICANTE/ALACANT;III. TOTAL INFRACCIONES PENALES;enero-septiembre 2024;79.799
03009 Alcoy/Alcoi;I. CRIMINALIDAD CONVENCIONAL;enero-septiembre 2024;1.306
03009 Alcoy/Alcoi;1. Homicidios dolosos y asesinatos consumados;enero-septiembre 2024;1
03009 Alcoy/Alcoi;2. Homicidios dolosos y asesinatos en grado tentativa;enero-septiembre 2024;0
03009 Alcoy/Alcoi;3. Delitos graves y menos graves de lesiones y riña tumultuaria;enero-septiembre 2024;13
03009 Alcoy/Alcoi;4. Secuestro;enero-septiembre 2024;0
03009 Alcoy/Alcoi;5. Delitos contra la libertad sexual;enero-septiembre 2024;11
03009 Alcoy/Alcoi;5.1.-Agresión sexual con penetración;enero-septiembre 2024;5
03009 Alcoy/Alcoi;5.2.-Resto de delitos contra la libertad sexual;enero-septiembre 2024;6
03009 Alcoy/Alcoi;6. Robos con violencia e intimidación;enero-septiembre 2024;40
03009 Alcoy/Alcoi;7. Robos con fuerza en domicilios, establecimientos y otras instalaciones;enero-septiembre 2024;99
03009 Alcoy/Alcoi;7.1.-Robos con fuerza en domicilios;enero-septiembre 2024;70
03009 Alcoy/Alcoi;8. Hurtos;enero-septiembre 2024;348
03009 Alcoy/Alcoi;9. Sustracciones de vehículos;enero-septiembre 2024;14
03009 Alcoy/Alcoi;10. Tráfico de drogas;enero-septiembre 2024;5
03009 Alcoy/Alcoi;11. Resto de criminalidad convencional;enero-septiembre 2024;775
03009 Alcoy/Alcoi;II. CIBERCRIMINALIDAD (infracciones penales cometidas en/por medio ciber);enero-septiembre 2024;457
03009 Alcoy/Alcoi;12.-Estafas informáticas;enero-septiembre 2024;417
03009 Alcoy/Alcoi;13.-Otros ciberdelitos;enero-septiembre 2024;40
03009 Alcoy/Alcoi;III. TOTAL INFRACCIONES PENALES;enero-septiembre 2024;1.763
03011 L'Alfàs del Pi;I. CRIMINALIDAD CONVENCIONAL;enero-septiembre 2024;753
03011 L'Alfàs del Pi;1. Homicidios dolosos y asesinatos consumados;enero-septiembre 2024;1
03011 L'Alfàs del Pi;2. Homicidios dolosos y asesinatos en grado tentativa;enero-septiembre 2024;0
03011 L'Alfàs del Pi;3. Delitos graves y menos graves de lesiones y riña tumultuaria;enero-septiembre 2024;5
03011 L'Alfàs del Pi;4. Secuestro;enero-septiembre 2024;0
03011 L'Alfàs del Pi;5. Delitos contra la libertad sexual;enero-septiembre 2024;11
03011 L'Alfàs del Pi;5.1.-Agresión sexual con penetración;enero-septiembre 2024;4
03011 L'Alfàs del Pi;5.2.-Resto de delitos contra la libertad sexual;enero-septiembre 2024;7
03011 L'Alfàs del Pi;6. Robos con violencia e intimidación;enero-septiembre 2024;10
03011 L'Alfàs del Pi;7. Robos con fuerza en domicilios, establecimientos y otras instalaciones;enero-septiembre 2024;84
03011 L'Alfàs del Pi;7.1.-Robos con fuerza en domicilios;enero-septiembre 2024;66
03011 L'Alfàs del Pi;8. Hurtos;enero-septiembre 2024;248
03011 L'Alfàs del Pi;9. Sustracciones de vehículos;enero-septiembre 2024;14
03011 L'Alfàs del Pi;10. Tráfico de drogas;enero-septiembre 2024;7
03011 L'Alfàs del Pi;11. Resto de criminalidad convencional;enero-septiembre 2024;373
03011 L'Alfàs del Pi;II. CIBERCRIMINALIDAD (infracciones penales cometidas en/por medio ciber);enero-septiembre 2024;121
03011 L'Alfàs del Pi;12.-Estafas informáticas;enero-septiembre 2024;112
03011 L'Alfàs del Pi;13.-Otros ciberdelitos;enero-septiembre 2024;9
03011 L'Alfàs del Pi;III. TOTAL INFRACCIONES PENALES;enero-septiembre 2024;874
03014 Alicante/Alacant;I. CRIMINALIDAD CONVENCIONAL;enero-septiembre 2024;15.607
03014 Alicante/Alacant;1. Homicidios dolosos y asesinatos consumados;enero-septiembre 2024;3
03014 Alicante/Alacant;2. Homicidios dolosos y asesinatos en grado tentativa;enero-septiembre 2024;16
03014 Alicante/Alacant;3. Delitos graves y menos graves de lesiones y riña tumultuaria;enero-septiembre 2024;206
03014 Alicante/Alacant;4. Secuestro;enero-septiembre 2024;2
03014 Alicante/Alacant;5. Delitos contra la libertad sexual;enero-septiembre 2024;182
03014 Alicante/Alacant;5.1.-Agresión sexual con penetración;enero-septiembre 2024;40
03014 Alicante/Alacant;5.2.-Resto de delitos contra la libertad sexual;enero-septiembre 2024;142
03014 Alicante/Alacant;6. Robos con violencia e intimidación;enero-septiembre 2024;611
03014 Alicante/Alacant;7. Robos con fuerza en domicilios, establecimientos y otras instalaciones;enero-septiembre 2024;566
03014 Alicante/Alacant;7.1.-Robos con fuerza en domicilios;enero-septiembre 2024;444
03014 Alicante/Alacant;8. Hurtos;enero-septiembre 2024;5.545
03014 Alicante/Alacant;9. Sustracciones de vehículos;enero-septiembre 2024;264
03014 Alicante/Alacant;10. Tráfico de drogas;enero-septiembre 2024;276
03014 Alicante/Alacant;11. Resto de criminalidad convencional;enero-septiembre 2024;7.936
03014 Alicante/Alacant;II. CIBERCRIMINALIDAD (infracciones penales cometidas en/por medio ciber);enero-septiembre 2024;2.940
03014 Alicante/Alacant;12.-Estafas informáticas;enero-septiembre 2024;2.422
03014 Alicante/Alacant;13.-Otros ciberdelitos;enero-septiembre 2024;518
03014 Alicante/Alacant;III. TOTAL INFRACCIONES PENALES;enero-septiembre 2024;18.547
03015 Almoradí;I. CRIMINALIDAD CONVENCIONAL;enero-septiembre 2024;595
03015 Almoradí;1. Homicidios dolosos y asesinatos consumados;enero-septiembre 2024;0
03015 Almoradí;2. Homicidios dolosos y asesinatos en grado tentativa;enero-septiembre 2024;1
03015 Almoradí;3. Delitos graves y menos graves de lesiones y riña tumultuaria;enero-septiembre 2024;14
03015 Almoradí;4. Secuestro;enero-septiembre 2024;0
03015 Almoradí;5. Delitos contra la libertad sexual;enero-septiembre 2024;10
03015 Almoradí;5.1.-Agresión sexual con penetración;enero-septiembre 2024;4
03015 Almoradí;5.2.-Resto de delitos contra la libertad sexual;enero-septiembre 2024;6
03015 Almoradí;6. Robos con violencia e intimidación;enero-septiembre 2024;10
03015 Almoradí;7. Robos con fuerza en domicilios, establecimientos y otras instalaciones;enero-septiembre 2024;48
03015 Almoradí;7.1.-Robos con fuerza en domicilios;enero-septiembre 2024;44
03015 Almoradí;8. Hurtos;enero-septiembre 2024;135
03015 Almoradí;9. Sustracciones de vehículos;enero-septiembre 2024;8
03015 Almoradí;10. Tráfico de drogas;enero-septiembre 2024;5
03015 Almoradí;11. Resto de criminalidad convencional;enero-septiembre 2024;364
03015 Almoradí;II. CIBERCRIMINALIDAD (infracciones penales cometidas en/por medio ciber);enero-septiembre 2024;127
03015 Almoradí;12.-Estafas informáticas;enero-septiembre 2024;105
03015 Almoradí;13.-Otros ciberdelitos;enero-septiembre 2024;22
03015 Almoradí;III. TOTAL INFRACCIONES PENALES;enero-septiembre 2024;722
03018 Altea;I. CRIMINALIDAD CONVENCIONAL;enero-septiembre 2024;915
03018 Altea;1. Homicidios dolosos y asesinatos consumados;enero-septiembre 2024;0
03018 Altea;2. Homicidios dolosos y asesinatos en grado tentativa;enero-septiembre 2024;1
03018 Altea;3. Delitos graves y menos graves de lesiones y riña tumultuaria;enero-septiembre 2024;19
03018 Altea;4. Secuestro;enero-septiembre 2024;0
03018 Altea;5. Delitos contra la libertad sexual;enero-septiembre 2024;5
03018 Altea;5.1.-Agresión sexual con penetración;enero-septiembre 2024;3
03018 Altea;5.2.-Resto de delitos contra la libertad sexual;enero-septiembre 2024;2
03018 Altea;6. Robos con violencia e intimidación;enero-septiembre 2024;13
03018 Altea;7. Robos con fuerza en domicilios, establecimientos y otras instalaciones;enero-septiembre 2024;110
03018 Altea;7.1.-Robos con fuerza en domicilios;enero-septiembre 2024;99
03018 Altea;8. Hurtos;enero-septiembre 2024;218
03018 Altea;9. Sustracciones de vehículos;enero-septiembre 2024;16
03018 Altea;10. Tráfico de drogas;enero-septiembre 2024;8
03018 Altea;11. Resto de criminalidad convencional;enero-septiembre 2024;525
03018 Altea;II. CIBERCRIMINALIDAD (infracciones penales cometidas en/por medio ciber);enero-septiembre 2024;150
03018 Altea;12.-Estafas informáticas;enero-septiembre 2024;131
03018 Altea;13.-Otros ciberdelitos;enero-septiembre 2024;19
03018 Altea;III. TOTAL INFRACCIONES PENALES;enero-septiembre 2024;1.065
03019 Aspe;I. CRIMINALIDAD CONVENCIONAL;enero-septiembre 2024;525
03019 Aspe;1. Homicidios dolosos y asesinatos consumados;enero-septiembre 2024;0
03019 Aspe;2. Homicidios dolosos y asesinatos en grado tentativa;enero-septiembre 2024;0
03019 Aspe;3. Delitos graves y menos graves de lesiones y riña tumultuaria;enero-septiembre 2024;11
03019 Aspe;4. Secuestro;enero-septiembre 2024;0
03019 Aspe;5. Delitos contra la libertad sexual;enero-septiembre 2024;4
03019 Aspe;5.1.-Agresión sexual con penetración;enero-septiembre 2024;2
03019 Aspe;5.2.-Resto de delitos contra la libertad sexual;enero-septiembre 2024;2
03019 Aspe;6. Robos con violencia e intimidación;enero-septiembre 2024;7
03019 Aspe;7. Robos con fuerza en domicilios, establecimientos y otras instalaciones;enero-septiembre 2024;42
03019 Aspe;7.1.-Robos con fuerza en domicilios;enero-septiembre 2024;37
03019 Aspe;8. Hurtos;enero-septiembre 2024;102
03019 Aspe;9. Sustracciones de vehículos;enero-septiembre 2024;2
03019 Aspe;10. Tráfico de drogas;enero-septiembre 2024;9
03019 Aspe;11. Resto de criminalidad convencional;enero-septiembre 2024;348
03019 Aspe;II. CIBERCRIMINALIDAD (infracciones penales cometidas en/por medio ciber);enero-septiembre 2024;108
03019 Aspe;12.-Estafas informáticas;enero-septiembre 2024;87
03019 Aspe;13.-Otros ciberdelitos;enero-septiembre 2024;21
03019 Aspe;III. TOTAL INFRACCIONES PENALES;enero-septiembre 2024;633
03031 Benidorm;I. CRIMINALIDAD CONVENCIONAL;enero-septiembre 2024;4.140
03031 Benidorm;1. Homicidios dolosos y asesinatos consumados;enero-septiembre 2024;0
03031 Benidorm;2. Homicidios dolosos y asesinatos en grado tentativa;enero-septiembre 2024;2
03031 Benidorm;3. Delitos graves y menos graves de lesiones y riña tumultuaria;enero-septiembre 2024;121
03031 Benidorm;4. Secuestro;enero-septiembre 2024;1
03031 Benidorm;5. Delitos contra la libertad sexual;enero-septiembre 2024;40
03031 Benidorm;5.1.-Agresión sexual con penetración;enero-septiembre 2024;15
03031 Benidorm;5.2.-Resto de delitos contra la libertad sexual;enero-septiembre 2024;25
03031 Benidorm;6. Robos con violencia e intimidación;enero-septiembre 2024;132
03031 Benidorm;7. Robos con fuerza en domicilios, establecimientos y otras instalaciones;enero-septiembre 2024;136
03031 Benidorm;7.1.-Robos con fuerza en domicilios;enero-septiembre 2024;94
03031 Benidorm;8. Hurtos;enero-septiembre 2024;1.731
03031 Benidorm;9. Sustracciones de vehículos;enero-septiembre 2024;35
03031 Benidorm;10. Tráfico de drogas;enero-septiembre 2024;153
03031 Benidorm;11. Resto de criminalidad convencional;enero-septiembre 2024;1.789
03031 Benidorm;II. CIBERCRIMINALIDAD (infracciones penales cometidas en/por medio ciber);enero-septiembre 2024;614
03031 Benidorm;12.-Estafas informáticas;enero-septiembre 2024;567
03031 Benidorm;13.-Otros ciberdelitos;enero-septiembre 2024;47
03031 Benidorm;III. TOTAL INFRACCIONES PENALES;enero-septiembre 2024;4.754
03047 Calp;I. CRIMINALIDAD CONVENCIONAL;enero-septiembre 2024;1.228
03047 Calp;1. Homicidios dolosos y asesinatos consumados;enero-septiembre 2024;1
03047 Calp;2. Homicidios dolosos y asesinatos en grado tentativa;enero-septiembre 2024;1
03047 Calp;3. Delitos graves y menos graves de lesiones y riña tumultuaria;enero-septiembre 2024;20
03047 Calp;4. Secuestro;enero-septiembre 2024;1
03047 Calp;5. Delitos contra la libertad sexual;enero-septiembre 2024;20
03047 Calp;5.1.-Agresión sexual con penetración;enero-septiembre 2024;3
03047 Calp;5.2.-Resto de delitos contra la libertad sexual;enero-septiembre 2024;17
03047 Calp;6. Robos con violencia e intimidación;enero-septiembre 2024;13
03047 Calp;7. Robos con fuerza en domicilios, establecimientos y otras instalaciones;enero-septiembre 2024;141
03047 Calp;7.1.-Robos con fuerza en domicilios;enero-septiembre 2024;109
03047 Calp;8. Hurtos;enero-septiembre 2024;410
03047 Calp;9. Sustracciones de vehículos;enero-septiembre 2024;14
03047 Calp;10. Tráfico de drogas;enero-septiembre 2024;2
03047 Calp;11. Resto de criminalidad convencional;enero-septiembre 2024;605
03047 Calp;II. CIBERCRIMINALIDAD (infracciones penales cometidas en/por medio ciber);enero-septiembre 2024;282
03047 Calp;12.-Estafas informáticas;enero-septiembre 2024;258
03047 Calp;13.-Otros ciberdelitos;enero-septiembre 2024;24
03047 Calp;III. TOTAL INFRACCIONES PENALES;enero-septiembre 2024;1.510
03050 Campello (el);I. CRIMINALIDAD CONVENCIONAL;enero-septiembre 2024;819
03050 Campello (el);1. Homicidios dolosos y asesinatos consumados;enero-septiembre 2024;0
03050 Campello (el);2. Homicidios dolosos y asesinatos en grado tentativa;enero-septiembre 2024;0
03050 Campello (el);3. Delitos graves y menos graves de lesiones y riña tumultuaria;enero-septiembre 2024;6
03050 Campello (el);4. Secuestro;enero-septiembre 2024;0
03050 Campello (el);5. Delitos contra la libertad sexual;enero-septiembre 2024;8
03050 Campello (el);5.1.-Agresión sexual con penetración;enero-septiembre 2024;2
03050 Campello (el);5.2.-Resto de delitos contra la libertad sexual;enero-septiembre 2024;6
03050 Campello (el);6. Robos con violencia e intimidación;enero-septiembre 2024;7
03050 Campello (el);7. Robos con fuerza en domicilios, establecimientos y otras instalaciones;enero-septiembre 2024;48
03050 Campello (el);7.1.-Robos con fuerza en domicilios;enero-septiembre 2024;38
03050 Campello (el);8. Hurtos;enero-septiembre 2024;290
03050 Campello (el);9. Sustracciones de vehículos;enero-septiembre 2024;6
03050 Campello (el);10. Tráfico de drogas;enero-septiembre 2024;12
03050 Campello (el);11. Resto de criminalidad convencional;enero-septiembre 2024;442
03050 Campello (el);II. CIBERCRIMINALIDAD (infracciones penales cometidas en/por medio ciber);enero-septiembre 2024;235
03050 Campello (el);12.-Estafas informáticas;enero-septiembre 2024;203
03050 Campello (el);13.-Otros ciberdelitos;enero-septiembre 2024;32
03050 Campello (el);III. TOTAL INFRACCIONES PENALES;enero-septiembre 2024;1.054
03059 Crevillent;I. CRIMINALIDAD CONVENCIONAL;enero-septiembre 2024;687
03059 Crevillent;1. Homicidios dolosos y asesinatos consumados;enero-septiembre 2024;0
03059 Crevillent;2. Homicidios dolosos y asesinatos en grado tentativa;enero-septiembre 2024;0
03059 Crevillent;3. Delitos graves y menos graves de lesiones y riña tumultuaria;enero-septiembre 2024;21
03059 Crevillent;4. Secuestro;enero-septiembre 2024;1
03059 Crevillent;5. Delitos contra la libertad sexual;enero-septiembre 2024;20
03059 Crevillent;5.1.-Agresión sexual con penetración;enero-septiembre 2024;4
03059 Crevillent;5.2.-Resto de delitos contra la libertad sexual;enero-septiembre 2024;16
03059 Crevillent;6. Robos con violencia e intimidación;enero-septiembre 2024;12
03059 Crevillent;7. Robos con fuerza en domicilios, establecimientos y otras instalaciones;enero-septiembre 2024;53
03059 Crevillent;7.1.-Robos con fuerza en domicilios;enero-septiembre 2024;48
03059 Crevillent;8. Hurtos;enero-septiembre 2024;132
03059 Crevillent;9. Sustracciones de vehículos;enero-septiembre 2024;9
03059 Crevillent;10. Tráfico de drogas;enero-septiembre 2024;6
03059 Crevillent;11. Resto de criminalidad convencional;enero-septiembre 2024;433
03059 Crevillent;II. CIBERCRIMINALIDAD (infracciones penales cometidas en/por medio ciber);enero-septiembre 2024;135
03059 Crevillent;12.-Estafas informáticas;enero-septiembre 2024;113
03059 Crevillent;13.-Otros ciberdelitos;enero-septiembre 2024;22
03059 Crevillent;III. TOTAL INFRACCIONES PENALES;enero-septiembre 2024;822
03063 Dénia;I. CRIMINALIDAD CONVENCIONAL;enero-septiembre 2024;1.560
03063 Dénia;1. Homicidios dolosos y asesinatos consumados;enero-septiembre 2024;1
03063 Dénia;2. Homicidios dolosos y asesinatos en grado tentativa;enero-septiembre 2024;1
03063 Dénia;3. Delitos graves y menos graves de lesiones y riña tumultuaria;enero-septiembre 2024;17
03063 Dénia;4. Secuestro;enero-septiembre 2024;0
03063 Dénia;5. Delitos contra la libertad sexual;enero-septiembre 2024;19
03063 Dénia;5.1.-Agresión sexual con penetración;enero-septiembre 2024;5
03063 Dénia;5.2.-Resto de delitos contra la libertad sexual;enero-septiembre 2024;14
03063 Dénia;6. Robos con violencia e intimidación;enero-septiembre 2024;32
03063 Dénia;7. Robos con fuerza en domicilios, establecimientos y otras instalaciones;enero-septiembre 2024;185
03063 Dénia;7.1.-Robos con fuerza en domicilios;enero-septiembre 2024;166
03063 Dénia;8. Hurtos;enero-septiembre 2024;468
03063 Dénia;9. Sustracciones de vehículos;enero-septiembre 2024;56
03063 Dénia;10. Tráfico de drogas;enero-septiembre 2024;30
03063 Dénia;11. Resto de criminalidad convencional;enero-septiembre 2024;751
03063 Dénia;II. CIBERCRIMINALIDAD (infracciones penales cometidas en/por medio ciber);enero-septiembre 2024;347
03063 Dénia;12.-Estafas informáticas;enero-septiembre 2024;323
03063 Dénia;13.-Otros ciberdelitos;enero-septiembre 2024;24
03063 Dénia;III. TOTAL INFRACCIONES PENALES;enero-septiembre 2024;1.907
03065 Elche/Elx;I. CRIMINALIDAD CONVENCIONAL;enero-septiembre 2024;6.182
03065 Elche/Elx;1. Homicidios dolosos y asesinatos consumados;enero-septiembre 2024;0
03065 Elche/Elx;2. Homicidios dolosos y asesinatos en grado tentativa;enero-septiembre 2024;5
03065 Elche/Elx;3. Delitos graves y menos graves de lesiones y riña tumultuaria;enero-septiembre 2024;79
03065 Elche/Elx;4. Secuestro;enero-septiembre 2024;0
03065 Elche/Elx;5. Delitos contra la libertad sexual;enero-septiembre 2024;104
03065 Elche/Elx;5.1.-Agresión sexual con penetración;enero-septiembre 2024;27
03065 Elche/Elx;5.2.-Resto de delitos contra la libertad sexual;enero-septiembre 2024;77
03065 Elche/Elx;6. Robos con violencia e intimidación;enero-septiembre 2024;129
03065 Elche/Elx;7. Robos con fuerza en domicilios, establecimientos y otras instalaciones;enero-septiembre 2024;417
03065 Elche/Elx;7.1.-Robos con fuerza en domicilios;enero-septiembre 2024;264
03065 Elche/Elx;8. Hurtos;enero-septiembre 2024;1.971
03065 Elche/Elx;9. Sustracciones de vehículos;enero-septiembre 2024;171
03065 Elche/Elx;10. Tráfico de drogas;enero-septiembre 2024;120
03065 Elche/Elx;11. Resto de criminalidad convencional;enero-septiembre 2024;3.186
03065 Elche/Elx;II. CIBERCRIMINALIDAD (infracciones penales cometidas en/por medio ciber);enero-septiembre 2024;1.233
03065 Elche/Elx;12.-Estafas informáticas;enero-septiembre 2024;1.086
03065 Elche/Elx;13.-Otros ciberdelitos;enero-septiembre 2024;147
03065 Elche/Elx;III. TOTAL INFRACCIONES PENALES;enero-septiembre 2024;7.415
03066 Elda;I. CRIMINALIDAD CONVENCIONAL;enero-septiembre 2024;1.358
03066 Elda;1. Homicidios dolosos y asesinatos consumados;enero-septiembre 2024;1
03066 Elda;2. Homicidios dolosos y asesinatos en grado tentativa;enero-septiembre 2024;2
03066 Elda;3. Delitos graves y menos graves de lesiones y riña tumultuaria;enero-septiembre 2024;23
03066 Elda;4. Secuestro;enero-septiembre 2024;0
03066 Elda;5. Delitos contra la libertad sexual;enero-septiembre 2024;12
03066 Elda;5.1.-Agresión sexual con penetración;enero-septiembre 2024;4
03066 Elda;5.2.-Resto de delitos contra la libertad sexual;enero-septiembre 2024;8
03066 Elda;6. Robos con violencia e intimidación;enero-septiembre 2024;31
03066 Elda;7. Robos con fuerza en domicilios, establecimientos y otras instalaciones;enero-septiembre 2024;96
03066 Elda;7.1.-Robos con fuerza en domicilios;enero-septiembre 2024;60
03066 Elda;8. Hurtos;enero-septiembre 2024;355
03066 Elda;9. Sustracciones de vehículos;enero-septiembre 2024;26
03066 Elda;10. Tráfico de drogas;enero-septiembre 2024;21
03066 Elda;11. Resto de criminalidad convencional;enero-septiembre 2024;791
03066 Elda;II. CIBERCRIMINALIDAD (infracciones penales cometidas en/por medio ciber);enero-septiembre 2024;368
03066 Elda;12.-Estafas informáticas;enero-septiembre 2024;323
03066 Elda;13.-Otros ciberdelitos;enero-septiembre 2024;45
03066 Elda;III. TOTAL INFRACCIONES PENALES;enero-septiembre 2024;1.726
03079 Ibi;I. CRIMINALIDAD CONVENCIONAL;enero-septiembre 2024;438
03079 Ibi;1. Homicidios dolosos y asesinatos consumados;enero-septiembre 2024;0
03079 Ibi;2. Homicidios dolosos y asesinatos en grado tentativa;enero-septiembre 2024;1
03079 Ibi;3. Delitos graves y menos graves de lesiones y riña tumultuaria;enero-septiembre 2024;5
03079 Ibi;4. Secuestro;enero-septiembre 2024;0
03079 Ibi;5. Delitos contra la libertad sexual;enero-septiembre 2024;6
03079 Ibi;5.1.-Agresión sexual con penetración;enero-septiembre 2024;0
03079 Ibi;5.2.-Resto de delitos contra la libertad sexual;enero-septiembre 2024;6
03079 Ibi;6. Robos con violencia e intimidación;enero-septiembre 2024;7
03079 Ibi;7. Robos con fuerza en domicilios, establecimientos y otras instalaciones;enero-septiembre 2024;32
03079 Ibi;7.1.-Robos con fuerza en domicilios;enero-septiembre 2024;20
03079 Ibi;8. Hurtos;enero-septiembre 2024;115
03079 Ibi;9. Sustracciones de vehículos;enero-septiembre 2024;4
03079 Ibi;10. Tráfico de drogas;enero-septiembre 2024;3
03079 Ibi;11. Resto de criminalidad convencional;enero-septiembre 2024;265
03079 Ibi;II. CIBERCRIMINALIDAD (infracciones penales cometidas en/por medio ciber);enero-septiembre 2024;186
03079 Ibi;12.-Estafas informáticas;enero-septiembre 2024;159
03079 Ibi;13.-Otros ciberdelitos;enero-septiembre 2024;27
03079 Ibi;III. TOTAL INFRACCIONES PENALES;enero-septiembre 2024;624
03082 Jávea/Xàbia;I. CRIMINALIDAD CONVENCIONAL;enero-septiembre 2024;1.254
03082 Jávea/Xàbia;1. Homicidios dolosos y asesinatos consumados;enero-septiembre 2024;0
03082 Jávea/Xàbia;2. Homicidios dolosos y asesinatos en grado tentativa;enero-septiembre 2024;2
03082 Jávea/Xàbia;3. Delitos graves y menos graves de lesiones y riña tumultuaria;enero-septiembre 2024;29
03082 Jávea/Xàbia;4. Secuestro;enero-septiembre 2024;0
03082 Jávea/Xàbia;5. Delitos contra la libertad sexual;enero-septiembre 2024;12
03082 Jávea/Xàbia;5.1.-Agresión sexual con penetración;enero-septiembre 2024;1
03082 Jávea/Xàbia;5.2.-Resto de delitos contra la libertad sexual;enero-septiembre 2024;11
03082 Jávea/Xàbia;6. Robos con violencia e intimidación;enero-septiembre 2024;17
03082 Jávea/Xàbia;7. Robos con fuerza en domicilios, establecimientos y otras instalaciones;enero-septiembre 2024;212
03082 Jávea/Xàbia;7.1.-Robos con fuerza en domicilios;enero-septiembre 2024;167
03082 Jávea/Xàbia;8. Hurtos;enero-septiembre 2024;308
03082 Jávea/Xàbia;9. Sustracciones de vehículos;enero-septiembre 2024;19
03082 Jávea/Xàbia;10. Tráfico de drogas;enero-septiembre 2024;7
03082 Jávea/Xàbia;11. Resto de criminalidad convencional;enero-septiembre 2024;648
03082 Jávea/Xàbia;II. CIBERCRIMINALIDAD (infracciones penales cometidas en/por medio ciber);enero-septiembre 2024;206
03082 Jávea/Xàbia;12.-Estafas informáticas;enero-septiembre 2024;177
03082 Jávea/Xàbia;13.-Otros ciberdelitos;enero-septiembre 2024;29
03082 Jávea/Xàbia;III. TOTAL INFRACCIONES PENALES;enero-septiembre 2024;1.460
03090 Mutxamel;I. CRIMINALIDAD CONVENCIONAL;enero-septiembre 2024;376
03090 Mutxamel;1. Homicidios dolosos y asesinatos consumados;enero-septiembre 2024;0
03090 Mutxamel;2. Homicidios dolosos y asesinatos en grado tentativa;enero-septiembre 2024;0
03090 Mutxamel;3. Delitos graves y menos graves de lesiones y riña tumultuaria;enero-septiembre 2024;4
03090 Mutxamel;4. Secuestro;enero-septiembre 2024;0
03090 Mutxamel;5. Delitos contra la libertad sexual;enero-septiembre 2024;9
03090 Mutxamel;5.1.-Agresión sexual con penetración;enero-septiembre 2024;1
03090 Mutxamel;5.2.-Resto de delitos contra la libertad sexual;enero-septiembre 2024;8
03090 Mutxamel;6. Robos con violencia e intimidación;enero-septiembre 2024;4
03090 Mutxamel;7. Robos con fuerza en domicilios, establecimientos y otras instalaciones;enero-septiembre 2024;29
03090 Mutxamel;7.1.-Robos con fuerza en domicilios;enero-septiembre 2024;27
03090 Mutxamel;8. Hurtos;enero-septiembre 2024;72
03090 Mutxamel;9. Sustracciones de vehículos;enero-septiembre 2024;8
03090 Mutxamel;10. Tráfico de drogas;enero-septiembre 2024;7
03090 Mutxamel;11. Resto de criminalidad convencional;enero-septiembre 2024;243
03090 Mutxamel;II. CIBERCRIMINALIDAD (infracciones penales cometidas en/por medio ciber);enero-septiembre 2024;194
03090 Mutxamel;12.-Estafas informáticas;enero-septiembre 2024;173
03090 Mutxamel;13.-Otros ciberdelitos;enero-septiembre 2024;21
03090 Mutxamel;III. TOTAL INFRACCIONES PENALES;enero-septiembre 2024;570
03093 Novelda;I. CRIMINALIDAD CONVENCIONAL;enero-septiembre 2024;540
03093 Novelda;1. Homicidios dolosos y asesinatos consumados;enero-septiembre 2024;0
03093 Novelda;2. Homicidios dolosos y asesinatos en grado tentativa;enero-septiembre 2024;1
03093 Novelda;3. Delitos graves y menos graves de lesiones y riña tumultuaria;enero-septiembre 2024;14
03093 Novelda;4. Secuestro;enero-septiembre 2024;0
03093 Novelda;5. Delitos contra la libertad sexual;enero-septiembre 2024;12
03093 Novelda;5.1.-Agresión sexual con penetración;enero-septiembre 2024;1
03093 Novelda;5.2.-Resto de delitos contra la libertad sexual;enero-septiembre 2024;11
03093 Novelda;6. Robos con violencia e intimidación;enero-septiembre 2024;8
03093 Novelda;7. Robos con fuerza en domicilios, establecimientos y otras instalaciones;enero-septiembre 2024;49
03093 Novelda;7.1.-Robos con fuerza en domicilios;enero-septiembre 2024;44
03093 Novelda;8. Hurtos;enero-septiembre 2024;121
03093 Novelda;9. Sustracciones de vehículos;enero-septiembre 2024;2
03093 Novelda;10. Tráfico de drogas;enero-septiembre 2024;3
03093 Novelda;11. Resto de criminalidad convencional;enero-septiembre 2024;330
03093 Novelda;II. CIBERCRIMINALIDAD (infracciones penales cometidas en/por medio ciber);enero-septiembre 2024;46
03093 Novelda;12.-Estafas informáticas;enero-septiembre 2024;38
03093 Novelda;13.-Otros ciberdelitos;enero-septiembre 2024;8
03093 Novelda;III. TOTAL INFRACCIONES PENALES;enero-septiembre 2024;586
03099 Orihuela;I. CRIMINALIDAD CONVENCIONAL;enero-septiembre 2024;2.985
03099 Orihuela;1. Homicidios dolosos y asesinatos consumados;enero-septiembre 2024;1
03099 Orihuela;2. Homicidios dolosos y asesinatos en grado tentativa;enero-septiembre 2024;0
03099 Orihuela;3. Delitos graves y menos graves de lesiones y riña tumultuaria;enero-septiembre 2024;45
03099 Orihuela;4. Secuestro;enero-septiembre 2024;0
03099 Orihuela;5. Delitos contra la libertad sexual;enero-septiembre 2024;23
03099 Orihuela;5.1.-Agresión sexual con penetración;enero-septiembre 2024;5
03099 Orihuela;5.2.-Resto de delitos contra la libertad sexual;enero-septiembre 2024;18
03099 Orihuela;6. Robos con violencia e intimidación;enero-septiembre 2024;68
03099 Orihuela;7. Robos con fuerza en domicilios, establecimientos y otras instalaciones;enero-septiembre 2024;449
03099 Orihuela;7.1.-Robos con fuerza en domicilios;enero-septiembre 2024;410
03099 Orihuela;8. Hurtos;enero-septiembre 2024;865
03099 Orihuela;9. Sustracciones de vehículos;enero-septiembre 2024;67
03099 Orihuela;10. Tráfico de drogas;enero-septiembre 2024;24
03099 Orihuela;11. Resto de criminalidad convencional;enero-septiembre 2024;1.443
03099 Orihuela;II. CIBERCRIMINALIDAD (infracciones penales cometidas en/por medio ciber);enero-septiembre 2024;405
03099 Orihuela;12.-Estafas informáticas;enero-septiembre 2024;380
03099 Orihuela;13.-Otros ciberdelitos;enero-septiembre 2024;25
03099 Orihuela;III. TOTAL INFRACCIONES PENALES;enero-septiembre 2024;3.390
03104 Petrer;I. CRIMINALIDAD CONVENCIONAL;enero-septiembre 2024;498
03104 Petrer;1. Homicidios dolosos y asesinatos consumados;enero-septiembre 2024;0
03104 Petrer;2. Homicidios dolosos y asesinatos en grado tentativa;enero-septiembre 2024;1
03104 Petrer;3. Delitos graves y menos graves de lesiones y riña tumultuaria;enero-septiembre 2024;7
03104 Petrer;4. Secuestro;enero-septiembre 2024;0
03104 Petrer;5. Delitos contra la libertad sexual;enero-septiembre 2024;6
03104 Petrer;5.1.-Agresión sexual con penetración;enero-septiembre 2024;0
03104 Petrer;5.2.-Resto de delitos contra la libertad sexual;enero-septiembre 2024;6
03104 Petrer;6. Robos con violencia e intimidación;enero-septiembre 2024;18
03104 Petrer;7. Robos con fuerza en domicilios, establecimientos y otras instalaciones;enero-septiembre 2024;39
03104 Petrer;7.1.-Robos con fuerza en domicilios;enero-septiembre 2024;21
03104 Petrer;8. Hurtos;enero-septiembre 2024;120
03104 Petrer;9. Sustracciones de vehículos;enero-septiembre 2024;9
03104 Petrer;10. Tráfico de drogas;enero-septiembre 2024;6
03104 Petrer;11. Resto de criminalidad convencional;enero-septiembre 2024;292
03104 Petrer;II. CIBERCRIMINALIDAD (infracciones penales cometidas en/por medio ciber);enero-septiembre 2024;161
03104 Petrer;12.-Estafas informáticas;enero-septiembre 2024;143
03104 Petrer;13.-Otros ciberdelitos;enero-septiembre 2024;18
03104 Petrer;III. TOTAL INFRACCIONES PENALES;enero-septiembre 2024;659
03902 Pilar de la Horadada;I. CRIMINALIDAD CONVENCIONAL;enero-septiembre 2024;1.055
03902 Pilar de la Horadada;1. Homicidios dolosos y asesinatos consumados;enero-septiembre 2024;0
03902 Pilar de la Horadada;2. Homicidios dolosos y asesinatos en grado tentativa;enero-septiembre 2024;0
03902 Pilar de la Horadada;3. Delitos graves y menos graves de lesiones y riña tumultuaria;enero-septiembre 2024;15
03902 Pilar de la Horadada;4. Secuestro;enero-septiembre 2024;0
03902 Pilar de la Horadada;5. Delitos contra la libertad sexual;enero-septiembre 2024;7
03902 Pilar de la Horadada;5.1.-Agresión sexual con penetración;enero-septiembre 2024;1
03902 Pilar de la Horadada;5.2.-Resto de delitos contra la libertad sexual;enero-septiembre 2024;6
03902 Pilar de la Horadada;6. Robos con violencia e intimidación;enero-septiembre 2024;21
03902 Pilar de la Horadada;7. Robos con fuerza en domicilios, establecimientos y otras instalaciones;enero-septiembre 2024;156
03902 Pilar de la Horadada;7.1.-Robos con fuerza en domicilios;enero-septiembre 2024;140
03902 Pilar de la Horadada;8. Hurtos;enero-septiembre 2024;306
03902 Pilar de la Horadada;9. Sustracciones de vehículos;enero-septiembre 2024;13
03902 Pilar de la Horadada;10. Tráfico de drogas;enero-septiembre 2024;8
03902 Pilar de la Horadada;11. Resto de criminalidad convencional;enero-septiembre 2024;529
03902 Pilar de la Horadada;II. CIBERCRIMINALIDAD (infracciones penales cometidas en/por medio ciber);enero-septiembre 2024;200
03902 Pilar de la Horadada;12.-Estafas informáticas;enero-septiembre 2024;182
03902 Pilar de la Horadada;13.-Otros ciberdelitos;enero-septiembre 2024;18
03902 Pilar de la Horadada;III. TOTAL INFRACCIONES PENALES;enero-septiembre 2024;1.255
03122 San Vicente del Raspeig/Sant Vicent del Raspeig;I. CRIMINALIDAD CONVENCIONAL;enero-septiembre 2024;1.340
03122 San Vicente del Raspeig/Sant Vicent del Raspeig;1. Homicidios dolosos y asesinatos consumados;enero-septiembre 2024;0
03122 San Vicente del Raspeig/Sant Vicent del Raspeig;2. Homicidios dolosos y asesinatos en grado tentativa;enero-septiembre 2024;0
03122 San Vicente del Raspeig/Sant Vicent del Raspeig;3. Delitos graves y menos graves de lesiones y riña tumultuaria;enero-septiembre 2024;22
03122 San Vicente del Raspeig/Sant Vicent del Raspeig;4. Secuestro;enero-septiembre 2024;0
03122 San Vicente del Raspeig/Sant Vicent del Raspeig;5. Delitos contra la libertad sexual;enero-septiembre 2024;34
03122 San Vicente del Raspeig/Sant Vicent del Raspeig;5.1.-Agresión sexual con penetración;enero-septiembre 2024;7
03122 San Vicente del Raspeig/Sant Vicent del Raspeig;5.2.-Resto de delitos contra la libertad sexual;enero-septiembre 2024;27
03122 San Vicente del Raspeig/Sant Vicent del Raspeig;6. Robos con violencia e intimidación;enero-septiembre 2024;20
03122 San Vicente del Raspeig/Sant Vicent del Raspeig;7. Robos con fuerza en domicilios, establecimientos y otras instalaciones;enero-septiembre 2024;66
03122 San Vicente del Raspeig/Sant Vicent del Raspeig;7.1.-Robos con fuerza en domicilios;enero-septiembre 2024;48
03122 San Vicente del Raspeig/Sant Vicent del Raspeig;8. Hurtos;enero-septiembre 2024;393
03122 San Vicente del Raspeig/Sant Vicent del Raspeig;9. Sustracciones de vehículos;enero-septiembre 2024;18
03122 San Vicente del Raspeig/Sant Vicent del Raspeig;10. Tráfico de drogas;enero-septiembre 2024;8
03122 San Vicente del Raspeig/Sant Vicent del Raspeig;11. Resto de criminalidad convencional;enero-septiembre 2024;779
03122 San Vicente del Raspeig/Sant Vicent del Raspeig;II. CIBERCRIMINALIDAD (infracciones penales cometidas en/por medio ciber);enero-septiembre 2024;557
03122 San Vicente del Raspeig/Sant Vicent del Raspeig;12.-Estafas informáticas;enero-septiembre 2024;449
03122 San Vicente del Raspeig/Sant Vicent del Raspeig;13.-Otros ciberdelitos;enero-septiembre 2024;108
03122 San Vicente del Raspeig/Sant Vicent del Raspeig;III. TOTAL INFRACCIONES PENALES;enero-septiembre 2024;1.897
03119 Sant Joan d'Alacant;I. CRIMINALIDAD CONVENCIONAL;enero-septiembre 2024;616
03119 Sant Joan d'Alacant;1. Homicidios dolosos y asesinatos consumados;enero-septiembre 2024;0
03119 Sant Joan d'Alacant;2. Homicidios dolosos y asesinatos en grado tentativa;enero-septiembre 2024;0
03119 Sant Joan d'Alacant;3. Delitos graves y menos graves de lesiones y riña tumultuaria;enero-septiembre 2024;8
03119 Sant Joan d'Alacant;4. Secuestro;enero-septiembre 2024;0
03119 Sant Joan d'Alacant;5. Delitos contra la libertad sexual;enero-septiembre 2024;13
03119 Sant Joan d'Alacant;5.1.-Agresión sexual con penetración;enero-septiembre 2024;1
03119 Sant Joan d'Alacant;5.2.-Resto de delitos contra la libertad sexual;enero-septiembre 2024;12
03119 Sant Joan d'Alacant;6. Robos con violencia e intimidación;enero-septiembre 2024;9
03119 Sant Joan d'Alacant;7. Robos con fuerza en domicilios, establecimientos y otras instalaciones;enero-septiembre 2024;34
03119 Sant Joan d'Alacant;7.1.-Robos con fuerza en domicilios;enero-septiembre 2024;22
03119 Sant Joan d'Alacant;8. Hurtos;enero-septiembre 2024;174
03119 Sant Joan d'Alacant;9. Sustracciones de vehículos;enero-septiembre 2024;7
03119 Sant Joan d'Alacant;10. Tráfico de drogas;enero-septiembre 2024;4
03119 Sant Joan d'Alacant;11. Resto de criminalidad convencional;enero-septiembre 2024;367
03119 Sant Joan d'Alacant;II. CIBERCRIMINALIDAD (infracciones penales cometidas en/por medio ciber);enero-septiembre 2024;212
03119 Sant Joan d'Alacant;12.-Estafas informáticas;enero-septiembre 2024;183
03119 Sant Joan d'Alacant;13.-Otros ciberdelitos;enero-septiembre 2024;29
03119 Sant Joan d'Alacant;III. TOTAL INFRACCIONES PENALES;enero-septiembre 2024;828
03121 Santa Pola;I. CRIMINALIDAD CONVENCIONAL;enero-septiembre 2024;1.504
03121 Santa Pola;1. Homicidios dolosos y asesinatos consumados;enero-septiembre 2024;0
03121 Santa Pola;2. Homicidios dolosos y asesinatos en grado tentativa;enero-septiembre 2024;0
03121 Santa Pola;3. Delitos graves y menos graves de lesiones y riña tumultuaria;enero-septiembre 2024;16
03121 Santa Pola;4. Secuestro;enero-septiembre 2024;0
03121 Santa Pola;5. Delitos contra la libertad sexual;enero-septiembre 2024;24
03121 Santa Pola;5.1.-Agresión sexual con penetración;enero-septiembre 2024;5
03121 Santa Pola;5.2.-Resto de delitos contra la libertad sexual;enero-septiembre 2024;19
03121 Santa Pola;6. Robos con violencia e intimidación;enero-septiembre 2024;31
03121 Santa Pola;7. Robos con fuerza en domicilios, establecimientos y otras instalaciones;enero-septiembre 2024;79
03121 Santa Pola;7.1.-Robos con fuerza en domicilios;enero-septiembre 2024;64
03121 Santa Pola;8. Hurtos;enero-septiembre 2024;441
03121 Santa Pola;9. Sustracciones de vehículos;enero-septiembre 2024;21
03121 Santa Pola;10. Tráfico de drogas;enero-septiembre 2024;10
03121 Santa Pola;11. Resto de criminalidad convencional;enero-septiembre 2024;882
03121 Santa Pola;II. CIBERCRIMINALIDAD (infracciones penales cometidas en/por medio ciber);enero-septiembre 2024;419
03121 Santa Pola;12.-Estafas informáticas;enero-septiembre 2024;362
03121 Santa Pola;13.-Otros ciberdelitos;enero-septiembre 2024;57
03121 Santa Pola;III. TOTAL INFRACCIONES PENALES;enero-septiembre 2024;1.923
03133 Torrevieja;I. CRIMINALIDAD CONVENCIONAL;enero-septiembre 2024;6.418
03133 Torrevieja;1. Homicidios dolosos y asesinatos consumados;enero-septiembre 2024;1
03133 Torrevieja;2. Homicidios dolosos y asesinatos en grado tentativa;enero-septiembre 2024;1
03133 Torrevieja;3. Delitos graves y menos graves de lesiones y riña tumultuaria;enero-septiembre 2024;145
03133 Torrevieja;4. Secuestro;enero-septiembre 2024;1
03133 Torrevieja;5. Delitos contra la libertad sexual;enero-septiembre 2024;68
03133 Torrevieja;5.1.-Agresión sexual con penetración;enero-septiembre 2024;17
03133 Torrevieja;5.2.-Resto de delitos contra la libertad sexual;enero-septiembre 2024;51
03133 Torrevieja;6. Robos con violencia e intimidación;enero-septiembre 2024;210
03133 Torrevieja;7. Robos con fuerza en domicilios, establecimientos y otras instalaciones;enero-septiembre 2024;441
03133 Torrevieja;7.1.-Robos con fuerza en domicilios;enero-septiembre 2024;379
03133 Torrevieja;8. Hurtos;enero-septiembre 2024;2.029
03133 Torrevieja;9. Sustracciones de vehículos;enero-septiembre 2024;81
03133 Torrevieja;10. Tráfico de drogas;enero-septiembre 2024;66
03133 Torrevieja;11. Resto de criminalidad convencional;enero-septiembre 2024;3.375
03133 Torrevieja;II. CIBERCRIMINALIDAD (infracciones penales cometidas en/por medio ciber);enero-septiembre 2024;697
03133 Torrevieja;12.-Estafas informáticas;enero-septiembre 2024;596
03133 Torrevieja;13.-Otros ciberdelitos;enero-septiembre 2024;101
03133 Torrevieja;III. TOTAL INFRACCIONES PENALES;enero-septiembre 2024;7.115
03139 Villajoyosa/Vila Joiosa (la);I. CRIMINALIDAD CONVENCIONAL;enero-septiembre 2024;1.431
03139 Villajoyosa/Vila Joiosa (la);1. Homicidios dolosos y asesinatos consumados;enero-septiembre 2024;1
03139 Villajoyosa/Vila Joiosa (la);2. Homicidios dolosos y asesinatos en grado tentativa;enero-septiembre 2024;0
03139 Villajoyosa/Vila Joiosa (la);3. Delitos graves y menos graves de lesiones y riña tumultuaria;enero-septiembre 2024;22
03139 Villajoyosa/Vila Joiosa (la);4. Secuestro;enero-septiembre 2024;0
03139 Villajoyosa/Vila Joiosa (la);5. Delitos contra la libertad sexual;enero-septiembre 2024;11
03139 Villajoyosa/Vila Joiosa (la);5.1.-Agresión sexual con penetración;enero-septiembre 2024;1
03139 Villajoyosa/Vila Joiosa (la);5.2.-Resto de delitos contra la libertad sexual;enero-septiembre 2024;10
03139 Villajoyosa/Vila Joiosa (la);6. Robos con violencia e intimidación;enero-septiembre 2024;20
03139 Villajoyosa/Vila Joiosa (la);7. Robos con fuerza en domicilios, establecimientos y otras instalaciones;enero-septiembre 2024;80
03139 Villajoyosa/Vila Joiosa (la);7.1.-Robos con fuerza en domicilios;enero-septiembre 2024;42
03139 Villajoyosa/Vila Joiosa (la);8. Hurtos;enero-septiembre 2024;422
03139 Villajoyosa/Vila Joiosa (la);9. Sustracciones de vehículos;enero-septiembre 2024;26
03139 Villajoyosa/Vila Joiosa (la);10. Tráfico de drogas;enero-septiembre 2024;3
03139 Villajoyosa/Vila Joiosa (la);11. Resto de criminalidad convencional;enero-septiembre 2024;846
03139 Villajoyosa/Vila Joiosa (la);II. CIBERCRIMINALIDAD (infracciones penales cometidas en/por medio ciber);enero-septiembre 2024;249
03139 Villajoyosa/Vila Joiosa (la);12.-Estafas informáticas;enero-septiembre 2024;230
03139 Villajoyosa/Vila Joiosa (la);13.-Otros ciberdelitos;enero-septiembre 2024;19
03139 Villajoyosa/Vila Joiosa (la);III. TOTAL INFRACCIONES PENALES;enero-septiembre 2024;1.680
03140 Villena;I. CRIMINALIDAD CONVENCIONAL;enero-septiembre 2024;710
03140 Villena;1. Homicidios dolosos y asesinatos consumados;enero-septiembre 2024;1
03140 Villena;2. Homicidios dolosos y asesinatos en grado tentativa;enero-septiembre 2024;1
03140 Villena;3. Delitos graves y menos graves de lesiones y riña tumultuaria;enero-septiembre 2024;13
03140 Villena;4. Secuestro;enero-septiembre 2024;0
03140 Villena;5. Delitos contra la libertad sexual;enero-septiembre 2024;3
03140 Villena;5.1.-Agresión sexual con penetración;enero-septiembre 2024;0
03140 Villena;5.2.-Resto de delitos contra la libertad sexual;enero-septiembre 2024;3
03140 Villena;6. Robos con violencia e intimidación;enero-septiembre 2024;18
03140 Villena;7. Robos con fuerza en domicilios, establecimientos y otras instalaciones;enero-septiembre 2024;71
03140 Villena;7.1.-Robos con fuerza en domicilios;enero-septiembre 2024;51
03140 Villena;8. Hurtos;enero-septiembre 2024;162
03140 Villena;9. Sustracciones de vehículos;enero-septiembre 2024;4
03140 Villena;10. Tráfico de drogas;enero-septiembre 2024;20
03140 Villena;11. Resto de criminalidad convencional;enero-septiembre 2024;417
03140 Villena;II. CIBERCRIMINALIDAD (infracciones penales cometidas en/por medio ciber);enero-septiembre 2024;189
03140 Villena;12.-Estafas informáticas;enero-septiembre 2024;174
03140 Villena;13.-Otros ciberdelitos;enero-septiembre 2024;15
03140 Villena;III. TOTAL INFRACCIONES PENALES;enero-septiembre 2024;899
Provincia de CASTELLÓN/CASTELLÓ;I. CRIMINALIDAD CONVENCIONAL;enero-septiembre 2024;19.270
Provincia de CASTELLÓN/CASTELLÓ;1. Homicidios dolosos y asesinatos consumados;enero-septiembre 2024;1
Provincia de CASTELLÓN/CASTELLÓ;2. Homicidios dolosos y asesinatos en grado tentativa;enero-septiembre 2024;7
Provincia de CASTELLÓN/CASTELLÓ;3. Delitos graves y menos graves de lesiones y riña tumultuaria;enero-septiembre 2024;349
Provincia de CASTELLÓN/CASTELLÓ;4. Secuestro;enero-septiembre 2024;3
Provincia de CASTELLÓN/CASTELLÓ;5. Delitos contra la libertad sexual;enero-septiembre 2024;175
Provincia de CASTELLÓN/CASTELLÓ;5.1.-Agresión sexual con penetración;enero-septiembre 2024;38
Provincia de CASTELLÓN/CASTELLÓ;5.2.-Resto de delitos contra la libertad sexual;enero-septiembre 2024;137
Provincia de CASTELLÓN/CASTELLÓ;6. Robos con violencia e intimidación;enero-septiembre 2024;370
Provincia de CASTELLÓN/CASTELLÓ;7. Robos con fuerza en domicilios, establecimientos y otras instalaciones;enero-septiembre 2024;1.755
Provincia de CASTELLÓN/CASTELLÓ;7.1.-Robos con fuerza en domicilios;enero-septiembre 2024;1.359
Provincia de CASTELLÓN/CASTELLÓ;8. Hurtos;enero-septiembre 2024;4.785
Provincia de CASTELLÓN/CASTELLÓ;9. Sustracciones de vehículos;enero-septiembre 2024;174
Provincia de CASTELLÓN/CASTELLÓ;10. Tráfico de drogas;enero-septiembre 2024;132
Provincia de CASTELLÓN/CASTELLÓ;11. Resto de criminalidad convencional;enero-septiembre 2024;11.519
Provincia de CASTELLÓN/CASTELLÓ;II. CIBERCRIMINALIDAD (infracciones penales cometidas en/por medio ciber);enero-septiembre 2024;3.197
Provincia de CASTELLÓN/CASTELLÓ;12.-Estafas informáticas;enero-septiembre 2024;2.801
Provincia de CASTELLÓN/CASTELLÓ;13.-Otros ciberdelitos;enero-septiembre 2024;396
Provincia de CASTELLÓN/CASTELLÓ;III. TOTAL INFRACCIONES PENALES;enero-septiembre 2024;22.467
12009 Almazora/Almassora;I. CRIMINALIDAD CONVENCIONAL;enero-septiembre 2024;1.127
12009 Almazora/Almassora;1. Homicidios dolosos y asesinatos consumados;enero-septiembre 2024;0
12009 Almazora/Almassora;2. Homicidios dolosos y asesinatos en grado tentativa;enero-septiembre 2024;0
12009 Almazora/Almassora;3. Delitos graves y menos graves de lesiones y riña tumultuaria;enero-septiembre 2024;21
12009 Almazora/Almassora;4. Secuestro;enero-septiembre 2024;0
12009 Almazora/Almassora;5. Delitos contra la libertad sexual;enero-septiembre 2024;10
12009 Almazora/Almassora;5.1.-Agresión sexual con penetración;enero-septiembre 2024;0
12009 Almazora/Almassora;5.2.-Resto de delitos contra la libertad sexual;enero-septiembre 2024;10
12009 Almazora/Almassora;6. Robos con violencia e intimidación;enero-septiembre 2024;16
12009 Almazora/Almassora;7. Robos con fuerza en domicilios, establecimientos y otras instalaciones;enero-septiembre 2024;105
12009 Almazora/Almassora;7.1.-Robos con fuerza en domicilios;enero-septiembre 2024;85
12009 Almazora/Almassora;8. Hurtos;enero-septiembre 2024;204
12009 Almazora/Almassora;9. Sustracciones de vehículos;enero-septiembre 2024;11
12009 Almazora/Almassora;10. Tráfico de drogas;enero-septiembre 2024;7
12009 Almazora/Almassora;11. Resto de criminalidad convencional;enero-septiembre 2024;753
12009 Almazora/Almassora;II. CIBERCRIMINALIDAD (infracciones penales cometidas en/por medio ciber);enero-septiembre 2024;86
12009 Almazora/Almassora;12.-Estafas informáticas;enero-septiembre 2024;76
12009 Almazora/Almassora;13.-Otros ciberdelitos;enero-septiembre 2024;10
12009 Almazora/Almassora;III. TOTAL INFRACCIONES PENALES;enero-septiembre 2024;1.213
12027 Benicarló;I. CRIMINALIDAD CONVENCIONAL;enero-septiembre 2024;1.577
12027 Benicarló;1. Homicidios dolosos y asesinatos consumados;enero-septiembre 2024;0
12027 Benicarló;2. Homicidios dolosos y asesinatos en grado tentativa;enero-septiembre 2024;0
12027 Benicarló;3. Delitos graves y menos graves de lesiones y riña tumultuaria;enero-septiembre 2024;16
12027 Benicarló;4. Secuestro;enero-septiembre 2024;2
12027 Benicarló;5. Delitos contra la libertad sexual;enero-septiembre 2024;12
12027 Benicarló;5.1.-Agresión sexual con penetración;enero-septiembre 2024;4
12027 Benicarló;5.2.-Resto de delitos contra la libertad sexual;enero-septiembre 2024;8
12027 Benicarló;6. Robos con violencia e intimidación;enero-septiembre 2024;60
12027 Benicarló;7. Robos con fuerza en domicilios, establecimientos y otras instalaciones;enero-septiembre 2024;90
12027 Benicarló;7.1.-Robos con fuerza en domicilios;enero-septiembre 2024;64
12027 Benicarló;8. Hurtos;enero-septiembre 2024;498
12027 Benicarló;9. Sustracciones de vehículos;enero-septiembre 2024;4
12027 Benicarló;10. Tráfico de drogas;enero-septiembre 2024;7
12027 Benicarló;11. Resto de criminalidad convencional;enero-septiembre 2024;888
12027 Benicarló;II. CIBERCRIMINALIDAD (infracciones penales cometidas en/por medio ciber);enero-septiembre 2024;213
12027 Benicarló;12.-Estafas informáticas;enero-septiembre 2024;180
12027 Benicarló;13.-Otros ciberdelitos;enero-septiembre 2024;33
12027 Benicarló;III. TOTAL INFRACCIONES PENALES;enero-septiembre 2024;1.790
12032 Borriana/Burriana;I. CRIMINALIDAD CONVENCIONAL;enero-septiembre 2024;1.447
12032 Borriana/Burriana;1. Homicidios dolosos y asesinatos consumados;enero-septiembre 2024;0
12032 Borriana/Burriana;2. Homicidios dolosos y asesinatos en grado tentativa;enero-septiembre 2024;0
12032 Borriana/Burriana;3. Delitos graves y menos graves de lesiones y riña tumultuaria;enero-septiembre 2024;18
12032 Borriana/Burriana;4. Secuestro;enero-septiembre 2024;0
12032 Borriana/Burriana;5. Delitos contra la libertad sexual;enero-septiembre 2024;14
12032 Borriana/Burriana;5.1.-Agresión sexual con penetración;enero-septiembre 2024;2
12032 Borriana/Burriana;5.2.-Resto de delitos contra la libertad sexual;enero-septiembre 2024;12
12032 Borriana/Burriana;6. Robos con violencia e intimidación;enero-septiembre 2024;42
12032 Borriana/Burriana;7. Robos con fuerza en domicilios, establecimientos y otras instalaciones;enero-septiembre 2024;92
12032 Borriana/Burriana;7.1.-Robos con fuerza en domicilios;enero-septiembre 2024;83
12032 Borriana/Burriana;8. Hurtos;enero-septiembre 2024;367
12032 Borriana/Burriana;9. Sustracciones de vehículos;enero-septiembre 2024;10
12032 Borriana/Burriana;10. Tráfico de drogas;enero-septiembre 2024;5
12032 Borriana/Burriana;11. Resto de criminalidad convencional;enero-septiembre 2024;899
12032 Borriana/Burriana;II. CIBERCRIMINALIDAD (infracciones penales cometidas en/por medio ciber);enero-septiembre 2024;256
12032 Borriana/Burriana;12.-Estafas informáticas;enero-septiembre 2024;221
12032 Borriana/Burriana;13.-Otros ciberdelitos;enero-septiembre 2024;35
12032 Borriana/Burriana;III. TOTAL INFRACCIONES PENALES;enero-septiembre 2024;1.703
12040 Castellón de la Plana/Castelló de la Plana;I. CRIMINALIDAD CONVENCIONAL;enero-septiembre 2024;4.767
12040 Castellón de la Plana/Castelló de la Plana;1. Homicidios dolosos y asesinatos consumados;enero-septiembre 2024;0
12040 Castellón de la Plana/Castelló de la Plana;2. Homicidios dolosos y asesinatos en grado tentativa;enero-septiembre 2024;4
12040 Castellón de la Plana/Castelló de la Plana;3. Delitos graves y menos graves de lesiones y riña tumultuaria;enero-septiembre 2024;79
12040 Castellón de la Plana/Castelló de la Plana;4. Secuestro;enero-septiembre 2024;0
12040 Castellón de la Plana/Castelló de la Plana;5. Delitos contra la libertad sexual;enero-septiembre 2024;49
12040 Castellón de la Plana/Castelló de la Plana;5.1.-Agresión sexual con penetración;enero-septiembre 2024;12
12040 Castellón de la Plana/Castelló de la Plana;5.2.-Resto de delitos contra la libertad sexual;enero-septiembre 2024;37
12040 Castellón de la Plana/Castelló de la Plana;6. Robos con violencia e intimidación;enero-septiembre 2024;122
12040 Castellón de la Plana/Castelló de la Plana;7. Robos con fuerza en domicilios, establecimientos y otras instalaciones;enero-septiembre 2024;421
12040 Castellón de la Plana/Castelló de la Plana;7.1.-Robos con fuerza en domicilios;enero-septiembre 2024;292
12040 Castellón de la Plana/Castelló de la Plana;8. Hurtos;enero-septiembre 2024;1.548
12040 Castellón de la Plana/Castelló de la Plana;9. Sustracciones de vehículos;enero-septiembre 2024;76
12040 Castellón de la Plana/Castelló de la Plana;10. Tráfico de drogas;enero-septiembre 2024;44
12040 Castellón de la Plana/Castelló de la Plana;11. Resto de criminalidad convencional;enero-septiembre 2024;2.424
12040 Castellón de la Plana/Castelló de la Plana;II. CIBERCRIMINALIDAD (infracciones penales cometidas en/por medio ciber);enero-septiembre 2024;874
12040 Castellón de la Plana/Castelló de la Plana;12.-Estafas informáticas;enero-septiembre 2024;790
12040 Castellón de la Plana/Castelló de la Plana;13.-Otros ciberdelitos;enero-septiembre 2024;84
12040 Castellón de la Plana/Castelló de la Plana;III. TOTAL INFRACCIONES PENALES;enero-septiembre 2024;5.641
12084 Onda;I. CRIMINALIDAD CONVENCIONAL;enero-septiembre 2024;626
12084 Onda;1. Homicidios dolosos y asesinatos consumados;enero-septiembre 2024;0
12084 Onda;2. Homicidios dolosos y asesinatos en grado tentativa;enero-septiembre 2024;0
12084 Onda;3. Delitos graves y menos graves de lesiones y riña tumultuaria;enero-septiembre 2024;11
12084 Onda;4. Secuestro;enero-septiembre 2024;0
12084 Onda;5. Delitos contra la libertad sexual;enero-septiembre 2024;7
12084 Onda;5.1.-Agresión sexual con penetración;enero-septiembre 2024;4
12084 Onda;5.2.-Resto de delitos contra la libertad sexual;enero-septiembre 2024;3
12084 Onda;6. Robos con violencia e intimidación;enero-septiembre 2024;3
12084 Onda;7. Robos con fuerza en domicilios, establecimientos y otras instalaciones;enero-septiembre 2024;59
12084 Onda;7.1.-Robos con fuerza en domicilios;enero-septiembre 2024;39
12084 Onda;8. Hurtos;enero-septiembre 2024;83
12084 Onda;9. Sustracciones de vehículos;enero-septiembre 2024;3
12084 Onda;10. Tráfico de drogas;enero-septiembre 2024;4
12084 Onda;11. Resto de criminalidad convencional;enero-septiembre 2024;456
12084 Onda;II. CIBERCRIMINALIDAD (infracciones penales cometidas en/por medio ciber);enero-septiembre 2024;110
12084 Onda;12.-Estafas informáticas;enero-septiembre 2024;92
12084 Onda;13.-Otros ciberdelitos;enero-septiembre 2024;18
12084 Onda;III. TOTAL INFRACCIONES PENALES;enero-septiembre 2024;736
12126 Vall d'Uixó (la);I. CRIMINALIDAD CONVENCIONAL;enero-septiembre 2024;756
12126 Vall d'Uixó (la);1. Homicidios dolosos y asesinatos consumados;enero-septiembre 2024;0
12126 Vall d'Uixó (la);2. Homicidios dolosos y asesinatos en grado tentativa;enero-septiembre 2024;0
12126 Vall d'Uixó (la);3. Delitos graves y menos graves de lesiones y riña tumultuaria;enero-septiembre 2024;17
12126 Vall d'Uixó (la);4. Secuestro;enero-septiembre 2024;0
12126 Vall d'Uixó (la);5. Delitos contra la libertad sexual;enero-septiembre 2024;4
12126 Vall d'Uixó (la);5.1.-Agresión sexual con penetración;enero-septiembre 2024;0
12126 Vall d'Uixó (la);5.2.-Resto de delitos contra la libertad sexual;enero-septiembre 2024;4
12126 Vall d'Uixó (la);6. Robos con violencia e intimidación;enero-septiembre 2024;5
12126 Vall d'Uixó (la);7. Robos con fuerza en domicilios, establecimientos y otras instalaciones;enero-septiembre 2024;77
12126 Vall d'Uixó (la);7.1.-Robos con fuerza en domicilios;enero-septiembre 2024;48
12126 Vall d'Uixó (la);8. Hurtos;enero-septiembre 2024;142
12126 Vall d'Uixó (la);9. Sustracciones de vehículos;enero-septiembre 2024;5
12126 Vall d'Uixó (la);10. Tráfico de drogas;enero-septiembre 2024;2
12126 Vall d'Uixó (la);11. Resto de criminalidad convencional;enero-septiembre 2024;504
12126 Vall d'Uixó (la);II. CIBERCRIMINALIDAD (infracciones penales cometidas en/por medio ciber);enero-septiembre 2024;174
12126 Vall d'Uixó (la);12.-Estafas informáticas;enero-septiembre 2024;129
12126 Vall d'Uixó (la);13.-Otros ciberdelitos;enero-septiembre 2024;45
12126 Vall d'Uixó (la);III. TOTAL INFRACCIONES PENALES;enero-septiembre 2024;930
12135 Vila-real;I. CRIMINALIDAD CONVENCIONAL;enero-septiembre 2024;860
12135 Vila-real;1. Homicidios dolosos y asesinatos consumados;enero-septiembre 2024;0
12135 Vila-real;2. Homicidios dolosos y asesinatos en grado tentativa;enero-septiembre 2024;0
12135 Vila-real;3. Delitos graves y menos graves de lesiones y riña tumultuaria;enero-septiembre 2024;11
12135 Vila-real;4. Secuestro;enero-septiembre 2024;0
12135 Vila-real;5. Delitos contra la libertad sexual;enero-septiembre 2024;10
12135 Vila-real;5.1.-Agresión sexual con penetración;enero-septiembre 2024;1
12135 Vila-real;5.2.-Resto de delitos contra la libertad sexual;enero-septiembre 2024;9
12135 Vila-real;6. Robos con violencia e intimidación;enero-septiembre 2024;17
12135 Vila-real;7. Robos con fuerza en domicilios, establecimientos y otras instalaciones;enero-septiembre 2024;89
12135 Vila-real;7.1.-Robos con fuerza en domicilios;enero-septiembre 2024;71
12135 Vila-real;8. Hurtos;enero-septiembre 2024;217
12135 Vila-real;9. Sustracciones de vehículos;enero-septiembre 2024;15
12135 Vila-real;10. Tráfico de drogas;enero-septiembre 2024;6
12135 Vila-real;11. Resto de criminalidad convencional;enero-septiembre 2024;495
12135 Vila-real;II. CIBERCRIMINALIDAD (infracciones penales cometidas en/por medio ciber);enero-septiembre 2024;250
12135 Vila-real;12.-Estafas informáticas;enero-septiembre 2024;227
12135 Vila-real;13.-Otros ciberdelitos;enero-septiembre 2024;23
12135 Vila-real;III. TOTAL INFRACCIONES PENALES;enero-septiembre 2024;1.110
12138 Vinaròs;I. CRIMINALIDAD CONVENCIONAL;enero-septiembre 2024;1.333
12138 Vinaròs;1. Homicidios dolosos y asesinatos consumados;enero-septiembre 2024;0
12138 Vinaròs;2. Homicidios dolosos y asesinatos en grado tentativa;enero-septiembre 2024;0
12138 Vinaròs;3. Delitos graves y menos graves de lesiones y riña tumultuaria;enero-septiembre 2024;30
12138 Vinaròs;4. Secuestro;enero-septiembre 2024;0
12138 Vinaròs;5. Delitos contra la libertad sexual;enero-septiembre 2024;12
12138 Vinaròs;5.1.-Agresión sexual con penetración;enero-septiembre 2024;0
12138 Vinaròs;5.2.-Resto de delitos contra la libertad sexual;enero-septiembre 2024;12
12138 Vinaròs;6. Robos con violencia e intimidación;enero-septiembre 2024;17
12138 Vinaròs;7. Robos con fuerza en domicilios, establecimientos y otras instalaciones;enero-septiembre 2024;138
12138 Vinaròs;7.1.-Robos con fuerza en domicilios;enero-septiembre 2024;122
12138 Vinaròs;8. Hurtos;enero-septiembre 2024;340
12138 Vinaròs;9. Sustracciones de vehículos;enero-septiembre 2024;13
12138 Vinaròs;10. Tráfico de drogas;enero-septiembre 2024;8
12138 Vinaròs;11. Resto de criminalidad convencional;enero-septiembre 2024;775
12138 Vinaròs;II. CIBERCRIMINALIDAD (infracciones penales cometidas en/por medio ciber);enero-septiembre 2024;146
12138 Vinaròs;12.-Estafas informáticas;enero-septiembre 2024;118
12138 Vinaròs;13.-Otros ciberdelitos;enero-septiembre 2024;28
12138 Vinaròs;III. TOTAL INFRACCIONES PENALES;enero-septiembre 2024;1.479
Provincia de VALENCIA/VALÈNCIA;I. CRIMINALIDAD CONVENCIONAL;enero-septiembre 2024;96.965
Provincia de VALENCIA/VALÈNCIA;1. Homicidios dolosos y asesinatos consumados;enero-septiembre 2024;31
Provincia de VALENCIA/VALÈNCIA;2. Homicidios dolosos y asesinatos en grado tentativa;enero-septiembre 2024;59
Provincia de VALENCIA/VALÈNCIA;3. Delitos graves y menos graves de lesiones y riña tumultuaria;enero-septiembre 2024;1.381
Provincia de VALENCIA/VALÈNCIA;4. Secuestro;enero-septiembre 2024;1
Provincia de VALENCIA/VALÈNCIA;5. Delitos contra la libertad sexual;enero-septiembre 2024;948
Provincia de VALENCIA/VALÈNCIA;5.1.-Agresión sexual con penetración;enero-septiembre 2024;195
Provincia de VALENCIA/VALÈNCIA;5.2.-Resto de delitos contra la libertad sexual;enero-septiembre 2024;753
Provincia de VALENCIA/VALÈNCIA;6. Robos con violencia e intimidación;enero-septiembre 2024;2.776
Provincia de VALENCIA/VALÈNCIA;7. Robos con fuerza en domicilios, establecimientos y otras instalaciones;enero-septiembre 2024;6.481
Provincia de VALENCIA/VALÈNCIA;7.1.-Robos con fuerza en domicilios;enero-septiembre 2024;5.275
Provincia de VALENCIA/VALÈNCIA;8. Hurtos;enero-septiembre 2024;32.284
Provincia de VALENCIA/VALÈNCIA;9. Sustracciones de vehículos;enero-septiembre 2024;1.247
Provincia de VALENCIA/VALÈNCIA;10. Tráfico de drogas;enero-septiembre 2024;1.096
Provincia de VALENCIA/VALÈNCIA;11. Resto de criminalidad convencional;enero-septiembre 2024;50.661
Provincia de VALENCIA/VALÈNCIA;II. CIBERCRIMINALIDAD (infracciones penales cometidas en/por medio ciber);enero-septiembre 2024;18.392
Provincia de VALENCIA/VALÈNCIA;12.-Estafas informáticas;enero-septiembre 2024;16.138
Provincia de VALENCIA/VALÈNCIA;13.-Otros ciberdelitos;enero-septiembre 2024;2.254
Provincia de VALENCIA/VALÈNCIA;III. TOTAL INFRACCIONES PENALES;enero-septiembre 2024;115.357
46005 Alaquàs;I. CRIMINALIDAD CONVENCIONAL;enero-septiembre 2024;553
46005 Alaquàs;1. Homicidios dolosos y asesinatos consumados;enero-septiembre 2024;1
46005 Alaquàs;2. Homicidios dolosos y asesinatos en grado tentativa;enero-septiembre 2024;0
46005 Alaquàs;3. Delitos graves y menos graves de lesiones y riña tumultuaria;enero-septiembre 2024;7
46005 Alaquàs;4. Secuestro;enero-septiembre 2024;0
46005 Alaquàs;5. Delitos contra la libertad sexual;enero-septiembre 2024;6
46005 Alaquàs;5.1.-Agresión sexual con penetración;enero-septiembre 2024;2
46005 Alaquàs;5.2.-Resto de delitos contra la libertad sexual;enero-septiembre 2024;4
46005 Alaquàs;6. Robos con violencia e intimidación;enero-septiembre 2024;17
46005 Alaquàs;7. Robos con fuerza en domicilios, establecimientos y otras instalaciones;enero-septiembre 2024;37
46005 Alaquàs;7.1.-Robos con fuerza en domicilios;enero-septiembre 2024;32
46005 Alaquàs;8. Hurtos;enero-septiembre 2024;148
46005 Alaquàs;9. Sustracciones de vehículos;enero-septiembre 2024;9
46005 Alaquàs;10. Tráfico de drogas;enero-septiembre 2024;10
46005 Alaquàs;11. Resto de criminalidad convencional;enero-septiembre 2024;318
46005 Alaquàs;II. CIBERCRIMINALIDAD (infracciones penales cometidas en/por medio ciber);enero-septiembre 2024;145
46005 Alaquàs;12.-Estafas informáticas;enero-septiembre 2024;132
46005 Alaquàs;13.-Otros ciberdelitos;enero-septiembre 2024;13
46005 Alaquàs;III. TOTAL INFRACCIONES PENALES;enero-septiembre 2024;698
46013 Alboraia/Alboraya;I. CRIMINALIDAD CONVENCIONAL;enero-septiembre 2024;1.251
46013 Alboraia/Alboraya;1. Homicidios dolosos y asesinatos consumados;enero-septiembre 2024;0
46013 Alboraia/Alboraya;2. Homicidios dolosos y asesinatos en grado tentativa;enero-septiembre 2024;0
46013 Alboraia/Alboraya;3. Delitos graves y menos graves de lesiones y riña tumultuaria;enero-septiembre 2024;10
46013 Alboraia/Alboraya;4. Secuestro;enero-septiembre 2024;0
46013 Alboraia/Alboraya;5. Delitos contra la libertad sexual;enero-septiembre 2024;9
46013 Alboraia/Alboraya;5.1.-Agresión sexual con penetración;enero-septiembre 2024;1
46013 Alboraia/Alboraya;5.2.-Resto de delitos contra la libertad sexual;enero-septiembre 2024;8
46013 Alboraia/Alboraya;6. Robos con violencia e intimidación;enero-septiembre 2024;32
46013 Alboraia/Alboraya;7. Robos con fuerza en domicilios, establecimientos y otras instalaciones;enero-septiembre 2024;100
46013 Alboraia/Alboraya;7.1.-Robos con fuerza en domicilios;enero-septiembre 2024;80
46013 Alboraia/Alboraya;8. Hurtos;enero-septiembre 2024;503
46013 Alboraia/Alboraya;9. Sustracciones de vehículos;enero-septiembre 2024;15
46013 Alboraia/Alboraya;10. Tráfico de drogas;enero-septiembre 2024;5
46013 Alboraia/Alboraya;11. Resto de criminalidad convencional;enero-septiembre 2024;577
46013 Alboraia/Alboraya;II. CIBERCRIMINALIDAD (infracciones penales cometidas en/por medio ciber);enero-septiembre 2024;182
46013 Alboraia/Alboraya;12.-Estafas informáticas;enero-septiembre 2024;157
46013 Alboraia/Alboraya;13.-Otros ciberdelitos;enero-septiembre 2024;25
46013 Alboraia/Alboraya;III. TOTAL INFRACCIONES PENALES;enero-septiembre 2024;1.433
46021 Aldaia;I. CRIMINALIDAD CONVENCIONAL;enero-septiembre 2024;1.429
46021 Aldaia;1. Homicidios dolosos y asesinatos consumados;enero-septiembre 2024;0
46021 Aldaia;2. Homicidios dolosos y asesinatos en grado tentativa;enero-septiembre 2024;2
46021 Aldaia;3. Delitos graves y menos graves de lesiones y riña tumultuaria;enero-septiembre 2024;16
46021 Aldaia;4. Secuestro;enero-septiembre 2024;0
46021 Aldaia;5. Delitos contra la libertad sexual;enero-septiembre 2024;4
46021 Aldaia;5.1.-Agresión sexual con penetración;enero-septiembre 2024;0
46021 Aldaia;5.2.-Resto de delitos contra la libertad sexual;enero-septiembre 2024;4
46021 Aldaia;6. Robos con violencia e intimidación;enero-septiembre 2024;16
46021 Aldaia;7. Robos con fuerza en domicilios, establecimientos y otras instalaciones;enero-septiembre 2024;40
46021 Aldaia;7.1.-Robos con fuerza en domicilios;enero-septiembre 2024;27
46021 Aldaia;8. Hurtos;enero-septiembre 2024;822
46021 Aldaia;9. Sustracciones de vehículos;enero-septiembre 2024;27
46021 Aldaia;10. Tráfico de drogas;enero-septiembre 2024;5
46021 Aldaia;11. Resto de criminalidad convencional;enero-septiembre 2024;497
46021 Aldaia;II. CIBERCRIMINALIDAD (infracciones penales cometidas en/por medio ciber);enero-septiembre 2024;196
46021 Aldaia;12.-Estafas informáticas;enero-septiembre 2024;181
46021 Aldaia;13.-Otros ciberdelitos;enero-septiembre 2024;15
46021 Aldaia;III. TOTAL INFRACCIONES PENALES;enero-septiembre 2024;1.625
46022 Alfafar;I. CRIMINALIDAD CONVENCIONAL;enero-septiembre 2024;1.151
46022 Alfafar;1. Homicidios dolosos y asesinatos consumados;enero-septiembre 2024;1
46022 Alfafar;2. Homicidios dolosos y asesinatos en grado tentativa;enero-septiembre 2024;0
46022 Alfafar;3. Delitos graves y menos graves de lesiones y riña tumultuaria;enero-septiembre 2024;12
46022 Alfafar;4. Secuestro;enero-septiembre 2024;0
46022 Alfafar;5. Delitos contra la libertad sexual;enero-septiembre 2024;7
46022 Alfafar;5.1.-Agresión sexual con penetración;enero-septiembre 2024;1
46022 Alfafar;5.2.-Resto de delitos contra la libertad sexual;enero-septiembre 2024;6
46022 Alfafar;6. Robos con violencia e intimidación;enero-septiembre 2024;30
46022 Alfafar;7. Robos con fuerza en domicilios, establecimientos y otras instalaciones;enero-septiembre 2024;33
46022 Alfafar;7.1.-Robos con fuerza en domicilios;enero-septiembre 2024;23
46022 Alfafar;8. Hurtos;enero-septiembre 2024;388
46022 Alfafar;9. Sustracciones de vehículos;enero-septiembre 2024;9
46022 Alfafar;10. Tráfico de drogas;enero-septiembre 2024;1
46022 Alfafar;11. Resto de criminalidad convencional;enero-septiembre 2024;670
46022 Alfafar;II. CIBERCRIMINALIDAD (infracciones penales cometidas en/por medio ciber);enero-septiembre 2024;208
46022 Alfafar;12.-Estafas informáticas;enero-septiembre 2024;178
46022 Alfafar;13.-Otros ciberdelitos;enero-septiembre 2024;30
46022 Alfafar;III. TOTAL INFRACCIONES PENALES;enero-septiembre 2024;1.359
46029 Algemesí;I. CRIMINALIDAD CONVENCIONAL;enero-septiembre 2024;915
46029 Algemesí;1. Homicidios dolosos y asesinatos consumados;enero-septiembre 2024;1
46029 Algemesí;2. Homicidios dolosos y asesinatos en grado tentativa;enero-septiembre 2024;2
46029 Algemesí;3. Delitos graves y menos graves de lesiones y riña tumultuaria;enero-septiembre 2024;10
46029 Algemesí;4. Secuestro;enero-septiembre 2024;0
46029 Algemesí;5. Delitos contra la libertad sexual;enero-septiembre 2024;8
46029 Algemesí;5.1.-Agresión sexual con penetración;enero-septiembre 2024;4
46029 Algemesí;5.2.-Resto de delitos contra la libertad sexual;enero-septiembre 2024;4
46029 Algemesí;6. Robos con violencia e intimidación;enero-septiembre 2024;17
46029 Algemesí;7. Robos con fuerza en domicilios, establecimientos y otras instalaciones;enero-septiembre 2024;75
46029 Algemesí;7.1.-Robos con fuerza en domicilios;enero-septiembre 2024;50
46029 Algemesí;8. Hurtos;enero-septiembre 2024;206
46029 Algemesí;9. Sustracciones de vehículos;enero-septiembre 2024;5
46029 Algemesí;10. Tráfico de drogas;enero-septiembre 2024;5
46029 Algemesí;11. Resto de criminalidad convencional;enero-septiembre 2024;586
46029 Algemesí;II. CIBERCRIMINALIDAD (infracciones penales cometidas en/por medio ciber);enero-septiembre 2024;149
46029 Algemesí;12.-Estafas informáticas;enero-septiembre 2024;135
46029 Algemesí;13.-Otros ciberdelitos;enero-septiembre 2024;14
46029 Algemesí;III. TOTAL INFRACCIONES PENALES;enero-septiembre 2024;1.064
46017 Alzira;I. CRIMINALIDAD CONVENCIONAL;enero-septiembre 2024;1.794
46017 Alzira;1. Homicidios dolosos y asesinatos consumados;enero-septiembre 2024;2
46017 Alzira;2. Homicidios dolosos y asesinatos en grado tentativa;enero-septiembre 2024;1
46017 Alzira;3. Delitos graves y menos graves de lesiones y riña tumultuaria;enero-septiembre 2024;35
46017 Alzira;4. Secuestro;enero-septiembre 2024;0
46017 Alzira;5. Delitos contra la libertad sexual;enero-septiembre 2024;16
46017 Alzira;5.1.-Agresión sexual con penetración;enero-septiembre 2024;0
46017 Alzira;5.2.-Resto de delitos contra la libertad sexual;enero-septiembre 2024;16
46017 Alzira;6. Robos con violencia e intimidación;enero-septiembre 2024;37
46017 Alzira;7. Robos con fuerza en domicilios, establecimientos y otras instalaciones;enero-septiembre 2024;244
46017 Alzira;7.1.-Robos con fuerza en domicilios;enero-septiembre 2024;219
46017 Alzira;8. Hurtos;enero-septiembre 2024;409
46017 Alzira;9. Sustracciones de vehículos;enero-septiembre 2024;11
46017 Alzira;10. Tráfico de drogas;enero-septiembre 2024;11
46017 Alzira;11. Resto de criminalidad convencional;enero-septiembre 2024;1.028
46017 Alzira;II. CIBERCRIMINALIDAD (infracciones penales cometidas en/por medio ciber);enero-septiembre 2024;290
46017 Alzira;12.-Estafas informáticas;enero-septiembre 2024;255
46017 Alzira;13.-Otros ciberdelitos;enero-septiembre 2024;35
46017 Alzira;III. TOTAL INFRACCIONES PENALES;enero-septiembre 2024;2.084
46070 Bétera;I. CRIMINALIDAD CONVENCIONAL;enero-septiembre 2024;566
46070 Bétera;1. Homicidios dolosos y asesinatos consumados;enero-septiembre 2024;0
46070 Bétera;2. Homicidios dolosos y asesinatos en grado tentativa;enero-septiembre 2024;1
46070 Bétera;3. Delitos graves y menos graves de lesiones y riña tumultuaria;enero-septiembre 2024;16
46070 Bétera;4. Secuestro;enero-septiembre 2024;0
46070 Bétera;5. Delitos contra la libertad sexual;enero-septiembre 2024;13
46070 Bétera;5.1.-Agresión sexual con penetración;enero-septiembre 2024;2
46070 Bétera;5.2.-Resto de delitos contra la libertad sexual;enero-septiembre 2024;11
46070 Bétera;6. Robos con violencia e intimidación;enero-septiembre 2024;11
46070 Bétera;7. Robos con fuerza en domicilios, establecimientos y otras instalaciones;enero-septiembre 2024;72
46070 Bétera;7.1.-Robos con fuerza en domicilios;enero-septiembre 2024;69
46070 Bétera;8. Hurtos;enero-septiembre 2024;88
46070 Bétera;9. Sustracciones de vehículos;enero-septiembre 2024;12
46070 Bétera;10. Tráfico de drogas;enero-septiembre 2024;2
46070 Bétera;11. Resto de criminalidad convencional;enero-septiembre 2024;351
46070 Bétera;II. CIBERCRIMINALIDAD (infracciones penales cometidas en/por medio ciber);enero-septiembre 2024;219
46070 Bétera;12.-Estafas informáticas;enero-septiembre 2024;181
46070 Bétera;13.-Otros ciberdelitos;enero-septiembre 2024;38
46070 Bétera;III. TOTAL INFRACCIONES PENALES;enero-septiembre 2024;785
46078 Burjassot;I. CRIMINALIDAD CONVENCIONAL;enero-septiembre 2024;1.010
46078 Burjassot;1. Homicidios dolosos y asesinatos consumados;enero-septiembre 2024;0
46078 Burjassot;2. Homicidios dolosos y asesinatos en grado tentativa;enero-septiembre 2024;2
46078 Burjassot;3. Delitos graves y menos graves de lesiones y riña tumultuaria;enero-septiembre 2024;7
46078 Burjassot;4. Secuestro;enero-septiembre 2024;0
46078 Burjassot;5. Delitos contra la libertad sexual;enero-septiembre 2024;13
46078 Burjassot;5.1.-Agresión sexual con penetración;enero-septiembre 2024;3
46078 Burjassot;5.2.-Resto de delitos contra la libertad sexual;enero-septiembre 2024;10
46078 Burjassot;6. Robos con violencia e intimidación;enero-septiembre 2024;35
46078 Burjassot;7. Robos con fuerza en domicilios, establecimientos y otras instalaciones;enero-septiembre 2024;75
46078 Burjassot;7.1.-Robos con fuerza en domicilios;enero-septiembre 2024;49
46078 Burjassot;8. Hurtos;enero-septiembre 2024;284
46078 Burjassot;9. Sustracciones de vehículos;enero-septiembre 2024;12
46078 Burjassot;10. Tráfico de drogas;enero-septiembre 2024;10
46078 Burjassot;11. Resto de criminalidad convencional;enero-septiembre 2024;572
46078 Burjassot;II. CIBERCRIMINALIDAD (infracciones penales cometidas en/por medio ciber);enero-septiembre 2024;203
46078 Burjassot;12.-Estafas informáticas;enero-septiembre 2024;180
46078 Burjassot;13.-Otros ciberdelitos;enero-septiembre 2024;23
46078 Burjassot;III. TOTAL INFRACCIONES PENALES;enero-septiembre 2024;1.213
46083 Carcaixent;I. CRIMINALIDAD CONVENCIONAL;enero-septiembre 2024;593
46083 Carcaixent;1. Homicidios dolosos y asesinatos consumados;enero-septiembre 2024;1
46083 Carcaixent;2. Homicidios dolosos y asesinatos en grado tentativa;enero-septiembre 2024;0
46083 Carcaixent;3. Delitos graves y menos graves de lesiones y riña tumultuaria;enero-septiembre 2024;16
46083 Carcaixent;4. Secuestro;enero-septiembre 2024;0
46083 Carcaixent;5. Delitos contra la libertad sexual;enero-septiembre 2024;6
46083 Carcaixent;5.1.-Agresión sexual con penetración;enero-septiembre 2024;1
46083 Carcaixent;5.2.-Resto de delitos contra la libertad sexual;enero-septiembre 2024;5
46083 Carcaixent;6. Robos con violencia e intimidación;enero-septiembre 2024;11
46083 Carcaixent;7. Robos con fuerza en domicilios, establecimientos y otras instalaciones;enero-septiembre 2024;50
46083 Carcaixent;7.1.-Robos con fuerza en domicilios;enero-septiembre 2024;43
46083 Carcaixent;8. Hurtos;enero-septiembre 2024;189
46083 Carcaixent;9. Sustracciones de vehículos;enero-septiembre 2024;1
46083 Carcaixent;10. Tráfico de drogas;enero-septiembre 2024;0
46083 Carcaixent;11. Resto de criminalidad convencional;enero-septiembre 2024;319
46083 Carcaixent;II. CIBERCRIMINALIDAD (infracciones penales cometidas en/por medio ciber);enero-septiembre 2024;169
46083 Carcaixent;12.-Estafas informáticas;enero-septiembre 2024;137
46083 Carcaixent;13.-Otros ciberdelitos;enero-septiembre 2024;32
46083 Carcaixent;III. TOTAL INFRACCIONES PENALES;enero-septiembre 2024;762
46094 Catarroja;I. CRIMINALIDAD CONVENCIONAL;enero-septiembre 2024;663
46094 Catarroja;1. Homicidios dolosos y asesinatos consumados;enero-septiembre 2024;1
46094 Catarroja;2. Homicidios dolosos y asesinatos en grado tentativa;enero-septiembre 2024;0
46094 Catarroja;3. Delitos graves y menos graves de lesiones y riña tumultuaria;enero-septiembre 2024;7
46094 Catarroja;4. Secuestro;enero-septiembre 2024;0
46094 Catarroja;5. Delitos contra la libertad sexual;enero-septiembre 2024;9
46094 Catarroja;5.1.-Agresión sexual con penetración;enero-septiembre 2024;1
46094 Catarroja;5.2.-Resto de delitos contra la libertad sexual;enero-septiembre 2024;8
46094 Catarroja;6. Robos con violencia e intimidación;enero-septiembre 2024;27
46094 Catarroja;7. Robos con fuerza en domicilios, establecimientos y otras instalaciones;enero-septiembre 2024;51
46094 Catarroja;7.1.-Robos con fuerza en domicilios;enero-septiembre 2024;39
46094 Catarroja;8. Hurtos;enero-septiembre 2024;143
46094 Catarroja;9. Sustracciones de vehículos;enero-septiembre 2024;14
46094 Catarroja;10. Tráfico de drogas;enero-septiembre 2024;2
46094 Catarroja;11. Resto de criminalidad convencional;enero-septiembre 2024;409
46094 Catarroja;II. CIBERCRIMINALIDAD (infracciones penales cometidas en/por medio ciber);enero-septiembre 2024;207
46094 Catarroja;12.-Estafas informáticas;enero-septiembre 2024;181
46094 Catarroja;13.-Otros ciberdelitos;enero-septiembre 2024;26
46094 Catarroja;III. TOTAL INFRACCIONES PENALES;enero-septiembre 2024;870
46105 Cullera;I. CRIMINALIDAD CONVENCIONAL;enero-septiembre 2024;1.704
46105 Cullera;1. Homicidios dolosos y asesinatos consumados;enero-septiembre 2024;1
46105 Cullera;2. Homicidios dolosos y asesinatos en grado tentativa;enero-septiembre 2024;1
46105 Cullera;3. Delitos graves y menos graves de lesiones y riña tumultuaria;enero-septiembre 2024;25
46105 Cullera;4. Secuestro;enero-septiembre 2024;0
46105 Cullera;5. Delitos contra la libertad sexual;enero-septiembre 2024;14
46105 Cullera;5.1.-Agresión sexual con penetración;enero-septiembre 2024;1
46105 Cullera;5.2.-Resto de delitos contra la libertad sexual;enero-septiembre 2024;13
46105 Cullera;6. Robos con violencia e intimidación;enero-septiembre 2024;31
46105 Cullera;7. Robos con fuerza en domicilios, establecimientos y otras instalaciones;enero-septiembre 2024;81
46105 Cullera;7.1.-Robos con fuerza en domicilios;enero-septiembre 2024;57
46105 Cullera;8. Hurtos;enero-septiembre 2024;777
46105 Cullera;9. Sustracciones de vehículos;enero-septiembre 2024;15
46105 Cullera;10. Tráfico de drogas;enero-septiembre 2024;12
46105 Cullera;11. Resto de criminalidad convencional;enero-septiembre 2024;747
46105 Cullera;II. CIBERCRIMINALIDAD (infracciones penales cometidas en/por medio ciber);enero-septiembre 2024;195
46105 Cullera;12.-Estafas informáticas;enero-septiembre 2024;173
46105 Cullera;13.-Otros ciberdelitos;enero-septiembre 2024;22
46105 Cullera;III. TOTAL INFRACCIONES PENALES;enero-septiembre 2024;1.899
46131 Gandia;I. CRIMINALIDAD CONVENCIONAL;enero-septiembre 2024;3.246
46131 Gandia;1. Homicidios dolosos y asesinatos consumados;enero-septiembre 2024;1
46131 Gandia;2. Homicidios dolosos y asesinatos en grado tentativa;enero-septiembre 2024;4
46131 Gandia;3. Delitos graves y menos graves de lesiones y riña tumultuaria;enero-septiembre 2024;48
46131 Gandia;4. Secuestro;enero-septiembre 2024;0
46131 Gandia;5. Delitos contra la libertad sexual;enero-septiembre 2024;38
46131 Gandia;5.1.-Agresión sexual con penetración;enero-septiembre 2024;6
46131 Gandia;5.2.-Resto de delitos contra la libertad sexual;enero-septiembre 2024;32
46131 Gandia;6. Robos con violencia e intimidación;enero-septiembre 2024;51
46131 Gandia;7. Robos con fuerza en domicilios, establecimientos y otras instalaciones;enero-septiembre 2024;195
46131 Gandia;7.1.-Robos con fuerza en domicilios;enero-septiembre 2024;138
46131 Gandia;8. Hurtos;enero-septiembre 2024;960
46131 Gandia;9. Sustracciones de vehículos;enero-septiembre 2024;51
46131 Gandia;10. Tráfico de drogas;enero-septiembre 2024;55
46131 Gandia;11. Resto de criminalidad convencional;enero-septiembre 2024;1.843
46131 Gandia;II. CIBERCRIMINALIDAD (infracciones penales cometidas en/por medio ciber);enero-septiembre 2024;620
46131 Gandia;12.-Estafas informáticas;enero-septiembre 2024;588
46131 Gandia;13.-Otros ciberdelitos;enero-septiembre 2024;32
46131 Gandia;III. TOTAL INFRACCIONES PENALES;enero-septiembre 2024;3.866
46147 Llíria;I. CRIMINALIDAD CONVENCIONAL;enero-septiembre 2024;978
46147 Llíria;1. Homicidios dolosos y asesinatos consumados;enero-septiembre 2024;0
46147 Llíria;2. Homicidios dolosos y asesinatos en grado tentativa;enero-septiembre 2024;1
46147 Llíria;3. Delitos graves y menos graves de lesiones y riña tumultuaria;enero-septiembre 2024;27
46147 Llíria;4. Secuestro;enero-septiembre 2024;0
46147 Llíria;5. Delitos contra la libertad sexual;enero-septiembre 2024;11
46147 Llíria;5.1.-Agresión sexual con penetración;enero-septiembre 2024;2
46147 Llíria;5.2.-Resto de delitos contra la libertad sexual;enero-septiembre 2024;9
46147 Llíria;6. Robos con violencia e intimidación;enero-septiembre 2024;13
46147 Llíria;7. Robos con fuerza en domicilios, establecimientos y otras instalaciones;enero-septiembre 2024;163
46147 Llíria;7.1.-Robos con fuerza en domicilios;enero-septiembre 2024;150
46147 Llíria;8. Hurtos;enero-septiembre 2024;179
46147 Llíria;9. Sustracciones de vehículos;enero-septiembre 2024;1
46147 Llíria;10. Tráfico de drogas;enero-septiembre 2024;6
46147 Llíria;11. Resto de criminalidad convencional;enero-septiembre 2024;577
46147 Llíria;II. CIBERCRIMINALIDAD (infracciones penales cometidas en/por medio ciber);enero-septiembre 2024;203
46147 Llíria;12.-Estafas informáticas;enero-septiembre 2024;162
46147 Llíria;13.-Otros ciberdelitos;enero-septiembre 2024;41
46147 Llíria;III. TOTAL INFRACCIONES PENALES;enero-septiembre 2024;1.181
46159 Manises;I. CRIMINALIDAD CONVENCIONAL;enero-septiembre 2024;822
46159 Manises;1. Homicidios dolosos y asesinatos consumados;enero-septiembre 2024;0
46159 Manises;2. Homicidios dolosos y asesinatos en grado tentativa;enero-septiembre 2024;2
46159 Manises;3. Delitos graves y menos graves de lesiones y riña tumultuaria;enero-septiembre 2024;9
46159 Manises;4. Secuestro;enero-septiembre 2024;0
46159 Manises;5. Delitos contra la libertad sexual;enero-septiembre 2024;10
46159 Manises;5.1.-Agresión sexual con penetración;enero-septiembre 2024;1
46159 Manises;5.2.-Resto de delitos contra la libertad sexual;enero-septiembre 2024;9
46159 Manises;6. Robos con violencia e intimidación;enero-septiembre 2024;8
46159 Manises;7. Robos con fuerza en domicilios, establecimientos y otras instalaciones;enero-septiembre 2024;38
46159 Manises;7.1.-Robos con fuerza en domicilios;enero-septiembre 2024;25
46159 Manises;8. Hurtos;enero-septiembre 2024;238
46159 Manises;9. Sustracciones de vehículos;enero-septiembre 2024;68
46159 Manises;10. Tráfico de drogas;enero-septiembre 2024;58
46159 Manises;11. Resto de criminalidad convencional;enero-septiembre 2024;391
46159 Manises;II. CIBERCRIMINALIDAD (infracciones penales cometidas en/por medio ciber);enero-septiembre 2024;145
46159 Manises;12.-Estafas informáticas;enero-septiembre 2024;129
46159 Manises;13.-Otros ciberdelitos;enero-septiembre 2024;16
46159 Manises;III. TOTAL INFRACCIONES PENALES;enero-septiembre 2024;967
46169 Mislata;I. CRIMINALIDAD CONVENCIONAL;enero-septiembre 2024;1.026
46169 Mislata;1. Homicidios dolosos y asesinatos consumados;enero-septiembre 2024;0
46169 Mislata;2. Homicidios dolosos y asesinatos en grado tentativa;enero-septiembre 2024;1
46169 Mislata;3. Delitos graves y menos graves de lesiones y riña tumultuaria;enero-septiembre 2024;12
46169 Mislata;4. Secuestro;enero-septiembre 2024;0
46169 Mislata;5. Delitos contra la libertad sexual;enero-septiembre 2024;21
46169 Mislata;5.1.-Agresión sexual con penetración;enero-septiembre 2024;2
46169 Mislata;5.2.-Resto de delitos contra la libertad sexual;enero-septiembre 2024;19
46169 Mislata;6. Robos con violencia e intimidación;enero-septiembre 2024;25
46169 Mislata;7. Robos con fuerza en domicilios, establecimientos y otras instalaciones;enero-septiembre 2024;83
46169 Mislata;7.1.-Robos con fuerza en domicilios;enero-septiembre 2024;66
46169 Mislata;8. Hurtos;enero-septiembre 2024;266
46169 Mislata;9. Sustracciones de vehículos;enero-septiembre 2024;16
46169 Mislata;10. Tráfico de drogas;enero-septiembre 2024;7
46169 Mislata;11. Resto de criminalidad convencional;enero-septiembre 2024;595
46169 Mislata;II. CIBERCRIMINALIDAD (infracciones penales cometidas en/por medio ciber);enero-septiembre 2024;296
46169 Mislata;12.-Estafas informáticas;enero-septiembre 2024;281
46169 Mislata;13.-Otros ciberdelitos;enero-septiembre 2024;15
46169 Mislata;III. TOTAL INFRACCIONES PENALES;enero-septiembre 2024;1.322
46171 Moncada;I. CRIMINALIDAD CONVENCIONAL;enero-septiembre 2024;596
46171 Moncada;1. Homicidios dolosos y asesinatos consumados;enero-septiembre 2024;0
46171 Moncada;2. Homicidios dolosos y asesinatos en grado tentativa;enero-septiembre 2024;0
46171 Moncada;3. Delitos graves y menos graves de lesiones y riña tumultuaria;enero-septiembre 2024;5
46171 Moncada;4. Secuestro;enero-septiembre 2024;0
46171 Moncada;5. Delitos contra la libertad sexual;enero-septiembre 2024;6
46171 Moncada;5.1.-Agresión sexual con penetración;enero-septiembre 2024;2
46171 Moncada;5.2.-Resto de delitos contra la libertad sexual;enero-septiembre 2024;4
46171 Moncada;6. Robos con violencia e intimidación;enero-septiembre 2024;7
46171 Moncada;7. Robos con fuerza en domicilios, establecimientos y otras instalaciones;enero-septiembre 2024;77
46171 Moncada;7.1.-Robos con fuerza en domicilios;enero-septiembre 2024;69
46171 Moncada;8. Hurtos;enero-septiembre 2024;125
46171 Moncada;9. Sustracciones de vehículos;enero-septiembre 2024;5
46171 Moncada;10. Tráfico de drogas;enero-septiembre 2024;0
46171 Moncada;11. Resto de criminalidad convencional;enero-septiembre 2024;371
46171 Moncada;II. CIBERCRIMINALIDAD (infracciones penales cometidas en/por medio ciber);enero-septiembre 2024;144
46171 Moncada;12.-Estafas informáticas;enero-septiembre 2024;125
46171 Moncada;13.-Otros ciberdelitos;enero-septiembre 2024;19
46171 Moncada;III. TOTAL INFRACCIONES PENALES;enero-septiembre 2024;740
46181 Oliva;I. CRIMINALIDAD CONVENCIONAL;enero-septiembre 2024;992
46181 Oliva;1. Homicidios dolosos y asesinatos consumados;enero-septiembre 2024;0
46181 Oliva;2. Homicidios dolosos y asesinatos en grado tentativa;enero-septiembre 2024;0
46181 Oliva;3. Delitos graves y menos graves de lesiones y riña tumultuaria;enero-septiembre 2024;23
46181 Oliva;4. Secuestro;enero-septiembre 2024;0
46181 Oliva;5. Delitos contra la libertad sexual;enero-septiembre 2024;6
46181 Oliva;5.1.-Agresión sexual con penetración;enero-septiembre 2024;0
46181 Oliva;5.2.-Resto de delitos contra la libertad sexual;enero-septiembre 2024;6
46181 Oliva;6. Robos con violencia e intimidación;enero-septiembre 2024;20
46181 Oliva;7. Robos con fuerza en domicilios, establecimientos y otras instalaciones;enero-septiembre 2024;119
46181 Oliva;7.1.-Robos con fuerza en domicilios;enero-septiembre 2024;105
46181 Oliva;8. Hurtos;enero-septiembre 2024;243
46181 Oliva;9. Sustracciones de vehículos;enero-septiembre 2024;16
46181 Oliva;10. Tráfico de drogas;enero-septiembre 2024;4
46181 Oliva;11. Resto de criminalidad convencional;enero-septiembre 2024;561
46181 Oliva;II. CIBERCRIMINALIDAD (infracciones penales cometidas en/por medio ciber);enero-septiembre 2024;188
46181 Oliva;12.-Estafas informáticas;enero-septiembre 2024;166
46181 Oliva;13.-Otros ciberdelitos;enero-septiembre 2024;22
46181 Oliva;III. TOTAL INFRACCIONES PENALES;enero-septiembre 2024;1.180
46184 Ontinyent;I. CRIMINALIDAD CONVENCIONAL;enero-septiembre 2024;629
46184 Ontinyent;1. Homicidios dolosos y asesinatos consumados;enero-septiembre 2024;0
46184 Ontinyent;2. Homicidios dolosos y asesinatos en grado tentativa;enero-septiembre 2024;1
46184 Ontinyent;3. Delitos graves y menos graves de lesiones y riña tumultuaria;enero-septiembre 2024;10
46184 Ontinyent;4. Secuestro;enero-septiembre 2024;0
46184 Ontinyent;5. Delitos contra la libertad sexual;enero-septiembre 2024;6
46184 Ontinyent;5.1.-Agresión sexual con penetración;enero-septiembre 2024;4
46184 Ontinyent;5.2.-Resto de delitos contra la libertad sexual;enero-septiembre 2024;2
46184 Ontinyent;6. Robos con violencia e intimidación;enero-septiembre 2024;9
46184 Ontinyent;7. Robos con fuerza en domicilios, establecimientos y otras instalaciones;enero-septiembre 2024;82
46184 Ontinyent;7.1.-Robos con fuerza en domicilios;enero-septiembre 2024;76
46184 Ontinyent;8. Hurtos;enero-septiembre 2024;125
46184 Ontinyent;9. Sustracciones de vehículos;enero-septiembre 2024;8
46184 Ontinyent;10. Tráfico de drogas;enero-septiembre 2024;5
46184 Ontinyent;11. Resto de criminalidad convencional;enero-septiembre 2024;383
46184 Ontinyent;II. CIBERCRIMINALIDAD (infracciones penales cometidas en/por medio ciber);enero-septiembre 2024;214
46184 Ontinyent;12.-Estafas informáticas;enero-septiembre 2024;204
46184 Ontinyent;13.-Otros ciberdelitos;enero-septiembre 2024;10
46184 Ontinyent;III. TOTAL INFRACCIONES PENALES;enero-septiembre 2024;843
46186 Paiporta;I. CRIMINALIDAD CONVENCIONAL;enero-septiembre 2024;533
46186 Paiporta;1. Homicidios dolosos y asesinatos consumados;enero-septiembre 2024;0
46186 Paiporta;2. Homicidios dolosos y asesinatos en grado tentativa;enero-septiembre 2024;0
46186 Paiporta;3. Delitos graves y menos graves de lesiones y riña tumultuaria;enero-septiembre 2024;19
46186 Paiporta;4. Secuestro;enero-septiembre 2024;0
46186 Paiporta;5. Delitos contra la libertad sexual;enero-septiembre 2024;12
46186 Paiporta;5.1.-Agresión sexual con penetración;enero-septiembre 2024;2
46186 Paiporta;5.2.-Resto de delitos contra la libertad sexual;enero-septiembre 2024;10
46186 Paiporta;6. Robos con violencia e intimidación;enero-septiembre 2024;14
46186 Paiporta;7. Robos con fuerza en domicilios, establecimientos y otras instalaciones;enero-septiembre 2024;29
46186 Paiporta;7.1.-Robos con fuerza en domicilios;enero-septiembre 2024;23
46186 Paiporta;8. Hurtos;enero-septiembre 2024;107
46186 Paiporta;9. Sustracciones de vehículos;enero-septiembre 2024;5
46186 Paiporta;10. Tráfico de drogas;enero-septiembre 2024;7
46186 Paiporta;11. Resto de criminalidad convencional;enero-septiembre 2024;340
46186 Paiporta;II. CIBERCRIMINALIDAD (infracciones penales cometidas en/por medio ciber);enero-septiembre 2024;140
46186 Paiporta;12.-Estafas informáticas;enero-septiembre 2024;117
46186 Paiporta;13.-Otros ciberdelitos;enero-septiembre 2024;23
46186 Paiporta;III. TOTAL INFRACCIONES PENALES;enero-septiembre 2024;673
46190 Paterna;I. CRIMINALIDAD CONVENCIONAL;enero-septiembre 2024;2.022
46190 Paterna;1. Homicidios dolosos y asesinatos consumados;enero-septiembre 2024;0
46190 Paterna;2. Homicidios dolosos y asesinatos en grado tentativa;enero-septiembre 2024;0
46190 Paterna;3. Delitos graves y menos graves de lesiones y riña tumultuaria;enero-septiembre 2024;22
46190 Paterna;4. Secuestro;enero-septiembre 2024;0
46190 Paterna;5. Delitos contra la libertad sexual;enero-septiembre 2024;13
46190 Paterna;5.1.-Agresión sexual con penetración;enero-septiembre 2024;2
46190 Paterna;5.2.-Resto de delitos contra la libertad sexual;enero-septiembre 2024;11
46190 Paterna;6. Robos con violencia e intimidación;enero-septiembre 2024;70
46190 Paterna;7. Robos con fuerza en domicilios, establecimientos y otras instalaciones;enero-septiembre 2024;209
46190 Paterna;7.1.-Robos con fuerza en domicilios;enero-septiembre 2024;146
46190 Paterna;8. Hurtos;enero-septiembre 2024;474
46190 Paterna;9. Sustracciones de vehículos;enero-septiembre 2024;53
46190 Paterna;10. Tráfico de drogas;enero-septiembre 2024;15
46190 Paterna;11. Resto de criminalidad convencional;enero-septiembre 2024;1.166
46190 Paterna;II. CIBERCRIMINALIDAD (infracciones penales cometidas en/por medio ciber);enero-septiembre 2024;556
46190 Paterna;12.-Estafas informáticas;enero-septiembre 2024;485
46190 Paterna;13.-Otros ciberdelitos;enero-septiembre 2024;71
46190 Paterna;III. TOTAL INFRACCIONES PENALES;enero-septiembre 2024;2.578
46194 Picassent;I. CRIMINALIDAD CONVENCIONAL;enero-septiembre 2024;757
46194 Picassent;1. Homicidios dolosos y asesinatos consumados;enero-septiembre 2024;0
46194 Picassent;2. Homicidios dolosos y asesinatos en grado tentativa;enero-septiembre 2024;0
46194 Picassent;3. Delitos graves y menos graves de lesiones y riña tumultuaria;enero-septiembre 2024;15
46194 Picassent;4. Secuestro;enero-septiembre 2024;0
46194 Picassent;5. Delitos contra la libertad sexual;enero-septiembre 2024;6
46194 Picassent;5.1.-Agresión sexual con penetración;enero-septiembre 2024;1
46194 Picassent;5.2.-Resto de delitos contra la libertad sexual;enero-septiembre 2024;5
46194 Picassent;6. Robos con violencia e intimidación;enero-septiembre 2024;9
46194 Picassent;7. Robos con fuerza en domicilios, establecimientos y otras instalaciones;enero-septiembre 2024;40
46194 Picassent;7.1.-Robos con fuerza en domicilios;enero-septiembre 2024;35
46194 Picassent;8. Hurtos;enero-septiembre 2024;183
46194 Picassent;9. Sustracciones de vehículos;enero-septiembre 2024;8
46194 Picassent;10. Tráfico de drogas;enero-septiembre 2024;40
46194 Picassent;11. Resto de criminalidad convencional;enero-septiembre 2024;456
46194 Picassent;II. CIBERCRIMINALIDAD (infracciones penales cometidas en/por medio ciber);enero-septiembre 2024;65
46194 Picassent;12.-Estafas informáticas;enero-septiembre 2024;52
46194 Picassent;13.-Otros ciberdelitos;enero-septiembre 2024;13
46194 Picassent;III. TOTAL INFRACCIONES PENALES;enero-septiembre 2024;822
46202 Pobla de Vallbona (la);I. CRIMINALIDAD CONVENCIONAL;enero-septiembre 2024;560
46202 Pobla de Vallbona (la);1. Homicidios dolosos y asesinatos consumados;enero-septiembre 2024;0
46202 Pobla de Vallbona (la);2. Homicidios dolosos y asesinatos en grado tentativa;enero-septiembre 2024;1
46202 Pobla de Vallbona (la);3. Delitos graves y menos graves de lesiones y riña tumultuaria;enero-septiembre 2024;13
46202 Pobla de Vallbona (la);4. Secuestro;enero-septiembre 2024;0
46202 Pobla de Vallbona (la);5. Delitos contra la libertad sexual;enero-septiembre 2024;8
46202 Pobla de Vallbona (la);5.1.-Agresión sexual con penetración;enero-septiembre 2024;3
46202 Pobla de Vallbona (la);5.2.-Resto de delitos contra la libertad sexual;enero-septiembre 2024;5
46202 Pobla de Vallbona (la);6. Robos con violencia e intimidación;enero-septiembre 2024;3
46202 Pobla de Vallbona (la);7. Robos con fuerza en domicilios, establecimientos y otras instalaciones;enero-septiembre 2024;81
46202 Pobla de Vallbona (la);7.1.-Robos con fuerza en domicilios;enero-septiembre 2024;75
46202 Pobla de Vallbona (la);8. Hurtos;enero-septiembre 2024;111
46202 Pobla de Vallbona (la);9. Sustracciones de vehículos;enero-septiembre 2024;10
46202 Pobla de Vallbona (la);10. Tráfico de drogas;enero-septiembre 2024;3
46202 Pobla de Vallbona (la);11. Resto de criminalidad convencional;enero-septiembre 2024;330
46202 Pobla de Vallbona (la);II. CIBERCRIMINALIDAD (infracciones penales cometidas en/por medio ciber);enero-septiembre 2024;222
46202 Pobla de Vallbona (la);12.-Estafas informáticas;enero-septiembre 2024;191
46202 Pobla de Vallbona (la);13.-Otros ciberdelitos;enero-septiembre 2024;31
46202 Pobla de Vallbona (la);III. TOTAL INFRACCIONES PENALES;enero-septiembre 2024;782
46205 Puçol;I. CRIMINALIDAD CONVENCIONAL;enero-septiembre 2024;445
46205 Puçol;1. Homicidios dolosos y asesinatos consumados;enero-septiembre 2024;0
46205 Puçol;2. Homicidios dolosos y asesinatos en grado tentativa;enero-septiembre 2024;0
46205 Puçol;3. Delitos graves y menos graves de lesiones y riña tumultuaria;enero-septiembre 2024;5
46205 Puçol;4. Secuestro;enero-septiembre 2024;0
46205 Puçol;5. Delitos contra la libertad sexual;enero-septiembre 2024;3
46205 Puçol;5.1.-Agresión sexual con penetración;enero-septiembre 2024;2
46205 Puçol;5.2.-Resto de delitos contra la libertad sexual;enero-septiembre 2024;1
46205 Puçol;6. Robos con violencia e intimidación;enero-septiembre 2024;7
46205 Puçol;7. Robos con fuerza en domicilios, establecimientos y otras instalaciones;enero-septiembre 2024;20
46205 Puçol;7.1.-Robos con fuerza en domicilios;enero-septiembre 2024;17
46205 Puçol;8. Hurtos;enero-septiembre 2024;124
46205 Puçol;9. Sustracciones de vehículos;enero-septiembre 2024;1
46205 Puçol;10. Tráfico de drogas;enero-septiembre 2024;4
46205 Puçol;11. Resto de criminalidad convencional;enero-septiembre 2024;281
46205 Puçol;II. CIBERCRIMINALIDAD (infracciones penales cometidas en/por medio ciber);enero-septiembre 2024;41
46205 Puçol;12.-Estafas informáticas;enero-septiembre 2024;27
46205 Puçol;13.-Otros ciberdelitos;enero-septiembre 2024;14
46205 Puçol;III. TOTAL INFRACCIONES PENALES;enero-septiembre 2024;486
46102 Quart de Poblet;I. CRIMINALIDAD CONVENCIONAL;enero-septiembre 2024;739
46102 Quart de Poblet;1. Homicidios dolosos y asesinatos consumados;enero-septiembre 2024;2
46102 Quart de Poblet;2. Homicidios dolosos y asesinatos en grado tentativa;enero-septiembre 2024;1
46102 Quart de Poblet;3. Delitos graves y menos graves de lesiones y riña tumultuaria;enero-septiembre 2024;10
46102 Quart de Poblet;4. Secuestro;enero-septiembre 2024;0
46102 Quart de Poblet;5. Delitos contra la libertad sexual;enero-septiembre 2024;12
46102 Quart de Poblet;5.1.-Agresión sexual con penetración;enero-septiembre 2024;2
46102 Quart de Poblet;5.2.-Resto de delitos contra la libertad sexual;enero-septiembre 2024;10
46102 Quart de Poblet;6. Robos con violencia e intimidación;enero-septiembre 2024;22
46102 Quart de Poblet;7. Robos con fuerza en domicilios, establecimientos y otras instalaciones;enero-septiembre 2024;40
46102 Quart de Poblet;7.1.-Robos con fuerza en domicilios;enero-septiembre 2024;16
46102 Quart de Poblet;8. Hurtos;enero-septiembre 2024;201
46102 Quart de Poblet;9. Sustracciones de vehículos;enero-septiembre 2024;15
46102 Quart de Poblet;10. Tráfico de drogas;enero-septiembre 2024;3
46102 Quart de Poblet;11. Resto de criminalidad convencional;enero-septiembre 2024;433
46102 Quart de Poblet;II. CIBERCRIMINALIDAD (infracciones penales cometidas en/por medio ciber);enero-septiembre 2024;178
46102 Quart de Poblet;12.-Estafas informáticas;enero-septiembre 2024;157
46102 Quart de Poblet;13.-Otros ciberdelitos;enero-septiembre 2024;21
46102 Quart de Poblet;III. TOTAL INFRACCIONES PENALES;enero-septiembre 2024;917
46213 Requena;I. CRIMINALIDAD CONVENCIONAL;enero-septiembre 2024;745
46213 Requena;1. Homicidios dolosos y asesinatos consumados;enero-septiembre 2024;0
46213 Requena;2. Homicidios dolosos y asesinatos en grado tentativa;enero-septiembre 2024;0
46213 Requena;3. Delitos graves y menos graves de lesiones y riña tumultuaria;enero-septiembre 2024;15
46213 Requena;4. Secuestro;enero-septiembre 2024;0
46213 Requena;5. Delitos contra la libertad sexual;enero-septiembre 2024;5
46213 Requena;5.1.-Agresión sexual con penetración;enero-septiembre 2024;2
46213 Requena;5.2.-Resto de delitos contra la libertad sexual;enero-septiembre 2024;3
46213 Requena;6. Robos con violencia e intimidación;enero-septiembre 2024;5
46213 Requena;7. Robos con fuerza en domicilios, establecimientos y otras instalaciones;enero-septiembre 2024;61
46213 Requena;7.1.-Robos con fuerza en domicilios;enero-septiembre 2024;48
46213 Requena;8. Hurtos;enero-septiembre 2024;150
46213 Requena;9. Sustracciones de vehículos;enero-septiembre 2024;3
46213 Requena;10. Tráfico de drogas;enero-septiembre 2024;5
46213 Requena;11. Resto de criminalidad convencional;enero-septiembre 2024;501
46213 Requena;II. CIBERCRIMINALIDAD (infracciones penales cometidas en/por medio ciber);enero-septiembre 2024;134
46213 Requena;12.-Estafas informáticas;enero-septiembre 2024;120
46213 Requena;13.-Otros ciberdelitos;enero-septiembre 2024;14
46213 Requena;III. TOTAL INFRACCIONES PENALES;enero-septiembre 2024;879
46214 Riba-roja de Túria;I. CRIMINALIDAD CONVENCIONAL;enero-septiembre 2024;854
46214 Riba-roja de Túria;1. Homicidios dolosos y asesinatos consumados;enero-septiembre 2024;0
46214 Riba-roja de Túria;2. Homicidios dolosos y asesinatos en grado tentativa;enero-septiembre 2024;0
46214 Riba-roja de Túria;3. Delitos graves y menos graves de lesiones y riña tumultuaria;enero-septiembre 2024;15
46214 Riba-roja de Túria;4. Secuestro;enero-septiembre 2024;0
46214 Riba-roja de Túria;5. Delitos contra la libertad sexual;enero-septiembre 2024;7
46214 Riba-roja de Túria;5.1.-Agresión sexual con penetración;enero-septiembre 2024;3
46214 Riba-roja de Túria;5.2.-Resto de delitos contra la libertad sexual;enero-septiembre 2024;4
46214 Riba-roja de Túria;6. Robos con violencia e intimidación;enero-septiembre 2024;11
46214 Riba-roja de Túria;7. Robos con fuerza en domicilios, establecimientos y otras instalaciones;enero-septiembre 2024;55
46214 Riba-roja de Túria;7.1.-Robos con fuerza en domicilios;enero-septiembre 2024;46
46214 Riba-roja de Túria;8. Hurtos;enero-septiembre 2024;196
46214 Riba-roja de Túria;9. Sustracciones de vehículos;enero-septiembre 2024;6
46214 Riba-roja de Túria;10. Tráfico de drogas;enero-septiembre 2024;8
46214 Riba-roja de Túria;11. Resto de criminalidad convencional;enero-septiembre 2024;556
46214 Riba-roja de Túria;II. CIBERCRIMINALIDAD (infracciones penales cometidas en/por medio ciber);enero-septiembre 2024;178
46214 Riba-roja de Túria;12.-Estafas informáticas;enero-septiembre 2024;141
46214 Riba-roja de Túria;13.-Otros ciberdelitos;enero-septiembre 2024;37
46214 Riba-roja de Túria;III. TOTAL INFRACCIONES PENALES;enero-septiembre 2024;1.032
46220 Sagunto/Sagunt;I. CRIMINALIDAD CONVENCIONAL;enero-septiembre 2024;2.334
46220 Sagunto/Sagunt;1. Homicidios dolosos y asesinatos consumados;enero-septiembre 2024;1
46220 Sagunto/Sagunt;2. Homicidios dolosos y asesinatos en grado tentativa;enero-septiembre 2024;1
46220 Sagunto/Sagunt;3. Delitos graves y menos graves de lesiones y riña tumultuaria;enero-septiembre 2024;38
46220 Sagunto/Sagunt;4. Secuestro;enero-septiembre 2024;1
46220 Sagunto/Sagunt;5. Delitos contra la libertad sexual;enero-septiembre 2024;28
46220 Sagunto/Sagunt;5.1.-Agresión sexual con penetración;enero-septiembre 2024;9
46220 Sagunto/Sagunt;5.2.-Resto de delitos contra la libertad sexual;enero-septiembre 2024;19
46220 Sagunto/Sagunt;6. Robos con violencia e intimidación;enero-septiembre 2024;67
46220 Sagunto/Sagunt;7. Robos con fuerza en domicilios, establecimientos y otras instalaciones;enero-septiembre 2024;177
46220 Sagunto/Sagunt;7.1.-Robos con fuerza en domicilios;enero-septiembre 2024;134
46220 Sagunto/Sagunt;8. Hurtos;enero-septiembre 2024;674
46220 Sagunto/Sagunt;9. Sustracciones de vehículos;enero-septiembre 2024;37
46220 Sagunto/Sagunt;10. Tráfico de drogas;enero-septiembre 2024;14
46220 Sagunto/Sagunt;11. Resto de criminalidad convencional;enero-septiembre 2024;1.296
46220 Sagunto/Sagunt;II. CIBERCRIMINALIDAD (infracciones penales cometidas en/por medio ciber);enero-septiembre 2024;284
46220 Sagunto/Sagunt;12.-Estafas informáticas;enero-septiembre 2024;256
46220 Sagunto/Sagunt;13.-Otros ciberdelitos;enero-septiembre 2024;28
46220 Sagunto/Sagunt;III. TOTAL INFRACCIONES PENALES;enero-septiembre 2024;2.618
46235 Sueca;I. CRIMINALIDAD CONVENCIONAL;enero-septiembre 2024;1.237
46235 Sueca;1. Homicidios dolosos y asesinatos consumados;enero-septiembre 2024;0
46235 Sueca;2. Homicidios dolosos y asesinatos en grado tentativa;enero-septiembre 2024;3
46235 Sueca;3. Delitos graves y menos graves de lesiones y riña tumultuaria;enero-septiembre 2024;26
46235 Sueca;4. Secuestro;enero-septiembre 2024;0
46235 Sueca;5. Delitos contra la libertad sexual;enero-septiembre 2024;23
46235 Sueca;5.1.-Agresión sexual con penetración;enero-septiembre 2024;6
46235 Sueca;5.2.-Resto de delitos contra la libertad sexual;enero-septiembre 2024;17
46235 Sueca;6. Robos con violencia e intimidación;enero-septiembre 2024;21
46235 Sueca;7. Robos con fuerza en domicilios, establecimientos y otras instalaciones;enero-septiembre 2024;80
46235 Sueca;7.1.-Robos con fuerza en domicilios;enero-septiembre 2024;61
46235 Sueca;8. Hurtos;enero-septiembre 2024;302
46235 Sueca;9. Sustracciones de vehículos;enero-septiembre 2024;10
46235 Sueca;10. Tráfico de drogas;enero-septiembre 2024;6
46235 Sueca;11. Resto de criminalidad convencional;enero-septiembre 2024;766
46235 Sueca;II. CIBERCRIMINALIDAD (infracciones penales cometidas en/por medio ciber);enero-septiembre 2024;190
46235 Sueca;12.-Estafas informáticas;enero-septiembre 2024;165
46235 Sueca;13.-Otros ciberdelitos;enero-septiembre 2024;25
46235 Sueca;III. TOTAL INFRACCIONES PENALES;enero-septiembre 2024;1.427
46244 Torrent;I. CRIMINALIDAD CONVENCIONAL;enero-septiembre 2024;2.445
46244 Torrent;1. Homicidios dolosos y asesinatos consumados;enero-septiembre 2024;1
46244 Torrent;2. Homicidios dolosos y asesinatos en grado tentativa;enero-septiembre 2024;1
46244 Torrent;3. Delitos graves y menos graves de lesiones y riña tumultuaria;enero-septiembre 2024;28
46244 Torrent;4. Secuestro;enero-septiembre 2024;0
46244 Torrent;5. Delitos contra la libertad sexual;enero-septiembre 2024;17
46244 Torrent;5.1.-Agresión sexual con penetración;enero-septiembre 2024;5
46244 Torrent;5.2.-Resto de delitos contra la libertad sexual;enero-septiembre 2024;12
46244 Torrent;6. Robos con violencia e intimidación;enero-septiembre 2024;66
46244 Torrent;7. Robos con fuerza en domicilios, establecimientos y otras instalaciones;enero-septiembre 2024;165
46244 Torrent;7.1.-Robos con fuerza en domicilios;enero-septiembre 2024;123
46244 Torrent;8. Hurtos;enero-septiembre 2024;702
46244 Torrent;9. Sustracciones de vehículos;enero-septiembre 2024;27
46244 Torrent;10. Tráfico de drogas;enero-septiembre 2024;21
46244 Torrent;11. Resto de criminalidad convencional;enero-septiembre 2024;1.417
46244 Torrent;II. CIBERCRIMINALIDAD (infracciones penales cometidas en/por medio ciber);enero-septiembre 2024;633
46244 Torrent;12.-Estafas informáticas;enero-septiembre 2024;555
46244 Torrent;13.-Otros ciberdelitos;enero-septiembre 2024;78
46244 Torrent;III. TOTAL INFRACCIONES PENALES;enero-septiembre 2024;3.078
46250 Valencia;I. CRIMINALIDAD CONVENCIONAL;enero-septiembre 2024;41.742
46250 Valencia;1. Homicidios dolosos y asesinatos consumados;enero-septiembre 2024;10
46250 Valencia;2. Homicidios dolosos y asesinatos en grado tentativa;enero-septiembre 2024;20
46250 Valencia;3. Delitos graves y menos graves de lesiones y riña tumultuaria;enero-septiembre 2024;475
46250 Valencia;4. Secuestro;enero-septiembre 2024;0
46250 Valencia;5. Delitos contra la libertad sexual;enero-septiembre 2024;345
46250 Valencia;5.1.-Agresión sexual con penetración;enero-septiembre 2024;81
46250 Valencia;5.2.-Resto de delitos contra la libertad sexual;enero-septiembre 2024;264
46250 Valencia;6. Robos con violencia e intimidación;enero-septiembre 2024;1.723
46250 Valencia;7. Robos con fuerza en domicilios, establecimientos y otras instalaciones;enero-septiembre 2024;1.779
46250 Valencia;7.1.-Robos con fuerza en domicilios;enero-septiembre 2024;1.425
46250 Valencia;8. Hurtos;enero-septiembre 2024;18.487
46250 Valencia;9. Sustracciones de vehículos;enero-septiembre 2024;566
46250 Valencia;10. Tráfico de drogas;enero-septiembre 2024;625
46250 Valencia;11. Resto de criminalidad convencional;enero-septiembre 2024;17.712
46250 Valencia;II. CIBERCRIMINALIDAD (infracciones penales cometidas en/por medio ciber);enero-septiembre 2024;6.576
46250 Valencia;12.-Estafas informáticas;enero-septiembre 2024;5.847
46250 Valencia;13.-Otros ciberdelitos;enero-septiembre 2024;729
46250 Valencia;III. TOTAL INFRACCIONES PENALES;enero-septiembre 2024;48.318
46145 Xàtiva;I. CRIMINALIDAD CONVENCIONAL;enero-septiembre 2024;817
46145 Xàtiva;1. Homicidios dolosos y asesinatos consumados;enero-septiembre 2024;0
46145 Xàtiva;2. Homicidios dolosos y asesinatos en grado tentativa;enero-septiembre 2024;0
46145 Xàtiva;3. Delitos graves y menos graves de lesiones y riña tumultuaria;enero-septiembre 2024;16
46145 Xàtiva;4. Secuestro;enero-septiembre 2024;0
46145 Xàtiva;5. Delitos contra la libertad sexual;enero-septiembre 2024;5
46145 Xàtiva;5.1.-Agresión sexual con penetración;enero-septiembre 2024;4
46145 Xàtiva;5.2.-Resto de delitos contra la libertad sexual;enero-septiembre 2024;1
46145 Xàtiva;6. Robos con violencia e intimidación;enero-septiembre 2024;12
46145 Xàtiva;7. Robos con fuerza en domicilios, establecimientos y otras instalaciones;enero-septiembre 2024;49
46145 Xàtiva;7.1.-Robos con fuerza en domicilios;enero-septiembre 2024;44
46145 Xàtiva;8. Hurtos;enero-septiembre 2024;234
46145 Xàtiva;9. Sustracciones de vehículos;enero-septiembre 2024;8
46145 Xàtiva;10. Tráfico de drogas;enero-septiembre 2024;2
46145 Xàtiva;11. Resto de criminalidad convencional;enero-septiembre 2024;491
46145 Xàtiva;II. CIBERCRIMINALIDAD (infracciones penales cometidas en/por medio ciber);enero-septiembre 2024;181
46145 Xàtiva;12.-Estafas informáticas;enero-septiembre 2024;151
46145 Xàtiva;13.-Otros ciberdelitos;enero-septiembre 2024;30
46145 Xàtiva;III. TOTAL INFRACCIONES PENALES;enero-septiembre 2024;998
46110 Xirivella;I. CRIMINALIDAD CONVENCIONAL;enero-septiembre 2024;930
46110 Xirivella;1. Homicidios dolosos y asesinatos consumados;enero-septiembre 2024;0
46110 Xirivella;2. Homicidios dolosos y asesinatos en grado tentativa;enero-septiembre 2024;1
46110 Xirivella;3. Delitos graves y menos graves de lesiones y riña tumultuaria;enero-septiembre 2024;15
46110 Xirivella;4. Secuestro;enero-septiembre 2024;0
46110 Xirivella;5. Delitos contra la libertad sexual;enero-septiembre 2024;13
46110 Xirivella;5.1.-Agresión sexual con penetración;enero-septiembre 2024;4
46110 Xirivella;5.2.-Resto de delitos contra la libertad sexual;enero-septiembre 2024;9
46110 Xirivella;6. Robos con violencia e intimidación;enero-septiembre 2024;20
46110 Xirivella;7. Robos con fuerza en domicilios, establecimientos y otras instalaciones;enero-septiembre 2024;36
46110 Xirivella;7.1.-Robos con fuerza en domicilios;enero-septiembre 2024;30
46110 Xirivella;8. Hurtos;enero-septiembre 2024;298
46110 Xirivella;9. Sustracciones de vehículos;enero-septiembre 2024;8
46110 Xirivella;10. Tráfico de drogas;enero-septiembre 2024;6
46110 Xirivella;11. Resto de criminalidad convencional;enero-septiembre 2024;533
46110 Xirivella;II. CIBERCRIMINALIDAD (infracciones penales cometidas en/por medio ciber);enero-septiembre 2024;232
46110 Xirivella;12.-Estafas informáticas;enero-septiembre 2024;216
46110 Xirivella;13.-Otros ciberdelitos;enero-septiembre 2024;16
46110 Xirivella;III. TOTAL INFRACCIONES PENALES;enero-septiembre 2024;1.162
