Geografía;Tipología penal;Periodos:;Total
Provincia de ALICANTE/ALACANT;I. CRIMINALIDAD CONVENCIONAL;Enero-diciembre 2022;81.296
Provincia de ALICANTE/ALACANT;1. Homicidios dolosos y asesinatos consumados;Enero-diciembre 2022;12
Provincia de ALICANTE/ALACANT;2. Homicidios dolosos y asesinatos en grado tentativa;Enero-diciembre 2022;52
Provincia de ALICANTE/ALACANT;3. Delitos graves y menos graves de lesiones y riña tumultuaria;Enero-diciembre 2022;1.137
Provincia de ALICANTE/ALACANT;4. Secuestro;Enero-diciembre 2022;5
Provincia de ALICANTE/ALACANT;5. Delitos contra la libertad sexual;Enero-diciembre 2022;897
Provincia de ALICANTE/ALACANT;5.1.-Agresión sexual con penetración;Enero-diciembre 2022;161
Provincia de ALICANTE/ALACANT;5.2.-Resto de delitos contra la libertad sexual;Enero-diciembre 2022;736
Provincia de ALICANTE/ALACANT;6. Robos con violencia e intimidación;Enero-diciembre 2022;1.583
Provincia de ALICANTE/ALACANT;7. Robos con fuerza en domicilios, establecimientos y otras instalaciones;Enero-diciembre 2022;7.037
Provincia de ALICANTE/ALACANT;7.1.-Robos con fuerza en domicilios;Enero-diciembre 2022;5.966
Provincia de ALICANTE/ALACANT;8. Hurtos;Enero-diciembre 2022;24.285
Provincia de ALICANTE/ALACANT;9. Sustracciones de vehículos;Enero-diciembre 2022;1.204
Provincia de ALICANTE/ALACANT;10. Tráfico de drogas;Enero-diciembre 2022;961
Provincia de ALICANTE/ALACANT;11. Resto de criminalidad convencional;Enero-diciembre 2022;44.123
Provincia de ALICANTE/ALACANT;II. CIBERCRIMINALIDAD (infracciones penales cometidas en/por medio ciber);Enero-diciembre 2022;13.067
Provincia de ALICANTE/ALACANT;12.-Estafas informáticas;Enero-diciembre 2022;11.271
Provincia de ALICANTE/ALACANT;13.-Otros ciberdelitos;Enero-diciembre 2022;1.796
Provincia de ALICANTE/ALACANT;III. TOTAL INFRACCIONES PENALES;Enero-diciembre 2022;94.363
-Municipio de Alcoy/Alcoi;I. CRIMINALIDAD CONVENCIONAL;Enero-diciembre 2022;1.502
-Municipio de Alcoy/Alcoi;1. Homicidios dolosos y asesinatos consumados;Enero-diciembre 2022;2
-Municipio de Alcoy/Alcoi;2. Homicidios dolosos y asesinatos en grado tentativa;Enero-diciembre 2022;2
-Municipio de Alcoy/Alcoi;3. Delitos graves y menos graves de lesiones y riña tumultuaria;Enero-diciembre 2022;16
-Municipio de Alcoy/Alcoi;4. Secuestro;Enero-diciembre 2022;0
-Municipio de Alcoy/Alcoi;5. Delitos contra la libertad sexual;Enero-diciembre 2022;28
-Municipio de Alcoy/Alcoi;5.1.-Agresión sexual con penetración;Enero-diciembre 2022;6
-Municipio de Alcoy/Alcoi;5.2.-Resto de delitos contra la libertad sexual;Enero-diciembre 2022;22
-Municipio de Alcoy/Alcoi;6. Robos con violencia e intimidación;Enero-diciembre 2022;29
-Municipio de Alcoy/Alcoi;7. Robos con fuerza en domicilios, establecimientos y otras instalaciones;Enero-diciembre 2022;124
-Municipio de Alcoy/Alcoi;7.1.-Robos con fuerza en domicilios;Enero-diciembre 2022;106
-Municipio de Alcoy/Alcoi;8. Hurtos;Enero-diciembre 2022;381
-Municipio de Alcoy/Alcoi;9. Sustracciones de vehículos;Enero-diciembre 2022;25
-Municipio de Alcoy/Alcoi;10. Tráfico de drogas;Enero-diciembre 2022;8
-Municipio de Alcoy/Alcoi;11. Resto de criminalidad convencional;Enero-diciembre 2022;887
-Municipio de Alcoy/Alcoi;II. CIBERCRIMINALIDAD (infracciones penales cometidas en/por medio ciber);Enero-diciembre 2022;543
-Municipio de Alcoy/Alcoi;12.-Estafas informáticas;Enero-diciembre 2022;466
-Municipio de Alcoy/Alcoi;13.-Otros ciberdelitos;Enero-diciembre 2022;77
-Municipio de Alcoy/Alcoi;III. TOTAL INFRACCIONES PENALES;Enero-diciembre 2022;2.045
-Municipio de L'Alfàs del Pi;I. CRIMINALIDAD CONVENCIONAL;Enero-diciembre 2022;941
-Municipio de L'Alfàs del Pi;1. Homicidios dolosos y asesinatos consumados;Enero-diciembre 2022;0
-Municipio de L'Alfàs del Pi;2. Homicidios dolosos y asesinatos en grado tentativa;Enero-diciembre 2022;0
-Municipio de L'Alfàs del Pi;3. Delitos graves y menos graves de lesiones y riña tumultuaria;Enero-diciembre 2022;12
-Municipio de L'Alfàs del Pi;4. Secuestro;Enero-diciembre 2022;0
-Municipio de L'Alfàs del Pi;5. Delitos contra la libertad sexual;Enero-diciembre 2022;6
-Municipio de L'Alfàs del Pi;5.1.-Agresión sexual con penetración;Enero-diciembre 2022;2
-Municipio de L'Alfàs del Pi;5.2.-Resto de delitos contra la libertad sexual;Enero-diciembre 2022;4
-Municipio de L'Alfàs del Pi;6. Robos con violencia e intimidación;Enero-diciembre 2022;13
-Municipio de L'Alfàs del Pi;7. Robos con fuerza en domicilios, establecimientos y otras instalaciones;Enero-diciembre 2022;94
-Municipio de L'Alfàs del Pi;7.1.-Robos con fuerza en domicilios;Enero-diciembre 2022;80
-Municipio de L'Alfàs del Pi;8. Hurtos;Enero-diciembre 2022;366
-Municipio de L'Alfàs del Pi;9. Sustracciones de vehículos;Enero-diciembre 2022;20
-Municipio de L'Alfàs del Pi;10. Tráfico de drogas;Enero-diciembre 2022;4
-Municipio de L'Alfàs del Pi;11. Resto de criminalidad convencional;Enero-diciembre 2022;426
-Municipio de L'Alfàs del Pi;II. CIBERCRIMINALIDAD (infracciones penales cometidas en/por medio ciber);Enero-diciembre 2022;78
-Municipio de L'Alfàs del Pi;12.-Estafas informáticas;Enero-diciembre 2022;70
-Municipio de L'Alfàs del Pi;13.-Otros ciberdelitos;Enero-diciembre 2022;8
-Municipio de L'Alfàs del Pi;III. TOTAL INFRACCIONES PENALES;Enero-diciembre 2022;1.019
-Municipio de Alicante/Alacant;I. CRIMINALIDAD CONVENCIONAL;Enero-diciembre 2022;17.745
-Municipio de Alicante/Alacant;1. Homicidios dolosos y asesinatos consumados;Enero-diciembre 2022;1
-Municipio de Alicante/Alacant;2. Homicidios dolosos y asesinatos en grado tentativa;Enero-diciembre 2022;20
-Municipio de Alicante/Alacant;3. Delitos graves y menos graves de lesiones y riña tumultuaria;Enero-diciembre 2022;207
-Municipio de Alicante/Alacant;4. Secuestro;Enero-diciembre 2022;0
-Municipio de Alicante/Alacant;5. Delitos contra la libertad sexual;Enero-diciembre 2022;218
-Municipio de Alicante/Alacant;5.1.-Agresión sexual con penetración;Enero-diciembre 2022;39
-Municipio de Alicante/Alacant;5.2.-Resto de delitos contra la libertad sexual;Enero-diciembre 2022;179
-Municipio de Alicante/Alacant;6. Robos con violencia e intimidación;Enero-diciembre 2022;534
-Municipio de Alicante/Alacant;7. Robos con fuerza en domicilios, establecimientos y otras instalaciones;Enero-diciembre 2022;716
-Municipio de Alicante/Alacant;7.1.-Robos con fuerza en domicilios;Enero-diciembre 2022;557
-Municipio de Alicante/Alacant;8. Hurtos;Enero-diciembre 2022;6.441
-Municipio de Alicante/Alacant;9. Sustracciones de vehículos;Enero-diciembre 2022;346
-Municipio de Alicante/Alacant;10. Tráfico de drogas;Enero-diciembre 2022;334
-Municipio de Alicante/Alacant;11. Resto de criminalidad convencional;Enero-diciembre 2022;8.928
-Municipio de Alicante/Alacant;II. CIBERCRIMINALIDAD (infracciones penales cometidas en/por medio ciber);Enero-diciembre 2022;3.476
-Municipio de Alicante/Alacant;12.-Estafas informáticas;Enero-diciembre 2022;2.950
-Municipio de Alicante/Alacant;13.-Otros ciberdelitos;Enero-diciembre 2022;526
-Municipio de Alicante/Alacant;III. TOTAL INFRACCIONES PENALES;Enero-diciembre 2022;21.221
-Municipio de Almoradí;I. CRIMINALIDAD CONVENCIONAL;Enero-diciembre 2022;891
-Municipio de Almoradí;1. Homicidios dolosos y asesinatos consumados;Enero-diciembre 2022;0
-Municipio de Almoradí;2. Homicidios dolosos y asesinatos en grado tentativa;Enero-diciembre 2022;0
-Municipio de Almoradí;3. Delitos graves y menos graves de lesiones y riña tumultuaria;Enero-diciembre 2022;12
-Municipio de Almoradí;4. Secuestro;Enero-diciembre 2022;0
-Municipio de Almoradí;5. Delitos contra la libertad sexual;Enero-diciembre 2022;12
-Municipio de Almoradí;5.1.-Agresión sexual con penetración;Enero-diciembre 2022;1
-Municipio de Almoradí;5.2.-Resto de delitos contra la libertad sexual;Enero-diciembre 2022;11
-Municipio de Almoradí;6. Robos con violencia e intimidación;Enero-diciembre 2022;23
-Municipio de Almoradí;7. Robos con fuerza en domicilios, establecimientos y otras instalaciones;Enero-diciembre 2022;45
-Municipio de Almoradí;7.1.-Robos con fuerza en domicilios;Enero-diciembre 2022;38
-Municipio de Almoradí;8. Hurtos;Enero-diciembre 2022;196
-Municipio de Almoradí;9. Sustracciones de vehículos;Enero-diciembre 2022;5
-Municipio de Almoradí;10. Tráfico de drogas;Enero-diciembre 2022;12
-Municipio de Almoradí;11. Resto de criminalidad convencional;Enero-diciembre 2022;586
-Municipio de Almoradí;II. CIBERCRIMINALIDAD (infracciones penales cometidas en/por medio ciber);Enero-diciembre 2022;129
-Municipio de Almoradí;12.-Estafas informáticas;Enero-diciembre 2022;110
-Municipio de Almoradí;13.-Otros ciberdelitos;Enero-diciembre 2022;19
-Municipio de Almoradí;III. TOTAL INFRACCIONES PENALES;Enero-diciembre 2022;1.020
-Municipio de Altea;I. CRIMINALIDAD CONVENCIONAL;Enero-diciembre 2022;1.303
-Municipio de Altea;1. Homicidios dolosos y asesinatos consumados;Enero-diciembre 2022;0
-Municipio de Altea;2. Homicidios dolosos y asesinatos en grado tentativa;Enero-diciembre 2022;0
-Municipio de Altea;3. Delitos graves y menos graves de lesiones y riña tumultuaria;Enero-diciembre 2022;10
-Municipio de Altea;4. Secuestro;Enero-diciembre 2022;0
-Municipio de Altea;5. Delitos contra la libertad sexual;Enero-diciembre 2022;6
-Municipio de Altea;5.1.-Agresión sexual con penetración;Enero-diciembre 2022;1
-Municipio de Altea;5.2.-Resto de delitos contra la libertad sexual;Enero-diciembre 2022;5
-Municipio de Altea;6. Robos con violencia e intimidación;Enero-diciembre 2022;25
-Municipio de Altea;7. Robos con fuerza en domicilios, establecimientos y otras instalaciones;Enero-diciembre 2022;205
-Municipio de Altea;7.1.-Robos con fuerza en domicilios;Enero-diciembre 2022;178
-Municipio de Altea;8. Hurtos;Enero-diciembre 2022;350
-Municipio de Altea;9. Sustracciones de vehículos;Enero-diciembre 2022;14
-Municipio de Altea;10. Tráfico de drogas;Enero-diciembre 2022;6
-Municipio de Altea;11. Resto de criminalidad convencional;Enero-diciembre 2022;687
-Municipio de Altea;II. CIBERCRIMINALIDAD (infracciones penales cometidas en/por medio ciber);Enero-diciembre 2022;107
-Municipio de Altea;12.-Estafas informáticas;Enero-diciembre 2022;94
-Municipio de Altea;13.-Otros ciberdelitos;Enero-diciembre 2022;13
-Municipio de Altea;III. TOTAL INFRACCIONES PENALES;Enero-diciembre 2022;1.410
-Municipio de Aspe;I. CRIMINALIDAD CONVENCIONAL;Enero-diciembre 2022;573
-Municipio de Aspe;1. Homicidios dolosos y asesinatos consumados;Enero-diciembre 2022;0
-Municipio de Aspe;2. Homicidios dolosos y asesinatos en grado tentativa;Enero-diciembre 2022;0
-Municipio de Aspe;3. Delitos graves y menos graves de lesiones y riña tumultuaria;Enero-diciembre 2022;6
-Municipio de Aspe;4. Secuestro;Enero-diciembre 2022;0
-Municipio de Aspe;5. Delitos contra la libertad sexual;Enero-diciembre 2022;3
-Municipio de Aspe;5.1.-Agresión sexual con penetración;Enero-diciembre 2022;1
-Municipio de Aspe;5.2.-Resto de delitos contra la libertad sexual;Enero-diciembre 2022;2
-Municipio de Aspe;6. Robos con violencia e intimidación;Enero-diciembre 2022;5
-Municipio de Aspe;7. Robos con fuerza en domicilios, establecimientos y otras instalaciones;Enero-diciembre 2022;71
-Municipio de Aspe;7.1.-Robos con fuerza en domicilios;Enero-diciembre 2022;65
-Municipio de Aspe;8. Hurtos;Enero-diciembre 2022;98
-Municipio de Aspe;9. Sustracciones de vehículos;Enero-diciembre 2022;3
-Municipio de Aspe;10. Tráfico de drogas;Enero-diciembre 2022;5
-Municipio de Aspe;11. Resto de criminalidad convencional;Enero-diciembre 2022;382
-Municipio de Aspe;II. CIBERCRIMINALIDAD (infracciones penales cometidas en/por medio ciber);Enero-diciembre 2022;90
-Municipio de Aspe;12.-Estafas informáticas;Enero-diciembre 2022;68
-Municipio de Aspe;13.-Otros ciberdelitos;Enero-diciembre 2022;22
-Municipio de Aspe;III. TOTAL INFRACCIONES PENALES;Enero-diciembre 2022;663
-Municipio de Benidorm;I. CRIMINALIDAD CONVENCIONAL;Enero-diciembre 2022;4.576
-Municipio de Benidorm;1. Homicidios dolosos y asesinatos consumados;Enero-diciembre 2022;2
-Municipio de Benidorm;2. Homicidios dolosos y asesinatos en grado tentativa;Enero-diciembre 2022;1
-Municipio de Benidorm;3. Delitos graves y menos graves de lesiones y riña tumultuaria;Enero-diciembre 2022;129
-Municipio de Benidorm;4. Secuestro;Enero-diciembre 2022;1
-Municipio de Benidorm;5. Delitos contra la libertad sexual;Enero-diciembre 2022;49
-Municipio de Benidorm;5.1.-Agresión sexual con penetración;Enero-diciembre 2022;19
-Municipio de Benidorm;5.2.-Resto de delitos contra la libertad sexual;Enero-diciembre 2022;30
-Municipio de Benidorm;6. Robos con violencia e intimidación;Enero-diciembre 2022;98
-Municipio de Benidorm;7. Robos con fuerza en domicilios, establecimientos y otras instalaciones;Enero-diciembre 2022;164
-Municipio de Benidorm;7.1.-Robos con fuerza en domicilios;Enero-diciembre 2022;102
-Municipio de Benidorm;8. Hurtos;Enero-diciembre 2022;1.854
-Municipio de Benidorm;9. Sustracciones de vehículos;Enero-diciembre 2022;55
-Municipio de Benidorm;10. Tráfico de drogas;Enero-diciembre 2022;116
-Municipio de Benidorm;11. Resto de criminalidad convencional;Enero-diciembre 2022;2.107
-Municipio de Benidorm;II. CIBERCRIMINALIDAD (infracciones penales cometidas en/por medio ciber);Enero-diciembre 2022;661
-Municipio de Benidorm;12.-Estafas informáticas;Enero-diciembre 2022;595
-Municipio de Benidorm;13.-Otros ciberdelitos;Enero-diciembre 2022;66
-Municipio de Benidorm;III. TOTAL INFRACCIONES PENALES;Enero-diciembre 2022;5.237
-Municipio de Calp;I. CRIMINALIDAD CONVENCIONAL;Enero-diciembre 2022;1.308
-Municipio de Calp;1. Homicidios dolosos y asesinatos consumados;Enero-diciembre 2022;0
-Municipio de Calp;2. Homicidios dolosos y asesinatos en grado tentativa;Enero-diciembre 2022;1
-Municipio de Calp;3. Delitos graves y menos graves de lesiones y riña tumultuaria;Enero-diciembre 2022;19
-Municipio de Calp;4. Secuestro;Enero-diciembre 2022;0
-Municipio de Calp;5. Delitos contra la libertad sexual;Enero-diciembre 2022;12
-Municipio de Calp;5.1.-Agresión sexual con penetración;Enero-diciembre 2022;0
-Municipio de Calp;5.2.-Resto de delitos contra la libertad sexual;Enero-diciembre 2022;12
-Municipio de Calp;6. Robos con violencia e intimidación;Enero-diciembre 2022;17
-Municipio de Calp;7. Robos con fuerza en domicilios, establecimientos y otras instalaciones;Enero-diciembre 2022;123
-Municipio de Calp;7.1.-Robos con fuerza en domicilios;Enero-diciembre 2022;115
-Municipio de Calp;8. Hurtos;Enero-diciembre 2022;377
-Municipio de Calp;9. Sustracciones de vehículos;Enero-diciembre 2022;5
-Municipio de Calp;10. Tráfico de drogas;Enero-diciembre 2022;5
-Municipio de Calp;11. Resto de criminalidad convencional;Enero-diciembre 2022;749
-Municipio de Calp;II. CIBERCRIMINALIDAD (infracciones penales cometidas en/por medio ciber);Enero-diciembre 2022;226
-Municipio de Calp;12.-Estafas informáticas;Enero-diciembre 2022;202
-Municipio de Calp;13.-Otros ciberdelitos;Enero-diciembre 2022;24
-Municipio de Calp;III. TOTAL INFRACCIONES PENALES;Enero-diciembre 2022;1.534
-Municipio de Campello (el);I. CRIMINALIDAD CONVENCIONAL;Enero-diciembre 2022;1.067
-Municipio de Campello (el);1. Homicidios dolosos y asesinatos consumados;Enero-diciembre 2022;0
-Municipio de Campello (el);2. Homicidios dolosos y asesinatos en grado tentativa;Enero-diciembre 2022;0
-Municipio de Campello (el);3. Delitos graves y menos graves de lesiones y riña tumultuaria;Enero-diciembre 2022;8
-Municipio de Campello (el);4. Secuestro;Enero-diciembre 2022;1
-Municipio de Campello (el);5. Delitos contra la libertad sexual;Enero-diciembre 2022;6
-Municipio de Campello (el);5.1.-Agresión sexual con penetración;Enero-diciembre 2022;0
-Municipio de Campello (el);5.2.-Resto de delitos contra la libertad sexual;Enero-diciembre 2022;6
-Municipio de Campello (el);6. Robos con violencia e intimidación;Enero-diciembre 2022;6
-Municipio de Campello (el);7. Robos con fuerza en domicilios, establecimientos y otras instalaciones;Enero-diciembre 2022;113
-Municipio de Campello (el);7.1.-Robos con fuerza en domicilios;Enero-diciembre 2022;105
-Municipio de Campello (el);8. Hurtos;Enero-diciembre 2022;270
-Municipio de Campello (el);9. Sustracciones de vehículos;Enero-diciembre 2022;5
-Municipio de Campello (el);10. Tráfico de drogas;Enero-diciembre 2022;8
-Municipio de Campello (el);11. Resto de criminalidad convencional;Enero-diciembre 2022;650
-Municipio de Campello (el);II. CIBERCRIMINALIDAD (infracciones penales cometidas en/por medio ciber);Enero-diciembre 2022;226
-Municipio de Campello (el);12.-Estafas informáticas;Enero-diciembre 2022;207
-Municipio de Campello (el);13.-Otros ciberdelitos;Enero-diciembre 2022;19
-Municipio de Campello (el);III. TOTAL INFRACCIONES PENALES;Enero-diciembre 2022;1.293
-Municipio de Crevillent;I. CRIMINALIDAD CONVENCIONAL;Enero-diciembre 2022;795
-Municipio de Crevillent;1. Homicidios dolosos y asesinatos consumados;Enero-diciembre 2022;0
-Municipio de Crevillent;2. Homicidios dolosos y asesinatos en grado tentativa;Enero-diciembre 2022;0
-Municipio de Crevillent;3. Delitos graves y menos graves de lesiones y riña tumultuaria;Enero-diciembre 2022;14
-Municipio de Crevillent;4. Secuestro;Enero-diciembre 2022;0
-Municipio de Crevillent;5. Delitos contra la libertad sexual;Enero-diciembre 2022;16
-Municipio de Crevillent;5.1.-Agresión sexual con penetración;Enero-diciembre 2022;2
-Municipio de Crevillent;5.2.-Resto de delitos contra la libertad sexual;Enero-diciembre 2022;14
-Municipio de Crevillent;6. Robos con violencia e intimidación;Enero-diciembre 2022;5
-Municipio de Crevillent;7. Robos con fuerza en domicilios, establecimientos y otras instalaciones;Enero-diciembre 2022;42
-Municipio de Crevillent;7.1.-Robos con fuerza en domicilios;Enero-diciembre 2022;32
-Municipio de Crevillent;8. Hurtos;Enero-diciembre 2022;160
-Municipio de Crevillent;9. Sustracciones de vehículos;Enero-diciembre 2022;3
-Municipio de Crevillent;10. Tráfico de drogas;Enero-diciembre 2022;12
-Municipio de Crevillent;11. Resto de criminalidad convencional;Enero-diciembre 2022;543
-Municipio de Crevillent;II. CIBERCRIMINALIDAD (infracciones penales cometidas en/por medio ciber);Enero-diciembre 2022;127
-Municipio de Crevillent;12.-Estafas informáticas;Enero-diciembre 2022;108
-Municipio de Crevillent;13.-Otros ciberdelitos;Enero-diciembre 2022;19
-Municipio de Crevillent;III. TOTAL INFRACCIONES PENALES;Enero-diciembre 2022;922
-Municipio de Dénia;I. CRIMINALIDAD CONVENCIONAL;Enero-diciembre 2022;2.141
-Municipio de Dénia;1. Homicidios dolosos y asesinatos consumados;Enero-diciembre 2022;0
-Municipio de Dénia;2. Homicidios dolosos y asesinatos en grado tentativa;Enero-diciembre 2022;3
-Municipio de Dénia;3. Delitos graves y menos graves de lesiones y riña tumultuaria;Enero-diciembre 2022;44
-Municipio de Dénia;4. Secuestro;Enero-diciembre 2022;0
-Municipio de Dénia;5. Delitos contra la libertad sexual;Enero-diciembre 2022;30
-Municipio de Dénia;5.1.-Agresión sexual con penetración;Enero-diciembre 2022;4
-Municipio de Dénia;5.2.-Resto de delitos contra la libertad sexual;Enero-diciembre 2022;26
-Municipio de Dénia;6. Robos con violencia e intimidación;Enero-diciembre 2022;28
-Municipio de Dénia;7. Robos con fuerza en domicilios, establecimientos y otras instalaciones;Enero-diciembre 2022;235
-Municipio de Dénia;7.1.-Robos con fuerza en domicilios;Enero-diciembre 2022;223
-Municipio de Dénia;8. Hurtos;Enero-diciembre 2022;522
-Municipio de Dénia;9. Sustracciones de vehículos;Enero-diciembre 2022;58
-Municipio de Dénia;10. Tráfico de drogas;Enero-diciembre 2022;15
-Municipio de Dénia;11. Resto de criminalidad convencional;Enero-diciembre 2022;1.206
-Municipio de Dénia;II. CIBERCRIMINALIDAD (infracciones penales cometidas en/por medio ciber);Enero-diciembre 2022;393
-Municipio de Dénia;12.-Estafas informáticas;Enero-diciembre 2022;349
-Municipio de Dénia;13.-Otros ciberdelitos;Enero-diciembre 2022;44
-Municipio de Dénia;III. TOTAL INFRACCIONES PENALES;Enero-diciembre 2022;2.534
-Municipio de Elche/Elx;I. CRIMINALIDAD CONVENCIONAL;Enero-diciembre 2022;7.654
-Municipio de Elche/Elx;1. Homicidios dolosos y asesinatos consumados;Enero-diciembre 2022;4
-Municipio de Elche/Elx;2. Homicidios dolosos y asesinatos en grado tentativa;Enero-diciembre 2022;0
-Municipio de Elche/Elx;3. Delitos graves y menos graves de lesiones y riña tumultuaria;Enero-diciembre 2022;81
-Municipio de Elche/Elx;4. Secuestro;Enero-diciembre 2022;0
-Municipio de Elche/Elx;5. Delitos contra la libertad sexual;Enero-diciembre 2022;86
-Municipio de Elche/Elx;5.1.-Agresión sexual con penetración;Enero-diciembre 2022;19
-Municipio de Elche/Elx;5.2.-Resto de delitos contra la libertad sexual;Enero-diciembre 2022;67
-Municipio de Elche/Elx;6. Robos con violencia e intimidación;Enero-diciembre 2022;141
-Municipio de Elche/Elx;7. Robos con fuerza en domicilios, establecimientos y otras instalaciones;Enero-diciembre 2022;504
-Municipio de Elche/Elx;7.1.-Robos con fuerza en domicilios;Enero-diciembre 2022;393
-Municipio de Elche/Elx;8. Hurtos;Enero-diciembre 2022;2.474
-Municipio de Elche/Elx;9. Sustracciones de vehículos;Enero-diciembre 2022;149
-Municipio de Elche/Elx;10. Tráfico de drogas;Enero-diciembre 2022;126
-Municipio de Elche/Elx;11. Resto de criminalidad convencional;Enero-diciembre 2022;4.089
-Municipio de Elche/Elx;II. CIBERCRIMINALIDAD (infracciones penales cometidas en/por medio ciber);Enero-diciembre 2022;1.386
-Municipio de Elche/Elx;12.-Estafas informáticas;Enero-diciembre 2022;1.187
-Municipio de Elche/Elx;13.-Otros ciberdelitos;Enero-diciembre 2022;199
-Municipio de Elche/Elx;III. TOTAL INFRACCIONES PENALES;Enero-diciembre 2022;9.040
-Municipio de Elda;I. CRIMINALIDAD CONVENCIONAL;Enero-diciembre 2022;1.559
-Municipio de Elda;1. Homicidios dolosos y asesinatos consumados;Enero-diciembre 2022;0
-Municipio de Elda;2. Homicidios dolosos y asesinatos en grado tentativa;Enero-diciembre 2022;7
-Municipio de Elda;3. Delitos graves y menos graves de lesiones y riña tumultuaria;Enero-diciembre 2022;36
-Municipio de Elda;4. Secuestro;Enero-diciembre 2022;0
-Municipio de Elda;5. Delitos contra la libertad sexual;Enero-diciembre 2022;28
-Municipio de Elda;5.1.-Agresión sexual con penetración;Enero-diciembre 2022;1
-Municipio de Elda;5.2.-Resto de delitos contra la libertad sexual;Enero-diciembre 2022;27
-Municipio de Elda;6. Robos con violencia e intimidación;Enero-diciembre 2022;38
-Municipio de Elda;7. Robos con fuerza en domicilios, establecimientos y otras instalaciones;Enero-diciembre 2022;110
-Municipio de Elda;7.1.-Robos con fuerza en domicilios;Enero-diciembre 2022;68
-Municipio de Elda;8. Hurtos;Enero-diciembre 2022;433
-Municipio de Elda;9. Sustracciones de vehículos;Enero-diciembre 2022;27
-Municipio de Elda;10. Tráfico de drogas;Enero-diciembre 2022;34
-Municipio de Elda;11. Resto de criminalidad convencional;Enero-diciembre 2022;846
-Municipio de Elda;II. CIBERCRIMINALIDAD (infracciones penales cometidas en/por medio ciber);Enero-diciembre 2022;382
-Municipio de Elda;12.-Estafas informáticas;Enero-diciembre 2022;325
-Municipio de Elda;13.-Otros ciberdelitos;Enero-diciembre 2022;57
-Municipio de Elda;III. TOTAL INFRACCIONES PENALES;Enero-diciembre 2022;1.941
-Municipio de Ibi;I. CRIMINALIDAD CONVENCIONAL;Enero-diciembre 2022;708
-Municipio de Ibi;1. Homicidios dolosos y asesinatos consumados;Enero-diciembre 2022;0
-Municipio de Ibi;2. Homicidios dolosos y asesinatos en grado tentativa;Enero-diciembre 2022;0
-Municipio de Ibi;3. Delitos graves y menos graves de lesiones y riña tumultuaria;Enero-diciembre 2022;8
-Municipio de Ibi;4. Secuestro;Enero-diciembre 2022;0
-Municipio de Ibi;5. Delitos contra la libertad sexual;Enero-diciembre 2022;11
-Municipio de Ibi;5.1.-Agresión sexual con penetración;Enero-diciembre 2022;0
-Municipio de Ibi;5.2.-Resto de delitos contra la libertad sexual;Enero-diciembre 2022;11
-Municipio de Ibi;6. Robos con violencia e intimidación;Enero-diciembre 2022;3
-Municipio de Ibi;7. Robos con fuerza en domicilios, establecimientos y otras instalaciones;Enero-diciembre 2022;38
-Municipio de Ibi;7.1.-Robos con fuerza en domicilios;Enero-diciembre 2022;22
-Municipio de Ibi;8. Hurtos;Enero-diciembre 2022;176
-Municipio de Ibi;9. Sustracciones de vehículos;Enero-diciembre 2022;3
-Municipio de Ibi;10. Tráfico de drogas;Enero-diciembre 2022;2
-Municipio de Ibi;11. Resto de criminalidad convencional;Enero-diciembre 2022;467
-Municipio de Ibi;II. CIBERCRIMINALIDAD (infracciones penales cometidas en/por medio ciber);Enero-diciembre 2022;171
-Municipio de Ibi;12.-Estafas informáticas;Enero-diciembre 2022;148
-Municipio de Ibi;13.-Otros ciberdelitos;Enero-diciembre 2022;23
-Municipio de Ibi;III. TOTAL INFRACCIONES PENALES;Enero-diciembre 2022;879
-Municipio de Jávea/Xàbia;I. CRIMINALIDAD CONVENCIONAL;Enero-diciembre 2022;1.674
-Municipio de Jávea/Xàbia;1. Homicidios dolosos y asesinatos consumados;Enero-diciembre 2022;0
-Municipio de Jávea/Xàbia;2. Homicidios dolosos y asesinatos en grado tentativa;Enero-diciembre 2022;0
-Municipio de Jávea/Xàbia;3. Delitos graves y menos graves de lesiones y riña tumultuaria;Enero-diciembre 2022;32
-Municipio de Jávea/Xàbia;4. Secuestro;Enero-diciembre 2022;0
-Municipio de Jávea/Xàbia;5. Delitos contra la libertad sexual;Enero-diciembre 2022;9
-Municipio de Jávea/Xàbia;5.1.-Agresión sexual con penetración;Enero-diciembre 2022;2
-Municipio de Jávea/Xàbia;5.2.-Resto de delitos contra la libertad sexual;Enero-diciembre 2022;7
-Municipio de Jávea/Xàbia;6. Robos con violencia e intimidación;Enero-diciembre 2022;38
-Municipio de Jávea/Xàbia;7. Robos con fuerza en domicilios, establecimientos y otras instalaciones;Enero-diciembre 2022;314
-Municipio de Jávea/Xàbia;7.1.-Robos con fuerza en domicilios;Enero-diciembre 2022;283
-Municipio de Jávea/Xàbia;8. Hurtos;Enero-diciembre 2022;420
-Municipio de Jávea/Xàbia;9. Sustracciones de vehículos;Enero-diciembre 2022;31
-Municipio de Jávea/Xàbia;10. Tráfico de drogas;Enero-diciembre 2022;8
-Municipio de Jávea/Xàbia;11. Resto de criminalidad convencional;Enero-diciembre 2022;822
-Municipio de Jávea/Xàbia;II. CIBERCRIMINALIDAD (infracciones penales cometidas en/por medio ciber);Enero-diciembre 2022;171
-Municipio de Jávea/Xàbia;12.-Estafas informáticas;Enero-diciembre 2022;150
-Municipio de Jávea/Xàbia;13.-Otros ciberdelitos;Enero-diciembre 2022;21
-Municipio de Jávea/Xàbia;III. TOTAL INFRACCIONES PENALES;Enero-diciembre 2022;1.845
-Municipio de Mutxamel;I. CRIMINALIDAD CONVENCIONAL;Enero-diciembre 2022;602
-Municipio de Mutxamel;1. Homicidios dolosos y asesinatos consumados;Enero-diciembre 2022;0
-Municipio de Mutxamel;2. Homicidios dolosos y asesinatos en grado tentativa;Enero-diciembre 2022;0
-Municipio de Mutxamel;3. Delitos graves y menos graves de lesiones y riña tumultuaria;Enero-diciembre 2022;9
-Municipio de Mutxamel;4. Secuestro;Enero-diciembre 2022;0
-Municipio de Mutxamel;5. Delitos contra la libertad sexual;Enero-diciembre 2022;3
-Municipio de Mutxamel;5.1.-Agresión sexual con penetración;Enero-diciembre 2022;0
-Municipio de Mutxamel;5.2.-Resto de delitos contra la libertad sexual;Enero-diciembre 2022;3
-Municipio de Mutxamel;6. Robos con violencia e intimidación;Enero-diciembre 2022;2
-Municipio de Mutxamel;7. Robos con fuerza en domicilios, establecimientos y otras instalaciones;Enero-diciembre 2022;70
-Municipio de Mutxamel;7.1.-Robos con fuerza en domicilios;Enero-diciembre 2022;61
-Municipio de Mutxamel;8. Hurtos;Enero-diciembre 2022;88
-Municipio de Mutxamel;9. Sustracciones de vehículos;Enero-diciembre 2022;10
-Municipio de Mutxamel;10. Tráfico de drogas;Enero-diciembre 2022;10
-Municipio de Mutxamel;11. Resto de criminalidad convencional;Enero-diciembre 2022;410
-Municipio de Mutxamel;II. CIBERCRIMINALIDAD (infracciones penales cometidas en/por medio ciber);Enero-diciembre 2022;158
-Municipio de Mutxamel;12.-Estafas informáticas;Enero-diciembre 2022;134
-Municipio de Mutxamel;13.-Otros ciberdelitos;Enero-diciembre 2022;24
-Municipio de Mutxamel;III. TOTAL INFRACCIONES PENALES;Enero-diciembre 2022;760
-Municipio de Novelda;I. CRIMINALIDAD CONVENCIONAL;Enero-diciembre 2022;614
-Municipio de Novelda;1. Homicidios dolosos y asesinatos consumados;Enero-diciembre 2022;0
-Municipio de Novelda;2. Homicidios dolosos y asesinatos en grado tentativa;Enero-diciembre 2022;1
-Municipio de Novelda;3. Delitos graves y menos graves de lesiones y riña tumultuaria;Enero-diciembre 2022;13
-Municipio de Novelda;4. Secuestro;Enero-diciembre 2022;0
-Municipio de Novelda;5. Delitos contra la libertad sexual;Enero-diciembre 2022;14
-Municipio de Novelda;5.1.-Agresión sexual con penetración;Enero-diciembre 2022;2
-Municipio de Novelda;5.2.-Resto de delitos contra la libertad sexual;Enero-diciembre 2022;12
-Municipio de Novelda;6. Robos con violencia e intimidación;Enero-diciembre 2022;6
-Municipio de Novelda;7. Robos con fuerza en domicilios, establecimientos y otras instalaciones;Enero-diciembre 2022;56
-Municipio de Novelda;7.1.-Robos con fuerza en domicilios;Enero-diciembre 2022;45
-Municipio de Novelda;8. Hurtos;Enero-diciembre 2022;110
-Municipio de Novelda;9. Sustracciones de vehículos;Enero-diciembre 2022;3
-Municipio de Novelda;10. Tráfico de drogas;Enero-diciembre 2022;0
-Municipio de Novelda;11. Resto de criminalidad convencional;Enero-diciembre 2022;411
-Municipio de Novelda;II. CIBERCRIMINALIDAD (infracciones penales cometidas en/por medio ciber);Enero-diciembre 2022;49
-Municipio de Novelda;12.-Estafas informáticas;Enero-diciembre 2022;41
-Municipio de Novelda;13.-Otros ciberdelitos;Enero-diciembre 2022;8
-Municipio de Novelda;III. TOTAL INFRACCIONES PENALES;Enero-diciembre 2022;663
-Municipio de Orihuela;I. CRIMINALIDAD CONVENCIONAL;Enero-diciembre 2022;3.880
-Municipio de Orihuela;1. Homicidios dolosos y asesinatos consumados;Enero-diciembre 2022;1
-Municipio de Orihuela;2. Homicidios dolosos y asesinatos en grado tentativa;Enero-diciembre 2022;5
-Municipio de Orihuela;3. Delitos graves y menos graves de lesiones y riña tumultuaria;Enero-diciembre 2022;52
-Municipio de Orihuela;4. Secuestro;Enero-diciembre 2022;0
-Municipio de Orihuela;5. Delitos contra la libertad sexual;Enero-diciembre 2022;26
-Municipio de Orihuela;5.1.-Agresión sexual con penetración;Enero-diciembre 2022;6
-Municipio de Orihuela;5.2.-Resto de delitos contra la libertad sexual;Enero-diciembre 2022;20
-Municipio de Orihuela;6. Robos con violencia e intimidación;Enero-diciembre 2022;59
-Municipio de Orihuela;7. Robos con fuerza en domicilios, establecimientos y otras instalaciones;Enero-diciembre 2022;611
-Municipio de Orihuela;7.1.-Robos con fuerza en domicilios;Enero-diciembre 2022;555
-Municipio de Orihuela;8. Hurtos;Enero-diciembre 2022;1.122
-Municipio de Orihuela;9. Sustracciones de vehículos;Enero-diciembre 2022;69
-Municipio de Orihuela;10. Tráfico de drogas;Enero-diciembre 2022;39
-Municipio de Orihuela;11. Resto de criminalidad convencional;Enero-diciembre 2022;1.896
-Municipio de Orihuela;II. CIBERCRIMINALIDAD (infracciones penales cometidas en/por medio ciber);Enero-diciembre 2022;378
-Municipio de Orihuela;12.-Estafas informáticas;Enero-diciembre 2022;333
-Municipio de Orihuela;13.-Otros ciberdelitos;Enero-diciembre 2022;45
-Municipio de Orihuela;III. TOTAL INFRACCIONES PENALES;Enero-diciembre 2022;4.258
-Municipio de Petrer;I. CRIMINALIDAD CONVENCIONAL;Enero-diciembre 2022;766
-Municipio de Petrer;1. Homicidios dolosos y asesinatos consumados;Enero-diciembre 2022;0
-Municipio de Petrer;2. Homicidios dolosos y asesinatos en grado tentativa;Enero-diciembre 2022;1
-Municipio de Petrer;3. Delitos graves y menos graves de lesiones y riña tumultuaria;Enero-diciembre 2022;10
-Municipio de Petrer;4. Secuestro;Enero-diciembre 2022;0
-Municipio de Petrer;5. Delitos contra la libertad sexual;Enero-diciembre 2022;7
-Municipio de Petrer;5.1.-Agresión sexual con penetración;Enero-diciembre 2022;2
-Municipio de Petrer;5.2.-Resto de delitos contra la libertad sexual;Enero-diciembre 2022;5
-Municipio de Petrer;6. Robos con violencia e intimidación;Enero-diciembre 2022;26
-Municipio de Petrer;7. Robos con fuerza en domicilios, establecimientos y otras instalaciones;Enero-diciembre 2022;87
-Municipio de Petrer;7.1.-Robos con fuerza en domicilios;Enero-diciembre 2022;67
-Municipio de Petrer;8. Hurtos;Enero-diciembre 2022;246
-Municipio de Petrer;9. Sustracciones de vehículos;Enero-diciembre 2022;15
-Municipio de Petrer;10. Tráfico de drogas;Enero-diciembre 2022;11
-Municipio de Petrer;11. Resto de criminalidad convencional;Enero-diciembre 2022;363
-Municipio de Petrer;II. CIBERCRIMINALIDAD (infracciones penales cometidas en/por medio ciber);Enero-diciembre 2022;218
-Municipio de Petrer;12.-Estafas informáticas;Enero-diciembre 2022;186
-Municipio de Petrer;13.-Otros ciberdelitos;Enero-diciembre 2022;32
-Municipio de Petrer;III. TOTAL INFRACCIONES PENALES;Enero-diciembre 2022;984
-Municipio de Pilar de la Horadada;I. CRIMINALIDAD CONVENCIONAL;Enero-diciembre 2022;1.465
-Municipio de Pilar de la Horadada;1. Homicidios dolosos y asesinatos consumados;Enero-diciembre 2022;0
-Municipio de Pilar de la Horadada;2. Homicidios dolosos y asesinatos en grado tentativa;Enero-diciembre 2022;1
-Municipio de Pilar de la Horadada;3. Delitos graves y menos graves de lesiones y riña tumultuaria;Enero-diciembre 2022;21
-Municipio de Pilar de la Horadada;4. Secuestro;Enero-diciembre 2022;0
-Municipio de Pilar de la Horadada;5. Delitos contra la libertad sexual;Enero-diciembre 2022;15
-Municipio de Pilar de la Horadada;5.1.-Agresión sexual con penetración;Enero-diciembre 2022;1
-Municipio de Pilar de la Horadada;5.2.-Resto de delitos contra la libertad sexual;Enero-diciembre 2022;14
-Municipio de Pilar de la Horadada;6. Robos con violencia e intimidación;Enero-diciembre 2022;21
-Municipio de Pilar de la Horadada;7. Robos con fuerza en domicilios, establecimientos y otras instalaciones;Enero-diciembre 2022;199
-Municipio de Pilar de la Horadada;7.1.-Robos con fuerza en domicilios;Enero-diciembre 2022;168
-Municipio de Pilar de la Horadada;8. Hurtos;Enero-diciembre 2022;493
-Municipio de Pilar de la Horadada;9. Sustracciones de vehículos;Enero-diciembre 2022;17
-Municipio de Pilar de la Horadada;10. Tráfico de drogas;Enero-diciembre 2022;9
-Municipio de Pilar de la Horadada;11. Resto de criminalidad convencional;Enero-diciembre 2022;689
-Municipio de Pilar de la Horadada;II. CIBERCRIMINALIDAD (infracciones penales cometidas en/por medio ciber);Enero-diciembre 2022;115
-Municipio de Pilar de la Horadada;12.-Estafas informáticas;Enero-diciembre 2022;98
-Municipio de Pilar de la Horadada;13.-Otros ciberdelitos;Enero-diciembre 2022;17
-Municipio de Pilar de la Horadada;III. TOTAL INFRACCIONES PENALES;Enero-diciembre 2022;1.580
-Municipio de Sant Joan d'Alacant;I. CRIMINALIDAD CONVENCIONAL;Enero-diciembre 2022;878
-Municipio de Sant Joan d'Alacant;1. Homicidios dolosos y asesinatos consumados;Enero-diciembre 2022;0
-Municipio de Sant Joan d'Alacant;2. Homicidios dolosos y asesinatos en grado tentativa;Enero-diciembre 2022;0
-Municipio de Sant Joan d'Alacant;3. Delitos graves y menos graves de lesiones y riña tumultuaria;Enero-diciembre 2022;13
-Municipio de Sant Joan d'Alacant;4. Secuestro;Enero-diciembre 2022;0
-Municipio de Sant Joan d'Alacant;5. Delitos contra la libertad sexual;Enero-diciembre 2022;7
-Municipio de Sant Joan d'Alacant;5.1.-Agresión sexual con penetración;Enero-diciembre 2022;1
-Municipio de Sant Joan d'Alacant;5.2.-Resto de delitos contra la libertad sexual;Enero-diciembre 2022;6
-Municipio de Sant Joan d'Alacant;6. Robos con violencia e intimidación;Enero-diciembre 2022;4
-Municipio de Sant Joan d'Alacant;7. Robos con fuerza en domicilios, establecimientos y otras instalaciones;Enero-diciembre 2022;51
-Municipio de Sant Joan d'Alacant;7.1.-Robos con fuerza en domicilios;Enero-diciembre 2022;40
-Municipio de Sant Joan d'Alacant;8. Hurtos;Enero-diciembre 2022;281
-Municipio de Sant Joan d'Alacant;9. Sustracciones de vehículos;Enero-diciembre 2022;6
-Municipio de Sant Joan d'Alacant;10. Tráfico de drogas;Enero-diciembre 2022;3
-Municipio de Sant Joan d'Alacant;11. Resto de criminalidad convencional;Enero-diciembre 2022;513
-Municipio de Sant Joan d'Alacant;II. CIBERCRIMINALIDAD (infracciones penales cometidas en/por medio ciber);Enero-diciembre 2022;185
-Municipio de Sant Joan d'Alacant;12.-Estafas informáticas;Enero-diciembre 2022;162
-Municipio de Sant Joan d'Alacant;13.-Otros ciberdelitos;Enero-diciembre 2022;23
-Municipio de Sant Joan d'Alacant;III. TOTAL INFRACCIONES PENALES;Enero-diciembre 2022;1.063
-Municipio de Santa Pola;I. CRIMINALIDAD CONVENCIONAL;Enero-diciembre 2022;1.680
-Municipio de Santa Pola;1. Homicidios dolosos y asesinatos consumados;Enero-diciembre 2022;0
-Municipio de Santa Pola;2. Homicidios dolosos y asesinatos en grado tentativa;Enero-diciembre 2022;0
-Municipio de Santa Pola;3. Delitos graves y menos graves de lesiones y riña tumultuaria;Enero-diciembre 2022;18
-Municipio de Santa Pola;4. Secuestro;Enero-diciembre 2022;0
-Municipio de Santa Pola;5. Delitos contra la libertad sexual;Enero-diciembre 2022;27
-Municipio de Santa Pola;5.1.-Agresión sexual con penetración;Enero-diciembre 2022;8
-Municipio de Santa Pola;5.2.-Resto de delitos contra la libertad sexual;Enero-diciembre 2022;19
-Municipio de Santa Pola;6. Robos con violencia e intimidación;Enero-diciembre 2022;19
-Municipio de Santa Pola;7. Robos con fuerza en domicilios, establecimientos y otras instalaciones;Enero-diciembre 2022;123
-Municipio de Santa Pola;7.1.-Robos con fuerza en domicilios;Enero-diciembre 2022;92
-Municipio de Santa Pola;8. Hurtos;Enero-diciembre 2022;521
-Municipio de Santa Pola;9. Sustracciones de vehículos;Enero-diciembre 2022;20
-Municipio de Santa Pola;10. Tráfico de drogas;Enero-diciembre 2022;4
-Municipio de Santa Pola;11. Resto de criminalidad convencional;Enero-diciembre 2022;948
-Municipio de Santa Pola;II. CIBERCRIMINALIDAD (infracciones penales cometidas en/por medio ciber);Enero-diciembre 2022;361
-Municipio de Santa Pola;12.-Estafas informáticas;Enero-diciembre 2022;323
-Municipio de Santa Pola;13.-Otros ciberdelitos;Enero-diciembre 2022;38
-Municipio de Santa Pola;III. TOTAL INFRACCIONES PENALES;Enero-diciembre 2022;2.041
-Municipio de San Vicente del Raspeig/Sant Vicent del Raspeig;I. CRIMINALIDAD CONVENCIONAL;Enero-diciembre 2022;1.937
-Municipio de San Vicente del Raspeig/Sant Vicent del Raspeig;1. Homicidios dolosos y asesinatos consumados;Enero-diciembre 2022;0
-Municipio de San Vicente del Raspeig/Sant Vicent del Raspeig;2. Homicidios dolosos y asesinatos en grado tentativa;Enero-diciembre 2022;1
-Municipio de San Vicente del Raspeig/Sant Vicent del Raspeig;3. Delitos graves y menos graves de lesiones y riña tumultuaria;Enero-diciembre 2022;25
-Municipio de San Vicente del Raspeig/Sant Vicent del Raspeig;4. Secuestro;Enero-diciembre 2022;1
-Municipio de San Vicente del Raspeig/Sant Vicent del Raspeig;5. Delitos contra la libertad sexual;Enero-diciembre 2022;44
-Municipio de San Vicente del Raspeig/Sant Vicent del Raspeig;5.1.-Agresión sexual con penetración;Enero-diciembre 2022;11
-Municipio de San Vicente del Raspeig/Sant Vicent del Raspeig;5.2.-Resto de delitos contra la libertad sexual;Enero-diciembre 2022;33
-Municipio de San Vicente del Raspeig/Sant Vicent del Raspeig;6. Robos con violencia e intimidación;Enero-diciembre 2022;40
-Municipio de San Vicente del Raspeig/Sant Vicent del Raspeig;7. Robos con fuerza en domicilios, establecimientos y otras instalaciones;Enero-diciembre 2022;90
-Municipio de San Vicente del Raspeig/Sant Vicent del Raspeig;7.1.-Robos con fuerza en domicilios;Enero-diciembre 2022;75
-Municipio de San Vicente del Raspeig/Sant Vicent del Raspeig;8. Hurtos;Enero-diciembre 2022;577
-Municipio de San Vicente del Raspeig/Sant Vicent del Raspeig;9. Sustracciones de vehículos;Enero-diciembre 2022;21
-Municipio de San Vicente del Raspeig/Sant Vicent del Raspeig;10. Tráfico de drogas;Enero-diciembre 2022;9
-Municipio de San Vicente del Raspeig/Sant Vicent del Raspeig;11. Resto de criminalidad convencional;Enero-diciembre 2022;1.129
-Municipio de San Vicente del Raspeig/Sant Vicent del Raspeig;II. CIBERCRIMINALIDAD (infracciones penales cometidas en/por medio ciber);Enero-diciembre 2022;318
-Municipio de San Vicente del Raspeig/Sant Vicent del Raspeig;12.-Estafas informáticas;Enero-diciembre 2022;260
-Municipio de San Vicente del Raspeig/Sant Vicent del Raspeig;13.-Otros ciberdelitos;Enero-diciembre 2022;58
-Municipio de San Vicente del Raspeig/Sant Vicent del Raspeig;III. TOTAL INFRACCIONES PENALES;Enero-diciembre 2022;2.255
-Municipio de Torrevieja;I. CRIMINALIDAD CONVENCIONAL;Enero-diciembre 2022;7.371
-Municipio de Torrevieja;1. Homicidios dolosos y asesinatos consumados;Enero-diciembre 2022;0
-Municipio de Torrevieja;2. Homicidios dolosos y asesinatos en grado tentativa;Enero-diciembre 2022;2
-Municipio de Torrevieja;3. Delitos graves y menos graves de lesiones y riña tumultuaria;Enero-diciembre 2022;104
-Municipio de Torrevieja;4. Secuestro;Enero-diciembre 2022;1
-Municipio de Torrevieja;5. Delitos contra la libertad sexual;Enero-diciembre 2022;74
-Municipio de Torrevieja;5.1.-Agresión sexual con penetración;Enero-diciembre 2022;11
-Municipio de Torrevieja;5.2.-Resto de delitos contra la libertad sexual;Enero-diciembre 2022;63
-Municipio de Torrevieja;6. Robos con violencia e intimidación;Enero-diciembre 2022;160
-Municipio de Torrevieja;7. Robos con fuerza en domicilios, establecimientos y otras instalaciones;Enero-diciembre 2022;611
-Municipio de Torrevieja;7.1.-Robos con fuerza en domicilios;Enero-diciembre 2022;537
-Municipio de Torrevieja;8. Hurtos;Enero-diciembre 2022;2.150
-Municipio de Torrevieja;9. Sustracciones de vehículos;Enero-diciembre 2022;108
-Municipio de Torrevieja;10. Tráfico de drogas;Enero-diciembre 2022;48
-Municipio de Torrevieja;11. Resto de criminalidad convencional;Enero-diciembre 2022;4.113
-Municipio de Torrevieja;II. CIBERCRIMINALIDAD (infracciones penales cometidas en/por medio ciber);Enero-diciembre 2022;484
-Municipio de Torrevieja;12.-Estafas informáticas;Enero-diciembre 2022;416
-Municipio de Torrevieja;13.-Otros ciberdelitos;Enero-diciembre 2022;68
-Municipio de Torrevieja;III. TOTAL INFRACCIONES PENALES;Enero-diciembre 2022;7.855
-Municipio de Villajoyosa/Vila Joiosa (la);I. CRIMINALIDAD CONVENCIONAL;Enero-diciembre 2022;1.703
-Municipio de Villajoyosa/Vila Joiosa (la);1. Homicidios dolosos y asesinatos consumados;Enero-diciembre 2022;0
-Municipio de Villajoyosa/Vila Joiosa (la);2. Homicidios dolosos y asesinatos en grado tentativa;Enero-diciembre 2022;0
-Municipio de Villajoyosa/Vila Joiosa (la);3. Delitos graves y menos graves de lesiones y riña tumultuaria;Enero-diciembre 2022;18
-Municipio de Villajoyosa/Vila Joiosa (la);4. Secuestro;Enero-diciembre 2022;0
-Municipio de Villajoyosa/Vila Joiosa (la);5. Delitos contra la libertad sexual;Enero-diciembre 2022;14
-Municipio de Villajoyosa/Vila Joiosa (la);5.1.-Agresión sexual con penetración;Enero-diciembre 2022;2
-Municipio de Villajoyosa/Vila Joiosa (la);5.2.-Resto de delitos contra la libertad sexual;Enero-diciembre 2022;12
-Municipio de Villajoyosa/Vila Joiosa (la);6. Robos con violencia e intimidación;Enero-diciembre 2022;22
-Municipio de Villajoyosa/Vila Joiosa (la);7. Robos con fuerza en domicilios, establecimientos y otras instalaciones;Enero-diciembre 2022;74
-Municipio de Villajoyosa/Vila Joiosa (la);7.1.-Robos con fuerza en domicilios;Enero-diciembre 2022;60
-Municipio de Villajoyosa/Vila Joiosa (la);8. Hurtos;Enero-diciembre 2022;452
-Municipio de Villajoyosa/Vila Joiosa (la);9. Sustracciones de vehículos;Enero-diciembre 2022;13
-Municipio de Villajoyosa/Vila Joiosa (la);10. Tráfico de drogas;Enero-diciembre 2022;13
-Municipio de Villajoyosa/Vila Joiosa (la);11. Resto de criminalidad convencional;Enero-diciembre 2022;1.097
-Municipio de Villajoyosa/Vila Joiosa (la);II. CIBERCRIMINALIDAD (infracciones penales cometidas en/por medio ciber);Enero-diciembre 2022;202
-Municipio de Villajoyosa/Vila Joiosa (la);12.-Estafas informáticas;Enero-diciembre 2022;183
-Municipio de Villajoyosa/Vila Joiosa (la);13.-Otros ciberdelitos;Enero-diciembre 2022;19
-Municipio de Villajoyosa/Vila Joiosa (la);III. TOTAL INFRACCIONES PENALES;Enero-diciembre 2022;1.905
-Municipio de Villena;I. CRIMINALIDAD CONVENCIONAL;Enero-diciembre 2022;963
-Municipio de Villena;1. Homicidios dolosos y asesinatos consumados;Enero-diciembre 2022;0
-Municipio de Villena;2. Homicidios dolosos y asesinatos en grado tentativa;Enero-diciembre 2022;0
-Municipio de Villena;3. Delitos graves y menos graves de lesiones y riña tumultuaria;Enero-diciembre 2022;17
-Municipio de Villena;4. Secuestro;Enero-diciembre 2022;0
-Municipio de Villena;5. Delitos contra la libertad sexual;Enero-diciembre 2022;11
-Municipio de Villena;5.1.-Agresión sexual con penetración;Enero-diciembre 2022;1
-Municipio de Villena;5.2.-Resto de delitos contra la libertad sexual;Enero-diciembre 2022;10
-Municipio de Villena;6. Robos con violencia e intimidación;Enero-diciembre 2022;19
-Municipio de Villena;7. Robos con fuerza en domicilios, establecimientos y otras instalaciones;Enero-diciembre 2022;59
-Municipio de Villena;7.1.-Robos con fuerza en domicilios;Enero-diciembre 2022;48
-Municipio de Villena;8. Hurtos;Enero-diciembre 2022;237
-Municipio de Villena;9. Sustracciones de vehículos;Enero-diciembre 2022;4
-Municipio de Villena;10. Tráfico de drogas;Enero-diciembre 2022;15
-Municipio de Villena;11. Resto de criminalidad convencional;Enero-diciembre 2022;601
-Municipio de Villena;II. CIBERCRIMINALIDAD (infracciones penales cometidas en/por medio ciber);Enero-diciembre 2022;218
-Municipio de Villena;12.-Estafas informáticas;Enero-diciembre 2022;191
-Municipio de Villena;13.-Otros ciberdelitos;Enero-diciembre 2022;27
-Municipio de Villena;III. TOTAL INFRACCIONES PENALES;Enero-diciembre 2022;1.181
Provincia de CASTELLÓN/CASTELLÓ;I. CRIMINALIDAD CONVENCIONAL;Enero-diciembre 2022;23.136
Provincia de CASTELLÓN/CASTELLÓ;1. Homicidios dolosos y asesinatos consumados;Enero-diciembre 2022;2
Provincia de CASTELLÓN/CASTELLÓ;2. Homicidios dolosos y asesinatos en grado tentativa;Enero-diciembre 2022;15
Provincia de CASTELLÓN/CASTELLÓ;3. Delitos graves y menos graves de lesiones y riña tumultuaria;Enero-diciembre 2022;449
Provincia de CASTELLÓN/CASTELLÓ;4. Secuestro;Enero-diciembre 2022;1
Provincia de CASTELLÓN/CASTELLÓ;5. Delitos contra la libertad sexual;Enero-diciembre 2022;244
Provincia de CASTELLÓN/CASTELLÓ;5.1.-Agresión sexual con penetración;Enero-diciembre 2022;30
Provincia de CASTELLÓN/CASTELLÓ;5.2.-Resto de delitos contra la libertad sexual;Enero-diciembre 2022;214
Provincia de CASTELLÓN/CASTELLÓ;6. Robos con violencia e intimidación;Enero-diciembre 2022;410
Provincia de CASTELLÓN/CASTELLÓ;7. Robos con fuerza en domicilios, establecimientos y otras instalaciones;Enero-diciembre 2022;2.150
Provincia de CASTELLÓN/CASTELLÓ;7.1.-Robos con fuerza en domicilios;Enero-diciembre 2022;1.699
Provincia de CASTELLÓN/CASTELLÓ;8. Hurtos;Enero-diciembre 2022;6.363
Provincia de CASTELLÓN/CASTELLÓ;9. Sustracciones de vehículos;Enero-diciembre 2022;241
Provincia de CASTELLÓN/CASTELLÓ;10. Tráfico de drogas;Enero-diciembre 2022;117
Provincia de CASTELLÓN/CASTELLÓ;11. Resto de criminalidad convencional;Enero-diciembre 2022;13.144
Provincia de CASTELLÓN/CASTELLÓ;II. CIBERCRIMINALIDAD (infracciones penales cometidas en/por medio ciber);Enero-diciembre 2022;2.636
Provincia de CASTELLÓN/CASTELLÓ;12.-Estafas informáticas;Enero-diciembre 2022;2.197
Provincia de CASTELLÓN/CASTELLÓ;13.-Otros ciberdelitos;Enero-diciembre 2022;439
Provincia de CASTELLÓN/CASTELLÓ;III. TOTAL INFRACCIONES PENALES;Enero-diciembre 2022;25.772
-Municipio de Almassora;I. CRIMINALIDAD CONVENCIONAL;Enero-diciembre 2022;1.196
-Municipio de Almassora;1. Homicidios dolosos y asesinatos consumados;Enero-diciembre 2022;0
-Municipio de Almassora;2. Homicidios dolosos y asesinatos en grado tentativa;Enero-diciembre 2022;1
-Municipio de Almassora;3. Delitos graves y menos graves de lesiones y riña tumultuaria;Enero-diciembre 2022;15
-Municipio de Almassora;4. Secuestro;Enero-diciembre 2022;0
-Municipio de Almassora;5. Delitos contra la libertad sexual;Enero-diciembre 2022;10
-Municipio de Almassora;5.1.-Agresión sexual con penetración;Enero-diciembre 2022;2
-Municipio de Almassora;5.2.-Resto de delitos contra la libertad sexual;Enero-diciembre 2022;8
-Municipio de Almassora;6. Robos con violencia e intimidación;Enero-diciembre 2022;16
-Municipio de Almassora;7. Robos con fuerza en domicilios, establecimientos y otras instalaciones;Enero-diciembre 2022;109
-Municipio de Almassora;7.1.-Robos con fuerza en domicilios;Enero-diciembre 2022;90
-Municipio de Almassora;8. Hurtos;Enero-diciembre 2022;225
-Municipio de Almassora;9. Sustracciones de vehículos;Enero-diciembre 2022;22
-Municipio de Almassora;10. Tráfico de drogas;Enero-diciembre 2022;7
-Municipio de Almassora;11. Resto de criminalidad convencional;Enero-diciembre 2022;791
-Municipio de Almassora;II. CIBERCRIMINALIDAD (infracciones penales cometidas en/por medio ciber);Enero-diciembre 2022;110
-Municipio de Almassora;12.-Estafas informáticas;Enero-diciembre 2022;88
-Municipio de Almassora;13.-Otros ciberdelitos;Enero-diciembre 2022;22
-Municipio de Almassora;III. TOTAL INFRACCIONES PENALES;Enero-diciembre 2022;1.306
-Municipio de Benicarló;I. CRIMINALIDAD CONVENCIONAL;Enero-diciembre 2022;1.532
-Municipio de Benicarló;1. Homicidios dolosos y asesinatos consumados;Enero-diciembre 2022;0
-Municipio de Benicarló;2. Homicidios dolosos y asesinatos en grado tentativa;Enero-diciembre 2022;1
-Municipio de Benicarló;3. Delitos graves y menos graves de lesiones y riña tumultuaria;Enero-diciembre 2022;25
-Municipio de Benicarló;4. Secuestro;Enero-diciembre 2022;0
-Municipio de Benicarló;5. Delitos contra la libertad sexual;Enero-diciembre 2022;12
-Municipio de Benicarló;5.1.-Agresión sexual con penetración;Enero-diciembre 2022;3
-Municipio de Benicarló;5.2.-Resto de delitos contra la libertad sexual;Enero-diciembre 2022;9
-Municipio de Benicarló;6. Robos con violencia e intimidación;Enero-diciembre 2022;30
-Municipio de Benicarló;7. Robos con fuerza en domicilios, establecimientos y otras instalaciones;Enero-diciembre 2022;121
-Municipio de Benicarló;7.1.-Robos con fuerza en domicilios;Enero-diciembre 2022;106
-Municipio de Benicarló;8. Hurtos;Enero-diciembre 2022;472
-Municipio de Benicarló;9. Sustracciones de vehículos;Enero-diciembre 2022;4
-Municipio de Benicarló;10. Tráfico de drogas;Enero-diciembre 2022;8
-Municipio de Benicarló;11. Resto de criminalidad convencional;Enero-diciembre 2022;859
-Municipio de Benicarló;II. CIBERCRIMINALIDAD (infracciones penales cometidas en/por medio ciber);Enero-diciembre 2022;124
-Municipio de Benicarló;12.-Estafas informáticas;Enero-diciembre 2022;101
-Municipio de Benicarló;13.-Otros ciberdelitos;Enero-diciembre 2022;23
-Municipio de Benicarló;III. TOTAL INFRACCIONES PENALES;Enero-diciembre 2022;1.656
-Municipio de Borriana/Burriana;I. CRIMINALIDAD CONVENCIONAL;Enero-diciembre 2022;2.148
-Municipio de Borriana/Burriana;1. Homicidios dolosos y asesinatos consumados;Enero-diciembre 2022;0
-Municipio de Borriana/Burriana;2. Homicidios dolosos y asesinatos en grado tentativa;Enero-diciembre 2022;1
-Municipio de Borriana/Burriana;3. Delitos graves y menos graves de lesiones y riña tumultuaria;Enero-diciembre 2022;67
-Municipio de Borriana/Burriana;4. Secuestro;Enero-diciembre 2022;1
-Municipio de Borriana/Burriana;5. Delitos contra la libertad sexual;Enero-diciembre 2022;31
-Municipio de Borriana/Burriana;5.1.-Agresión sexual con penetración;Enero-diciembre 2022;2
-Municipio de Borriana/Burriana;5.2.-Resto de delitos contra la libertad sexual;Enero-diciembre 2022;29
-Municipio de Borriana/Burriana;6. Robos con violencia e intimidación;Enero-diciembre 2022;45
-Municipio de Borriana/Burriana;7. Robos con fuerza en domicilios, establecimientos y otras instalaciones;Enero-diciembre 2022;135
-Municipio de Borriana/Burriana;7.1.-Robos con fuerza en domicilios;Enero-diciembre 2022;106
-Municipio de Borriana/Burriana;8. Hurtos;Enero-diciembre 2022;622
-Municipio de Borriana/Burriana;9. Sustracciones de vehículos;Enero-diciembre 2022;6
-Municipio de Borriana/Burriana;10. Tráfico de drogas;Enero-diciembre 2022;11
-Municipio de Borriana/Burriana;11. Resto de criminalidad convencional;Enero-diciembre 2022;1.229
-Municipio de Borriana/Burriana;II. CIBERCRIMINALIDAD (infracciones penales cometidas en/por medio ciber);Enero-diciembre 2022;127
-Municipio de Borriana/Burriana;12.-Estafas informáticas;Enero-diciembre 2022;106
-Municipio de Borriana/Burriana;13.-Otros ciberdelitos;Enero-diciembre 2022;21
-Municipio de Borriana/Burriana;III. TOTAL INFRACCIONES PENALES;Enero-diciembre 2022;2.275
-Municipio de Castellón de la Plana/Castelló de la Plana;I. CRIMINALIDAD CONVENCIONAL;Enero-diciembre 2022;5.445
-Municipio de Castellón de la Plana/Castelló de la Plana;1. Homicidios dolosos y asesinatos consumados;Enero-diciembre 2022;1
-Municipio de Castellón de la Plana/Castelló de la Plana;2. Homicidios dolosos y asesinatos en grado tentativa;Enero-diciembre 2022;3
-Municipio de Castellón de la Plana/Castelló de la Plana;3. Delitos graves y menos graves de lesiones y riña tumultuaria;Enero-diciembre 2022;87
-Municipio de Castellón de la Plana/Castelló de la Plana;4. Secuestro;Enero-diciembre 2022;0
-Municipio de Castellón de la Plana/Castelló de la Plana;5. Delitos contra la libertad sexual;Enero-diciembre 2022;70
-Municipio de Castellón de la Plana/Castelló de la Plana;5.1.-Agresión sexual con penetración;Enero-diciembre 2022;8
-Municipio de Castellón de la Plana/Castelló de la Plana;5.2.-Resto de delitos contra la libertad sexual;Enero-diciembre 2022;62
-Municipio de Castellón de la Plana/Castelló de la Plana;6. Robos con violencia e intimidación;Enero-diciembre 2022;161
-Municipio de Castellón de la Plana/Castelló de la Plana;7. Robos con fuerza en domicilios, establecimientos y otras instalaciones;Enero-diciembre 2022;516
-Municipio de Castellón de la Plana/Castelló de la Plana;7.1.-Robos con fuerza en domicilios;Enero-diciembre 2022;379
-Municipio de Castellón de la Plana/Castelló de la Plana;8. Hurtos;Enero-diciembre 2022;1.954
-Municipio de Castellón de la Plana/Castelló de la Plana;9. Sustracciones de vehículos;Enero-diciembre 2022;102
-Municipio de Castellón de la Plana/Castelló de la Plana;10. Tráfico de drogas;Enero-diciembre 2022;37
-Municipio de Castellón de la Plana/Castelló de la Plana;11. Resto de criminalidad convencional;Enero-diciembre 2022;2.514
-Municipio de Castellón de la Plana/Castelló de la Plana;II. CIBERCRIMINALIDAD (infracciones penales cometidas en/por medio ciber);Enero-diciembre 2022;892
-Municipio de Castellón de la Plana/Castelló de la Plana;12.-Estafas informáticas;Enero-diciembre 2022;777
-Municipio de Castellón de la Plana/Castelló de la Plana;13.-Otros ciberdelitos;Enero-diciembre 2022;115
-Municipio de Castellón de la Plana/Castelló de la Plana;III. TOTAL INFRACCIONES PENALES;Enero-diciembre 2022;6.337
-Municipio de Onda;I. CRIMINALIDAD CONVENCIONAL;Enero-diciembre 2022;938
-Municipio de Onda;1. Homicidios dolosos y asesinatos consumados;Enero-diciembre 2022;0
-Municipio de Onda;2. Homicidios dolosos y asesinatos en grado tentativa;Enero-diciembre 2022;0
-Municipio de Onda;3. Delitos graves y menos graves de lesiones y riña tumultuaria;Enero-diciembre 2022;30
-Municipio de Onda;4. Secuestro;Enero-diciembre 2022;0
-Municipio de Onda;5. Delitos contra la libertad sexual;Enero-diciembre 2022;10
-Municipio de Onda;5.1.-Agresión sexual con penetración;Enero-diciembre 2022;1
-Municipio de Onda;5.2.-Resto de delitos contra la libertad sexual;Enero-diciembre 2022;9
-Municipio de Onda;6. Robos con violencia e intimidación;Enero-diciembre 2022;8
-Municipio de Onda;7. Robos con fuerza en domicilios, establecimientos y otras instalaciones;Enero-diciembre 2022;76
-Municipio de Onda;7.1.-Robos con fuerza en domicilios;Enero-diciembre 2022;58
-Municipio de Onda;8. Hurtos;Enero-diciembre 2022;150
-Municipio de Onda;9. Sustracciones de vehículos;Enero-diciembre 2022;8
-Municipio de Onda;10. Tráfico de drogas;Enero-diciembre 2022;10
-Municipio de Onda;11. Resto de criminalidad convencional;Enero-diciembre 2022;646
-Municipio de Onda;II. CIBERCRIMINALIDAD (infracciones penales cometidas en/por medio ciber);Enero-diciembre 2022;131
-Municipio de Onda;12.-Estafas informáticas;Enero-diciembre 2022;112
-Municipio de Onda;13.-Otros ciberdelitos;Enero-diciembre 2022;19
-Municipio de Onda;III. TOTAL INFRACCIONES PENALES;Enero-diciembre 2022;1.069
-Municipio de Vall d'Uixó (la);I. CRIMINALIDAD CONVENCIONAL;Enero-diciembre 2022;1.055
-Municipio de Vall d'Uixó (la);1. Homicidios dolosos y asesinatos consumados;Enero-diciembre 2022;0
-Municipio de Vall d'Uixó (la);2. Homicidios dolosos y asesinatos en grado tentativa;Enero-diciembre 2022;1
-Municipio de Vall d'Uixó (la);3. Delitos graves y menos graves de lesiones y riña tumultuaria;Enero-diciembre 2022;30
-Municipio de Vall d'Uixó (la);4. Secuestro;Enero-diciembre 2022;0
-Municipio de Vall d'Uixó (la);5. Delitos contra la libertad sexual;Enero-diciembre 2022;5
-Municipio de Vall d'Uixó (la);5.1.-Agresión sexual con penetración;Enero-diciembre 2022;0
-Municipio de Vall d'Uixó (la);5.2.-Resto de delitos contra la libertad sexual;Enero-diciembre 2022;5
-Municipio de Vall d'Uixó (la);6. Robos con violencia e intimidación;Enero-diciembre 2022;12
-Municipio de Vall d'Uixó (la);7. Robos con fuerza en domicilios, establecimientos y otras instalaciones;Enero-diciembre 2022;105
-Municipio de Vall d'Uixó (la);7.1.-Robos con fuerza en domicilios;Enero-diciembre 2022;82
-Municipio de Vall d'Uixó (la);8. Hurtos;Enero-diciembre 2022;202
-Municipio de Vall d'Uixó (la);9. Sustracciones de vehículos;Enero-diciembre 2022;2
-Municipio de Vall d'Uixó (la);10. Tráfico de drogas;Enero-diciembre 2022;2
-Municipio de Vall d'Uixó (la);11. Resto de criminalidad convencional;Enero-diciembre 2022;696
-Municipio de Vall d'Uixó (la);II. CIBERCRIMINALIDAD (infracciones penales cometidas en/por medio ciber);Enero-diciembre 2022;101
-Municipio de Vall d'Uixó (la);12.-Estafas informáticas;Enero-diciembre 2022;80
-Municipio de Vall d'Uixó (la);13.-Otros ciberdelitos;Enero-diciembre 2022;21
-Municipio de Vall d'Uixó (la);III. TOTAL INFRACCIONES PENALES;Enero-diciembre 2022;1.156
-Municipio de Vila-real;I. CRIMINALIDAD CONVENCIONAL;Enero-diciembre 2022;1.249
-Municipio de Vila-real;1. Homicidios dolosos y asesinatos consumados;Enero-diciembre 2022;0
-Municipio de Vila-real;2. Homicidios dolosos y asesinatos en grado tentativa;Enero-diciembre 2022;1
-Municipio de Vila-real;3. Delitos graves y menos graves de lesiones y riña tumultuaria;Enero-diciembre 2022;19
-Municipio de Vila-real;4. Secuestro;Enero-diciembre 2022;0
-Municipio de Vila-real;5. Delitos contra la libertad sexual;Enero-diciembre 2022;9
-Municipio de Vila-real;5.1.-Agresión sexual con penetración;Enero-diciembre 2022;1
-Municipio de Vila-real;5.2.-Resto de delitos contra la libertad sexual;Enero-diciembre 2022;8
-Municipio de Vila-real;6. Robos con violencia e intimidación;Enero-diciembre 2022;11
-Municipio de Vila-real;7. Robos con fuerza en domicilios, establecimientos y otras instalaciones;Enero-diciembre 2022;141
-Municipio de Vila-real;7.1.-Robos con fuerza en domicilios;Enero-diciembre 2022;103
-Municipio de Vila-real;8. Hurtos;Enero-diciembre 2022;345
-Municipio de Vila-real;9. Sustracciones de vehículos;Enero-diciembre 2022;39
-Municipio de Vila-real;10. Tráfico de drogas;Enero-diciembre 2022;3
-Municipio de Vila-real;11. Resto de criminalidad convencional;Enero-diciembre 2022;681
-Municipio de Vila-real;II. CIBERCRIMINALIDAD (infracciones penales cometidas en/por medio ciber);Enero-diciembre 2022;266
-Municipio de Vila-real;12.-Estafas informáticas;Enero-diciembre 2022;245
-Municipio de Vila-real;13.-Otros ciberdelitos;Enero-diciembre 2022;21
-Municipio de Vila-real;III. TOTAL INFRACCIONES PENALES;Enero-diciembre 2022;1.515
-Municipio de Vinaròs;I. CRIMINALIDAD CONVENCIONAL;Enero-diciembre 2022;1.475
-Municipio de Vinaròs;1. Homicidios dolosos y asesinatos consumados;Enero-diciembre 2022;1
-Municipio de Vinaròs;2. Homicidios dolosos y asesinatos en grado tentativa;Enero-diciembre 2022;1
-Municipio de Vinaròs;3. Delitos graves y menos graves de lesiones y riña tumultuaria;Enero-diciembre 2022;32
-Municipio de Vinaròs;4. Secuestro;Enero-diciembre 2022;0
-Municipio de Vinaròs;5. Delitos contra la libertad sexual;Enero-diciembre 2022;13
-Municipio de Vinaròs;5.1.-Agresión sexual con penetración;Enero-diciembre 2022;1
-Municipio de Vinaròs;5.2.-Resto de delitos contra la libertad sexual;Enero-diciembre 2022;12
-Municipio de Vinaròs;6. Robos con violencia e intimidación;Enero-diciembre 2022;18
-Municipio de Vinaròs;7. Robos con fuerza en domicilios, establecimientos y otras instalaciones;Enero-diciembre 2022;165
-Municipio de Vinaròs;7.1.-Robos con fuerza en domicilios;Enero-diciembre 2022;139
-Municipio de Vinaròs;8. Hurtos;Enero-diciembre 2022;365
-Municipio de Vinaròs;9. Sustracciones de vehículos;Enero-diciembre 2022;6
-Municipio de Vinaròs;10. Tráfico de drogas;Enero-diciembre 2022;4
-Municipio de Vinaròs;11. Resto de criminalidad convencional;Enero-diciembre 2022;870
-Municipio de Vinaròs;II. CIBERCRIMINALIDAD (infracciones penales cometidas en/por medio ciber);Enero-diciembre 2022;120
-Municipio de Vinaròs;12.-Estafas informáticas;Enero-diciembre 2022;86
-Municipio de Vinaròs;13.-Otros ciberdelitos;Enero-diciembre 2022;34
-Municipio de Vinaròs;III. TOTAL INFRACCIONES PENALES;Enero-diciembre 2022;1.595
Provincia de VALENCIA/VALÈNCIA;I. CRIMINALIDAD CONVENCIONAL;Enero-diciembre 2022;124.615
Provincia de VALENCIA/VALÈNCIA;1. Homicidios dolosos y asesinatos consumados;Enero-diciembre 2022;23
Provincia de VALENCIA/VALÈNCIA;2. Homicidios dolosos y asesinatos en grado tentativa;Enero-diciembre 2022;70
Provincia de VALENCIA/VALÈNCIA;3. Delitos graves y menos graves de lesiones y riña tumultuaria;Enero-diciembre 2022;1.690
Provincia de VALENCIA/VALÈNCIA;4. Secuestro;Enero-diciembre 2022;4
Provincia de VALENCIA/VALÈNCIA;5. Delitos contra la libertad sexual;Enero-diciembre 2022;1.062
Provincia de VALENCIA/VALÈNCIA;5.1.-Agresión sexual con penetración;Enero-diciembre 2022;158
Provincia de VALENCIA/VALÈNCIA;5.2.-Resto de delitos contra la libertad sexual;Enero-diciembre 2022;904
Provincia de VALENCIA/VALÈNCIA;6. Robos con violencia e intimidación;Enero-diciembre 2022;3.674
Provincia de VALENCIA/VALÈNCIA;7. Robos con fuerza en domicilios, establecimientos y otras instalaciones;Enero-diciembre 2022;8.822
Provincia de VALENCIA/VALÈNCIA;7.1.-Robos con fuerza en domicilios;Enero-diciembre 2022;6.920
Provincia de VALENCIA/VALÈNCIA;8. Hurtos;Enero-diciembre 2022;40.669
Provincia de VALENCIA/VALÈNCIA;9. Sustracciones de vehículos;Enero-diciembre 2022;1.760
Provincia de VALENCIA/VALÈNCIA;10. Tráfico de drogas;Enero-diciembre 2022;949
Provincia de VALENCIA/VALÈNCIA;11. Resto de criminalidad convencional;Enero-diciembre 2022;65.892
Provincia de VALENCIA/VALÈNCIA;II. CIBERCRIMINALIDAD (infracciones penales cometidas en/por medio ciber);Enero-diciembre 2022;18.475
Provincia de VALENCIA/VALÈNCIA;12.-Estafas informáticas;Enero-diciembre 2022;15.748
Provincia de VALENCIA/VALÈNCIA;13.-Otros ciberdelitos;Enero-diciembre 2022;2.727
Provincia de VALENCIA/VALÈNCIA;III. TOTAL INFRACCIONES PENALES;Enero-diciembre 2022;143.090
-Municipio de Alaquàs;I. CRIMINALIDAD CONVENCIONAL;Enero-diciembre 2022;879
-Municipio de Alaquàs;1. Homicidios dolosos y asesinatos consumados;Enero-diciembre 2022;0
-Municipio de Alaquàs;2. Homicidios dolosos y asesinatos en grado tentativa;Enero-diciembre 2022;0
-Municipio de Alaquàs;3. Delitos graves y menos graves de lesiones y riña tumultuaria;Enero-diciembre 2022;14
-Municipio de Alaquàs;4. Secuestro;Enero-diciembre 2022;0
-Municipio de Alaquàs;5. Delitos contra la libertad sexual;Enero-diciembre 2022;5
-Municipio de Alaquàs;5.1.-Agresión sexual con penetración;Enero-diciembre 2022;0
-Municipio de Alaquàs;5.2.-Resto de delitos contra la libertad sexual;Enero-diciembre 2022;5
-Municipio de Alaquàs;6. Robos con violencia e intimidación;Enero-diciembre 2022;21
-Municipio de Alaquàs;7. Robos con fuerza en domicilios, establecimientos y otras instalaciones;Enero-diciembre 2022;62
-Municipio de Alaquàs;7.1.-Robos con fuerza en domicilios;Enero-diciembre 2022;37
-Municipio de Alaquàs;8. Hurtos;Enero-diciembre 2022;240
-Municipio de Alaquàs;9. Sustracciones de vehículos;Enero-diciembre 2022;16
-Municipio de Alaquàs;10. Tráfico de drogas;Enero-diciembre 2022;7
-Municipio de Alaquàs;11. Resto de criminalidad convencional;Enero-diciembre 2022;514
-Municipio de Alaquàs;II. CIBERCRIMINALIDAD (infracciones penales cometidas en/por medio ciber);Enero-diciembre 2022;131
-Municipio de Alaquàs;12.-Estafas informáticas;Enero-diciembre 2022;110
-Municipio de Alaquàs;13.-Otros ciberdelitos;Enero-diciembre 2022;21
-Municipio de Alaquàs;III. TOTAL INFRACCIONES PENALES;Enero-diciembre 2022;1.010
-Municipio de Alboraia/Alboraya;I. CRIMINALIDAD CONVENCIONAL;Enero-diciembre 2022;1.316
-Municipio de Alboraia/Alboraya;1. Homicidios dolosos y asesinatos consumados;Enero-diciembre 2022;0
-Municipio de Alboraia/Alboraya;2. Homicidios dolosos y asesinatos en grado tentativa;Enero-diciembre 2022;0
-Municipio de Alboraia/Alboraya;3. Delitos graves y menos graves de lesiones y riña tumultuaria;Enero-diciembre 2022;7
-Municipio de Alboraia/Alboraya;4. Secuestro;Enero-diciembre 2022;0
-Municipio de Alboraia/Alboraya;5. Delitos contra la libertad sexual;Enero-diciembre 2022;5
-Municipio de Alboraia/Alboraya;5.1.-Agresión sexual con penetración;Enero-diciembre 2022;0
-Municipio de Alboraia/Alboraya;5.2.-Resto de delitos contra la libertad sexual;Enero-diciembre 2022;5
-Municipio de Alboraia/Alboraya;6. Robos con violencia e intimidación;Enero-diciembre 2022;35
-Municipio de Alboraia/Alboraya;7. Robos con fuerza en domicilios, establecimientos y otras instalaciones;Enero-diciembre 2022;78
-Municipio de Alboraia/Alboraya;7.1.-Robos con fuerza en domicilios;Enero-diciembre 2022;43
-Municipio de Alboraia/Alboraya;8. Hurtos;Enero-diciembre 2022;529
-Municipio de Alboraia/Alboraya;9. Sustracciones de vehículos;Enero-diciembre 2022;30
-Municipio de Alboraia/Alboraya;10. Tráfico de drogas;Enero-diciembre 2022;5
-Municipio de Alboraia/Alboraya;11. Resto de criminalidad convencional;Enero-diciembre 2022;627
-Municipio de Alboraia/Alboraya;II. CIBERCRIMINALIDAD (infracciones penales cometidas en/por medio ciber);Enero-diciembre 2022;142
-Municipio de Alboraia/Alboraya;12.-Estafas informáticas;Enero-diciembre 2022;123
-Municipio de Alboraia/Alboraya;13.-Otros ciberdelitos;Enero-diciembre 2022;19
-Municipio de Alboraia/Alboraya;III. TOTAL INFRACCIONES PENALES;Enero-diciembre 2022;1.458
-Municipio de Alzira;I. CRIMINALIDAD CONVENCIONAL;Enero-diciembre 2022;1.860
-Municipio de Alzira;1. Homicidios dolosos y asesinatos consumados;Enero-diciembre 2022;1
-Municipio de Alzira;2. Homicidios dolosos y asesinatos en grado tentativa;Enero-diciembre 2022;1
-Municipio de Alzira;3. Delitos graves y menos graves de lesiones y riña tumultuaria;Enero-diciembre 2022;26
-Municipio de Alzira;4. Secuestro;Enero-diciembre 2022;0
-Municipio de Alzira;5. Delitos contra la libertad sexual;Enero-diciembre 2022;9
-Municipio de Alzira;5.1.-Agresión sexual con penetración;Enero-diciembre 2022;2
-Municipio de Alzira;5.2.-Resto de delitos contra la libertad sexual;Enero-diciembre 2022;7
-Municipio de Alzira;6. Robos con violencia e intimidación;Enero-diciembre 2022;39
-Municipio de Alzira;7. Robos con fuerza en domicilios, establecimientos y otras instalaciones;Enero-diciembre 2022;191
-Municipio de Alzira;7.1.-Robos con fuerza en domicilios;Enero-diciembre 2022;165
-Municipio de Alzira;8. Hurtos;Enero-diciembre 2022;474
-Municipio de Alzira;9. Sustracciones de vehículos;Enero-diciembre 2022;22
-Municipio de Alzira;10. Tráfico de drogas;Enero-diciembre 2022;9
-Municipio de Alzira;11. Resto de criminalidad convencional;Enero-diciembre 2022;1.088
-Municipio de Alzira;II. CIBERCRIMINALIDAD (infracciones penales cometidas en/por medio ciber);Enero-diciembre 2022;376
-Municipio de Alzira;12.-Estafas informáticas;Enero-diciembre 2022;328
-Municipio de Alzira;13.-Otros ciberdelitos;Enero-diciembre 2022;48
-Municipio de Alzira;III. TOTAL INFRACCIONES PENALES;Enero-diciembre 2022;2.236
-Municipio de Aldaia;I. CRIMINALIDAD CONVENCIONAL;Enero-diciembre 2022;1.676
-Municipio de Aldaia;1. Homicidios dolosos y asesinatos consumados;Enero-diciembre 2022;0
-Municipio de Aldaia;2. Homicidios dolosos y asesinatos en grado tentativa;Enero-diciembre 2022;0
-Municipio de Aldaia;3. Delitos graves y menos graves de lesiones y riña tumultuaria;Enero-diciembre 2022;12
-Municipio de Aldaia;4. Secuestro;Enero-diciembre 2022;0
-Municipio de Aldaia;5. Delitos contra la libertad sexual;Enero-diciembre 2022;3
-Municipio de Aldaia;5.1.-Agresión sexual con penetración;Enero-diciembre 2022;0
-Municipio de Aldaia;5.2.-Resto de delitos contra la libertad sexual;Enero-diciembre 2022;3
-Municipio de Aldaia;6. Robos con violencia e intimidación;Enero-diciembre 2022;19
-Municipio de Aldaia;7. Robos con fuerza en domicilios, establecimientos y otras instalaciones;Enero-diciembre 2022;45
-Municipio de Aldaia;7.1.-Robos con fuerza en domicilios;Enero-diciembre 2022;28
-Municipio de Aldaia;8. Hurtos;Enero-diciembre 2022;996
-Municipio de Aldaia;9. Sustracciones de vehículos;Enero-diciembre 2022;15
-Municipio de Aldaia;10. Tráfico de drogas;Enero-diciembre 2022;5
-Municipio de Aldaia;11. Resto de criminalidad convencional;Enero-diciembre 2022;581
-Municipio de Aldaia;II. CIBERCRIMINALIDAD (infracciones penales cometidas en/por medio ciber);Enero-diciembre 2022;130
-Municipio de Aldaia;12.-Estafas informáticas;Enero-diciembre 2022;111
-Municipio de Aldaia;13.-Otros ciberdelitos;Enero-diciembre 2022;19
-Municipio de Aldaia;III. TOTAL INFRACCIONES PENALES;Enero-diciembre 2022;1.806
-Municipio de Alfafar;I. CRIMINALIDAD CONVENCIONAL;Enero-diciembre 2022;1.566
-Municipio de Alfafar;1. Homicidios dolosos y asesinatos consumados;Enero-diciembre 2022;0
-Municipio de Alfafar;2. Homicidios dolosos y asesinatos en grado tentativa;Enero-diciembre 2022;0
-Municipio de Alfafar;3. Delitos graves y menos graves de lesiones y riña tumultuaria;Enero-diciembre 2022;20
-Municipio de Alfafar;4. Secuestro;Enero-diciembre 2022;0
-Municipio de Alfafar;5. Delitos contra la libertad sexual;Enero-diciembre 2022;11
-Municipio de Alfafar;5.1.-Agresión sexual con penetración;Enero-diciembre 2022;2
-Municipio de Alfafar;5.2.-Resto de delitos contra la libertad sexual;Enero-diciembre 2022;9
-Municipio de Alfafar;6. Robos con violencia e intimidación;Enero-diciembre 2022;47
-Municipio de Alfafar;7. Robos con fuerza en domicilios, establecimientos y otras instalaciones;Enero-diciembre 2022;48
-Municipio de Alfafar;7.1.-Robos con fuerza en domicilios;Enero-diciembre 2022;34
-Municipio de Alfafar;8. Hurtos;Enero-diciembre 2022;503
-Municipio de Alfafar;9. Sustracciones de vehículos;Enero-diciembre 2022;25
-Municipio de Alfafar;10. Tráfico de drogas;Enero-diciembre 2022;8
-Municipio de Alfafar;11. Resto de criminalidad convencional;Enero-diciembre 2022;904
-Municipio de Alfafar;II. CIBERCRIMINALIDAD (infracciones penales cometidas en/por medio ciber);Enero-diciembre 2022;195
-Municipio de Alfafar;12.-Estafas informáticas;Enero-diciembre 2022;164
-Municipio de Alfafar;13.-Otros ciberdelitos;Enero-diciembre 2022;31
-Municipio de Alfafar;III. TOTAL INFRACCIONES PENALES;Enero-diciembre 2022;1.761
-Municipio de Algemesí;I. CRIMINALIDAD CONVENCIONAL;Enero-diciembre 2022;872
-Municipio de Algemesí;1. Homicidios dolosos y asesinatos consumados;Enero-diciembre 2022;0
-Municipio de Algemesí;2. Homicidios dolosos y asesinatos en grado tentativa;Enero-diciembre 2022;2
-Municipio de Algemesí;3. Delitos graves y menos graves de lesiones y riña tumultuaria;Enero-diciembre 2022;8
-Municipio de Algemesí;4. Secuestro;Enero-diciembre 2022;0
-Municipio de Algemesí;5. Delitos contra la libertad sexual;Enero-diciembre 2022;7
-Municipio de Algemesí;5.1.-Agresión sexual con penetración;Enero-diciembre 2022;0
-Municipio de Algemesí;5.2.-Resto de delitos contra la libertad sexual;Enero-diciembre 2022;7
-Municipio de Algemesí;6. Robos con violencia e intimidación;Enero-diciembre 2022;18
-Municipio de Algemesí;7. Robos con fuerza en domicilios, establecimientos y otras instalaciones;Enero-diciembre 2022;96
-Municipio de Algemesí;7.1.-Robos con fuerza en domicilios;Enero-diciembre 2022;85
-Municipio de Algemesí;8. Hurtos;Enero-diciembre 2022;239
-Municipio de Algemesí;9. Sustracciones de vehículos;Enero-diciembre 2022;6
-Municipio de Algemesí;10. Tráfico de drogas;Enero-diciembre 2022;5
-Municipio de Algemesí;11. Resto de criminalidad convencional;Enero-diciembre 2022;491
-Municipio de Algemesí;II. CIBERCRIMINALIDAD (infracciones penales cometidas en/por medio ciber);Enero-diciembre 2022;205
-Municipio de Algemesí;12.-Estafas informáticas;Enero-diciembre 2022;188
-Municipio de Algemesí;13.-Otros ciberdelitos;Enero-diciembre 2022;17
-Municipio de Algemesí;III. TOTAL INFRACCIONES PENALES;Enero-diciembre 2022;1.077
-Municipio de Bétera;I. CRIMINALIDAD CONVENCIONAL;Enero-diciembre 2022;827
-Municipio de Bétera;1. Homicidios dolosos y asesinatos consumados;Enero-diciembre 2022;0
-Municipio de Bétera;2. Homicidios dolosos y asesinatos en grado tentativa;Enero-diciembre 2022;0
-Municipio de Bétera;3. Delitos graves y menos graves de lesiones y riña tumultuaria;Enero-diciembre 2022;12
-Municipio de Bétera;4. Secuestro;Enero-diciembre 2022;0
-Municipio de Bétera;5. Delitos contra la libertad sexual;Enero-diciembre 2022;8
-Municipio de Bétera;5.1.-Agresión sexual con penetración;Enero-diciembre 2022;3
-Municipio de Bétera;5.2.-Resto de delitos contra la libertad sexual;Enero-diciembre 2022;5
-Municipio de Bétera;6. Robos con violencia e intimidación;Enero-diciembre 2022;22
-Municipio de Bétera;7. Robos con fuerza en domicilios, establecimientos y otras instalaciones;Enero-diciembre 2022;111
-Municipio de Bétera;7.1.-Robos con fuerza en domicilios;Enero-diciembre 2022;105
-Municipio de Bétera;8. Hurtos;Enero-diciembre 2022;137
-Municipio de Bétera;9. Sustracciones de vehículos;Enero-diciembre 2022;8
-Municipio de Bétera;10. Tráfico de drogas;Enero-diciembre 2022;2
-Municipio de Bétera;11. Resto de criminalidad convencional;Enero-diciembre 2022;527
-Municipio de Bétera;II. CIBERCRIMINALIDAD (infracciones penales cometidas en/por medio ciber);Enero-diciembre 2022;187
-Municipio de Bétera;12.-Estafas informáticas;Enero-diciembre 2022;161
-Municipio de Bétera;13.-Otros ciberdelitos;Enero-diciembre 2022;26
-Municipio de Bétera;III. TOTAL INFRACCIONES PENALES;Enero-diciembre 2022;1.014
-Municipio de Burjassot;I. CRIMINALIDAD CONVENCIONAL;Enero-diciembre 2022;1.463
-Municipio de Burjassot;1. Homicidios dolosos y asesinatos consumados;Enero-diciembre 2022;1
-Municipio de Burjassot;2. Homicidios dolosos y asesinatos en grado tentativa;Enero-diciembre 2022;2
-Municipio de Burjassot;3. Delitos graves y menos graves de lesiones y riña tumultuaria;Enero-diciembre 2022;5
-Municipio de Burjassot;4. Secuestro;Enero-diciembre 2022;0
-Municipio de Burjassot;5. Delitos contra la libertad sexual;Enero-diciembre 2022;12
-Municipio de Burjassot;5.1.-Agresión sexual con penetración;Enero-diciembre 2022;5
-Municipio de Burjassot;5.2.-Resto de delitos contra la libertad sexual;Enero-diciembre 2022;7
-Municipio de Burjassot;6. Robos con violencia e intimidación;Enero-diciembre 2022;34
-Municipio de Burjassot;7. Robos con fuerza en domicilios, establecimientos y otras instalaciones;Enero-diciembre 2022;60
-Municipio de Burjassot;7.1.-Robos con fuerza en domicilios;Enero-diciembre 2022;42
-Municipio de Burjassot;8. Hurtos;Enero-diciembre 2022;524
-Municipio de Burjassot;9. Sustracciones de vehículos;Enero-diciembre 2022;23
-Municipio de Burjassot;10. Tráfico de drogas;Enero-diciembre 2022;6
-Municipio de Burjassot;11. Resto de criminalidad convencional;Enero-diciembre 2022;796
-Municipio de Burjassot;II. CIBERCRIMINALIDAD (infracciones penales cometidas en/por medio ciber);Enero-diciembre 2022;314
-Municipio de Burjassot;12.-Estafas informáticas;Enero-diciembre 2022;266
-Municipio de Burjassot;13.-Otros ciberdelitos;Enero-diciembre 2022;48
-Municipio de Burjassot;III. TOTAL INFRACCIONES PENALES;Enero-diciembre 2022;1.777
-Municipio de Carcaixent;I. CRIMINALIDAD CONVENCIONAL;Enero-diciembre 2022;857
-Municipio de Carcaixent;1. Homicidios dolosos y asesinatos consumados;Enero-diciembre 2022;0
-Municipio de Carcaixent;2. Homicidios dolosos y asesinatos en grado tentativa;Enero-diciembre 2022;0
-Municipio de Carcaixent;3. Delitos graves y menos graves de lesiones y riña tumultuaria;Enero-diciembre 2022;12
-Municipio de Carcaixent;4. Secuestro;Enero-diciembre 2022;1
-Municipio de Carcaixent;5. Delitos contra la libertad sexual;Enero-diciembre 2022;9
-Municipio de Carcaixent;5.1.-Agresión sexual con penetración;Enero-diciembre 2022;1
-Municipio de Carcaixent;5.2.-Resto de delitos contra la libertad sexual;Enero-diciembre 2022;8
-Municipio de Carcaixent;6. Robos con violencia e intimidación;Enero-diciembre 2022;14
-Municipio de Carcaixent;7. Robos con fuerza en domicilios, establecimientos y otras instalaciones;Enero-diciembre 2022;63
-Municipio de Carcaixent;7.1.-Robos con fuerza en domicilios;Enero-diciembre 2022;58
-Municipio de Carcaixent;8. Hurtos;Enero-diciembre 2022;251
-Municipio de Carcaixent;9. Sustracciones de vehículos;Enero-diciembre 2022;5
-Municipio de Carcaixent;10. Tráfico de drogas;Enero-diciembre 2022;6
-Municipio de Carcaixent;11. Resto de criminalidad convencional;Enero-diciembre 2022;496
-Municipio de Carcaixent;II. CIBERCRIMINALIDAD (infracciones penales cometidas en/por medio ciber);Enero-diciembre 2022;157
-Municipio de Carcaixent;12.-Estafas informáticas;Enero-diciembre 2022;121
-Municipio de Carcaixent;13.-Otros ciberdelitos;Enero-diciembre 2022;36
-Municipio de Carcaixent;III. TOTAL INFRACCIONES PENALES;Enero-diciembre 2022;1.014
-Municipio de Catarroja;I. CRIMINALIDAD CONVENCIONAL;Enero-diciembre 2022;865
-Municipio de Catarroja;1. Homicidios dolosos y asesinatos consumados;Enero-diciembre 2022;0
-Municipio de Catarroja;2. Homicidios dolosos y asesinatos en grado tentativa;Enero-diciembre 2022;0
-Municipio de Catarroja;3. Delitos graves y menos graves de lesiones y riña tumultuaria;Enero-diciembre 2022;8
-Municipio de Catarroja;4. Secuestro;Enero-diciembre 2022;0
-Municipio de Catarroja;5. Delitos contra la libertad sexual;Enero-diciembre 2022;7
-Municipio de Catarroja;5.1.-Agresión sexual con penetración;Enero-diciembre 2022;1
-Municipio de Catarroja;5.2.-Resto de delitos contra la libertad sexual;Enero-diciembre 2022;6
-Municipio de Catarroja;6. Robos con violencia e intimidación;Enero-diciembre 2022;25
-Municipio de Catarroja;7. Robos con fuerza en domicilios, establecimientos y otras instalaciones;Enero-diciembre 2022;72
-Municipio de Catarroja;7.1.-Robos con fuerza en domicilios;Enero-diciembre 2022;48
-Municipio de Catarroja;8. Hurtos;Enero-diciembre 2022;193
-Municipio de Catarroja;9. Sustracciones de vehículos;Enero-diciembre 2022;17
-Municipio de Catarroja;10. Tráfico de drogas;Enero-diciembre 2022;3
-Municipio de Catarroja;11. Resto de criminalidad convencional;Enero-diciembre 2022;540
-Municipio de Catarroja;II. CIBERCRIMINALIDAD (infracciones penales cometidas en/por medio ciber);Enero-diciembre 2022;177
-Municipio de Catarroja;12.-Estafas informáticas;Enero-diciembre 2022;143
-Municipio de Catarroja;13.-Otros ciberdelitos;Enero-diciembre 2022;34
-Municipio de Catarroja;III. TOTAL INFRACCIONES PENALES;Enero-diciembre 2022;1.042
-Municipio de Cullera;I. CRIMINALIDAD CONVENCIONAL;Enero-diciembre 2022;1.957
-Municipio de Cullera;1. Homicidios dolosos y asesinatos consumados;Enero-diciembre 2022;1
-Municipio de Cullera;2. Homicidios dolosos y asesinatos en grado tentativa;Enero-diciembre 2022;0
-Municipio de Cullera;3. Delitos graves y menos graves de lesiones y riña tumultuaria;Enero-diciembre 2022;33
-Municipio de Cullera;4. Secuestro;Enero-diciembre 2022;0
-Municipio de Cullera;5. Delitos contra la libertad sexual;Enero-diciembre 2022;14
-Municipio de Cullera;5.1.-Agresión sexual con penetración;Enero-diciembre 2022;3
-Municipio de Cullera;5.2.-Resto de delitos contra la libertad sexual;Enero-diciembre 2022;11
-Municipio de Cullera;6. Robos con violencia e intimidación;Enero-diciembre 2022;62
-Municipio de Cullera;7. Robos con fuerza en domicilios, establecimientos y otras instalaciones;Enero-diciembre 2022;85
-Municipio de Cullera;7.1.-Robos con fuerza en domicilios;Enero-diciembre 2022;76
-Municipio de Cullera;8. Hurtos;Enero-diciembre 2022;780
-Municipio de Cullera;9. Sustracciones de vehículos;Enero-diciembre 2022;17
-Municipio de Cullera;10. Tráfico de drogas;Enero-diciembre 2022;15
-Municipio de Cullera;11. Resto de criminalidad convencional;Enero-diciembre 2022;950
-Municipio de Cullera;II. CIBERCRIMINALIDAD (infracciones penales cometidas en/por medio ciber);Enero-diciembre 2022;188
-Municipio de Cullera;12.-Estafas informáticas;Enero-diciembre 2022;160
-Municipio de Cullera;13.-Otros ciberdelitos;Enero-diciembre 2022;28
-Municipio de Cullera;III. TOTAL INFRACCIONES PENALES;Enero-diciembre 2022;2.145
-Municipio de Gandia;I. CRIMINALIDAD CONVENCIONAL;Enero-diciembre 2022;3.884
-Municipio de Gandia;1. Homicidios dolosos y asesinatos consumados;Enero-diciembre 2022;1
-Municipio de Gandia;2. Homicidios dolosos y asesinatos en grado tentativa;Enero-diciembre 2022;1
-Municipio de Gandia;3. Delitos graves y menos graves de lesiones y riña tumultuaria;Enero-diciembre 2022;61
-Municipio de Gandia;4. Secuestro;Enero-diciembre 2022;0
-Municipio de Gandia;5. Delitos contra la libertad sexual;Enero-diciembre 2022;40
-Municipio de Gandia;5.1.-Agresión sexual con penetración;Enero-diciembre 2022;3
-Municipio de Gandia;5.2.-Resto de delitos contra la libertad sexual;Enero-diciembre 2022;37
-Municipio de Gandia;6. Robos con violencia e intimidación;Enero-diciembre 2022;82
-Municipio de Gandia;7. Robos con fuerza en domicilios, establecimientos y otras instalaciones;Enero-diciembre 2022;245
-Municipio de Gandia;7.1.-Robos con fuerza en domicilios;Enero-diciembre 2022;192
-Municipio de Gandia;8. Hurtos;Enero-diciembre 2022;1.092
-Municipio de Gandia;9. Sustracciones de vehículos;Enero-diciembre 2022;99
-Municipio de Gandia;10. Tráfico de drogas;Enero-diciembre 2022;36
-Municipio de Gandia;11. Resto de criminalidad convencional;Enero-diciembre 2022;2.227
-Municipio de Gandia;II. CIBERCRIMINALIDAD (infracciones penales cometidas en/por medio ciber);Enero-diciembre 2022;539
-Municipio de Gandia;12.-Estafas informáticas;Enero-diciembre 2022;493
-Municipio de Gandia;13.-Otros ciberdelitos;Enero-diciembre 2022;46
-Municipio de Gandia;III. TOTAL INFRACCIONES PENALES;Enero-diciembre 2022;4.423
-Municipio de Llíria;I. CRIMINALIDAD CONVENCIONAL;Enero-diciembre 2022;1.155
-Municipio de Llíria;1. Homicidios dolosos y asesinatos consumados;Enero-diciembre 2022;1
-Municipio de Llíria;2. Homicidios dolosos y asesinatos en grado tentativa;Enero-diciembre 2022;2
-Municipio de Llíria;3. Delitos graves y menos graves de lesiones y riña tumultuaria;Enero-diciembre 2022;20
-Municipio de Llíria;4. Secuestro;Enero-diciembre 2022;0
-Municipio de Llíria;5. Delitos contra la libertad sexual;Enero-diciembre 2022;5
-Municipio de Llíria;5.1.-Agresión sexual con penetración;Enero-diciembre 2022;2
-Municipio de Llíria;5.2.-Resto de delitos contra la libertad sexual;Enero-diciembre 2022;3
-Municipio de Llíria;6. Robos con violencia e intimidación;Enero-diciembre 2022;19
-Municipio de Llíria;7. Robos con fuerza en domicilios, establecimientos y otras instalaciones;Enero-diciembre 2022;149
-Municipio de Llíria;7.1.-Robos con fuerza en domicilios;Enero-diciembre 2022;136
-Municipio de Llíria;8. Hurtos;Enero-diciembre 2022;239
-Municipio de Llíria;9. Sustracciones de vehículos;Enero-diciembre 2022;3
-Municipio de Llíria;10. Tráfico de drogas;Enero-diciembre 2022;8
-Municipio de Llíria;11. Resto de criminalidad convencional;Enero-diciembre 2022;709
-Municipio de Llíria;II. CIBERCRIMINALIDAD (infracciones penales cometidas en/por medio ciber);Enero-diciembre 2022;125
-Municipio de Llíria;12.-Estafas informáticas;Enero-diciembre 2022;96
-Municipio de Llíria;13.-Otros ciberdelitos;Enero-diciembre 2022;29
-Municipio de Llíria;III. TOTAL INFRACCIONES PENALES;Enero-diciembre 2022;1.280
-Municipio de Manises;I. CRIMINALIDAD CONVENCIONAL;Enero-diciembre 2022;1.226
-Municipio de Manises;1. Homicidios dolosos y asesinatos consumados;Enero-diciembre 2022;1
-Municipio de Manises;2. Homicidios dolosos y asesinatos en grado tentativa;Enero-diciembre 2022;0
-Municipio de Manises;3. Delitos graves y menos graves de lesiones y riña tumultuaria;Enero-diciembre 2022;14
-Municipio de Manises;4. Secuestro;Enero-diciembre 2022;0
-Municipio de Manises;5. Delitos contra la libertad sexual;Enero-diciembre 2022;5
-Municipio de Manises;5.1.-Agresión sexual con penetración;Enero-diciembre 2022;0
-Municipio de Manises;5.2.-Resto de delitos contra la libertad sexual;Enero-diciembre 2022;5
-Municipio de Manises;6. Robos con violencia e intimidación;Enero-diciembre 2022;22
-Municipio de Manises;7. Robos con fuerza en domicilios, establecimientos y otras instalaciones;Enero-diciembre 2022;60
-Municipio de Manises;7.1.-Robos con fuerza en domicilios;Enero-diciembre 2022;37
-Municipio de Manises;8. Hurtos;Enero-diciembre 2022;387
-Municipio de Manises;9. Sustracciones de vehículos;Enero-diciembre 2022;58
-Municipio de Manises;10. Tráfico de drogas;Enero-diciembre 2022;33
-Municipio de Manises;11. Resto de criminalidad convencional;Enero-diciembre 2022;646
-Municipio de Manises;II. CIBERCRIMINALIDAD (infracciones penales cometidas en/por medio ciber);Enero-diciembre 2022;201
-Municipio de Manises;12.-Estafas informáticas;Enero-diciembre 2022;184
-Municipio de Manises;13.-Otros ciberdelitos;Enero-diciembre 2022;17
-Municipio de Manises;III. TOTAL INFRACCIONES PENALES;Enero-diciembre 2022;1.427
-Municipio de Mislata;I. CRIMINALIDAD CONVENCIONAL;Enero-diciembre 2022;1.101
-Municipio de Mislata;1. Homicidios dolosos y asesinatos consumados;Enero-diciembre 2022;0
-Municipio de Mislata;2. Homicidios dolosos y asesinatos en grado tentativa;Enero-diciembre 2022;3
-Municipio de Mislata;3. Delitos graves y menos graves de lesiones y riña tumultuaria;Enero-diciembre 2022;13
-Municipio de Mislata;4. Secuestro;Enero-diciembre 2022;0
-Municipio de Mislata;5. Delitos contra la libertad sexual;Enero-diciembre 2022;11
-Municipio de Mislata;5.1.-Agresión sexual con penetración;Enero-diciembre 2022;2
-Municipio de Mislata;5.2.-Resto de delitos contra la libertad sexual;Enero-diciembre 2022;9
-Municipio de Mislata;6. Robos con violencia e intimidación;Enero-diciembre 2022;30
-Municipio de Mislata;7. Robos con fuerza en domicilios, establecimientos y otras instalaciones;Enero-diciembre 2022;52
-Municipio de Mislata;7.1.-Robos con fuerza en domicilios;Enero-diciembre 2022;46
-Municipio de Mislata;8. Hurtos;Enero-diciembre 2022;317
-Municipio de Mislata;9. Sustracciones de vehículos;Enero-diciembre 2022;14
-Municipio de Mislata;10. Tráfico de drogas;Enero-diciembre 2022;7
-Municipio de Mislata;11. Resto de criminalidad convencional;Enero-diciembre 2022;654
-Municipio de Mislata;II. CIBERCRIMINALIDAD (infracciones penales cometidas en/por medio ciber);Enero-diciembre 2022;386
-Municipio de Mislata;12.-Estafas informáticas;Enero-diciembre 2022;346
-Municipio de Mislata;13.-Otros ciberdelitos;Enero-diciembre 2022;40
-Municipio de Mislata;III. TOTAL INFRACCIONES PENALES;Enero-diciembre 2022;1.487
-Municipio de Moncada;I. CRIMINALIDAD CONVENCIONAL;Enero-diciembre 2022;755
-Municipio de Moncada;1. Homicidios dolosos y asesinatos consumados;Enero-diciembre 2022;0
-Municipio de Moncada;2. Homicidios dolosos y asesinatos en grado tentativa;Enero-diciembre 2022;0
-Municipio de Moncada;3. Delitos graves y menos graves de lesiones y riña tumultuaria;Enero-diciembre 2022;5
-Municipio de Moncada;4. Secuestro;Enero-diciembre 2022;0
-Municipio de Moncada;5. Delitos contra la libertad sexual;Enero-diciembre 2022;7
-Municipio de Moncada;5.1.-Agresión sexual con penetración;Enero-diciembre 2022;2
-Municipio de Moncada;5.2.-Resto de delitos contra la libertad sexual;Enero-diciembre 2022;5
-Municipio de Moncada;6. Robos con violencia e intimidación;Enero-diciembre 2022;9
-Municipio de Moncada;7. Robos con fuerza en domicilios, establecimientos y otras instalaciones;Enero-diciembre 2022;70
-Municipio de Moncada;7.1.-Robos con fuerza en domicilios;Enero-diciembre 2022;58
-Municipio de Moncada;8. Hurtos;Enero-diciembre 2022;162
-Municipio de Moncada;9. Sustracciones de vehículos;Enero-diciembre 2022;5
-Municipio de Moncada;10. Tráfico de drogas;Enero-diciembre 2022;0
-Municipio de Moncada;11. Resto de criminalidad convencional;Enero-diciembre 2022;497
-Municipio de Moncada;II. CIBERCRIMINALIDAD (infracciones penales cometidas en/por medio ciber);Enero-diciembre 2022;128
-Municipio de Moncada;12.-Estafas informáticas;Enero-diciembre 2022;108
-Municipio de Moncada;13.-Otros ciberdelitos;Enero-diciembre 2022;20
-Municipio de Moncada;III. TOTAL INFRACCIONES PENALES;Enero-diciembre 2022;883
-Municipio de Oliva;I. CRIMINALIDAD CONVENCIONAL;Enero-diciembre 2022;1.083
-Municipio de Oliva;1. Homicidios dolosos y asesinatos consumados;Enero-diciembre 2022;0
-Municipio de Oliva;2. Homicidios dolosos y asesinatos en grado tentativa;Enero-diciembre 2022;2
-Municipio de Oliva;3. Delitos graves y menos graves de lesiones y riña tumultuaria;Enero-diciembre 2022;19
-Municipio de Oliva;4. Secuestro;Enero-diciembre 2022;0
-Municipio de Oliva;5. Delitos contra la libertad sexual;Enero-diciembre 2022;13
-Municipio de Oliva;5.1.-Agresión sexual con penetración;Enero-diciembre 2022;1
-Municipio de Oliva;5.2.-Resto de delitos contra la libertad sexual;Enero-diciembre 2022;12
-Municipio de Oliva;6. Robos con violencia e intimidación;Enero-diciembre 2022;14
-Municipio de Oliva;7. Robos con fuerza en domicilios, establecimientos y otras instalaciones;Enero-diciembre 2022;87
-Municipio de Oliva;7.1.-Robos con fuerza en domicilios;Enero-diciembre 2022;81
-Municipio de Oliva;8. Hurtos;Enero-diciembre 2022;210
-Municipio de Oliva;9. Sustracciones de vehículos;Enero-diciembre 2022;13
-Municipio de Oliva;10. Tráfico de drogas;Enero-diciembre 2022;11
-Municipio de Oliva;11. Resto de criminalidad convencional;Enero-diciembre 2022;714
-Municipio de Oliva;II. CIBERCRIMINALIDAD (infracciones penales cometidas en/por medio ciber);Enero-diciembre 2022;151
-Municipio de Oliva;12.-Estafas informáticas;Enero-diciembre 2022;124
-Municipio de Oliva;13.-Otros ciberdelitos;Enero-diciembre 2022;27
-Municipio de Oliva;III. TOTAL INFRACCIONES PENALES;Enero-diciembre 2022;1.234
-Municipio de Ontinyent;I. CRIMINALIDAD CONVENCIONAL;Enero-diciembre 2022;710
-Municipio de Ontinyent;1. Homicidios dolosos y asesinatos consumados;Enero-diciembre 2022;0
-Municipio de Ontinyent;2. Homicidios dolosos y asesinatos en grado tentativa;Enero-diciembre 2022;0
-Municipio de Ontinyent;3. Delitos graves y menos graves de lesiones y riña tumultuaria;Enero-diciembre 2022;10
-Municipio de Ontinyent;4. Secuestro;Enero-diciembre 2022;0
-Municipio de Ontinyent;5. Delitos contra la libertad sexual;Enero-diciembre 2022;13
-Municipio de Ontinyent;5.1.-Agresión sexual con penetración;Enero-diciembre 2022;3
-Municipio de Ontinyent;5.2.-Resto de delitos contra la libertad sexual;Enero-diciembre 2022;10
-Municipio de Ontinyent;6. Robos con violencia e intimidación;Enero-diciembre 2022;8
-Municipio de Ontinyent;7. Robos con fuerza en domicilios, establecimientos y otras instalaciones;Enero-diciembre 2022;93
-Municipio de Ontinyent;7.1.-Robos con fuerza en domicilios;Enero-diciembre 2022;88
-Municipio de Ontinyent;8. Hurtos;Enero-diciembre 2022;142
-Municipio de Ontinyent;9. Sustracciones de vehículos;Enero-diciembre 2022;11
-Municipio de Ontinyent;10. Tráfico de drogas;Enero-diciembre 2022;10
-Municipio de Ontinyent;11. Resto de criminalidad convencional;Enero-diciembre 2022;423
-Municipio de Ontinyent;II. CIBERCRIMINALIDAD (infracciones penales cometidas en/por medio ciber);Enero-diciembre 2022;229
-Municipio de Ontinyent;12.-Estafas informáticas;Enero-diciembre 2022;209
-Municipio de Ontinyent;13.-Otros ciberdelitos;Enero-diciembre 2022;20
-Municipio de Ontinyent;III. TOTAL INFRACCIONES PENALES;Enero-diciembre 2022;939
-Municipio de Paiporta;I. CRIMINALIDAD CONVENCIONAL;Enero-diciembre 2022;794
-Municipio de Paiporta;1. Homicidios dolosos y asesinatos consumados;Enero-diciembre 2022;0
-Municipio de Paiporta;2. Homicidios dolosos y asesinatos en grado tentativa;Enero-diciembre 2022;0
-Municipio de Paiporta;3. Delitos graves y menos graves de lesiones y riña tumultuaria;Enero-diciembre 2022;14
-Municipio de Paiporta;4. Secuestro;Enero-diciembre 2022;0
-Municipio de Paiporta;5. Delitos contra la libertad sexual;Enero-diciembre 2022;21
-Municipio de Paiporta;5.1.-Agresión sexual con penetración;Enero-diciembre 2022;0
-Municipio de Paiporta;5.2.-Resto de delitos contra la libertad sexual;Enero-diciembre 2022;21
-Municipio de Paiporta;6. Robos con violencia e intimidación;Enero-diciembre 2022;25
-Municipio de Paiporta;7. Robos con fuerza en domicilios, establecimientos y otras instalaciones;Enero-diciembre 2022;65
-Municipio de Paiporta;7.1.-Robos con fuerza en domicilios;Enero-diciembre 2022;40
-Municipio de Paiporta;8. Hurtos;Enero-diciembre 2022;163
-Municipio de Paiporta;9. Sustracciones de vehículos;Enero-diciembre 2022;11
-Municipio de Paiporta;10. Tráfico de drogas;Enero-diciembre 2022;5
-Municipio de Paiporta;11. Resto de criminalidad convencional;Enero-diciembre 2022;490
-Municipio de Paiporta;II. CIBERCRIMINALIDAD (infracciones penales cometidas en/por medio ciber);Enero-diciembre 2022;150
-Municipio de Paiporta;12.-Estafas informáticas;Enero-diciembre 2022;122
-Municipio de Paiporta;13.-Otros ciberdelitos;Enero-diciembre 2022;28
-Municipio de Paiporta;III. TOTAL INFRACCIONES PENALES;Enero-diciembre 2022;944
-Municipio de Paterna;I. CRIMINALIDAD CONVENCIONAL;Enero-diciembre 2022;2.317
-Municipio de Paterna;1. Homicidios dolosos y asesinatos consumados;Enero-diciembre 2022;0
-Municipio de Paterna;2. Homicidios dolosos y asesinatos en grado tentativa;Enero-diciembre 2022;3
-Municipio de Paterna;3. Delitos graves y menos graves de lesiones y riña tumultuaria;Enero-diciembre 2022;29
-Municipio de Paterna;4. Secuestro;Enero-diciembre 2022;1
-Municipio de Paterna;5. Delitos contra la libertad sexual;Enero-diciembre 2022;23
-Municipio de Paterna;5.1.-Agresión sexual con penetración;Enero-diciembre 2022;4
-Municipio de Paterna;5.2.-Resto de delitos contra la libertad sexual;Enero-diciembre 2022;19
-Municipio de Paterna;6. Robos con violencia e intimidación;Enero-diciembre 2022;55
-Municipio de Paterna;7. Robos con fuerza en domicilios, establecimientos y otras instalaciones;Enero-diciembre 2022;208
-Municipio de Paterna;7.1.-Robos con fuerza en domicilios;Enero-diciembre 2022;166
-Municipio de Paterna;8. Hurtos;Enero-diciembre 2022;561
-Municipio de Paterna;9. Sustracciones de vehículos;Enero-diciembre 2022;53
-Municipio de Paterna;10. Tráfico de drogas;Enero-diciembre 2022;21
-Municipio de Paterna;11. Resto de criminalidad convencional;Enero-diciembre 2022;1.363
-Municipio de Paterna;II. CIBERCRIMINALIDAD (infracciones penales cometidas en/por medio ciber);Enero-diciembre 2022;622
-Municipio de Paterna;12.-Estafas informáticas;Enero-diciembre 2022;554
-Municipio de Paterna;13.-Otros ciberdelitos;Enero-diciembre 2022;68
-Municipio de Paterna;III. TOTAL INFRACCIONES PENALES;Enero-diciembre 2022;2.939
-Municipio de Picassent;I. CRIMINALIDAD CONVENCIONAL;Enero-diciembre 2022;929
-Municipio de Picassent;1. Homicidios dolosos y asesinatos consumados;Enero-diciembre 2022;0
-Municipio de Picassent;2. Homicidios dolosos y asesinatos en grado tentativa;Enero-diciembre 2022;0
-Municipio de Picassent;3. Delitos graves y menos graves de lesiones y riña tumultuaria;Enero-diciembre 2022;15
-Municipio de Picassent;4. Secuestro;Enero-diciembre 2022;0
-Municipio de Picassent;5. Delitos contra la libertad sexual;Enero-diciembre 2022;10
-Municipio de Picassent;5.1.-Agresión sexual con penetración;Enero-diciembre 2022;1
-Municipio de Picassent;5.2.-Resto de delitos contra la libertad sexual;Enero-diciembre 2022;9
-Municipio de Picassent;6. Robos con violencia e intimidación;Enero-diciembre 2022;10
-Municipio de Picassent;7. Robos con fuerza en domicilios, establecimientos y otras instalaciones;Enero-diciembre 2022;111
-Municipio de Picassent;7.1.-Robos con fuerza en domicilios;Enero-diciembre 2022;96
-Municipio de Picassent;8. Hurtos;Enero-diciembre 2022;158
-Municipio de Picassent;9. Sustracciones de vehículos;Enero-diciembre 2022;3
-Municipio de Picassent;10. Tráfico de drogas;Enero-diciembre 2022;54
-Municipio de Picassent;11. Resto de criminalidad convencional;Enero-diciembre 2022;568
-Municipio de Picassent;II. CIBERCRIMINALIDAD (infracciones penales cometidas en/por medio ciber);Enero-diciembre 2022;112
-Municipio de Picassent;12.-Estafas informáticas;Enero-diciembre 2022;71
-Municipio de Picassent;13.-Otros ciberdelitos;Enero-diciembre 2022;41
-Municipio de Picassent;III. TOTAL INFRACCIONES PENALES;Enero-diciembre 2022;1.041
-Municipio de Pobla de Vallbona (la);I. CRIMINALIDAD CONVENCIONAL;Enero-diciembre 2022;958
-Municipio de Pobla de Vallbona (la);1. Homicidios dolosos y asesinatos consumados;Enero-diciembre 2022;0
-Municipio de Pobla de Vallbona (la);2. Homicidios dolosos y asesinatos en grado tentativa;Enero-diciembre 2022;0
-Municipio de Pobla de Vallbona (la);3. Delitos graves y menos graves de lesiones y riña tumultuaria;Enero-diciembre 2022;17
-Municipio de Pobla de Vallbona (la);4. Secuestro;Enero-diciembre 2022;0
-Municipio de Pobla de Vallbona (la);5. Delitos contra la libertad sexual;Enero-diciembre 2022;14
-Municipio de Pobla de Vallbona (la);5.1.-Agresión sexual con penetración;Enero-diciembre 2022;3
-Municipio de Pobla de Vallbona (la);5.2.-Resto de delitos contra la libertad sexual;Enero-diciembre 2022;11
-Municipio de Pobla de Vallbona (la);6. Robos con violencia e intimidación;Enero-diciembre 2022;15
-Municipio de Pobla de Vallbona (la);7. Robos con fuerza en domicilios, establecimientos y otras instalaciones;Enero-diciembre 2022;149
-Municipio de Pobla de Vallbona (la);7.1.-Robos con fuerza en domicilios;Enero-diciembre 2022;131
-Municipio de Pobla de Vallbona (la);8. Hurtos;Enero-diciembre 2022;184
-Municipio de Pobla de Vallbona (la);9. Sustracciones de vehículos;Enero-diciembre 2022;8
-Municipio de Pobla de Vallbona (la);10. Tráfico de drogas;Enero-diciembre 2022;6
-Municipio de Pobla de Vallbona (la);11. Resto de criminalidad convencional;Enero-diciembre 2022;565
-Municipio de Pobla de Vallbona (la);II. CIBERCRIMINALIDAD (infracciones penales cometidas en/por medio ciber);Enero-diciembre 2022;144
-Municipio de Pobla de Vallbona (la);12.-Estafas informáticas;Enero-diciembre 2022;117
-Municipio de Pobla de Vallbona (la);13.-Otros ciberdelitos;Enero-diciembre 2022;27
-Municipio de Pobla de Vallbona (la);III. TOTAL INFRACCIONES PENALES;Enero-diciembre 2022;1.102
-Municipio de Requena;I. CRIMINALIDAD CONVENCIONAL;Enero-diciembre 2022;873
-Municipio de Requena;1. Homicidios dolosos y asesinatos consumados;Enero-diciembre 2022;0
-Municipio de Requena;2. Homicidios dolosos y asesinatos en grado tentativa;Enero-diciembre 2022;0
-Municipio de Requena;3. Delitos graves y menos graves de lesiones y riña tumultuaria;Enero-diciembre 2022;23
-Municipio de Requena;4. Secuestro;Enero-diciembre 2022;0
-Municipio de Requena;5. Delitos contra la libertad sexual;Enero-diciembre 2022;15
-Municipio de Requena;5.1.-Agresión sexual con penetración;Enero-diciembre 2022;4
-Municipio de Requena;5.2.-Resto de delitos contra la libertad sexual;Enero-diciembre 2022;11
-Municipio de Requena;6. Robos con violencia e intimidación;Enero-diciembre 2022;8
-Municipio de Requena;7. Robos con fuerza en domicilios, establecimientos y otras instalaciones;Enero-diciembre 2022;79
-Municipio de Requena;7.1.-Robos con fuerza en domicilios;Enero-diciembre 2022;62
-Municipio de Requena;8. Hurtos;Enero-diciembre 2022;157
-Municipio de Requena;9. Sustracciones de vehículos;Enero-diciembre 2022;1
-Municipio de Requena;10. Tráfico de drogas;Enero-diciembre 2022;1
-Municipio de Requena;11. Resto de criminalidad convencional;Enero-diciembre 2022;589
-Municipio de Requena;II. CIBERCRIMINALIDAD (infracciones penales cometidas en/por medio ciber);Enero-diciembre 2022;127
-Municipio de Requena;12.-Estafas informáticas;Enero-diciembre 2022;102
-Municipio de Requena;13.-Otros ciberdelitos;Enero-diciembre 2022;25
-Municipio de Requena;III. TOTAL INFRACCIONES PENALES;Enero-diciembre 2022;1.000
-Municipio de Riba-roja de Túria;I. CRIMINALIDAD CONVENCIONAL;Enero-diciembre 2022;1.191
-Municipio de Riba-roja de Túria;1. Homicidios dolosos y asesinatos consumados;Enero-diciembre 2022;0
-Municipio de Riba-roja de Túria;2. Homicidios dolosos y asesinatos en grado tentativa;Enero-diciembre 2022;0
-Municipio de Riba-roja de Túria;3. Delitos graves y menos graves de lesiones y riña tumultuaria;Enero-diciembre 2022;20
-Municipio de Riba-roja de Túria;4. Secuestro;Enero-diciembre 2022;0
-Municipio de Riba-roja de Túria;5. Delitos contra la libertad sexual;Enero-diciembre 2022;4
-Municipio de Riba-roja de Túria;5.1.-Agresión sexual con penetración;Enero-diciembre 2022;0
-Municipio de Riba-roja de Túria;5.2.-Resto de delitos contra la libertad sexual;Enero-diciembre 2022;4
-Municipio de Riba-roja de Túria;6. Robos con violencia e intimidación;Enero-diciembre 2022;12
-Municipio de Riba-roja de Túria;7. Robos con fuerza en domicilios, establecimientos y otras instalaciones;Enero-diciembre 2022;109
-Municipio de Riba-roja de Túria;7.1.-Robos con fuerza en domicilios;Enero-diciembre 2022;85
-Municipio de Riba-roja de Túria;8. Hurtos;Enero-diciembre 2022;306
-Municipio de Riba-roja de Túria;9. Sustracciones de vehículos;Enero-diciembre 2022;12
-Municipio de Riba-roja de Túria;10. Tráfico de drogas;Enero-diciembre 2022;15
-Municipio de Riba-roja de Túria;11. Resto de criminalidad convencional;Enero-diciembre 2022;713
-Municipio de Riba-roja de Túria;II. CIBERCRIMINALIDAD (infracciones penales cometidas en/por medio ciber);Enero-diciembre 2022;174
-Municipio de Riba-roja de Túria;12.-Estafas informáticas;Enero-diciembre 2022;139
-Municipio de Riba-roja de Túria;13.-Otros ciberdelitos;Enero-diciembre 2022;35
-Municipio de Riba-roja de Túria;III. TOTAL INFRACCIONES PENALES;Enero-diciembre 2022;1.365
-Municipio de Quart de Poblet;I. CRIMINALIDAD CONVENCIONAL;Enero-diciembre 2022;870
-Municipio de Quart de Poblet;1. Homicidios dolosos y asesinatos consumados;Enero-diciembre 2022;0
-Municipio de Quart de Poblet;2. Homicidios dolosos y asesinatos en grado tentativa;Enero-diciembre 2022;0
-Municipio de Quart de Poblet;3. Delitos graves y menos graves de lesiones y riña tumultuaria;Enero-diciembre 2022;6
-Municipio de Quart de Poblet;4. Secuestro;Enero-diciembre 2022;0
-Municipio de Quart de Poblet;5. Delitos contra la libertad sexual;Enero-diciembre 2022;3
-Municipio de Quart de Poblet;5.1.-Agresión sexual con penetración;Enero-diciembre 2022;1
-Municipio de Quart de Poblet;5.2.-Resto de delitos contra la libertad sexual;Enero-diciembre 2022;2
-Municipio de Quart de Poblet;6. Robos con violencia e intimidación;Enero-diciembre 2022;24
-Municipio de Quart de Poblet;7. Robos con fuerza en domicilios, establecimientos y otras instalaciones;Enero-diciembre 2022;33
-Municipio de Quart de Poblet;7.1.-Robos con fuerza en domicilios;Enero-diciembre 2022;17
-Municipio de Quart de Poblet;8. Hurtos;Enero-diciembre 2022;227
-Municipio de Quart de Poblet;9. Sustracciones de vehículos;Enero-diciembre 2022;28
-Municipio de Quart de Poblet;10. Tráfico de drogas;Enero-diciembre 2022;1
-Municipio de Quart de Poblet;11. Resto de criminalidad convencional;Enero-diciembre 2022;548
-Municipio de Quart de Poblet;II. CIBERCRIMINALIDAD (infracciones penales cometidas en/por medio ciber);Enero-diciembre 2022;157
-Municipio de Quart de Poblet;12.-Estafas informáticas;Enero-diciembre 2022;140
-Municipio de Quart de Poblet;13.-Otros ciberdelitos;Enero-diciembre 2022;17
-Municipio de Quart de Poblet;III. TOTAL INFRACCIONES PENALES;Enero-diciembre 2022;1.027
-Municipio de Sagunto/Sagunt;I. CRIMINALIDAD CONVENCIONAL;Enero-diciembre 2022;3.064
-Municipio de Sagunto/Sagunt;1. Homicidios dolosos y asesinatos consumados;Enero-diciembre 2022;0
-Municipio de Sagunto/Sagunt;2. Homicidios dolosos y asesinatos en grado tentativa;Enero-diciembre 2022;1
-Municipio de Sagunto/Sagunt;3. Delitos graves y menos graves de lesiones y riña tumultuaria;Enero-diciembre 2022;47
-Municipio de Sagunto/Sagunt;4. Secuestro;Enero-diciembre 2022;1
-Municipio de Sagunto/Sagunt;5. Delitos contra la libertad sexual;Enero-diciembre 2022;33
-Municipio de Sagunto/Sagunt;5.1.-Agresión sexual con penetración;Enero-diciembre 2022;3
-Municipio de Sagunto/Sagunt;5.2.-Resto de delitos contra la libertad sexual;Enero-diciembre 2022;30
-Municipio de Sagunto/Sagunt;6. Robos con violencia e intimidación;Enero-diciembre 2022;61
-Municipio de Sagunto/Sagunt;7. Robos con fuerza en domicilios, establecimientos y otras instalaciones;Enero-diciembre 2022;199
-Municipio de Sagunto/Sagunt;7.1.-Robos con fuerza en domicilios;Enero-diciembre 2022;164
-Municipio de Sagunto/Sagunt;8. Hurtos;Enero-diciembre 2022;908
-Municipio de Sagunto/Sagunt;9. Sustracciones de vehículos;Enero-diciembre 2022;54
-Municipio de Sagunto/Sagunt;10. Tráfico de drogas;Enero-diciembre 2022;22
-Municipio de Sagunto/Sagunt;11. Resto de criminalidad convencional;Enero-diciembre 2022;1.738
-Municipio de Sagunto/Sagunt;II. CIBERCRIMINALIDAD (infracciones penales cometidas en/por medio ciber);Enero-diciembre 2022;248
-Municipio de Sagunto/Sagunt;12.-Estafas informáticas;Enero-diciembre 2022;174
-Municipio de Sagunto/Sagunt;13.-Otros ciberdelitos;Enero-diciembre 2022;74
-Municipio de Sagunto/Sagunt;III. TOTAL INFRACCIONES PENALES;Enero-diciembre 2022;3.312
-Municipio de Sueca;I. CRIMINALIDAD CONVENCIONAL;Enero-diciembre 2022;1.342
-Municipio de Sueca;1. Homicidios dolosos y asesinatos consumados;Enero-diciembre 2022;1
-Municipio de Sueca;2. Homicidios dolosos y asesinatos en grado tentativa;Enero-diciembre 2022;1
-Municipio de Sueca;3. Delitos graves y menos graves de lesiones y riña tumultuaria;Enero-diciembre 2022;33
-Municipio de Sueca;4. Secuestro;Enero-diciembre 2022;0
-Municipio de Sueca;5. Delitos contra la libertad sexual;Enero-diciembre 2022;16
-Municipio de Sueca;5.1.-Agresión sexual con penetración;Enero-diciembre 2022;6
-Municipio de Sueca;5.2.-Resto de delitos contra la libertad sexual;Enero-diciembre 2022;10
-Municipio de Sueca;6. Robos con violencia e intimidación;Enero-diciembre 2022;16
-Municipio de Sueca;7. Robos con fuerza en domicilios, establecimientos y otras instalaciones;Enero-diciembre 2022;101
-Municipio de Sueca;7.1.-Robos con fuerza en domicilios;Enero-diciembre 2022;88
-Municipio de Sueca;8. Hurtos;Enero-diciembre 2022;291
-Municipio de Sueca;9. Sustracciones de vehículos;Enero-diciembre 2022;6
-Municipio de Sueca;10. Tráfico de drogas;Enero-diciembre 2022;6
-Municipio de Sueca;11. Resto de criminalidad convencional;Enero-diciembre 2022;871
-Municipio de Sueca;II. CIBERCRIMINALIDAD (infracciones penales cometidas en/por medio ciber);Enero-diciembre 2022;197
-Municipio de Sueca;12.-Estafas informáticas;Enero-diciembre 2022;165
-Municipio de Sueca;13.-Otros ciberdelitos;Enero-diciembre 2022;32
-Municipio de Sueca;III. TOTAL INFRACCIONES PENALES;Enero-diciembre 2022;1.539
-Municipio de Torrent;I. CRIMINALIDAD CONVENCIONAL;Enero-diciembre 2022;3.295
-Municipio de Torrent;1. Homicidios dolosos y asesinatos consumados;Enero-diciembre 2022;2
-Municipio de Torrent;2. Homicidios dolosos y asesinatos en grado tentativa;Enero-diciembre 2022;6
-Municipio de Torrent;3. Delitos graves y menos graves de lesiones y riña tumultuaria;Enero-diciembre 2022;31
-Municipio de Torrent;4. Secuestro;Enero-diciembre 2022;0
-Municipio de Torrent;5. Delitos contra la libertad sexual;Enero-diciembre 2022;25
-Municipio de Torrent;5.1.-Agresión sexual con penetración;Enero-diciembre 2022;6
-Municipio de Torrent;5.2.-Resto de delitos contra la libertad sexual;Enero-diciembre 2022;19
-Municipio de Torrent;6. Robos con violencia e intimidación;Enero-diciembre 2022;84
-Municipio de Torrent;7. Robos con fuerza en domicilios, establecimientos y otras instalaciones;Enero-diciembre 2022;294
-Municipio de Torrent;7.1.-Robos con fuerza en domicilios;Enero-diciembre 2022;217
-Municipio de Torrent;8. Hurtos;Enero-diciembre 2022;947
-Municipio de Torrent;9. Sustracciones de vehículos;Enero-diciembre 2022;36
-Municipio de Torrent;10. Tráfico de drogas;Enero-diciembre 2022;32
-Municipio de Torrent;11. Resto de criminalidad convencional;Enero-diciembre 2022;1.838
-Municipio de Torrent;II. CIBERCRIMINALIDAD (infracciones penales cometidas en/por medio ciber);Enero-diciembre 2022;604
-Municipio de Torrent;12.-Estafas informáticas;Enero-diciembre 2022;504
-Municipio de Torrent;13.-Otros ciberdelitos;Enero-diciembre 2022;100
-Municipio de Torrent;III. TOTAL INFRACCIONES PENALES;Enero-diciembre 2022;3.899
-Municipio de Xàtiva;I. CRIMINALIDAD CONVENCIONAL;Enero-diciembre 2022;1.109
-Municipio de Xàtiva;1. Homicidios dolosos y asesinatos consumados;Enero-diciembre 2022;0
-Municipio de Xàtiva;2. Homicidios dolosos y asesinatos en grado tentativa;Enero-diciembre 2022;1
-Municipio de Xàtiva;3. Delitos graves y menos graves de lesiones y riña tumultuaria;Enero-diciembre 2022;14
-Municipio de Xàtiva;4. Secuestro;Enero-diciembre 2022;0
-Municipio de Xàtiva;5. Delitos contra la libertad sexual;Enero-diciembre 2022;17
-Municipio de Xàtiva;5.1.-Agresión sexual con penetración;Enero-diciembre 2022;1
-Municipio de Xàtiva;5.2.-Resto de delitos contra la libertad sexual;Enero-diciembre 2022;16
-Municipio de Xàtiva;6. Robos con violencia e intimidación;Enero-diciembre 2022;14
-Municipio de Xàtiva;7. Robos con fuerza en domicilios, establecimientos y otras instalaciones;Enero-diciembre 2022;90
-Municipio de Xàtiva;7.1.-Robos con fuerza en domicilios;Enero-diciembre 2022;67
-Municipio de Xàtiva;8. Hurtos;Enero-diciembre 2022;369
-Municipio de Xàtiva;9. Sustracciones de vehículos;Enero-diciembre 2022;17
-Municipio de Xàtiva;10. Tráfico de drogas;Enero-diciembre 2022;3
-Municipio de Xàtiva;11. Resto de criminalidad convencional;Enero-diciembre 2022;584
-Municipio de Xàtiva;II. CIBERCRIMINALIDAD (infracciones penales cometidas en/por medio ciber);Enero-diciembre 2022;186
-Municipio de Xàtiva;12.-Estafas informáticas;Enero-diciembre 2022;157
-Municipio de Xàtiva;13.-Otros ciberdelitos;Enero-diciembre 2022;29
-Municipio de Xàtiva;III. TOTAL INFRACCIONES PENALES;Enero-diciembre 2022;1.295
-Municipio de Xirivella;I. CRIMINALIDAD CONVENCIONAL;Enero-diciembre 2022;926
-Municipio de Xirivella;1. Homicidios dolosos y asesinatos consumados;Enero-diciembre 2022;0
-Municipio de Xirivella;2. Homicidios dolosos y asesinatos en grado tentativa;Enero-diciembre 2022;1
-Municipio de Xirivella;3. Delitos graves y menos graves de lesiones y riña tumultuaria;Enero-diciembre 2022;11
-Municipio de Xirivella;4. Secuestro;Enero-diciembre 2022;0
-Municipio de Xirivella;5. Delitos contra la libertad sexual;Enero-diciembre 2022;7
-Municipio de Xirivella;5.1.-Agresión sexual con penetración;Enero-diciembre 2022;1
-Municipio de Xirivella;5.2.-Resto de delitos contra la libertad sexual;Enero-diciembre 2022;6
-Municipio de Xirivella;6. Robos con violencia e intimidación;Enero-diciembre 2022;20
-Municipio de Xirivella;7. Robos con fuerza en domicilios, establecimientos y otras instalaciones;Enero-diciembre 2022;42
-Municipio de Xirivella;7.1.-Robos con fuerza en domicilios;Enero-diciembre 2022;36
-Municipio de Xirivella;8. Hurtos;Enero-diciembre 2022;268
-Municipio de Xirivella;9. Sustracciones de vehículos;Enero-diciembre 2022;13
-Municipio de Xirivella;10. Tráfico de drogas;Enero-diciembre 2022;5
-Municipio de Xirivella;11. Resto de criminalidad convencional;Enero-diciembre 2022;559
-Municipio de Xirivella;II. CIBERCRIMINALIDAD (infracciones penales cometidas en/por medio ciber);Enero-diciembre 2022;160
-Municipio de Xirivella;12.-Estafas informáticas;Enero-diciembre 2022;134
-Municipio de Xirivella;13.-Otros ciberdelitos;Enero-diciembre 2022;26
-Municipio de Xirivella;III. TOTAL INFRACCIONES PENALES;Enero-diciembre 2022;1.086
-Municipio de València;I. CRIMINALIDAD CONVENCIONAL;Enero-diciembre 2022;53.998
-Municipio de València;1. Homicidios dolosos y asesinatos consumados;Enero-diciembre 2022;7
-Municipio de València;2. Homicidios dolosos y asesinatos en grado tentativa;Enero-diciembre 2022;30
-Municipio de València;3. Delitos graves y menos graves de lesiones y riña tumultuaria;Enero-diciembre 2022;603
-Municipio de València;4. Secuestro;Enero-diciembre 2022;1
-Municipio de València;5. Delitos contra la libertad sexual;Enero-diciembre 2022;427
-Municipio de València;5.1.-Agresión sexual con penetración;Enero-diciembre 2022;67
-Municipio de València;5.2.-Resto de delitos contra la libertad sexual;Enero-diciembre 2022;360
-Municipio de València;6. Robos con violencia e intimidación;Enero-diciembre 2022;2.384
-Municipio de València;7. Robos con fuerza en domicilios, establecimientos y otras instalaciones;Enero-diciembre 2022;2.503
-Municipio de València;7.1.-Robos con fuerza en domicilios;Enero-diciembre 2022;1.795
-Municipio de València;8. Hurtos;Enero-diciembre 2022;23.226
-Municipio de València;9. Sustracciones de vehículos;Enero-diciembre 2022;817
-Municipio de València;10. Tráfico de drogas;Enero-diciembre 2022;403
-Municipio de València;11. Resto de criminalidad convencional;Enero-diciembre 2022;23.597
-Municipio de València;II. CIBERCRIMINALIDAD (infracciones penales cometidas en/por medio ciber);Enero-diciembre 2022;6.827
-Municipio de València;12.-Estafas informáticas;Enero-diciembre 2022;5.943
-Municipio de València;13.-Otros ciberdelitos;Enero-diciembre 2022;884
-Municipio de València;III. TOTAL INFRACCIONES PENALES;Enero-diciembre 2022;60.825
