Geografía;Tipología penal;Periodos:;Total
Provincia de ALICANTE/ALACANT;I. CRIMINALIDAD CONVENCIONAL;enero-diciembre 2024;86.761
Provincia de ALICANTE/ALACANT;1. Homicidios dolosos y asesinatos consumados;enero-diciembre 2024;20
Provincia de ALICANTE/ALACANT;2. Homicidios dolosos y asesinatos en grado tentativa;enero-diciembre 2024;53
Provincia de ALICANTE/ALACANT;3. Delitos graves y menos graves de lesiones y riña tumultuaria;enero-diciembre 2024;1.413
Provincia de ALICANTE/ALACANT;4. Secuestro;enero-diciembre 2024;8
Provincia de ALICANTE/ALACANT;5. Delitos contra la libertad sexual;enero-diciembre 2024;1.008
Provincia de ALICANTE/ALACANT;5.1.-Agresión sexual con penetración;enero-diciembre 2024;222
Provincia de ALICANTE/ALACANT;5.2.-Resto de delitos contra la libertad sexual;enero-diciembre 2024;786
Provincia de ALICANTE/ALACANT;6. Robos con violencia e intimidación;enero-diciembre 2024;2.207
Provincia de ALICANTE/ALACANT;7. Robos con fuerza en domicilios, establecimientos y otras instalaciones;enero-diciembre 2024;6.989
Provincia de ALICANTE/ALACANT;7.1.-Robos con fuerza en domicilios;enero-diciembre 2024;5.699
Provincia de ALICANTE/ALACANT;8. Hurtos;enero-diciembre 2024;26.416
Provincia de ALICANTE/ALACANT;9. Sustracciones de vehículos;enero-diciembre 2024;1.366
Provincia de ALICANTE/ALACANT;10. Tráfico de drogas;enero-diciembre 2024;1.145
Provincia de ALICANTE/ALACANT;11. Resto de criminalidad convencional;enero-diciembre 2024;46.136
Provincia de ALICANTE/ALACANT;II. CIBERCRIMINALIDAD (infracciones penales cometidas en/por medio ciber);enero-diciembre 2024;17.921
Provincia de ALICANTE/ALACANT;12.-Estafas informáticas;enero-diciembre 2024;15.490
Provincia de ALICANTE/ALACANT;13.-Otros ciberdelitos;enero-diciembre 2024;2.431
Provincia de ALICANTE/ALACANT;III. TOTAL INFRACCIONES PENALES;enero-diciembre 2024;104.682
03009 Alcoy/Alcoi;I. CRIMINALIDAD CONVENCIONAL;enero-diciembre 2024;1.706
03009 Alcoy/Alcoi;1. Homicidios dolosos y asesinatos consumados;enero-diciembre 2024;1
03009 Alcoy/Alcoi;2. Homicidios dolosos y asesinatos en grado tentativa;enero-diciembre 2024;0
03009 Alcoy/Alcoi;3. Delitos graves y menos graves de lesiones y riña tumultuaria;enero-diciembre 2024;19
03009 Alcoy/Alcoi;4. Secuestro;enero-diciembre 2024;0
03009 Alcoy/Alcoi;5. Delitos contra la libertad sexual;enero-diciembre 2024;16
03009 Alcoy/Alcoi;5.1.-Agresión sexual con penetración;enero-diciembre 2024;8
03009 Alcoy/Alcoi;5.2.-Resto de delitos contra la libertad sexual;enero-diciembre 2024;8
03009 Alcoy/Alcoi;6. Robos con violencia e intimidación;enero-diciembre 2024;53
03009 Alcoy/Alcoi;7. Robos con fuerza en domicilios, establecimientos y otras instalaciones;enero-diciembre 2024;126
03009 Alcoy/Alcoi;7.1.-Robos con fuerza en domicilios;enero-diciembre 2024;93
03009 Alcoy/Alcoi;8. Hurtos;enero-diciembre 2024;446
03009 Alcoy/Alcoi;9. Sustracciones de vehículos;enero-diciembre 2024;17
03009 Alcoy/Alcoi;10. Tráfico de drogas;enero-diciembre 2024;8
03009 Alcoy/Alcoi;11. Resto de criminalidad convencional;enero-diciembre 2024;1.020
03009 Alcoy/Alcoi;II. CIBERCRIMINALIDAD (infracciones penales cometidas en/por medio ciber);enero-diciembre 2024;599
03009 Alcoy/Alcoi;12.-Estafas informáticas;enero-diciembre 2024;543
03009 Alcoy/Alcoi;13.-Otros ciberdelitos;enero-diciembre 2024;56
03009 Alcoy/Alcoi;III. TOTAL INFRACCIONES PENALES;enero-diciembre 2024;2.305
03011 L'Alfàs del Pi;I. CRIMINALIDAD CONVENCIONAL;enero-diciembre 2024;984
03011 L'Alfàs del Pi;1. Homicidios dolosos y asesinatos consumados;enero-diciembre 2024;1
03011 L'Alfàs del Pi;2. Homicidios dolosos y asesinatos en grado tentativa;enero-diciembre 2024;0
03011 L'Alfàs del Pi;3. Delitos graves y menos graves de lesiones y riña tumultuaria;enero-diciembre 2024;6
03011 L'Alfàs del Pi;4. Secuestro;enero-diciembre 2024;0
03011 L'Alfàs del Pi;5. Delitos contra la libertad sexual;enero-diciembre 2024;14
03011 L'Alfàs del Pi;5.1.-Agresión sexual con penetración;enero-diciembre 2024;4
03011 L'Alfàs del Pi;5.2.-Resto de delitos contra la libertad sexual;enero-diciembre 2024;10
03011 L'Alfàs del Pi;6. Robos con violencia e intimidación;enero-diciembre 2024;12
03011 L'Alfàs del Pi;7. Robos con fuerza en domicilios, establecimientos y otras instalaciones;enero-diciembre 2024;113
03011 L'Alfàs del Pi;7.1.-Robos con fuerza en domicilios;enero-diciembre 2024;87
03011 L'Alfàs del Pi;8. Hurtos;enero-diciembre 2024;320
03011 L'Alfàs del Pi;9. Sustracciones de vehículos;enero-diciembre 2024;19
03011 L'Alfàs del Pi;10. Tráfico de drogas;enero-diciembre 2024;10
03011 L'Alfàs del Pi;11. Resto de criminalidad convencional;enero-diciembre 2024;489
03011 L'Alfàs del Pi;II. CIBERCRIMINALIDAD (infracciones penales cometidas en/por medio ciber);enero-diciembre 2024;150
03011 L'Alfàs del Pi;12.-Estafas informáticas;enero-diciembre 2024;138
03011 L'Alfàs del Pi;13.-Otros ciberdelitos;enero-diciembre 2024;12
03011 L'Alfàs del Pi;III. TOTAL INFRACCIONES PENALES;enero-diciembre 2024;1.134
03014 Alicante/Alacant;I. CRIMINALIDAD CONVENCIONAL;enero-diciembre 2024;20.577
03014 Alicante/Alacant;1. Homicidios dolosos y asesinatos consumados;enero-diciembre 2024;4
03014 Alicante/Alacant;2. Homicidios dolosos y asesinatos en grado tentativa;enero-diciembre 2024;20
03014 Alicante/Alacant;3. Delitos graves y menos graves de lesiones y riña tumultuaria;enero-diciembre 2024;265
03014 Alicante/Alacant;4. Secuestro;enero-diciembre 2024;3
03014 Alicante/Alacant;5. Delitos contra la libertad sexual;enero-diciembre 2024;246
03014 Alicante/Alacant;5.1.-Agresión sexual con penetración;enero-diciembre 2024;52
03014 Alicante/Alacant;5.2.-Resto de delitos contra la libertad sexual;enero-diciembre 2024;194
03014 Alicante/Alacant;6. Robos con violencia e intimidación;enero-diciembre 2024;808
03014 Alicante/Alacant;7. Robos con fuerza en domicilios, establecimientos y otras instalaciones;enero-diciembre 2024;751
03014 Alicante/Alacant;7.1.-Robos con fuerza en domicilios;enero-diciembre 2024;577
03014 Alicante/Alacant;8. Hurtos;enero-diciembre 2024;7.226
03014 Alicante/Alacant;9. Sustracciones de vehículos;enero-diciembre 2024;353
03014 Alicante/Alacant;10. Tráfico de drogas;enero-diciembre 2024;352
03014 Alicante/Alacant;11. Resto de criminalidad convencional;enero-diciembre 2024;10.549
03014 Alicante/Alacant;II. CIBERCRIMINALIDAD (infracciones penales cometidas en/por medio ciber);enero-diciembre 2024;4.008
03014 Alicante/Alacant;12.-Estafas informáticas;enero-diciembre 2024;3.232
03014 Alicante/Alacant;13.-Otros ciberdelitos;enero-diciembre 2024;776
03014 Alicante/Alacant;III. TOTAL INFRACCIONES PENALES;enero-diciembre 2024;24.585
03015 Almoradí;I. CRIMINALIDAD CONVENCIONAL;enero-diciembre 2024;872
03015 Almoradí;1. Homicidios dolosos y asesinatos consumados;enero-diciembre 2024;0
03015 Almoradí;2. Homicidios dolosos y asesinatos en grado tentativa;enero-diciembre 2024;2
03015 Almoradí;3. Delitos graves y menos graves de lesiones y riña tumultuaria;enero-diciembre 2024;22
03015 Almoradí;4. Secuestro;enero-diciembre 2024;0
03015 Almoradí;5. Delitos contra la libertad sexual;enero-diciembre 2024;14
03015 Almoradí;5.1.-Agresión sexual con penetración;enero-diciembre 2024;4
03015 Almoradí;5.2.-Resto de delitos contra la libertad sexual;enero-diciembre 2024;10
03015 Almoradí;6. Robos con violencia e intimidación;enero-diciembre 2024;19
03015 Almoradí;7. Robos con fuerza en domicilios, establecimientos y otras instalaciones;enero-diciembre 2024;72
03015 Almoradí;7.1.-Robos con fuerza en domicilios;enero-diciembre 2024;64
03015 Almoradí;8. Hurtos;enero-diciembre 2024;190
03015 Almoradí;9. Sustracciones de vehículos;enero-diciembre 2024;14
03015 Almoradí;10. Tráfico de drogas;enero-diciembre 2024;7
03015 Almoradí;11. Resto de criminalidad convencional;enero-diciembre 2024;532
03015 Almoradí;II. CIBERCRIMINALIDAD (infracciones penales cometidas en/por medio ciber);enero-diciembre 2024;168
03015 Almoradí;12.-Estafas informáticas;enero-diciembre 2024;143
03015 Almoradí;13.-Otros ciberdelitos;enero-diciembre 2024;25
03015 Almoradí;III. TOTAL INFRACCIONES PENALES;enero-diciembre 2024;1.040
03018 Altea;I. CRIMINALIDAD CONVENCIONAL;enero-diciembre 2024;1.222
03018 Altea;1. Homicidios dolosos y asesinatos consumados;enero-diciembre 2024;0
03018 Altea;2. Homicidios dolosos y asesinatos en grado tentativa;enero-diciembre 2024;1
03018 Altea;3. Delitos graves y menos graves de lesiones y riña tumultuaria;enero-diciembre 2024;24
03018 Altea;4. Secuestro;enero-diciembre 2024;0
03018 Altea;5. Delitos contra la libertad sexual;enero-diciembre 2024;7
03018 Altea;5.1.-Agresión sexual con penetración;enero-diciembre 2024;3
03018 Altea;5.2.-Resto de delitos contra la libertad sexual;enero-diciembre 2024;4
03018 Altea;6. Robos con violencia e intimidación;enero-diciembre 2024;17
03018 Altea;7. Robos con fuerza en domicilios, establecimientos y otras instalaciones;enero-diciembre 2024;149
03018 Altea;7.1.-Robos con fuerza en domicilios;enero-diciembre 2024;131
03018 Altea;8. Hurtos;enero-diciembre 2024;299
03018 Altea;9. Sustracciones de vehículos;enero-diciembre 2024;18
03018 Altea;10. Tráfico de drogas;enero-diciembre 2024;12
03018 Altea;11. Resto de criminalidad convencional;enero-diciembre 2024;695
03018 Altea;II. CIBERCRIMINALIDAD (infracciones penales cometidas en/por medio ciber);enero-diciembre 2024;200
03018 Altea;12.-Estafas informáticas;enero-diciembre 2024;175
03018 Altea;13.-Otros ciberdelitos;enero-diciembre 2024;25
03018 Altea;III. TOTAL INFRACCIONES PENALES;enero-diciembre 2024;1.422
03019 Aspe;I. CRIMINALIDAD CONVENCIONAL;enero-diciembre 2024;691
03019 Aspe;1. Homicidios dolosos y asesinatos consumados;enero-diciembre 2024;0
03019 Aspe;2. Homicidios dolosos y asesinatos en grado tentativa;enero-diciembre 2024;0
03019 Aspe;3. Delitos graves y menos graves de lesiones y riña tumultuaria;enero-diciembre 2024;17
03019 Aspe;4. Secuestro;enero-diciembre 2024;0
03019 Aspe;5. Delitos contra la libertad sexual;enero-diciembre 2024;4
03019 Aspe;5.1.-Agresión sexual con penetración;enero-diciembre 2024;2
03019 Aspe;5.2.-Resto de delitos contra la libertad sexual;enero-diciembre 2024;2
03019 Aspe;6. Robos con violencia e intimidación;enero-diciembre 2024;8
03019 Aspe;7. Robos con fuerza en domicilios, establecimientos y otras instalaciones;enero-diciembre 2024;48
03019 Aspe;7.1.-Robos con fuerza en domicilios;enero-diciembre 2024;42
03019 Aspe;8. Hurtos;enero-diciembre 2024;137
03019 Aspe;9. Sustracciones de vehículos;enero-diciembre 2024;4
03019 Aspe;10. Tráfico de drogas;enero-diciembre 2024;11
03019 Aspe;11. Resto de criminalidad convencional;enero-diciembre 2024;462
03019 Aspe;II. CIBERCRIMINALIDAD (infracciones penales cometidas en/por medio ciber);enero-diciembre 2024;151
03019 Aspe;12.-Estafas informáticas;enero-diciembre 2024;124
03019 Aspe;13.-Otros ciberdelitos;enero-diciembre 2024;27
03019 Aspe;III. TOTAL INFRACCIONES PENALES;enero-diciembre 2024;842
03031 Benidorm;I. CRIMINALIDAD CONVENCIONAL;enero-diciembre 2024;5.167
03031 Benidorm;1. Homicidios dolosos y asesinatos consumados;enero-diciembre 2024;0
03031 Benidorm;2. Homicidios dolosos y asesinatos en grado tentativa;enero-diciembre 2024;2
03031 Benidorm;3. Delitos graves y menos graves de lesiones y riña tumultuaria;enero-diciembre 2024;147
03031 Benidorm;4. Secuestro;enero-diciembre 2024;1
03031 Benidorm;5. Delitos contra la libertad sexual;enero-diciembre 2024;49
03031 Benidorm;5.1.-Agresión sexual con penetración;enero-diciembre 2024;19
03031 Benidorm;5.2.-Resto de delitos contra la libertad sexual;enero-diciembre 2024;30
03031 Benidorm;6. Robos con violencia e intimidación;enero-diciembre 2024;176
03031 Benidorm;7. Robos con fuerza en domicilios, establecimientos y otras instalaciones;enero-diciembre 2024;160
03031 Benidorm;7.1.-Robos con fuerza en domicilios;enero-diciembre 2024;115
03031 Benidorm;8. Hurtos;enero-diciembre 2024;2.136
03031 Benidorm;9. Sustracciones de vehículos;enero-diciembre 2024;71
03031 Benidorm;10. Tráfico de drogas;enero-diciembre 2024;171
03031 Benidorm;11. Resto de criminalidad convencional;enero-diciembre 2024;2.254
03031 Benidorm;II. CIBERCRIMINALIDAD (infracciones penales cometidas en/por medio ciber);enero-diciembre 2024;818
03031 Benidorm;12.-Estafas informáticas;enero-diciembre 2024;759
03031 Benidorm;13.-Otros ciberdelitos;enero-diciembre 2024;59
03031 Benidorm;III. TOTAL INFRACCIONES PENALES;enero-diciembre 2024;5.985
03047 Calp;I. CRIMINALIDAD CONVENCIONAL;enero-diciembre 2024;1.516
03047 Calp;1. Homicidios dolosos y asesinatos consumados;enero-diciembre 2024;1
03047 Calp;2. Homicidios dolosos y asesinatos en grado tentativa;enero-diciembre 2024;1
03047 Calp;3. Delitos graves y menos graves de lesiones y riña tumultuaria;enero-diciembre 2024;23
03047 Calp;4. Secuestro;enero-diciembre 2024;1
03047 Calp;5. Delitos contra la libertad sexual;enero-diciembre 2024;23
03047 Calp;5.1.-Agresión sexual con penetración;enero-diciembre 2024;4
03047 Calp;5.2.-Resto de delitos contra la libertad sexual;enero-diciembre 2024;19
03047 Calp;6. Robos con violencia e intimidación;enero-diciembre 2024;17
03047 Calp;7. Robos con fuerza en domicilios, establecimientos y otras instalaciones;enero-diciembre 2024;183
03047 Calp;7.1.-Robos con fuerza en domicilios;enero-diciembre 2024;144
03047 Calp;8. Hurtos;enero-diciembre 2024;500
03047 Calp;9. Sustracciones de vehículos;enero-diciembre 2024;18
03047 Calp;10. Tráfico de drogas;enero-diciembre 2024;2
03047 Calp;11. Resto de criminalidad convencional;enero-diciembre 2024;747
03047 Calp;II. CIBERCRIMINALIDAD (infracciones penales cometidas en/por medio ciber);enero-diciembre 2024;351
03047 Calp;12.-Estafas informáticas;enero-diciembre 2024;323
03047 Calp;13.-Otros ciberdelitos;enero-diciembre 2024;28
03047 Calp;III. TOTAL INFRACCIONES PENALES;enero-diciembre 2024;1.867
03050 Campello (el);I. CRIMINALIDAD CONVENCIONAL;enero-diciembre 2024;1.001
03050 Campello (el);1. Homicidios dolosos y asesinatos consumados;enero-diciembre 2024;0
03050 Campello (el);2. Homicidios dolosos y asesinatos en grado tentativa;enero-diciembre 2024;0
03050 Campello (el);3. Delitos graves y menos graves de lesiones y riña tumultuaria;enero-diciembre 2024;6
03050 Campello (el);4. Secuestro;enero-diciembre 2024;0
03050 Campello (el);5. Delitos contra la libertad sexual;enero-diciembre 2024;9
03050 Campello (el);5.1.-Agresión sexual con penetración;enero-diciembre 2024;2
03050 Campello (el);5.2.-Resto de delitos contra la libertad sexual;enero-diciembre 2024;7
03050 Campello (el);6. Robos con violencia e intimidación;enero-diciembre 2024;9
03050 Campello (el);7. Robos con fuerza en domicilios, establecimientos y otras instalaciones;enero-diciembre 2024;57
03050 Campello (el);7.1.-Robos con fuerza en domicilios;enero-diciembre 2024;45
03050 Campello (el);8. Hurtos;enero-diciembre 2024;329
03050 Campello (el);9. Sustracciones de vehículos;enero-diciembre 2024;7
03050 Campello (el);10. Tráfico de drogas;enero-diciembre 2024;13
03050 Campello (el);11. Resto de criminalidad convencional;enero-diciembre 2024;571
03050 Campello (el);II. CIBERCRIMINALIDAD (infracciones penales cometidas en/por medio ciber);enero-diciembre 2024;294
03050 Campello (el);12.-Estafas informáticas;enero-diciembre 2024;253
03050 Campello (el);13.-Otros ciberdelitos;enero-diciembre 2024;41
03050 Campello (el);III. TOTAL INFRACCIONES PENALES;enero-diciembre 2024;1.295
03059 Crevillent;I. CRIMINALIDAD CONVENCIONAL;enero-diciembre 2024;881
03059 Crevillent;1. Homicidios dolosos y asesinatos consumados;enero-diciembre 2024;0
03059 Crevillent;2. Homicidios dolosos y asesinatos en grado tentativa;enero-diciembre 2024;0
03059 Crevillent;3. Delitos graves y menos graves de lesiones y riña tumultuaria;enero-diciembre 2024;24
03059 Crevillent;4. Secuestro;enero-diciembre 2024;1
03059 Crevillent;5. Delitos contra la libertad sexual;enero-diciembre 2024;24
03059 Crevillent;5.1.-Agresión sexual con penetración;enero-diciembre 2024;5
03059 Crevillent;5.2.-Resto de delitos contra la libertad sexual;enero-diciembre 2024;19
03059 Crevillent;6. Robos con violencia e intimidación;enero-diciembre 2024;13
03059 Crevillent;7. Robos con fuerza en domicilios, establecimientos y otras instalaciones;enero-diciembre 2024;87
03059 Crevillent;7.1.-Robos con fuerza en domicilios;enero-diciembre 2024;80
03059 Crevillent;8. Hurtos;enero-diciembre 2024;165
03059 Crevillent;9. Sustracciones de vehículos;enero-diciembre 2024;12
03059 Crevillent;10. Tráfico de drogas;enero-diciembre 2024;11
03059 Crevillent;11. Resto de criminalidad convencional;enero-diciembre 2024;544
03059 Crevillent;II. CIBERCRIMINALIDAD (infracciones penales cometidas en/por medio ciber);enero-diciembre 2024;176
03059 Crevillent;12.-Estafas informáticas;enero-diciembre 2024;148
03059 Crevillent;13.-Otros ciberdelitos;enero-diciembre 2024;28
03059 Crevillent;III. TOTAL INFRACCIONES PENALES;enero-diciembre 2024;1.057
03063 Dénia;I. CRIMINALIDAD CONVENCIONAL;enero-diciembre 2024;2.009
03063 Dénia;1. Homicidios dolosos y asesinatos consumados;enero-diciembre 2024;1
03063 Dénia;2. Homicidios dolosos y asesinatos en grado tentativa;enero-diciembre 2024;1
03063 Dénia;3. Delitos graves y menos graves de lesiones y riña tumultuaria;enero-diciembre 2024;22
03063 Dénia;4. Secuestro;enero-diciembre 2024;0
03063 Dénia;5. Delitos contra la libertad sexual;enero-diciembre 2024;24
03063 Dénia;5.1.-Agresión sexual con penetración;enero-diciembre 2024;6
03063 Dénia;5.2.-Resto de delitos contra la libertad sexual;enero-diciembre 2024;18
03063 Dénia;6. Robos con violencia e intimidación;enero-diciembre 2024;36
03063 Dénia;7. Robos con fuerza en domicilios, establecimientos y otras instalaciones;enero-diciembre 2024;256
03063 Dénia;7.1.-Robos con fuerza en domicilios;enero-diciembre 2024;221
03063 Dénia;8. Hurtos;enero-diciembre 2024;581
03063 Dénia;9. Sustracciones de vehículos;enero-diciembre 2024;66
03063 Dénia;10. Tráfico de drogas;enero-diciembre 2024;36
03063 Dénia;11. Resto de criminalidad convencional;enero-diciembre 2024;986
03063 Dénia;II. CIBERCRIMINALIDAD (infracciones penales cometidas en/por medio ciber);enero-diciembre 2024;487
03063 Dénia;12.-Estafas informáticas;enero-diciembre 2024;456
03063 Dénia;13.-Otros ciberdelitos;enero-diciembre 2024;31
03063 Dénia;III. TOTAL INFRACCIONES PENALES;enero-diciembre 2024;2.496
03065 Elche/Elx;I. CRIMINALIDAD CONVENCIONAL;enero-diciembre 2024;8.132
03065 Elche/Elx;1. Homicidios dolosos y asesinatos consumados;enero-diciembre 2024;1
03065 Elche/Elx;2. Homicidios dolosos y asesinatos en grado tentativa;enero-diciembre 2024;6
03065 Elche/Elx;3. Delitos graves y menos graves de lesiones y riña tumultuaria;enero-diciembre 2024;105
03065 Elche/Elx;4. Secuestro;enero-diciembre 2024;0
03065 Elche/Elx;5. Delitos contra la libertad sexual;enero-diciembre 2024;131
03065 Elche/Elx;5.1.-Agresión sexual con penetración;enero-diciembre 2024;30
03065 Elche/Elx;5.2.-Resto de delitos contra la libertad sexual;enero-diciembre 2024;101
03065 Elche/Elx;6. Robos con violencia e intimidación;enero-diciembre 2024;166
03065 Elche/Elx;7. Robos con fuerza en domicilios, establecimientos y otras instalaciones;enero-diciembre 2024;515
03065 Elche/Elx;7.1.-Robos con fuerza en domicilios;enero-diciembre 2024;341
03065 Elche/Elx;8. Hurtos;enero-diciembre 2024;2.634
03065 Elche/Elx;9. Sustracciones de vehículos;enero-diciembre 2024;209
03065 Elche/Elx;10. Tráfico de drogas;enero-diciembre 2024;169
03065 Elche/Elx;11. Resto de criminalidad convencional;enero-diciembre 2024;4.196
03065 Elche/Elx;II. CIBERCRIMINALIDAD (infracciones penales cometidas en/por medio ciber);enero-diciembre 2024;1.686
03065 Elche/Elx;12.-Estafas informáticas;enero-diciembre 2024;1.484
03065 Elche/Elx;13.-Otros ciberdelitos;enero-diciembre 2024;202
03065 Elche/Elx;III. TOTAL INFRACCIONES PENALES;enero-diciembre 2024;9.818
03066 Elda;I. CRIMINALIDAD CONVENCIONAL;enero-diciembre 2024;1.824
03066 Elda;1. Homicidios dolosos y asesinatos consumados;enero-diciembre 2024;1
03066 Elda;2. Homicidios dolosos y asesinatos en grado tentativa;enero-diciembre 2024;4
03066 Elda;3. Delitos graves y menos graves de lesiones y riña tumultuaria;enero-diciembre 2024;29
03066 Elda;4. Secuestro;enero-diciembre 2024;0
03066 Elda;5. Delitos contra la libertad sexual;enero-diciembre 2024;14
03066 Elda;5.1.-Agresión sexual con penetración;enero-diciembre 2024;4
03066 Elda;5.2.-Resto de delitos contra la libertad sexual;enero-diciembre 2024;10
03066 Elda;6. Robos con violencia e intimidación;enero-diciembre 2024;48
03066 Elda;7. Robos con fuerza en domicilios, establecimientos y otras instalaciones;enero-diciembre 2024;131
03066 Elda;7.1.-Robos con fuerza en domicilios;enero-diciembre 2024;83
03066 Elda;8. Hurtos;enero-diciembre 2024;469
03066 Elda;9. Sustracciones de vehículos;enero-diciembre 2024;36
03066 Elda;10. Tráfico de drogas;enero-diciembre 2024;27
03066 Elda;11. Resto de criminalidad convencional;enero-diciembre 2024;1.065
03066 Elda;II. CIBERCRIMINALIDAD (infracciones penales cometidas en/por medio ciber);enero-diciembre 2024;500
03066 Elda;12.-Estafas informáticas;enero-diciembre 2024;439
03066 Elda;13.-Otros ciberdelitos;enero-diciembre 2024;61
03066 Elda;III. TOTAL INFRACCIONES PENALES;enero-diciembre 2024;2.324
03079 Ibi;I. CRIMINALIDAD CONVENCIONAL;enero-diciembre 2024;582
03079 Ibi;1. Homicidios dolosos y asesinatos consumados;enero-diciembre 2024;0
03079 Ibi;2. Homicidios dolosos y asesinatos en grado tentativa;enero-diciembre 2024;1
03079 Ibi;3. Delitos graves y menos graves de lesiones y riña tumultuaria;enero-diciembre 2024;6
03079 Ibi;4. Secuestro;enero-diciembre 2024;0
03079 Ibi;5. Delitos contra la libertad sexual;enero-diciembre 2024;8
03079 Ibi;5.1.-Agresión sexual con penetración;enero-diciembre 2024;0
03079 Ibi;5.2.-Resto de delitos contra la libertad sexual;enero-diciembre 2024;8
03079 Ibi;6. Robos con violencia e intimidación;enero-diciembre 2024;7
03079 Ibi;7. Robos con fuerza en domicilios, establecimientos y otras instalaciones;enero-diciembre 2024;42
03079 Ibi;7.1.-Robos con fuerza en domicilios;enero-diciembre 2024;30
03079 Ibi;8. Hurtos;enero-diciembre 2024;152
03079 Ibi;9. Sustracciones de vehículos;enero-diciembre 2024;5
03079 Ibi;10. Tráfico de drogas;enero-diciembre 2024;3
03079 Ibi;11. Resto de criminalidad convencional;enero-diciembre 2024;358
03079 Ibi;II. CIBERCRIMINALIDAD (infracciones penales cometidas en/por medio ciber);enero-diciembre 2024;236
03079 Ibi;12.-Estafas informáticas;enero-diciembre 2024;203
03079 Ibi;13.-Otros ciberdelitos;enero-diciembre 2024;33
03079 Ibi;III. TOTAL INFRACCIONES PENALES;enero-diciembre 2024;818
03082 Jávea/Xàbia;I. CRIMINALIDAD CONVENCIONAL;enero-diciembre 2024;1.598
03082 Jávea/Xàbia;1. Homicidios dolosos y asesinatos consumados;enero-diciembre 2024;0
03082 Jávea/Xàbia;2. Homicidios dolosos y asesinatos en grado tentativa;enero-diciembre 2024;2
03082 Jávea/Xàbia;3. Delitos graves y menos graves de lesiones y riña tumultuaria;enero-diciembre 2024;34
03082 Jávea/Xàbia;4. Secuestro;enero-diciembre 2024;0
03082 Jávea/Xàbia;5. Delitos contra la libertad sexual;enero-diciembre 2024;13
03082 Jávea/Xàbia;5.1.-Agresión sexual con penetración;enero-diciembre 2024;1
03082 Jávea/Xàbia;5.2.-Resto de delitos contra la libertad sexual;enero-diciembre 2024;12
03082 Jávea/Xàbia;6. Robos con violencia e intimidación;enero-diciembre 2024;24
03082 Jávea/Xàbia;7. Robos con fuerza en domicilios, establecimientos y otras instalaciones;enero-diciembre 2024;299
03082 Jávea/Xàbia;7.1.-Robos con fuerza en domicilios;enero-diciembre 2024;244
03082 Jávea/Xàbia;8. Hurtos;enero-diciembre 2024;402
03082 Jávea/Xàbia;9. Sustracciones de vehículos;enero-diciembre 2024;28
03082 Jávea/Xàbia;10. Tráfico de drogas;enero-diciembre 2024;11
03082 Jávea/Xàbia;11. Resto de criminalidad convencional;enero-diciembre 2024;785
03082 Jávea/Xàbia;II. CIBERCRIMINALIDAD (infracciones penales cometidas en/por medio ciber);enero-diciembre 2024;287
03082 Jávea/Xàbia;12.-Estafas informáticas;enero-diciembre 2024;252
03082 Jávea/Xàbia;13.-Otros ciberdelitos;enero-diciembre 2024;35
03082 Jávea/Xàbia;III. TOTAL INFRACCIONES PENALES;enero-diciembre 2024;1.885
03090 Mutxamel;I. CRIMINALIDAD CONVENCIONAL;enero-diciembre 2024;514
03090 Mutxamel;1. Homicidios dolosos y asesinatos consumados;enero-diciembre 2024;0
03090 Mutxamel;2. Homicidios dolosos y asesinatos en grado tentativa;enero-diciembre 2024;0
03090 Mutxamel;3. Delitos graves y menos graves de lesiones y riña tumultuaria;enero-diciembre 2024;9
03090 Mutxamel;4. Secuestro;enero-diciembre 2024;0
03090 Mutxamel;5. Delitos contra la libertad sexual;enero-diciembre 2024;10
03090 Mutxamel;5.1.-Agresión sexual con penetración;enero-diciembre 2024;1
03090 Mutxamel;5.2.-Resto de delitos contra la libertad sexual;enero-diciembre 2024;9
03090 Mutxamel;6. Robos con violencia e intimidación;enero-diciembre 2024;5
03090 Mutxamel;7. Robos con fuerza en domicilios, establecimientos y otras instalaciones;enero-diciembre 2024;43
03090 Mutxamel;7.1.-Robos con fuerza en domicilios;enero-diciembre 2024;40
03090 Mutxamel;8. Hurtos;enero-diciembre 2024;92
03090 Mutxamel;9. Sustracciones de vehículos;enero-diciembre 2024;11
03090 Mutxamel;10. Tráfico de drogas;enero-diciembre 2024;7
03090 Mutxamel;11. Resto de criminalidad convencional;enero-diciembre 2024;337
03090 Mutxamel;II. CIBERCRIMINALIDAD (infracciones penales cometidas en/por medio ciber);enero-diciembre 2024;260
03090 Mutxamel;12.-Estafas informáticas;enero-diciembre 2024;232
03090 Mutxamel;13.-Otros ciberdelitos;enero-diciembre 2024;28
03090 Mutxamel;III. TOTAL INFRACCIONES PENALES;enero-diciembre 2024;774
03093 Novelda;I. CRIMINALIDAD CONVENCIONAL;enero-diciembre 2024;709
03093 Novelda;1. Homicidios dolosos y asesinatos consumados;enero-diciembre 2024;0
03093 Novelda;2. Homicidios dolosos y asesinatos en grado tentativa;enero-diciembre 2024;1
03093 Novelda;3. Delitos graves y menos graves de lesiones y riña tumultuaria;enero-diciembre 2024;16
03093 Novelda;4. Secuestro;enero-diciembre 2024;0
03093 Novelda;5. Delitos contra la libertad sexual;enero-diciembre 2024;13
03093 Novelda;5.1.-Agresión sexual con penetración;enero-diciembre 2024;1
03093 Novelda;5.2.-Resto de delitos contra la libertad sexual;enero-diciembre 2024;12
03093 Novelda;6. Robos con violencia e intimidación;enero-diciembre 2024;12
03093 Novelda;7. Robos con fuerza en domicilios, establecimientos y otras instalaciones;enero-diciembre 2024;59
03093 Novelda;7.1.-Robos con fuerza en domicilios;enero-diciembre 2024;53
03093 Novelda;8. Hurtos;enero-diciembre 2024;154
03093 Novelda;9. Sustracciones de vehículos;enero-diciembre 2024;2
03093 Novelda;10. Tráfico de drogas;enero-diciembre 2024;4
03093 Novelda;11. Resto de criminalidad convencional;enero-diciembre 2024;448
03093 Novelda;II. CIBERCRIMINALIDAD (infracciones penales cometidas en/por medio ciber);enero-diciembre 2024;77
03093 Novelda;12.-Estafas informáticas;enero-diciembre 2024;65
03093 Novelda;13.-Otros ciberdelitos;enero-diciembre 2024;12
03093 Novelda;III. TOTAL INFRACCIONES PENALES;enero-diciembre 2024;786
03099 Orihuela;I. CRIMINALIDAD CONVENCIONAL;enero-diciembre 2024;3.938
03099 Orihuela;1. Homicidios dolosos y asesinatos consumados;enero-diciembre 2024;2
03099 Orihuela;2. Homicidios dolosos y asesinatos en grado tentativa;enero-diciembre 2024;0
03099 Orihuela;3. Delitos graves y menos graves de lesiones y riña tumultuaria;enero-diciembre 2024;57
03099 Orihuela;4. Secuestro;enero-diciembre 2024;0
03099 Orihuela;5. Delitos contra la libertad sexual;enero-diciembre 2024;28
03099 Orihuela;5.1.-Agresión sexual con penetración;enero-diciembre 2024;7
03099 Orihuela;5.2.-Resto de delitos contra la libertad sexual;enero-diciembre 2024;21
03099 Orihuela;6. Robos con violencia e intimidación;enero-diciembre 2024;91
03099 Orihuela;7. Robos con fuerza en domicilios, establecimientos y otras instalaciones;enero-diciembre 2024;606
03099 Orihuela;7.1.-Robos con fuerza en domicilios;enero-diciembre 2024;554
03099 Orihuela;8. Hurtos;enero-diciembre 2024;1.154
03099 Orihuela;9. Sustracciones de vehículos;enero-diciembre 2024;86
03099 Orihuela;10. Tráfico de drogas;enero-diciembre 2024;28
03099 Orihuela;11. Resto de criminalidad convencional;enero-diciembre 2024;1.886
03099 Orihuela;II. CIBERCRIMINALIDAD (infracciones penales cometidas en/por medio ciber);enero-diciembre 2024;576
03099 Orihuela;12.-Estafas informáticas;enero-diciembre 2024;546
03099 Orihuela;13.-Otros ciberdelitos;enero-diciembre 2024;30
03099 Orihuela;III. TOTAL INFRACCIONES PENALES;enero-diciembre 2024;4.514
03104 Petrer;I. CRIMINALIDAD CONVENCIONAL;enero-diciembre 2024;629
03104 Petrer;1. Homicidios dolosos y asesinatos consumados;enero-diciembre 2024;0
03104 Petrer;2. Homicidios dolosos y asesinatos en grado tentativa;enero-diciembre 2024;1
03104 Petrer;3. Delitos graves y menos graves de lesiones y riña tumultuaria;enero-diciembre 2024;10
03104 Petrer;4. Secuestro;enero-diciembre 2024;0
03104 Petrer;5. Delitos contra la libertad sexual;enero-diciembre 2024;7
03104 Petrer;5.1.-Agresión sexual con penetración;enero-diciembre 2024;0
03104 Petrer;5.2.-Resto de delitos contra la libertad sexual;enero-diciembre 2024;7
03104 Petrer;6. Robos con violencia e intimidación;enero-diciembre 2024;22
03104 Petrer;7. Robos con fuerza en domicilios, establecimientos y otras instalaciones;enero-diciembre 2024;59
03104 Petrer;7.1.-Robos con fuerza en domicilios;enero-diciembre 2024;40
03104 Petrer;8. Hurtos;enero-diciembre 2024;157
03104 Petrer;9. Sustracciones de vehículos;enero-diciembre 2024;10
03104 Petrer;10. Tráfico de drogas;enero-diciembre 2024;8
03104 Petrer;11. Resto de criminalidad convencional;enero-diciembre 2024;355
03104 Petrer;II. CIBERCRIMINALIDAD (infracciones penales cometidas en/por medio ciber);enero-diciembre 2024;222
03104 Petrer;12.-Estafas informáticas;enero-diciembre 2024;197
03104 Petrer;13.-Otros ciberdelitos;enero-diciembre 2024;25
03104 Petrer;III. TOTAL INFRACCIONES PENALES;enero-diciembre 2024;851
03902 Pilar de la Horadada;I. CRIMINALIDAD CONVENCIONAL;enero-diciembre 2024;1.391
03902 Pilar de la Horadada;1. Homicidios dolosos y asesinatos consumados;enero-diciembre 2024;0
03902 Pilar de la Horadada;2. Homicidios dolosos y asesinatos en grado tentativa;enero-diciembre 2024;0
03902 Pilar de la Horadada;3. Delitos graves y menos graves de lesiones y riña tumultuaria;enero-diciembre 2024;18
03902 Pilar de la Horadada;4. Secuestro;enero-diciembre 2024;1
03902 Pilar de la Horadada;5. Delitos contra la libertad sexual;enero-diciembre 2024;10
03902 Pilar de la Horadada;5.1.-Agresión sexual con penetración;enero-diciembre 2024;2
03902 Pilar de la Horadada;5.2.-Resto de delitos contra la libertad sexual;enero-diciembre 2024;8
03902 Pilar de la Horadada;6. Robos con violencia e intimidación;enero-diciembre 2024;27
03902 Pilar de la Horadada;7. Robos con fuerza en domicilios, establecimientos y otras instalaciones;enero-diciembre 2024;243
03902 Pilar de la Horadada;7.1.-Robos con fuerza en domicilios;enero-diciembre 2024;217
03902 Pilar de la Horadada;8. Hurtos;enero-diciembre 2024;376
03902 Pilar de la Horadada;9. Sustracciones de vehículos;enero-diciembre 2024;18
03902 Pilar de la Horadada;10. Tráfico de drogas;enero-diciembre 2024;13
03902 Pilar de la Horadada;11. Resto de criminalidad convencional;enero-diciembre 2024;685
03902 Pilar de la Horadada;II. CIBERCRIMINALIDAD (infracciones penales cometidas en/por medio ciber);enero-diciembre 2024;270
03902 Pilar de la Horadada;12.-Estafas informáticas;enero-diciembre 2024;248
03902 Pilar de la Horadada;13.-Otros ciberdelitos;enero-diciembre 2024;22
03902 Pilar de la Horadada;III. TOTAL INFRACCIONES PENALES;enero-diciembre 2024;1.661
03122 San Vicente del Raspeig/Sant Vicent del Raspeig;I. CRIMINALIDAD CONVENCIONAL;enero-diciembre 2024;1.799
03122 San Vicente del Raspeig/Sant Vicent del Raspeig;1. Homicidios dolosos y asesinatos consumados;enero-diciembre 2024;0
03122 San Vicente del Raspeig/Sant Vicent del Raspeig;2. Homicidios dolosos y asesinatos en grado tentativa;enero-diciembre 2024;0
03122 San Vicente del Raspeig/Sant Vicent del Raspeig;3. Delitos graves y menos graves de lesiones y riña tumultuaria;enero-diciembre 2024;29
03122 San Vicente del Raspeig/Sant Vicent del Raspeig;4. Secuestro;enero-diciembre 2024;0
03122 San Vicente del Raspeig/Sant Vicent del Raspeig;5. Delitos contra la libertad sexual;enero-diciembre 2024;43
03122 San Vicente del Raspeig/Sant Vicent del Raspeig;5.1.-Agresión sexual con penetración;enero-diciembre 2024;8
03122 San Vicente del Raspeig/Sant Vicent del Raspeig;5.2.-Resto de delitos contra la libertad sexual;enero-diciembre 2024;35
03122 San Vicente del Raspeig/Sant Vicent del Raspeig;6. Robos con violencia e intimidación;enero-diciembre 2024;26
03122 San Vicente del Raspeig/Sant Vicent del Raspeig;7. Robos con fuerza en domicilios, establecimientos y otras instalaciones;enero-diciembre 2024;108
03122 San Vicente del Raspeig/Sant Vicent del Raspeig;7.1.-Robos con fuerza en domicilios;enero-diciembre 2024;88
03122 San Vicente del Raspeig/Sant Vicent del Raspeig;8. Hurtos;enero-diciembre 2024;545
03122 San Vicente del Raspeig/Sant Vicent del Raspeig;9. Sustracciones de vehículos;enero-diciembre 2024;23
03122 San Vicente del Raspeig/Sant Vicent del Raspeig;10. Tráfico de drogas;enero-diciembre 2024;9
03122 San Vicente del Raspeig/Sant Vicent del Raspeig;11. Resto de criminalidad convencional;enero-diciembre 2024;1.016
03122 San Vicente del Raspeig/Sant Vicent del Raspeig;II. CIBERCRIMINALIDAD (infracciones penales cometidas en/por medio ciber);enero-diciembre 2024;720
03122 San Vicente del Raspeig/Sant Vicent del Raspeig;12.-Estafas informáticas;enero-diciembre 2024;586
03122 San Vicente del Raspeig/Sant Vicent del Raspeig;13.-Otros ciberdelitos;enero-diciembre 2024;134
03122 San Vicente del Raspeig/Sant Vicent del Raspeig;III. TOTAL INFRACCIONES PENALES;enero-diciembre 2024;2.519
03119 Sant Joan d'Alacant;I. CRIMINALIDAD CONVENCIONAL;enero-diciembre 2024;812
03119 Sant Joan d'Alacant;1. Homicidios dolosos y asesinatos consumados;enero-diciembre 2024;0
03119 Sant Joan d'Alacant;2. Homicidios dolosos y asesinatos en grado tentativa;enero-diciembre 2024;0
03119 Sant Joan d'Alacant;3. Delitos graves y menos graves de lesiones y riña tumultuaria;enero-diciembre 2024;11
03119 Sant Joan d'Alacant;4. Secuestro;enero-diciembre 2024;0
03119 Sant Joan d'Alacant;5. Delitos contra la libertad sexual;enero-diciembre 2024;14
03119 Sant Joan d'Alacant;5.1.-Agresión sexual con penetración;enero-diciembre 2024;1
03119 Sant Joan d'Alacant;5.2.-Resto de delitos contra la libertad sexual;enero-diciembre 2024;13
03119 Sant Joan d'Alacant;6. Robos con violencia e intimidación;enero-diciembre 2024;11
03119 Sant Joan d'Alacant;7. Robos con fuerza en domicilios, establecimientos y otras instalaciones;enero-diciembre 2024;53
03119 Sant Joan d'Alacant;7.1.-Robos con fuerza en domicilios;enero-diciembre 2024;33
03119 Sant Joan d'Alacant;8. Hurtos;enero-diciembre 2024;236
03119 Sant Joan d'Alacant;9. Sustracciones de vehículos;enero-diciembre 2024;9
03119 Sant Joan d'Alacant;10. Tráfico de drogas;enero-diciembre 2024;4
03119 Sant Joan d'Alacant;11. Resto de criminalidad convencional;enero-diciembre 2024;474
03119 Sant Joan d'Alacant;II. CIBERCRIMINALIDAD (infracciones penales cometidas en/por medio ciber);enero-diciembre 2024;283
03119 Sant Joan d'Alacant;12.-Estafas informáticas;enero-diciembre 2024;248
03119 Sant Joan d'Alacant;13.-Otros ciberdelitos;enero-diciembre 2024;35
03119 Sant Joan d'Alacant;III. TOTAL INFRACCIONES PENALES;enero-diciembre 2024;1.095
03121 Santa Pola;I. CRIMINALIDAD CONVENCIONAL;enero-diciembre 2024;1.859
03121 Santa Pola;1. Homicidios dolosos y asesinatos consumados;enero-diciembre 2024;0
03121 Santa Pola;2. Homicidios dolosos y asesinatos en grado tentativa;enero-diciembre 2024;0
03121 Santa Pola;3. Delitos graves y menos graves de lesiones y riña tumultuaria;enero-diciembre 2024;22
03121 Santa Pola;4. Secuestro;enero-diciembre 2024;0
03121 Santa Pola;5. Delitos contra la libertad sexual;enero-diciembre 2024;27
03121 Santa Pola;5.1.-Agresión sexual con penetración;enero-diciembre 2024;6
03121 Santa Pola;5.2.-Resto de delitos contra la libertad sexual;enero-diciembre 2024;21
03121 Santa Pola;6. Robos con violencia e intimidación;enero-diciembre 2024;38
03121 Santa Pola;7. Robos con fuerza en domicilios, establecimientos y otras instalaciones;enero-diciembre 2024;95
03121 Santa Pola;7.1.-Robos con fuerza en domicilios;enero-diciembre 2024;77
03121 Santa Pola;8. Hurtos;enero-diciembre 2024;541
03121 Santa Pola;9. Sustracciones de vehículos;enero-diciembre 2024;25
03121 Santa Pola;10. Tráfico de drogas;enero-diciembre 2024;11
03121 Santa Pola;11. Resto de criminalidad convencional;enero-diciembre 2024;1.100
03121 Santa Pola;II. CIBERCRIMINALIDAD (infracciones penales cometidas en/por medio ciber);enero-diciembre 2024;544
03121 Santa Pola;12.-Estafas informáticas;enero-diciembre 2024;463
03121 Santa Pola;13.-Otros ciberdelitos;enero-diciembre 2024;81
03121 Santa Pola;III. TOTAL INFRACCIONES PENALES;enero-diciembre 2024;2.403
03133 Torrevieja;I. CRIMINALIDAD CONVENCIONAL;enero-diciembre 2024;8.337
03133 Torrevieja;1. Homicidios dolosos y asesinatos consumados;enero-diciembre 2024;2
03133 Torrevieja;2. Homicidios dolosos y asesinatos en grado tentativa;enero-diciembre 2024;1
03133 Torrevieja;3. Delitos graves y menos graves de lesiones y riña tumultuaria;enero-diciembre 2024;170
03133 Torrevieja;4. Secuestro;enero-diciembre 2024;1
03133 Torrevieja;5. Delitos contra la libertad sexual;enero-diciembre 2024;80
03133 Torrevieja;5.1.-Agresión sexual con penetración;enero-diciembre 2024;18
03133 Torrevieja;5.2.-Resto de delitos contra la libertad sexual;enero-diciembre 2024;62
03133 Torrevieja;6. Robos con violencia e intimidación;enero-diciembre 2024;282
03133 Torrevieja;7. Robos con fuerza en domicilios, establecimientos y otras instalaciones;enero-diciembre 2024;566
03133 Torrevieja;7.1.-Robos con fuerza en domicilios;enero-diciembre 2024;489
03133 Torrevieja;8. Hurtos;enero-diciembre 2024;2.693
03133 Torrevieja;9. Sustracciones de vehículos;enero-diciembre 2024;104
03133 Torrevieja;10. Tráfico de drogas;enero-diciembre 2024;92
03133 Torrevieja;11. Resto de criminalidad convencional;enero-diciembre 2024;4.346
03133 Torrevieja;II. CIBERCRIMINALIDAD (infracciones penales cometidas en/por medio ciber);enero-diciembre 2024;962
03133 Torrevieja;12.-Estafas informáticas;enero-diciembre 2024;816
03133 Torrevieja;13.-Otros ciberdelitos;enero-diciembre 2024;146
03133 Torrevieja;III. TOTAL INFRACCIONES PENALES;enero-diciembre 2024;9.299
03139 Villajoyosa/Vila Joiosa (la);I. CRIMINALIDAD CONVENCIONAL;enero-diciembre 2024;1.793
03139 Villajoyosa/Vila Joiosa (la);1. Homicidios dolosos y asesinatos consumados;enero-diciembre 2024;3
03139 Villajoyosa/Vila Joiosa (la);2. Homicidios dolosos y asesinatos en grado tentativa;enero-diciembre 2024;1
03139 Villajoyosa/Vila Joiosa (la);3. Delitos graves y menos graves de lesiones y riña tumultuaria;enero-diciembre 2024;31
03139 Villajoyosa/Vila Joiosa (la);4. Secuestro;enero-diciembre 2024;0
03139 Villajoyosa/Vila Joiosa (la);5. Delitos contra la libertad sexual;enero-diciembre 2024;12
03139 Villajoyosa/Vila Joiosa (la);5.1.-Agresión sexual con penetración;enero-diciembre 2024;1
03139 Villajoyosa/Vila Joiosa (la);5.2.-Resto de delitos contra la libertad sexual;enero-diciembre 2024;11
03139 Villajoyosa/Vila Joiosa (la);6. Robos con violencia e intimidación;enero-diciembre 2024;22
03139 Villajoyosa/Vila Joiosa (la);7. Robos con fuerza en domicilios, establecimientos y otras instalaciones;enero-diciembre 2024;94
03139 Villajoyosa/Vila Joiosa (la);7.1.-Robos con fuerza en domicilios;enero-diciembre 2024;50
03139 Villajoyosa/Vila Joiosa (la);8. Hurtos;enero-diciembre 2024;537
03139 Villajoyosa/Vila Joiosa (la);9. Sustracciones de vehículos;enero-diciembre 2024;28
03139 Villajoyosa/Vila Joiosa (la);10. Tráfico de drogas;enero-diciembre 2024;6
03139 Villajoyosa/Vila Joiosa (la);11. Resto de criminalidad convencional;enero-diciembre 2024;1.059
03139 Villajoyosa/Vila Joiosa (la);II. CIBERCRIMINALIDAD (infracciones penales cometidas en/por medio ciber);enero-diciembre 2024;325
03139 Villajoyosa/Vila Joiosa (la);12.-Estafas informáticas;enero-diciembre 2024;300
03139 Villajoyosa/Vila Joiosa (la);13.-Otros ciberdelitos;enero-diciembre 2024;25
03139 Villajoyosa/Vila Joiosa (la);III. TOTAL INFRACCIONES PENALES;enero-diciembre 2024;2.118
03140 Villena;I. CRIMINALIDAD CONVENCIONAL;enero-diciembre 2024;957
03140 Villena;1. Homicidios dolosos y asesinatos consumados;enero-diciembre 2024;1
03140 Villena;2. Homicidios dolosos y asesinatos en grado tentativa;enero-diciembre 2024;1
03140 Villena;3. Delitos graves y menos graves de lesiones y riña tumultuaria;enero-diciembre 2024;22
03140 Villena;4. Secuestro;enero-diciembre 2024;0
03140 Villena;5. Delitos contra la libertad sexual;enero-diciembre 2024;4
03140 Villena;5.1.-Agresión sexual con penetración;enero-diciembre 2024;0
03140 Villena;5.2.-Resto de delitos contra la libertad sexual;enero-diciembre 2024;4
03140 Villena;6. Robos con violencia e intimidación;enero-diciembre 2024;25
03140 Villena;7. Robos con fuerza en domicilios, establecimientos y otras instalaciones;enero-diciembre 2024;104
03140 Villena;7.1.-Robos con fuerza en domicilios;enero-diciembre 2024;75
03140 Villena;8. Hurtos;enero-diciembre 2024;207
03140 Villena;9. Sustracciones de vehículos;enero-diciembre 2024;4
03140 Villena;10. Tráfico de drogas;enero-diciembre 2024;20
03140 Villena;11. Resto de criminalidad convencional;enero-diciembre 2024;569
03140 Villena;II. CIBERCRIMINALIDAD (infracciones penales cometidas en/por medio ciber);enero-diciembre 2024;242
03140 Villena;12.-Estafas informáticas;enero-diciembre 2024;221
03140 Villena;13.-Otros ciberdelitos;enero-diciembre 2024;21
03140 Villena;III. TOTAL INFRACCIONES PENALES;enero-diciembre 2024;1.199
Provincia de CASTELLÓN/CASTELLÓ;I. CRIMINALIDAD CONVENCIONAL;enero-diciembre 2024;24.477
Provincia de CASTELLÓN/CASTELLÓ;1. Homicidios dolosos y asesinatos consumados;enero-diciembre 2024;2
Provincia de CASTELLÓN/CASTELLÓ;2. Homicidios dolosos y asesinatos en grado tentativa;enero-diciembre 2024;8
Provincia de CASTELLÓN/CASTELLÓ;3. Delitos graves y menos graves de lesiones y riña tumultuaria;enero-diciembre 2024;454
Provincia de CASTELLÓN/CASTELLÓ;4. Secuestro;enero-diciembre 2024;3
Provincia de CASTELLÓN/CASTELLÓ;5. Delitos contra la libertad sexual;enero-diciembre 2024;249
Provincia de CASTELLÓN/CASTELLÓ;5.1.-Agresión sexual con penetración;enero-diciembre 2024;50
Provincia de CASTELLÓN/CASTELLÓ;5.2.-Resto de delitos contra la libertad sexual;enero-diciembre 2024;199
Provincia de CASTELLÓN/CASTELLÓ;6. Robos con violencia e intimidación;enero-diciembre 2024;479
Provincia de CASTELLÓN/CASTELLÓ;7. Robos con fuerza en domicilios, establecimientos y otras instalaciones;enero-diciembre 2024;2.232
Provincia de CASTELLÓN/CASTELLÓ;7.1.-Robos con fuerza en domicilios;enero-diciembre 2024;1.729
Provincia de CASTELLÓN/CASTELLÓ;8. Hurtos;enero-diciembre 2024;6.099
Provincia de CASTELLÓN/CASTELLÓ;9. Sustracciones de vehículos;enero-diciembre 2024;219
Provincia de CASTELLÓN/CASTELLÓ;10. Tráfico de drogas;enero-diciembre 2024;173
Provincia de CASTELLÓN/CASTELLÓ;11. Resto de criminalidad convencional;enero-diciembre 2024;14.559
Provincia de CASTELLÓN/CASTELLÓ;II. CIBERCRIMINALIDAD (infracciones penales cometidas en/por medio ciber);enero-diciembre 2024;4.364
Provincia de CASTELLÓN/CASTELLÓ;12.-Estafas informáticas;enero-diciembre 2024;3.821
Provincia de CASTELLÓN/CASTELLÓ;13.-Otros ciberdelitos;enero-diciembre 2024;543
Provincia de CASTELLÓN/CASTELLÓ;III. TOTAL INFRACCIONES PENALES;enero-diciembre 2024;28.841
12009 Almazora/Almassora;I. CRIMINALIDAD CONVENCIONAL;enero-diciembre 2024;1.465
12009 Almazora/Almassora;1. Homicidios dolosos y asesinatos consumados;enero-diciembre 2024;0
12009 Almazora/Almassora;2. Homicidios dolosos y asesinatos en grado tentativa;enero-diciembre 2024;0
12009 Almazora/Almassora;3. Delitos graves y menos graves de lesiones y riña tumultuaria;enero-diciembre 2024;22
12009 Almazora/Almassora;4. Secuestro;enero-diciembre 2024;0
12009 Almazora/Almassora;5. Delitos contra la libertad sexual;enero-diciembre 2024;14
12009 Almazora/Almassora;5.1.-Agresión sexual con penetración;enero-diciembre 2024;0
12009 Almazora/Almassora;5.2.-Resto de delitos contra la libertad sexual;enero-diciembre 2024;14
12009 Almazora/Almassora;6. Robos con violencia e intimidación;enero-diciembre 2024;20
12009 Almazora/Almassora;7. Robos con fuerza en domicilios, establecimientos y otras instalaciones;enero-diciembre 2024;126
12009 Almazora/Almassora;7.1.-Robos con fuerza en domicilios;enero-diciembre 2024;102
12009 Almazora/Almassora;8. Hurtos;enero-diciembre 2024;266
12009 Almazora/Almassora;9. Sustracciones de vehículos;enero-diciembre 2024;13
12009 Almazora/Almassora;10. Tráfico de drogas;enero-diciembre 2024;11
12009 Almazora/Almassora;11. Resto de criminalidad convencional;enero-diciembre 2024;993
12009 Almazora/Almassora;II. CIBERCRIMINALIDAD (infracciones penales cometidas en/por medio ciber);enero-diciembre 2024;110
12009 Almazora/Almassora;12.-Estafas informáticas;enero-diciembre 2024;97
12009 Almazora/Almassora;13.-Otros ciberdelitos;enero-diciembre 2024;13
12009 Almazora/Almassora;III. TOTAL INFRACCIONES PENALES;enero-diciembre 2024;1.575
12027 Benicarló;I. CRIMINALIDAD CONVENCIONAL;enero-diciembre 2024;1.859
12027 Benicarló;1. Homicidios dolosos y asesinatos consumados;enero-diciembre 2024;0
12027 Benicarló;2. Homicidios dolosos y asesinatos en grado tentativa;enero-diciembre 2024;1
12027 Benicarló;3. Delitos graves y menos graves de lesiones y riña tumultuaria;enero-diciembre 2024;20
12027 Benicarló;4. Secuestro;enero-diciembre 2024;2
12027 Benicarló;5. Delitos contra la libertad sexual;enero-diciembre 2024;14
12027 Benicarló;5.1.-Agresión sexual con penetración;enero-diciembre 2024;4
12027 Benicarló;5.2.-Resto de delitos contra la libertad sexual;enero-diciembre 2024;10
12027 Benicarló;6. Robos con violencia e intimidación;enero-diciembre 2024;76
12027 Benicarló;7. Robos con fuerza en domicilios, establecimientos y otras instalaciones;enero-diciembre 2024;113
12027 Benicarló;7.1.-Robos con fuerza en domicilios;enero-diciembre 2024;81
12027 Benicarló;8. Hurtos;enero-diciembre 2024;573
12027 Benicarló;9. Sustracciones de vehículos;enero-diciembre 2024;4
12027 Benicarló;10. Tráfico de drogas;enero-diciembre 2024;8
12027 Benicarló;11. Resto de criminalidad convencional;enero-diciembre 2024;1.048
12027 Benicarló;II. CIBERCRIMINALIDAD (infracciones penales cometidas en/por medio ciber);enero-diciembre 2024;306
12027 Benicarló;12.-Estafas informáticas;enero-diciembre 2024;262
12027 Benicarló;13.-Otros ciberdelitos;enero-diciembre 2024;44
12027 Benicarló;III. TOTAL INFRACCIONES PENALES;enero-diciembre 2024;2.165
12032 Borriana/Burriana;I. CRIMINALIDAD CONVENCIONAL;enero-diciembre 2024;1.837
12032 Borriana/Burriana;1. Homicidios dolosos y asesinatos consumados;enero-diciembre 2024;1
12032 Borriana/Burriana;2. Homicidios dolosos y asesinatos en grado tentativa;enero-diciembre 2024;0
12032 Borriana/Burriana;3. Delitos graves y menos graves de lesiones y riña tumultuaria;enero-diciembre 2024;30
12032 Borriana/Burriana;4. Secuestro;enero-diciembre 2024;0
12032 Borriana/Burriana;5. Delitos contra la libertad sexual;enero-diciembre 2024;17
12032 Borriana/Burriana;5.1.-Agresión sexual con penetración;enero-diciembre 2024;3
12032 Borriana/Burriana;5.2.-Resto de delitos contra la libertad sexual;enero-diciembre 2024;14
12032 Borriana/Burriana;6. Robos con violencia e intimidación;enero-diciembre 2024;52
12032 Borriana/Burriana;7. Robos con fuerza en domicilios, establecimientos y otras instalaciones;enero-diciembre 2024;128
12032 Borriana/Burriana;7.1.-Robos con fuerza en domicilios;enero-diciembre 2024;115
12032 Borriana/Burriana;8. Hurtos;enero-diciembre 2024;461
12032 Borriana/Burriana;9. Sustracciones de vehículos;enero-diciembre 2024;11
12032 Borriana/Burriana;10. Tráfico de drogas;enero-diciembre 2024;7
12032 Borriana/Burriana;11. Resto de criminalidad convencional;enero-diciembre 2024;1.130
12032 Borriana/Burriana;II. CIBERCRIMINALIDAD (infracciones penales cometidas en/por medio ciber);enero-diciembre 2024;375
12032 Borriana/Burriana;12.-Estafas informáticas;enero-diciembre 2024;326
12032 Borriana/Burriana;13.-Otros ciberdelitos;enero-diciembre 2024;49
12032 Borriana/Burriana;III. TOTAL INFRACCIONES PENALES;enero-diciembre 2024;2.212
12040 Castellón de la Plana/Castelló de la Plana;I. CRIMINALIDAD CONVENCIONAL;enero-diciembre 2024;6.307
12040 Castellón de la Plana/Castelló de la Plana;1. Homicidios dolosos y asesinatos consumados;enero-diciembre 2024;0
12040 Castellón de la Plana/Castelló de la Plana;2. Homicidios dolosos y asesinatos en grado tentativa;enero-diciembre 2024;4
12040 Castellón de la Plana/Castelló de la Plana;3. Delitos graves y menos graves de lesiones y riña tumultuaria;enero-diciembre 2024;105
12040 Castellón de la Plana/Castelló de la Plana;4. Secuestro;enero-diciembre 2024;0
12040 Castellón de la Plana/Castelló de la Plana;5. Delitos contra la libertad sexual;enero-diciembre 2024;76
12040 Castellón de la Plana/Castelló de la Plana;5.1.-Agresión sexual con penetración;enero-diciembre 2024;17
12040 Castellón de la Plana/Castelló de la Plana;5.2.-Resto de delitos contra la libertad sexual;enero-diciembre 2024;59
12040 Castellón de la Plana/Castelló de la Plana;6. Robos con violencia e intimidación;enero-diciembre 2024;173
12040 Castellón de la Plana/Castelló de la Plana;7. Robos con fuerza en domicilios, establecimientos y otras instalaciones;enero-diciembre 2024;558
12040 Castellón de la Plana/Castelló de la Plana;7.1.-Robos con fuerza en domicilios;enero-diciembre 2024;388
12040 Castellón de la Plana/Castelló de la Plana;8. Hurtos;enero-diciembre 2024;2.110
12040 Castellón de la Plana/Castelló de la Plana;9. Sustracciones de vehículos;enero-diciembre 2024;98
12040 Castellón de la Plana/Castelló de la Plana;10. Tráfico de drogas;enero-diciembre 2024;63
12040 Castellón de la Plana/Castelló de la Plana;11. Resto de criminalidad convencional;enero-diciembre 2024;3.120
12040 Castellón de la Plana/Castelló de la Plana;II. CIBERCRIMINALIDAD (infracciones penales cometidas en/por medio ciber);enero-diciembre 2024;1.232
12040 Castellón de la Plana/Castelló de la Plana;12.-Estafas informáticas;enero-diciembre 2024;1.112
12040 Castellón de la Plana/Castelló de la Plana;13.-Otros ciberdelitos;enero-diciembre 2024;120
12040 Castellón de la Plana/Castelló de la Plana;III. TOTAL INFRACCIONES PENALES;enero-diciembre 2024;7.539
12084 Onda;I. CRIMINALIDAD CONVENCIONAL;enero-diciembre 2024;831
12084 Onda;1. Homicidios dolosos y asesinatos consumados;enero-diciembre 2024;0
12084 Onda;2. Homicidios dolosos y asesinatos en grado tentativa;enero-diciembre 2024;0
12084 Onda;3. Delitos graves y menos graves de lesiones y riña tumultuaria;enero-diciembre 2024;17
12084 Onda;4. Secuestro;enero-diciembre 2024;0
12084 Onda;5. Delitos contra la libertad sexual;enero-diciembre 2024;10
12084 Onda;5.1.-Agresión sexual con penetración;enero-diciembre 2024;5
12084 Onda;5.2.-Resto de delitos contra la libertad sexual;enero-diciembre 2024;5
12084 Onda;6. Robos con violencia e intimidación;enero-diciembre 2024;5
12084 Onda;7. Robos con fuerza en domicilios, establecimientos y otras instalaciones;enero-diciembre 2024;74
12084 Onda;7.1.-Robos con fuerza en domicilios;enero-diciembre 2024;52
12084 Onda;8. Hurtos;enero-diciembre 2024;127
12084 Onda;9. Sustracciones de vehículos;enero-diciembre 2024;7
12084 Onda;10. Tráfico de drogas;enero-diciembre 2024;4
12084 Onda;11. Resto de criminalidad convencional;enero-diciembre 2024;587
12084 Onda;II. CIBERCRIMINALIDAD (infracciones penales cometidas en/por medio ciber);enero-diciembre 2024;143
12084 Onda;12.-Estafas informáticas;enero-diciembre 2024;119
12084 Onda;13.-Otros ciberdelitos;enero-diciembre 2024;24
12084 Onda;III. TOTAL INFRACCIONES PENALES;enero-diciembre 2024;974
12126 Vall d'Uixó (la);I. CRIMINALIDAD CONVENCIONAL;enero-diciembre 2024;975
12126 Vall d'Uixó (la);1. Homicidios dolosos y asesinatos consumados;enero-diciembre 2024;0
12126 Vall d'Uixó (la);2. Homicidios dolosos y asesinatos en grado tentativa;enero-diciembre 2024;0
12126 Vall d'Uixó (la);3. Delitos graves y menos graves de lesiones y riña tumultuaria;enero-diciembre 2024;25
12126 Vall d'Uixó (la);4. Secuestro;enero-diciembre 2024;0
12126 Vall d'Uixó (la);5. Delitos contra la libertad sexual;enero-diciembre 2024;8
12126 Vall d'Uixó (la);5.1.-Agresión sexual con penetración;enero-diciembre 2024;1
12126 Vall d'Uixó (la);5.2.-Resto de delitos contra la libertad sexual;enero-diciembre 2024;7
12126 Vall d'Uixó (la);6. Robos con violencia e intimidación;enero-diciembre 2024;8
12126 Vall d'Uixó (la);7. Robos con fuerza en domicilios, establecimientos y otras instalaciones;enero-diciembre 2024;91
12126 Vall d'Uixó (la);7.1.-Robos con fuerza en domicilios;enero-diciembre 2024;57
12126 Vall d'Uixó (la);8. Hurtos;enero-diciembre 2024;187
12126 Vall d'Uixó (la);9. Sustracciones de vehículos;enero-diciembre 2024;7
12126 Vall d'Uixó (la);10. Tráfico de drogas;enero-diciembre 2024;2
12126 Vall d'Uixó (la);11. Resto de criminalidad convencional;enero-diciembre 2024;647
12126 Vall d'Uixó (la);II. CIBERCRIMINALIDAD (infracciones penales cometidas en/por medio ciber);enero-diciembre 2024;204
12126 Vall d'Uixó (la);12.-Estafas informáticas;enero-diciembre 2024;157
12126 Vall d'Uixó (la);13.-Otros ciberdelitos;enero-diciembre 2024;47
12126 Vall d'Uixó (la);III. TOTAL INFRACCIONES PENALES;enero-diciembre 2024;1.179
12135 Vila-real;I. CRIMINALIDAD CONVENCIONAL;enero-diciembre 2024;1.128
12135 Vila-real;1. Homicidios dolosos y asesinatos consumados;enero-diciembre 2024;0
12135 Vila-real;2. Homicidios dolosos y asesinatos en grado tentativa;enero-diciembre 2024;0
12135 Vila-real;3. Delitos graves y menos graves de lesiones y riña tumultuaria;enero-diciembre 2024;15
12135 Vila-real;4. Secuestro;enero-diciembre 2024;0
12135 Vila-real;5. Delitos contra la libertad sexual;enero-diciembre 2024;13
12135 Vila-real;5.1.-Agresión sexual con penetración;enero-diciembre 2024;1
12135 Vila-real;5.2.-Resto de delitos contra la libertad sexual;enero-diciembre 2024;12
12135 Vila-real;6. Robos con violencia e intimidación;enero-diciembre 2024;18
12135 Vila-real;7. Robos con fuerza en domicilios, establecimientos y otras instalaciones;enero-diciembre 2024;126
12135 Vila-real;7.1.-Robos con fuerza en domicilios;enero-diciembre 2024;95
12135 Vila-real;8. Hurtos;enero-diciembre 2024;274
12135 Vila-real;9. Sustracciones de vehículos;enero-diciembre 2024;21
12135 Vila-real;10. Tráfico de drogas;enero-diciembre 2024;7
12135 Vila-real;11. Resto de criminalidad convencional;enero-diciembre 2024;654
12135 Vila-real;II. CIBERCRIMINALIDAD (infracciones penales cometidas en/por medio ciber);enero-diciembre 2024;326
12135 Vila-real;12.-Estafas informáticas;enero-diciembre 2024;292
12135 Vila-real;13.-Otros ciberdelitos;enero-diciembre 2024;34
12135 Vila-real;III. TOTAL INFRACCIONES PENALES;enero-diciembre 2024;1.454
12138 Vinaròs;I. CRIMINALIDAD CONVENCIONAL;enero-diciembre 2024;1.649
12138 Vinaròs;1. Homicidios dolosos y asesinatos consumados;enero-diciembre 2024;0
12138 Vinaròs;2. Homicidios dolosos y asesinatos en grado tentativa;enero-diciembre 2024;0
12138 Vinaròs;3. Delitos graves y menos graves de lesiones y riña tumultuaria;enero-diciembre 2024;41
12138 Vinaròs;4. Secuestro;enero-diciembre 2024;0
12138 Vinaròs;5. Delitos contra la libertad sexual;enero-diciembre 2024;16
12138 Vinaròs;5.1.-Agresión sexual con penetración;enero-diciembre 2024;1
12138 Vinaròs;5.2.-Resto de delitos contra la libertad sexual;enero-diciembre 2024;15
12138 Vinaròs;6. Robos con violencia e intimidación;enero-diciembre 2024;20
12138 Vinaròs;7. Robos con fuerza en domicilios, establecimientos y otras instalaciones;enero-diciembre 2024;159
12138 Vinaròs;7.1.-Robos con fuerza en domicilios;enero-diciembre 2024;143
12138 Vinaròs;8. Hurtos;enero-diciembre 2024;422
12138 Vinaròs;9. Sustracciones de vehículos;enero-diciembre 2024;13
12138 Vinaròs;10. Tráfico de drogas;enero-diciembre 2024;9
12138 Vinaròs;11. Resto de criminalidad convencional;enero-diciembre 2024;969
12138 Vinaròs;II. CIBERCRIMINALIDAD (infracciones penales cometidas en/por medio ciber);enero-diciembre 2024;209
12138 Vinaròs;12.-Estafas informáticas;enero-diciembre 2024;167
12138 Vinaròs;13.-Otros ciberdelitos;enero-diciembre 2024;42
12138 Vinaròs;III. TOTAL INFRACCIONES PENALES;enero-diciembre 2024;1.858
Provincia de VALENCIA/VALÈNCIA;I. CRIMINALIDAD CONVENCIONAL;enero-diciembre 2024;125.552
Provincia de VALENCIA/VALÈNCIA;1. Homicidios dolosos y asesinatos consumados;enero-diciembre 2024;34
Provincia de VALENCIA/VALÈNCIA;2. Homicidios dolosos y asesinatos en grado tentativa;enero-diciembre 2024;77
Provincia de VALENCIA/VALÈNCIA;3. Delitos graves y menos graves de lesiones y riña tumultuaria;enero-diciembre 2024;1.841
Provincia de VALENCIA/VALÈNCIA;4. Secuestro;enero-diciembre 2024;2
Provincia de VALENCIA/VALÈNCIA;5. Delitos contra la libertad sexual;enero-diciembre 2024;1.223
Provincia de VALENCIA/VALÈNCIA;5.1.-Agresión sexual con penetración;enero-diciembre 2024;244
Provincia de VALENCIA/VALÈNCIA;5.2.-Resto de delitos contra la libertad sexual;enero-diciembre 2024;979
Provincia de VALENCIA/VALÈNCIA;6. Robos con violencia e intimidación;enero-diciembre 2024;3.583
Provincia de VALENCIA/VALÈNCIA;7. Robos con fuerza en domicilios, establecimientos y otras instalaciones;enero-diciembre 2024;8.483
Provincia de VALENCIA/VALÈNCIA;7.1.-Robos con fuerza en domicilios;enero-diciembre 2024;6.898
Provincia de VALENCIA/VALÈNCIA;8. Hurtos;enero-diciembre 2024;41.343
Provincia de VALENCIA/VALÈNCIA;9. Sustracciones de vehículos;enero-diciembre 2024;1.754
Provincia de VALENCIA/VALÈNCIA;10. Tráfico de drogas;enero-diciembre 2024;1.426
Provincia de VALENCIA/VALÈNCIA;11. Resto de criminalidad convencional;enero-diciembre 2024;65.786
Provincia de VALENCIA/VALÈNCIA;II. CIBERCRIMINALIDAD (infracciones penales cometidas en/por medio ciber);enero-diciembre 2024;24.584
Provincia de VALENCIA/VALÈNCIA;12.-Estafas informáticas;enero-diciembre 2024;21.591
Provincia de VALENCIA/VALÈNCIA;13.-Otros ciberdelitos;enero-diciembre 2024;2.993
Provincia de VALENCIA/VALÈNCIA;III. TOTAL INFRACCIONES PENALES;enero-diciembre 2024;150.136
46005 Alaquàs;I. CRIMINALIDAD CONVENCIONAL;enero-diciembre 2024;701
46005 Alaquàs;1. Homicidios dolosos y asesinatos consumados;enero-diciembre 2024;1
46005 Alaquàs;2. Homicidios dolosos y asesinatos en grado tentativa;enero-diciembre 2024;1
46005 Alaquàs;3. Delitos graves y menos graves de lesiones y riña tumultuaria;enero-diciembre 2024;9
46005 Alaquàs;4. Secuestro;enero-diciembre 2024;0
46005 Alaquàs;5. Delitos contra la libertad sexual;enero-diciembre 2024;7
46005 Alaquàs;5.1.-Agresión sexual con penetración;enero-diciembre 2024;2
46005 Alaquàs;5.2.-Resto de delitos contra la libertad sexual;enero-diciembre 2024;5
46005 Alaquàs;6. Robos con violencia e intimidación;enero-diciembre 2024;22
46005 Alaquàs;7. Robos con fuerza en domicilios, establecimientos y otras instalaciones;enero-diciembre 2024;41
46005 Alaquàs;7.1.-Robos con fuerza en domicilios;enero-diciembre 2024;36
46005 Alaquàs;8. Hurtos;enero-diciembre 2024;188
46005 Alaquàs;9. Sustracciones de vehículos;enero-diciembre 2024;12
46005 Alaquàs;10. Tráfico de drogas;enero-diciembre 2024;12
46005 Alaquàs;11. Resto de criminalidad convencional;enero-diciembre 2024;408
46005 Alaquàs;II. CIBERCRIMINALIDAD (infracciones penales cometidas en/por medio ciber);enero-diciembre 2024;201
46005 Alaquàs;12.-Estafas informáticas;enero-diciembre 2024;182
46005 Alaquàs;13.-Otros ciberdelitos;enero-diciembre 2024;19
46005 Alaquàs;III. TOTAL INFRACCIONES PENALES;enero-diciembre 2024;902
46013 Alboraia/Alboraya;I. CRIMINALIDAD CONVENCIONAL;enero-diciembre 2024;1.632
46013 Alboraia/Alboraya;1. Homicidios dolosos y asesinatos consumados;enero-diciembre 2024;0
46013 Alboraia/Alboraya;2. Homicidios dolosos y asesinatos en grado tentativa;enero-diciembre 2024;0
46013 Alboraia/Alboraya;3. Delitos graves y menos graves de lesiones y riña tumultuaria;enero-diciembre 2024;11
46013 Alboraia/Alboraya;4. Secuestro;enero-diciembre 2024;0
46013 Alboraia/Alboraya;5. Delitos contra la libertad sexual;enero-diciembre 2024;11
46013 Alboraia/Alboraya;5.1.-Agresión sexual con penetración;enero-diciembre 2024;1
46013 Alboraia/Alboraya;5.2.-Resto de delitos contra la libertad sexual;enero-diciembre 2024;10
46013 Alboraia/Alboraya;6. Robos con violencia e intimidación;enero-diciembre 2024;46
46013 Alboraia/Alboraya;7. Robos con fuerza en domicilios, establecimientos y otras instalaciones;enero-diciembre 2024;116
46013 Alboraia/Alboraya;7.1.-Robos con fuerza en domicilios;enero-diciembre 2024;91
46013 Alboraia/Alboraya;8. Hurtos;enero-diciembre 2024;628
46013 Alboraia/Alboraya;9. Sustracciones de vehículos;enero-diciembre 2024;19
46013 Alboraia/Alboraya;10. Tráfico de drogas;enero-diciembre 2024;5
46013 Alboraia/Alboraya;11. Resto de criminalidad convencional;enero-diciembre 2024;796
46013 Alboraia/Alboraya;II. CIBERCRIMINALIDAD (infracciones penales cometidas en/por medio ciber);enero-diciembre 2024;228
46013 Alboraia/Alboraya;12.-Estafas informáticas;enero-diciembre 2024;198
46013 Alboraia/Alboraya;13.-Otros ciberdelitos;enero-diciembre 2024;30
46013 Alboraia/Alboraya;III. TOTAL INFRACCIONES PENALES;enero-diciembre 2024;1.860
46021 Aldaia;I. CRIMINALIDAD CONVENCIONAL;enero-diciembre 2024;1.716
46021 Aldaia;1. Homicidios dolosos y asesinatos consumados;enero-diciembre 2024;0
46021 Aldaia;2. Homicidios dolosos y asesinatos en grado tentativa;enero-diciembre 2024;2
46021 Aldaia;3. Delitos graves y menos graves de lesiones y riña tumultuaria;enero-diciembre 2024;19
46021 Aldaia;4. Secuestro;enero-diciembre 2024;0
46021 Aldaia;5. Delitos contra la libertad sexual;enero-diciembre 2024;6
46021 Aldaia;5.1.-Agresión sexual con penetración;enero-diciembre 2024;0
46021 Aldaia;5.2.-Resto de delitos contra la libertad sexual;enero-diciembre 2024;6
46021 Aldaia;6. Robos con violencia e intimidación;enero-diciembre 2024;22
46021 Aldaia;7. Robos con fuerza en domicilios, establecimientos y otras instalaciones;enero-diciembre 2024;68
46021 Aldaia;7.1.-Robos con fuerza en domicilios;enero-diciembre 2024;40
46021 Aldaia;8. Hurtos;enero-diciembre 2024;942
46021 Aldaia;9. Sustracciones de vehículos;enero-diciembre 2024;29
46021 Aldaia;10. Tráfico de drogas;enero-diciembre 2024;7
46021 Aldaia;11. Resto de criminalidad convencional;enero-diciembre 2024;621
46021 Aldaia;II. CIBERCRIMINALIDAD (infracciones penales cometidas en/por medio ciber);enero-diciembre 2024;264
46021 Aldaia;12.-Estafas informáticas;enero-diciembre 2024;245
46021 Aldaia;13.-Otros ciberdelitos;enero-diciembre 2024;19
46021 Aldaia;III. TOTAL INFRACCIONES PENALES;enero-diciembre 2024;1.980
46022 Alfafar;I. CRIMINALIDAD CONVENCIONAL;enero-diciembre 2024;1.455
46022 Alfafar;1. Homicidios dolosos y asesinatos consumados;enero-diciembre 2024;2
46022 Alfafar;2. Homicidios dolosos y asesinatos en grado tentativa;enero-diciembre 2024;0
46022 Alfafar;3. Delitos graves y menos graves de lesiones y riña tumultuaria;enero-diciembre 2024;13
46022 Alfafar;4. Secuestro;enero-diciembre 2024;0
46022 Alfafar;5. Delitos contra la libertad sexual;enero-diciembre 2024;8
46022 Alfafar;5.1.-Agresión sexual con penetración;enero-diciembre 2024;2
46022 Alfafar;5.2.-Resto de delitos contra la libertad sexual;enero-diciembre 2024;6
46022 Alfafar;6. Robos con violencia e intimidación;enero-diciembre 2024;38
46022 Alfafar;7. Robos con fuerza en domicilios, establecimientos y otras instalaciones;enero-diciembre 2024;54
46022 Alfafar;7.1.-Robos con fuerza en domicilios;enero-diciembre 2024;30
46022 Alfafar;8. Hurtos;enero-diciembre 2024;488
46022 Alfafar;9. Sustracciones de vehículos;enero-diciembre 2024;13
46022 Alfafar;10. Tráfico de drogas;enero-diciembre 2024;6
46022 Alfafar;11. Resto de criminalidad convencional;enero-diciembre 2024;833
46022 Alfafar;II. CIBERCRIMINALIDAD (infracciones penales cometidas en/por medio ciber);enero-diciembre 2024;255
46022 Alfafar;12.-Estafas informáticas;enero-diciembre 2024;220
46022 Alfafar;13.-Otros ciberdelitos;enero-diciembre 2024;35
46022 Alfafar;III. TOTAL INFRACCIONES PENALES;enero-diciembre 2024;1.710
46029 Algemesí;I. CRIMINALIDAD CONVENCIONAL;enero-diciembre 2024;1.193
46029 Algemesí;1. Homicidios dolosos y asesinatos consumados;enero-diciembre 2024;1
46029 Algemesí;2. Homicidios dolosos y asesinatos en grado tentativa;enero-diciembre 2024;2
46029 Algemesí;3. Delitos graves y menos graves de lesiones y riña tumultuaria;enero-diciembre 2024;20
46029 Algemesí;4. Secuestro;enero-diciembre 2024;0
46029 Algemesí;5. Delitos contra la libertad sexual;enero-diciembre 2024;15
46029 Algemesí;5.1.-Agresión sexual con penetración;enero-diciembre 2024;6
46029 Algemesí;5.2.-Resto de delitos contra la libertad sexual;enero-diciembre 2024;9
46029 Algemesí;6. Robos con violencia e intimidación;enero-diciembre 2024;23
46029 Algemesí;7. Robos con fuerza en domicilios, establecimientos y otras instalaciones;enero-diciembre 2024;97
46029 Algemesí;7.1.-Robos con fuerza en domicilios;enero-diciembre 2024;63
46029 Algemesí;8. Hurtos;enero-diciembre 2024;272
46029 Algemesí;9. Sustracciones de vehículos;enero-diciembre 2024;7
46029 Algemesí;10. Tráfico de drogas;enero-diciembre 2024;6
46029 Algemesí;11. Resto de criminalidad convencional;enero-diciembre 2024;750
46029 Algemesí;II. CIBERCRIMINALIDAD (infracciones penales cometidas en/por medio ciber);enero-diciembre 2024;198
46029 Algemesí;12.-Estafas informáticas;enero-diciembre 2024;182
46029 Algemesí;13.-Otros ciberdelitos;enero-diciembre 2024;16
46029 Algemesí;III. TOTAL INFRACCIONES PENALES;enero-diciembre 2024;1.391
46017 Alzira;I. CRIMINALIDAD CONVENCIONAL;enero-diciembre 2024;2.365
46017 Alzira;1. Homicidios dolosos y asesinatos consumados;enero-diciembre 2024;2
46017 Alzira;2. Homicidios dolosos y asesinatos en grado tentativa;enero-diciembre 2024;1
46017 Alzira;3. Delitos graves y menos graves de lesiones y riña tumultuaria;enero-diciembre 2024;41
46017 Alzira;4. Secuestro;enero-diciembre 2024;0
46017 Alzira;5. Delitos contra la libertad sexual;enero-diciembre 2024;22
46017 Alzira;5.1.-Agresión sexual con penetración;enero-diciembre 2024;0
46017 Alzira;5.2.-Resto de delitos contra la libertad sexual;enero-diciembre 2024;22
46017 Alzira;6. Robos con violencia e intimidación;enero-diciembre 2024;47
46017 Alzira;7. Robos con fuerza en domicilios, establecimientos y otras instalaciones;enero-diciembre 2024;308
46017 Alzira;7.1.-Robos con fuerza en domicilios;enero-diciembre 2024;276
46017 Alzira;8. Hurtos;enero-diciembre 2024;577
46017 Alzira;9. Sustracciones de vehículos;enero-diciembre 2024;16
46017 Alzira;10. Tráfico de drogas;enero-diciembre 2024;15
46017 Alzira;11. Resto de criminalidad convencional;enero-diciembre 2024;1.336
46017 Alzira;II. CIBERCRIMINALIDAD (infracciones penales cometidas en/por medio ciber);enero-diciembre 2024;431
46017 Alzira;12.-Estafas informáticas;enero-diciembre 2024;382
46017 Alzira;13.-Otros ciberdelitos;enero-diciembre 2024;49
46017 Alzira;III. TOTAL INFRACCIONES PENALES;enero-diciembre 2024;2.796
46070 Bétera;I. CRIMINALIDAD CONVENCIONAL;enero-diciembre 2024;735
46070 Bétera;1. Homicidios dolosos y asesinatos consumados;enero-diciembre 2024;0
46070 Bétera;2. Homicidios dolosos y asesinatos en grado tentativa;enero-diciembre 2024;1
46070 Bétera;3. Delitos graves y menos graves de lesiones y riña tumultuaria;enero-diciembre 2024;20
46070 Bétera;4. Secuestro;enero-diciembre 2024;0
46070 Bétera;5. Delitos contra la libertad sexual;enero-diciembre 2024;14
46070 Bétera;5.1.-Agresión sexual con penetración;enero-diciembre 2024;3
46070 Bétera;5.2.-Resto de delitos contra la libertad sexual;enero-diciembre 2024;11
46070 Bétera;6. Robos con violencia e intimidación;enero-diciembre 2024;14
46070 Bétera;7. Robos con fuerza en domicilios, establecimientos y otras instalaciones;enero-diciembre 2024;96
46070 Bétera;7.1.-Robos con fuerza en domicilios;enero-diciembre 2024;91
46070 Bétera;8. Hurtos;enero-diciembre 2024;117
46070 Bétera;9. Sustracciones de vehículos;enero-diciembre 2024;13
46070 Bétera;10. Tráfico de drogas;enero-diciembre 2024;2
46070 Bétera;11. Resto de criminalidad convencional;enero-diciembre 2024;458
46070 Bétera;II. CIBERCRIMINALIDAD (infracciones penales cometidas en/por medio ciber);enero-diciembre 2024;277
46070 Bétera;12.-Estafas informáticas;enero-diciembre 2024;231
46070 Bétera;13.-Otros ciberdelitos;enero-diciembre 2024;46
46070 Bétera;III. TOTAL INFRACCIONES PENALES;enero-diciembre 2024;1.012
46078 Burjassot;I. CRIMINALIDAD CONVENCIONAL;enero-diciembre 2024;1.277
46078 Burjassot;1. Homicidios dolosos y asesinatos consumados;enero-diciembre 2024;0
46078 Burjassot;2. Homicidios dolosos y asesinatos en grado tentativa;enero-diciembre 2024;3
46078 Burjassot;3. Delitos graves y menos graves de lesiones y riña tumultuaria;enero-diciembre 2024;11
46078 Burjassot;4. Secuestro;enero-diciembre 2024;0
46078 Burjassot;5. Delitos contra la libertad sexual;enero-diciembre 2024;17
46078 Burjassot;5.1.-Agresión sexual con penetración;enero-diciembre 2024;3
46078 Burjassot;5.2.-Resto de delitos contra la libertad sexual;enero-diciembre 2024;14
46078 Burjassot;6. Robos con violencia e intimidación;enero-diciembre 2024;44
46078 Burjassot;7. Robos con fuerza en domicilios, establecimientos y otras instalaciones;enero-diciembre 2024;83
46078 Burjassot;7.1.-Robos con fuerza en domicilios;enero-diciembre 2024;57
46078 Burjassot;8. Hurtos;enero-diciembre 2024;368
46078 Burjassot;9. Sustracciones de vehículos;enero-diciembre 2024;16
46078 Burjassot;10. Tráfico de drogas;enero-diciembre 2024;11
46078 Burjassot;11. Resto de criminalidad convencional;enero-diciembre 2024;724
46078 Burjassot;II. CIBERCRIMINALIDAD (infracciones penales cometidas en/por medio ciber);enero-diciembre 2024;256
46078 Burjassot;12.-Estafas informáticas;enero-diciembre 2024;225
46078 Burjassot;13.-Otros ciberdelitos;enero-diciembre 2024;31
46078 Burjassot;III. TOTAL INFRACCIONES PENALES;enero-diciembre 2024;1.533
46083 Carcaixent;I. CRIMINALIDAD CONVENCIONAL;enero-diciembre 2024;806
46083 Carcaixent;1. Homicidios dolosos y asesinatos consumados;enero-diciembre 2024;1
46083 Carcaixent;2. Homicidios dolosos y asesinatos en grado tentativa;enero-diciembre 2024;1
46083 Carcaixent;3. Delitos graves y menos graves de lesiones y riña tumultuaria;enero-diciembre 2024;19
46083 Carcaixent;4. Secuestro;enero-diciembre 2024;0
46083 Carcaixent;5. Delitos contra la libertad sexual;enero-diciembre 2024;7
46083 Carcaixent;5.1.-Agresión sexual con penetración;enero-diciembre 2024;1
46083 Carcaixent;5.2.-Resto de delitos contra la libertad sexual;enero-diciembre 2024;6
46083 Carcaixent;6. Robos con violencia e intimidación;enero-diciembre 2024;16
46083 Carcaixent;7. Robos con fuerza en domicilios, establecimientos y otras instalaciones;enero-diciembre 2024;60
46083 Carcaixent;7.1.-Robos con fuerza en domicilios;enero-diciembre 2024;52
46083 Carcaixent;8. Hurtos;enero-diciembre 2024;259
46083 Carcaixent;9. Sustracciones de vehículos;enero-diciembre 2024;6
46083 Carcaixent;10. Tráfico de drogas;enero-diciembre 2024;1
46083 Carcaixent;11. Resto de criminalidad convencional;enero-diciembre 2024;436
46083 Carcaixent;II. CIBERCRIMINALIDAD (infracciones penales cometidas en/por medio ciber);enero-diciembre 2024;222
46083 Carcaixent;12.-Estafas informáticas;enero-diciembre 2024;185
46083 Carcaixent;13.-Otros ciberdelitos;enero-diciembre 2024;37
46083 Carcaixent;III. TOTAL INFRACCIONES PENALES;enero-diciembre 2024;1.028
46094 Catarroja;I. CRIMINALIDAD CONVENCIONAL;enero-diciembre 2024;923
46094 Catarroja;1. Homicidios dolosos y asesinatos consumados;enero-diciembre 2024;1
46094 Catarroja;2. Homicidios dolosos y asesinatos en grado tentativa;enero-diciembre 2024;0
46094 Catarroja;3. Delitos graves y menos graves de lesiones y riña tumultuaria;enero-diciembre 2024;12
46094 Catarroja;4. Secuestro;enero-diciembre 2024;0
46094 Catarroja;5. Delitos contra la libertad sexual;enero-diciembre 2024;12
46094 Catarroja;5.1.-Agresión sexual con penetración;enero-diciembre 2024;1
46094 Catarroja;5.2.-Resto de delitos contra la libertad sexual;enero-diciembre 2024;11
46094 Catarroja;6. Robos con violencia e intimidación;enero-diciembre 2024;34
46094 Catarroja;7. Robos con fuerza en domicilios, establecimientos y otras instalaciones;enero-diciembre 2024;67
46094 Catarroja;7.1.-Robos con fuerza en domicilios;enero-diciembre 2024;50
46094 Catarroja;8. Hurtos;enero-diciembre 2024;204
46094 Catarroja;9. Sustracciones de vehículos;enero-diciembre 2024;24
46094 Catarroja;10. Tráfico de drogas;enero-diciembre 2024;7
46094 Catarroja;11. Resto de criminalidad convencional;enero-diciembre 2024;562
46094 Catarroja;II. CIBERCRIMINALIDAD (infracciones penales cometidas en/por medio ciber);enero-diciembre 2024;251
46094 Catarroja;12.-Estafas informáticas;enero-diciembre 2024;223
46094 Catarroja;13.-Otros ciberdelitos;enero-diciembre 2024;28
46094 Catarroja;III. TOTAL INFRACCIONES PENALES;enero-diciembre 2024;1.174
46105 Cullera;I. CRIMINALIDAD CONVENCIONAL;enero-diciembre 2024;1.980
46105 Cullera;1. Homicidios dolosos y asesinatos consumados;enero-diciembre 2024;1
46105 Cullera;2. Homicidios dolosos y asesinatos en grado tentativa;enero-diciembre 2024;2
46105 Cullera;3. Delitos graves y menos graves de lesiones y riña tumultuaria;enero-diciembre 2024;29
46105 Cullera;4. Secuestro;enero-diciembre 2024;0
46105 Cullera;5. Delitos contra la libertad sexual;enero-diciembre 2024;16
46105 Cullera;5.1.-Agresión sexual con penetración;enero-diciembre 2024;1
46105 Cullera;5.2.-Resto de delitos contra la libertad sexual;enero-diciembre 2024;15
46105 Cullera;6. Robos con violencia e intimidación;enero-diciembre 2024;41
46105 Cullera;7. Robos con fuerza en domicilios, establecimientos y otras instalaciones;enero-diciembre 2024;108
46105 Cullera;7.1.-Robos con fuerza en domicilios;enero-diciembre 2024;81
46105 Cullera;8. Hurtos;enero-diciembre 2024;845
46105 Cullera;9. Sustracciones de vehículos;enero-diciembre 2024;17
46105 Cullera;10. Tráfico de drogas;enero-diciembre 2024;12
46105 Cullera;11. Resto de criminalidad convencional;enero-diciembre 2024;909
46105 Cullera;II. CIBERCRIMINALIDAD (infracciones penales cometidas en/por medio ciber);enero-diciembre 2024;277
46105 Cullera;12.-Estafas informáticas;enero-diciembre 2024;250
46105 Cullera;13.-Otros ciberdelitos;enero-diciembre 2024;27
46105 Cullera;III. TOTAL INFRACCIONES PENALES;enero-diciembre 2024;2.257
46131 Gandia;I. CRIMINALIDAD CONVENCIONAL;enero-diciembre 2024;4.270
46131 Gandia;1. Homicidios dolosos y asesinatos consumados;enero-diciembre 2024;1
46131 Gandia;2. Homicidios dolosos y asesinatos en grado tentativa;enero-diciembre 2024;6
46131 Gandia;3. Delitos graves y menos graves de lesiones y riña tumultuaria;enero-diciembre 2024;64
46131 Gandia;4. Secuestro;enero-diciembre 2024;0
46131 Gandia;5. Delitos contra la libertad sexual;enero-diciembre 2024;51
46131 Gandia;5.1.-Agresión sexual con penetración;enero-diciembre 2024;6
46131 Gandia;5.2.-Resto de delitos contra la libertad sexual;enero-diciembre 2024;45
46131 Gandia;6. Robos con violencia e intimidación;enero-diciembre 2024;76
46131 Gandia;7. Robos con fuerza en domicilios, establecimientos y otras instalaciones;enero-diciembre 2024;242
46131 Gandia;7.1.-Robos con fuerza en domicilios;enero-diciembre 2024;176
46131 Gandia;8. Hurtos;enero-diciembre 2024;1.292
46131 Gandia;9. Sustracciones de vehículos;enero-diciembre 2024;58
46131 Gandia;10. Tráfico de drogas;enero-diciembre 2024;68
46131 Gandia;11. Resto de criminalidad convencional;enero-diciembre 2024;2.412
46131 Gandia;II. CIBERCRIMINALIDAD (infracciones penales cometidas en/por medio ciber);enero-diciembre 2024;845
46131 Gandia;12.-Estafas informáticas;enero-diciembre 2024;804
46131 Gandia;13.-Otros ciberdelitos;enero-diciembre 2024;41
46131 Gandia;III. TOTAL INFRACCIONES PENALES;enero-diciembre 2024;5.115
46147 Llíria;I. CRIMINALIDAD CONVENCIONAL;enero-diciembre 2024;1.236
46147 Llíria;1. Homicidios dolosos y asesinatos consumados;enero-diciembre 2024;0
46147 Llíria;2. Homicidios dolosos y asesinatos en grado tentativa;enero-diciembre 2024;1
46147 Llíria;3. Delitos graves y menos graves de lesiones y riña tumultuaria;enero-diciembre 2024;32
46147 Llíria;4. Secuestro;enero-diciembre 2024;0
46147 Llíria;5. Delitos contra la libertad sexual;enero-diciembre 2024;14
46147 Llíria;5.1.-Agresión sexual con penetración;enero-diciembre 2024;3
46147 Llíria;5.2.-Resto de delitos contra la libertad sexual;enero-diciembre 2024;11
46147 Llíria;6. Robos con violencia e intimidación;enero-diciembre 2024;13
46147 Llíria;7. Robos con fuerza en domicilios, establecimientos y otras instalaciones;enero-diciembre 2024;204
46147 Llíria;7.1.-Robos con fuerza en domicilios;enero-diciembre 2024;188
46147 Llíria;8. Hurtos;enero-diciembre 2024;218
46147 Llíria;9. Sustracciones de vehículos;enero-diciembre 2024;3
46147 Llíria;10. Tráfico de drogas;enero-diciembre 2024;8
46147 Llíria;11. Resto de criminalidad convencional;enero-diciembre 2024;743
46147 Llíria;II. CIBERCRIMINALIDAD (infracciones penales cometidas en/por medio ciber);enero-diciembre 2024;290
46147 Llíria;12.-Estafas informáticas;enero-diciembre 2024;227
46147 Llíria;13.-Otros ciberdelitos;enero-diciembre 2024;63
46147 Llíria;III. TOTAL INFRACCIONES PENALES;enero-diciembre 2024;1.526
46159 Manises;I. CRIMINALIDAD CONVENCIONAL;enero-diciembre 2024;1.083
46159 Manises;1. Homicidios dolosos y asesinatos consumados;enero-diciembre 2024;0
46159 Manises;2. Homicidios dolosos y asesinatos en grado tentativa;enero-diciembre 2024;3
46159 Manises;3. Delitos graves y menos graves de lesiones y riña tumultuaria;enero-diciembre 2024;11
46159 Manises;4. Secuestro;enero-diciembre 2024;0
46159 Manises;5. Delitos contra la libertad sexual;enero-diciembre 2024;10
46159 Manises;5.1.-Agresión sexual con penetración;enero-diciembre 2024;1
46159 Manises;5.2.-Resto de delitos contra la libertad sexual;enero-diciembre 2024;9
46159 Manises;6. Robos con violencia e intimidación;enero-diciembre 2024;13
46159 Manises;7. Robos con fuerza en domicilios, establecimientos y otras instalaciones;enero-diciembre 2024;50
46159 Manises;7.1.-Robos con fuerza en domicilios;enero-diciembre 2024;30
46159 Manises;8. Hurtos;enero-diciembre 2024;304
46159 Manises;9. Sustracciones de vehículos;enero-diciembre 2024;92
46159 Manises;10. Tráfico de drogas;enero-diciembre 2024;73
46159 Manises;11. Resto de criminalidad convencional;enero-diciembre 2024;527
46159 Manises;II. CIBERCRIMINALIDAD (infracciones penales cometidas en/por medio ciber);enero-diciembre 2024;205
46159 Manises;12.-Estafas informáticas;enero-diciembre 2024;177
46159 Manises;13.-Otros ciberdelitos;enero-diciembre 2024;28
46159 Manises;III. TOTAL INFRACCIONES PENALES;enero-diciembre 2024;1.288
46169 Mislata;I. CRIMINALIDAD CONVENCIONAL;enero-diciembre 2024;1.306
46169 Mislata;1. Homicidios dolosos y asesinatos consumados;enero-diciembre 2024;0
46169 Mislata;2. Homicidios dolosos y asesinatos en grado tentativa;enero-diciembre 2024;1
46169 Mislata;3. Delitos graves y menos graves de lesiones y riña tumultuaria;enero-diciembre 2024;17
46169 Mislata;4. Secuestro;enero-diciembre 2024;0
46169 Mislata;5. Delitos contra la libertad sexual;enero-diciembre 2024;28
46169 Mislata;5.1.-Agresión sexual con penetración;enero-diciembre 2024;2
46169 Mislata;5.2.-Resto de delitos contra la libertad sexual;enero-diciembre 2024;26
46169 Mislata;6. Robos con violencia e intimidación;enero-diciembre 2024;36
46169 Mislata;7. Robos con fuerza en domicilios, establecimientos y otras instalaciones;enero-diciembre 2024;98
46169 Mislata;7.1.-Robos con fuerza en domicilios;enero-diciembre 2024;74
46169 Mislata;8. Hurtos;enero-diciembre 2024;349
46169 Mislata;9. Sustracciones de vehículos;enero-diciembre 2024;19
46169 Mislata;10. Tráfico de drogas;enero-diciembre 2024;7
46169 Mislata;11. Resto de criminalidad convencional;enero-diciembre 2024;751
46169 Mislata;II. CIBERCRIMINALIDAD (infracciones penales cometidas en/por medio ciber);enero-diciembre 2024;412
46169 Mislata;12.-Estafas informáticas;enero-diciembre 2024;382
46169 Mislata;13.-Otros ciberdelitos;enero-diciembre 2024;30
46169 Mislata;III. TOTAL INFRACCIONES PENALES;enero-diciembre 2024;1.718
46171 Moncada;I. CRIMINALIDAD CONVENCIONAL;enero-diciembre 2024;783
46171 Moncada;1. Homicidios dolosos y asesinatos consumados;enero-diciembre 2024;0
46171 Moncada;2. Homicidios dolosos y asesinatos en grado tentativa;enero-diciembre 2024;0
46171 Moncada;3. Delitos graves y menos graves de lesiones y riña tumultuaria;enero-diciembre 2024;6
46171 Moncada;4. Secuestro;enero-diciembre 2024;0
46171 Moncada;5. Delitos contra la libertad sexual;enero-diciembre 2024;8
46171 Moncada;5.1.-Agresión sexual con penetración;enero-diciembre 2024;2
46171 Moncada;5.2.-Resto de delitos contra la libertad sexual;enero-diciembre 2024;6
46171 Moncada;6. Robos con violencia e intimidación;enero-diciembre 2024;8
46171 Moncada;7. Robos con fuerza en domicilios, establecimientos y otras instalaciones;enero-diciembre 2024;100
46171 Moncada;7.1.-Robos con fuerza en domicilios;enero-diciembre 2024;86
46171 Moncada;8. Hurtos;enero-diciembre 2024;165
46171 Moncada;9. Sustracciones de vehículos;enero-diciembre 2024;6
46171 Moncada;10. Tráfico de drogas;enero-diciembre 2024;0
46171 Moncada;11. Resto de criminalidad convencional;enero-diciembre 2024;490
46171 Moncada;II. CIBERCRIMINALIDAD (infracciones penales cometidas en/por medio ciber);enero-diciembre 2024;173
46171 Moncada;12.-Estafas informáticas;enero-diciembre 2024;153
46171 Moncada;13.-Otros ciberdelitos;enero-diciembre 2024;20
46171 Moncada;III. TOTAL INFRACCIONES PENALES;enero-diciembre 2024;956
46181 Oliva;I. CRIMINALIDAD CONVENCIONAL;enero-diciembre 2024;1.251
46181 Oliva;1. Homicidios dolosos y asesinatos consumados;enero-diciembre 2024;0
46181 Oliva;2. Homicidios dolosos y asesinatos en grado tentativa;enero-diciembre 2024;0
46181 Oliva;3. Delitos graves y menos graves de lesiones y riña tumultuaria;enero-diciembre 2024;29
46181 Oliva;4. Secuestro;enero-diciembre 2024;0
46181 Oliva;5. Delitos contra la libertad sexual;enero-diciembre 2024;9
46181 Oliva;5.1.-Agresión sexual con penetración;enero-diciembre 2024;0
46181 Oliva;5.2.-Resto de delitos contra la libertad sexual;enero-diciembre 2024;9
46181 Oliva;6. Robos con violencia e intimidación;enero-diciembre 2024;23
46181 Oliva;7. Robos con fuerza en domicilios, establecimientos y otras instalaciones;enero-diciembre 2024;133
46181 Oliva;7.1.-Robos con fuerza en domicilios;enero-diciembre 2024;115
46181 Oliva;8. Hurtos;enero-diciembre 2024;303
46181 Oliva;9. Sustracciones de vehículos;enero-diciembre 2024;19
46181 Oliva;10. Tráfico de drogas;enero-diciembre 2024;4
46181 Oliva;11. Resto de criminalidad convencional;enero-diciembre 2024;731
46181 Oliva;II. CIBERCRIMINALIDAD (infracciones penales cometidas en/por medio ciber);enero-diciembre 2024;249
46181 Oliva;12.-Estafas informáticas;enero-diciembre 2024;219
46181 Oliva;13.-Otros ciberdelitos;enero-diciembre 2024;30
46181 Oliva;III. TOTAL INFRACCIONES PENALES;enero-diciembre 2024;1.500
46184 Ontinyent;I. CRIMINALIDAD CONVENCIONAL;enero-diciembre 2024;842
46184 Ontinyent;1. Homicidios dolosos y asesinatos consumados;enero-diciembre 2024;0
46184 Ontinyent;2. Homicidios dolosos y asesinatos en grado tentativa;enero-diciembre 2024;1
46184 Ontinyent;3. Delitos graves y menos graves de lesiones y riña tumultuaria;enero-diciembre 2024;13
46184 Ontinyent;4. Secuestro;enero-diciembre 2024;0
46184 Ontinyent;5. Delitos contra la libertad sexual;enero-diciembre 2024;8
46184 Ontinyent;5.1.-Agresión sexual con penetración;enero-diciembre 2024;5
46184 Ontinyent;5.2.-Resto de delitos contra la libertad sexual;enero-diciembre 2024;3
46184 Ontinyent;6. Robos con violencia e intimidación;enero-diciembre 2024;11
46184 Ontinyent;7. Robos con fuerza en domicilios, establecimientos y otras instalaciones;enero-diciembre 2024;146
46184 Ontinyent;7.1.-Robos con fuerza en domicilios;enero-diciembre 2024;137
46184 Ontinyent;8. Hurtos;enero-diciembre 2024;155
46184 Ontinyent;9. Sustracciones de vehículos;enero-diciembre 2024;12
46184 Ontinyent;10. Tráfico de drogas;enero-diciembre 2024;9
46184 Ontinyent;11. Resto de criminalidad convencional;enero-diciembre 2024;487
46184 Ontinyent;II. CIBERCRIMINALIDAD (infracciones penales cometidas en/por medio ciber);enero-diciembre 2024;262
46184 Ontinyent;12.-Estafas informáticas;enero-diciembre 2024;250
46184 Ontinyent;13.-Otros ciberdelitos;enero-diciembre 2024;12
46184 Ontinyent;III. TOTAL INFRACCIONES PENALES;enero-diciembre 2024;1.104
46186 Paiporta;I. CRIMINALIDAD CONVENCIONAL;enero-diciembre 2024;738
46186 Paiporta;1. Homicidios dolosos y asesinatos consumados;enero-diciembre 2024;0
46186 Paiporta;2. Homicidios dolosos y asesinatos en grado tentativa;enero-diciembre 2024;0
46186 Paiporta;3. Delitos graves y menos graves de lesiones y riña tumultuaria;enero-diciembre 2024;20
46186 Paiporta;4. Secuestro;enero-diciembre 2024;0
46186 Paiporta;5. Delitos contra la libertad sexual;enero-diciembre 2024;16
46186 Paiporta;5.1.-Agresión sexual con penetración;enero-diciembre 2024;4
46186 Paiporta;5.2.-Resto de delitos contra la libertad sexual;enero-diciembre 2024;12
46186 Paiporta;6. Robos con violencia e intimidación;enero-diciembre 2024;15
46186 Paiporta;7. Robos con fuerza en domicilios, establecimientos y otras instalaciones;enero-diciembre 2024;45
46186 Paiporta;7.1.-Robos con fuerza en domicilios;enero-diciembre 2024;32
46186 Paiporta;8. Hurtos;enero-diciembre 2024;173
46186 Paiporta;9. Sustracciones de vehículos;enero-diciembre 2024;12
46186 Paiporta;10. Tráfico de drogas;enero-diciembre 2024;9
46186 Paiporta;11. Resto de criminalidad convencional;enero-diciembre 2024;448
46186 Paiporta;II. CIBERCRIMINALIDAD (infracciones penales cometidas en/por medio ciber);enero-diciembre 2024;188
46186 Paiporta;12.-Estafas informáticas;enero-diciembre 2024;160
46186 Paiporta;13.-Otros ciberdelitos;enero-diciembre 2024;28
46186 Paiporta;III. TOTAL INFRACCIONES PENALES;enero-diciembre 2024;926
46190 Paterna;I. CRIMINALIDAD CONVENCIONAL;enero-diciembre 2024;2.613
46190 Paterna;1. Homicidios dolosos y asesinatos consumados;enero-diciembre 2024;0
46190 Paterna;2. Homicidios dolosos y asesinatos en grado tentativa;enero-diciembre 2024;0
46190 Paterna;3. Delitos graves y menos graves de lesiones y riña tumultuaria;enero-diciembre 2024;28
46190 Paterna;4. Secuestro;enero-diciembre 2024;0
46190 Paterna;5. Delitos contra la libertad sexual;enero-diciembre 2024;20
46190 Paterna;5.1.-Agresión sexual con penetración;enero-diciembre 2024;5
46190 Paterna;5.2.-Resto de delitos contra la libertad sexual;enero-diciembre 2024;15
46190 Paterna;6. Robos con violencia e intimidación;enero-diciembre 2024;97
46190 Paterna;7. Robos con fuerza en domicilios, establecimientos y otras instalaciones;enero-diciembre 2024;260
46190 Paterna;7.1.-Robos con fuerza en domicilios;enero-diciembre 2024;191
46190 Paterna;8. Hurtos;enero-diciembre 2024;600
46190 Paterna;9. Sustracciones de vehículos;enero-diciembre 2024;67
46190 Paterna;10. Tráfico de drogas;enero-diciembre 2024;16
46190 Paterna;11. Resto de criminalidad convencional;enero-diciembre 2024;1.525
46190 Paterna;II. CIBERCRIMINALIDAD (infracciones penales cometidas en/por medio ciber);enero-diciembre 2024;730
46190 Paterna;12.-Estafas informáticas;enero-diciembre 2024;635
46190 Paterna;13.-Otros ciberdelitos;enero-diciembre 2024;95
46190 Paterna;III. TOTAL INFRACCIONES PENALES;enero-diciembre 2024;3.343
46194 Picassent;I. CRIMINALIDAD CONVENCIONAL;enero-diciembre 2024;973
46194 Picassent;1. Homicidios dolosos y asesinatos consumados;enero-diciembre 2024;0
46194 Picassent;2. Homicidios dolosos y asesinatos en grado tentativa;enero-diciembre 2024;0
46194 Picassent;3. Delitos graves y menos graves de lesiones y riña tumultuaria;enero-diciembre 2024;19
46194 Picassent;4. Secuestro;enero-diciembre 2024;0
46194 Picassent;5. Delitos contra la libertad sexual;enero-diciembre 2024;7
46194 Picassent;5.1.-Agresión sexual con penetración;enero-diciembre 2024;1
46194 Picassent;5.2.-Resto de delitos contra la libertad sexual;enero-diciembre 2024;6
46194 Picassent;6. Robos con violencia e intimidación;enero-diciembre 2024;13
46194 Picassent;7. Robos con fuerza en domicilios, establecimientos y otras instalaciones;enero-diciembre 2024;60
46194 Picassent;7.1.-Robos con fuerza en domicilios;enero-diciembre 2024;53
46194 Picassent;8. Hurtos;enero-diciembre 2024;232
46194 Picassent;9. Sustracciones de vehículos;enero-diciembre 2024;11
46194 Picassent;10. Tráfico de drogas;enero-diciembre 2024;49
46194 Picassent;11. Resto de criminalidad convencional;enero-diciembre 2024;582
46194 Picassent;II. CIBERCRIMINALIDAD (infracciones penales cometidas en/por medio ciber);enero-diciembre 2024;92
46194 Picassent;12.-Estafas informáticas;enero-diciembre 2024;71
46194 Picassent;13.-Otros ciberdelitos;enero-diciembre 2024;21
46194 Picassent;III. TOTAL INFRACCIONES PENALES;enero-diciembre 2024;1.065
46202 Pobla de Vallbona (la);I. CRIMINALIDAD CONVENCIONAL;enero-diciembre 2024;784
46202 Pobla de Vallbona (la);1. Homicidios dolosos y asesinatos consumados;enero-diciembre 2024;0
46202 Pobla de Vallbona (la);2. Homicidios dolosos y asesinatos en grado tentativa;enero-diciembre 2024;1
46202 Pobla de Vallbona (la);3. Delitos graves y menos graves de lesiones y riña tumultuaria;enero-diciembre 2024;20
46202 Pobla de Vallbona (la);4. Secuestro;enero-diciembre 2024;0
46202 Pobla de Vallbona (la);5. Delitos contra la libertad sexual;enero-diciembre 2024;10
46202 Pobla de Vallbona (la);5.1.-Agresión sexual con penetración;enero-diciembre 2024;4
46202 Pobla de Vallbona (la);5.2.-Resto de delitos contra la libertad sexual;enero-diciembre 2024;6
46202 Pobla de Vallbona (la);6. Robos con violencia e intimidación;enero-diciembre 2024;4
46202 Pobla de Vallbona (la);7. Robos con fuerza en domicilios, establecimientos y otras instalaciones;enero-diciembre 2024;125
46202 Pobla de Vallbona (la);7.1.-Robos con fuerza en domicilios;enero-diciembre 2024;118
46202 Pobla de Vallbona (la);8. Hurtos;enero-diciembre 2024;146
46202 Pobla de Vallbona (la);9. Sustracciones de vehículos;enero-diciembre 2024;11
46202 Pobla de Vallbona (la);10. Tráfico de drogas;enero-diciembre 2024;5
46202 Pobla de Vallbona (la);11. Resto de criminalidad convencional;enero-diciembre 2024;462
46202 Pobla de Vallbona (la);II. CIBERCRIMINALIDAD (infracciones penales cometidas en/por medio ciber);enero-diciembre 2024;303
46202 Pobla de Vallbona (la);12.-Estafas informáticas;enero-diciembre 2024;258
46202 Pobla de Vallbona (la);13.-Otros ciberdelitos;enero-diciembre 2024;45
46202 Pobla de Vallbona (la);III. TOTAL INFRACCIONES PENALES;enero-diciembre 2024;1.087
46205 Puçol;I. CRIMINALIDAD CONVENCIONAL;enero-diciembre 2024;606
46205 Puçol;1. Homicidios dolosos y asesinatos consumados;enero-diciembre 2024;0
46205 Puçol;2. Homicidios dolosos y asesinatos en grado tentativa;enero-diciembre 2024;0
46205 Puçol;3. Delitos graves y menos graves de lesiones y riña tumultuaria;enero-diciembre 2024;6
46205 Puçol;4. Secuestro;enero-diciembre 2024;0
46205 Puçol;5. Delitos contra la libertad sexual;enero-diciembre 2024;4
46205 Puçol;5.1.-Agresión sexual con penetración;enero-diciembre 2024;2
46205 Puçol;5.2.-Resto de delitos contra la libertad sexual;enero-diciembre 2024;2
46205 Puçol;6. Robos con violencia e intimidación;enero-diciembre 2024;11
46205 Puçol;7. Robos con fuerza en domicilios, establecimientos y otras instalaciones;enero-diciembre 2024;31
46205 Puçol;7.1.-Robos con fuerza en domicilios;enero-diciembre 2024;27
46205 Puçol;8. Hurtos;enero-diciembre 2024;163
46205 Puçol;9. Sustracciones de vehículos;enero-diciembre 2024;2
46205 Puçol;10. Tráfico de drogas;enero-diciembre 2024;4
46205 Puçol;11. Resto de criminalidad convencional;enero-diciembre 2024;385
46205 Puçol;II. CIBERCRIMINALIDAD (infracciones penales cometidas en/por medio ciber);enero-diciembre 2024;52
46205 Puçol;12.-Estafas informáticas;enero-diciembre 2024;37
46205 Puçol;13.-Otros ciberdelitos;enero-diciembre 2024;15
46205 Puçol;III. TOTAL INFRACCIONES PENALES;enero-diciembre 2024;658
46102 Quart de Poblet;I. CRIMINALIDAD CONVENCIONAL;enero-diciembre 2024;972
46102 Quart de Poblet;1. Homicidios dolosos y asesinatos consumados;enero-diciembre 2024;2
46102 Quart de Poblet;2. Homicidios dolosos y asesinatos en grado tentativa;enero-diciembre 2024;1
46102 Quart de Poblet;3. Delitos graves y menos graves de lesiones y riña tumultuaria;enero-diciembre 2024;15
46102 Quart de Poblet;4. Secuestro;enero-diciembre 2024;0
46102 Quart de Poblet;5. Delitos contra la libertad sexual;enero-diciembre 2024;12
46102 Quart de Poblet;5.1.-Agresión sexual con penetración;enero-diciembre 2024;2
46102 Quart de Poblet;5.2.-Resto de delitos contra la libertad sexual;enero-diciembre 2024;10
46102 Quart de Poblet;6. Robos con violencia e intimidación;enero-diciembre 2024;27
46102 Quart de Poblet;7. Robos con fuerza en domicilios, establecimientos y otras instalaciones;enero-diciembre 2024;53
46102 Quart de Poblet;7.1.-Robos con fuerza en domicilios;enero-diciembre 2024;21
46102 Quart de Poblet;8. Hurtos;enero-diciembre 2024;251
46102 Quart de Poblet;9. Sustracciones de vehículos;enero-diciembre 2024;22
46102 Quart de Poblet;10. Tráfico de drogas;enero-diciembre 2024;5
46102 Quart de Poblet;11. Resto de criminalidad convencional;enero-diciembre 2024;584
46102 Quart de Poblet;II. CIBERCRIMINALIDAD (infracciones penales cometidas en/por medio ciber);enero-diciembre 2024;265
46102 Quart de Poblet;12.-Estafas informáticas;enero-diciembre 2024;237
46102 Quart de Poblet;13.-Otros ciberdelitos;enero-diciembre 2024;28
46102 Quart de Poblet;III. TOTAL INFRACCIONES PENALES;enero-diciembre 2024;1.237
46213 Requena;I. CRIMINALIDAD CONVENCIONAL;enero-diciembre 2024;893
46213 Requena;1. Homicidios dolosos y asesinatos consumados;enero-diciembre 2024;0
46213 Requena;2. Homicidios dolosos y asesinatos en grado tentativa;enero-diciembre 2024;0
46213 Requena;3. Delitos graves y menos graves de lesiones y riña tumultuaria;enero-diciembre 2024;16
46213 Requena;4. Secuestro;enero-diciembre 2024;0
46213 Requena;5. Delitos contra la libertad sexual;enero-diciembre 2024;6
46213 Requena;5.1.-Agresión sexual con penetración;enero-diciembre 2024;2
46213 Requena;5.2.-Resto de delitos contra la libertad sexual;enero-diciembre 2024;4
46213 Requena;6. Robos con violencia e intimidación;enero-diciembre 2024;6
46213 Requena;7. Robos con fuerza en domicilios, establecimientos y otras instalaciones;enero-diciembre 2024;77
46213 Requena;7.1.-Robos con fuerza en domicilios;enero-diciembre 2024;60
46213 Requena;8. Hurtos;enero-diciembre 2024;170
46213 Requena;9. Sustracciones de vehículos;enero-diciembre 2024;5
46213 Requena;10. Tráfico de drogas;enero-diciembre 2024;6
46213 Requena;11. Resto de criminalidad convencional;enero-diciembre 2024;607
46213 Requena;II. CIBERCRIMINALIDAD (infracciones penales cometidas en/por medio ciber);enero-diciembre 2024;178
46213 Requena;12.-Estafas informáticas;enero-diciembre 2024;158
46213 Requena;13.-Otros ciberdelitos;enero-diciembre 2024;20
46213 Requena;III. TOTAL INFRACCIONES PENALES;enero-diciembre 2024;1.071
46214 Riba-roja de Túria;I. CRIMINALIDAD CONVENCIONAL;enero-diciembre 2024;1.169
46214 Riba-roja de Túria;1. Homicidios dolosos y asesinatos consumados;enero-diciembre 2024;0
46214 Riba-roja de Túria;2. Homicidios dolosos y asesinatos en grado tentativa;enero-diciembre 2024;0
46214 Riba-roja de Túria;3. Delitos graves y menos graves de lesiones y riña tumultuaria;enero-diciembre 2024;20
46214 Riba-roja de Túria;4. Secuestro;enero-diciembre 2024;0
46214 Riba-roja de Túria;5. Delitos contra la libertad sexual;enero-diciembre 2024;8
46214 Riba-roja de Túria;5.1.-Agresión sexual con penetración;enero-diciembre 2024;3
46214 Riba-roja de Túria;5.2.-Resto de delitos contra la libertad sexual;enero-diciembre 2024;5
46214 Riba-roja de Túria;6. Robos con violencia e intimidación;enero-diciembre 2024;13
46214 Riba-roja de Túria;7. Robos con fuerza en domicilios, establecimientos y otras instalaciones;enero-diciembre 2024;90
46214 Riba-roja de Túria;7.1.-Robos con fuerza en domicilios;enero-diciembre 2024;57
46214 Riba-roja de Túria;8. Hurtos;enero-diciembre 2024;266
46214 Riba-roja de Túria;9. Sustracciones de vehículos;enero-diciembre 2024;15
46214 Riba-roja de Túria;10. Tráfico de drogas;enero-diciembre 2024;10
46214 Riba-roja de Túria;11. Resto de criminalidad convencional;enero-diciembre 2024;747
46214 Riba-roja de Túria;II. CIBERCRIMINALIDAD (infracciones penales cometidas en/por medio ciber);enero-diciembre 2024;248
46214 Riba-roja de Túria;12.-Estafas informáticas;enero-diciembre 2024;205
46214 Riba-roja de Túria;13.-Otros ciberdelitos;enero-diciembre 2024;43
46214 Riba-roja de Túria;III. TOTAL INFRACCIONES PENALES;enero-diciembre 2024;1.417
46220 Sagunto/Sagunt;I. CRIMINALIDAD CONVENCIONAL;enero-diciembre 2024;3.076
46220 Sagunto/Sagunt;1. Homicidios dolosos y asesinatos consumados;enero-diciembre 2024;1
46220 Sagunto/Sagunt;2. Homicidios dolosos y asesinatos en grado tentativa;enero-diciembre 2024;1
46220 Sagunto/Sagunt;3. Delitos graves y menos graves de lesiones y riña tumultuaria;enero-diciembre 2024;46
46220 Sagunto/Sagunt;4. Secuestro;enero-diciembre 2024;1
46220 Sagunto/Sagunt;5. Delitos contra la libertad sexual;enero-diciembre 2024;42
46220 Sagunto/Sagunt;5.1.-Agresión sexual con penetración;enero-diciembre 2024;10
46220 Sagunto/Sagunt;5.2.-Resto de delitos contra la libertad sexual;enero-diciembre 2024;32
46220 Sagunto/Sagunt;6. Robos con violencia e intimidación;enero-diciembre 2024;82
46220 Sagunto/Sagunt;7. Robos con fuerza en domicilios, establecimientos y otras instalaciones;enero-diciembre 2024;229
46220 Sagunto/Sagunt;7.1.-Robos con fuerza en domicilios;enero-diciembre 2024;179
46220 Sagunto/Sagunt;8. Hurtos;enero-diciembre 2024;890
46220 Sagunto/Sagunt;9. Sustracciones de vehículos;enero-diciembre 2024;50
46220 Sagunto/Sagunt;10. Tráfico de drogas;enero-diciembre 2024;15
46220 Sagunto/Sagunt;11. Resto de criminalidad convencional;enero-diciembre 2024;1.719
46220 Sagunto/Sagunt;II. CIBERCRIMINALIDAD (infracciones penales cometidas en/por medio ciber);enero-diciembre 2024;400
46220 Sagunto/Sagunt;12.-Estafas informáticas;enero-diciembre 2024;354
46220 Sagunto/Sagunt;13.-Otros ciberdelitos;enero-diciembre 2024;46
46220 Sagunto/Sagunt;III. TOTAL INFRACCIONES PENALES;enero-diciembre 2024;3.476
46235 Sueca;I. CRIMINALIDAD CONVENCIONAL;enero-diciembre 2024;1.570
46235 Sueca;1. Homicidios dolosos y asesinatos consumados;enero-diciembre 2024;0
46235 Sueca;2. Homicidios dolosos y asesinatos en grado tentativa;enero-diciembre 2024;3
46235 Sueca;3. Delitos graves y menos graves de lesiones y riña tumultuaria;enero-diciembre 2024;35
46235 Sueca;4. Secuestro;enero-diciembre 2024;0
46235 Sueca;5. Delitos contra la libertad sexual;enero-diciembre 2024;25
46235 Sueca;5.1.-Agresión sexual con penetración;enero-diciembre 2024;6
46235 Sueca;5.2.-Resto de delitos contra la libertad sexual;enero-diciembre 2024;19
46235 Sueca;6. Robos con violencia e intimidación;enero-diciembre 2024;30
46235 Sueca;7. Robos con fuerza en domicilios, establecimientos y otras instalaciones;enero-diciembre 2024;106
46235 Sueca;7.1.-Robos con fuerza en domicilios;enero-diciembre 2024;83
46235 Sueca;8. Hurtos;enero-diciembre 2024;374
46235 Sueca;9. Sustracciones de vehículos;enero-diciembre 2024;12
46235 Sueca;10. Tráfico de drogas;enero-diciembre 2024;8
46235 Sueca;11. Resto de criminalidad convencional;enero-diciembre 2024;977
46235 Sueca;II. CIBERCRIMINALIDAD (infracciones penales cometidas en/por medio ciber);enero-diciembre 2024;258
46235 Sueca;12.-Estafas informáticas;enero-diciembre 2024;227
46235 Sueca;13.-Otros ciberdelitos;enero-diciembre 2024;31
46235 Sueca;III. TOTAL INFRACCIONES PENALES;enero-diciembre 2024;1.828
46244 Torrent;I. CRIMINALIDAD CONVENCIONAL;enero-diciembre 2024;3.141
46244 Torrent;1. Homicidios dolosos y asesinatos consumados;enero-diciembre 2024;1
46244 Torrent;2. Homicidios dolosos y asesinatos en grado tentativa;enero-diciembre 2024;1
46244 Torrent;3. Delitos graves y menos graves de lesiones y riña tumultuaria;enero-diciembre 2024;34
46244 Torrent;4. Secuestro;enero-diciembre 2024;0
46244 Torrent;5. Delitos contra la libertad sexual;enero-diciembre 2024;23
46244 Torrent;5.1.-Agresión sexual con penetración;enero-diciembre 2024;6
46244 Torrent;5.2.-Resto de delitos contra la libertad sexual;enero-diciembre 2024;17
46244 Torrent;6. Robos con violencia e intimidación;enero-diciembre 2024;77
46244 Torrent;7. Robos con fuerza en domicilios, establecimientos y otras instalaciones;enero-diciembre 2024;218
46244 Torrent;7.1.-Robos con fuerza en domicilios;enero-diciembre 2024;165
46244 Torrent;8. Hurtos;enero-diciembre 2024;882
46244 Torrent;9. Sustracciones de vehículos;enero-diciembre 2024;39
46244 Torrent;10. Tráfico de drogas;enero-diciembre 2024;24
46244 Torrent;11. Resto de criminalidad convencional;enero-diciembre 2024;1.842
46244 Torrent;II. CIBERCRIMINALIDAD (infracciones penales cometidas en/por medio ciber);enero-diciembre 2024;844
46244 Torrent;12.-Estafas informáticas;enero-diciembre 2024;733
46244 Torrent;13.-Otros ciberdelitos;enero-diciembre 2024;111
46244 Torrent;III. TOTAL INFRACCIONES PENALES;enero-diciembre 2024;3.985
46250 Valencia;I. CRIMINALIDAD CONVENCIONAL;enero-diciembre 2024;53.961
46250 Valencia;1. Homicidios dolosos y asesinatos consumados;enero-diciembre 2024;10
46250 Valencia;2. Homicidios dolosos y asesinatos en grado tentativa;enero-diciembre 2024;29
46250 Valencia;3. Delitos graves y menos graves de lesiones y riña tumultuaria;enero-diciembre 2024;664
46250 Valencia;4. Secuestro;enero-diciembre 2024;0
46250 Valencia;5. Delitos contra la libertad sexual;enero-diciembre 2024;453
46250 Valencia;5.1.-Agresión sexual con penetración;enero-diciembre 2024;102
46250 Valencia;5.2.-Resto de delitos contra la libertad sexual;enero-diciembre 2024;351
46250 Valencia;6. Robos con violencia e intimidación;enero-diciembre 2024;2.212
46250 Valencia;7. Robos con fuerza en domicilios, establecimientos y otras instalaciones;enero-diciembre 2024;2.220
46250 Valencia;7.1.-Robos con fuerza en domicilios;enero-diciembre 2024;1.766
46250 Valencia;8. Hurtos;enero-diciembre 2024;23.755
46250 Valencia;9. Sustracciones de vehículos;enero-diciembre 2024;836
46250 Valencia;10. Tráfico de drogas;enero-diciembre 2024;812
46250 Valencia;11. Resto de criminalidad convencional;enero-diciembre 2024;22.970
46250 Valencia;II. CIBERCRIMINALIDAD (infracciones penales cometidas en/por medio ciber);enero-diciembre 2024;8.748
46250 Valencia;12.-Estafas informáticas;enero-diciembre 2024;7.753
46250 Valencia;13.-Otros ciberdelitos;enero-diciembre 2024;995
46250 Valencia;III. TOTAL INFRACCIONES PENALES;enero-diciembre 2024;62.709
46145 Xàtiva;I. CRIMINALIDAD CONVENCIONAL;enero-diciembre 2024;1.152
46145 Xàtiva;1. Homicidios dolosos y asesinatos consumados;enero-diciembre 2024;0
46145 Xàtiva;2. Homicidios dolosos y asesinatos en grado tentativa;enero-diciembre 2024;1
46145 Xàtiva;3. Delitos graves y menos graves de lesiones y riña tumultuaria;enero-diciembre 2024;21
46145 Xàtiva;4. Secuestro;enero-diciembre 2024;0
46145 Xàtiva;5. Delitos contra la libertad sexual;enero-diciembre 2024;7
46145 Xàtiva;5.1.-Agresión sexual con penetración;enero-diciembre 2024;5
46145 Xàtiva;5.2.-Resto de delitos contra la libertad sexual;enero-diciembre 2024;2
46145 Xàtiva;6. Robos con violencia e intimidación;enero-diciembre 2024;15
46145 Xàtiva;7. Robos con fuerza en domicilios, establecimientos y otras instalaciones;enero-diciembre 2024;81
46145 Xàtiva;7.1.-Robos con fuerza en domicilios;enero-diciembre 2024;69
46145 Xàtiva;8. Hurtos;enero-diciembre 2024;319
46145 Xàtiva;9. Sustracciones de vehículos;enero-diciembre 2024;9
46145 Xàtiva;10. Tráfico de drogas;enero-diciembre 2024;4
46145 Xàtiva;11. Resto de criminalidad convencional;enero-diciembre 2024;695
46145 Xàtiva;II. CIBERCRIMINALIDAD (infracciones penales cometidas en/por medio ciber);enero-diciembre 2024;246
46145 Xàtiva;12.-Estafas informáticas;enero-diciembre 2024;212
46145 Xàtiva;13.-Otros ciberdelitos;enero-diciembre 2024;34
46145 Xàtiva;III. TOTAL INFRACCIONES PENALES;enero-diciembre 2024;1.398
46110 Xirivella;I. CRIMINALIDAD CONVENCIONAL;enero-diciembre 2024;1.215
46110 Xirivella;1. Homicidios dolosos y asesinatos consumados;enero-diciembre 2024;0
46110 Xirivella;2. Homicidios dolosos y asesinatos en grado tentativa;enero-diciembre 2024;1
46110 Xirivella;3. Delitos graves y menos graves de lesiones y riña tumultuaria;enero-diciembre 2024;18
46110 Xirivella;4. Secuestro;enero-diciembre 2024;0
46110 Xirivella;5. Delitos contra la libertad sexual;enero-diciembre 2024;18
46110 Xirivella;5.1.-Agresión sexual con penetración;enero-diciembre 2024;6
46110 Xirivella;5.2.-Resto de delitos contra la libertad sexual;enero-diciembre 2024;12
46110 Xirivella;6. Robos con violencia e intimidación;enero-diciembre 2024;25
46110 Xirivella;7. Robos con fuerza en domicilios, establecimientos y otras instalaciones;enero-diciembre 2024;47
46110 Xirivella;7.1.-Robos con fuerza en domicilios;enero-diciembre 2024;38
46110 Xirivella;8. Hurtos;enero-diciembre 2024;410
46110 Xirivella;9. Sustracciones de vehículos;enero-diciembre 2024;15
46110 Xirivella;10. Tráfico de drogas;enero-diciembre 2024;6
46110 Xirivella;11. Resto de criminalidad convencional;enero-diciembre 2024;675
46110 Xirivella;II. CIBERCRIMINALIDAD (infracciones penales cometidas en/por medio ciber);enero-diciembre 2024;308
46110 Xirivella;12.-Estafas informáticas;enero-diciembre 2024;284
46110 Xirivella;13.-Otros ciberdelitos;enero-diciembre 2024;24
46110 Xirivella;III. TOTAL INFRACCIONES PENALES;enero-diciembre 2024;1.523
